i,j,x_over_c,y_over_c,wall_distance_over_c
0,0,1,0,0
0,1,1.001,0,0.00099999875
0,2,1.00209962,0,0.00209962125
0,3,1.00330879,0,0.00330879207
0,4,1.00463842,0,0.00463842445
0,5,1.00610052,0,0.00610051869
0,6,1.00770827,0,0.00770827046
0,7,1.00947619,0,0.00947618986
0,8,1.01142023,0,0.0114202323
0,9,1.01355794,0,0.0135579425
0,10,1.01590861,0,0.0159086127
0,11,1.01849346,0,0.0184934565
0,12,1.0213358,0,0.0213358007
0,13,1.0244613,0,0.024461295
0,14,1.02789814,0,0.0278981441
0,15,1.03167736,0,0.0316773611
0,16,1.03583305,0,0.0358330481
0,17,1.0404027,0,0.0404027029
0,18,1.04542756,0,0.0454275572
0,19,1.05095295,0,0.0509529486
0,20,1.05702873,0,0.0570287287
0,21,1.06370971,0,0.0637097125
0,22,1.07105617,0,0.0710561722
0,23,1.07913438,0,0.07913438
0,24,1.08801721,0,0.088017205
0,25,1.09778477,0,0.0977847693
0,26,1.10852517,0,0.108525169
0,27,1.12033527,0,0.120335267
0,28,1.13332156,0,0.133321563
0,29,1.14760116,0,0.147601155
0,30,1.16330279,0,0.163302788
0,31,1.18056801,0,0.180568012
0,32,1.19955245,0,0.199552452
0,33,1.22042721,0,0.22042721
0,34,1.24338039,0,0.243380393
0,35,1.26861881,0,0.268618805
0,36,1.2963698,0,0.296369798
0,37,1.32688331,0,0.326883306
0,38,1.36043408,0,0.360434085
0,39,1.39732416,0,0.397324165
0,40,1.43788555,0,0.437885549
0,41,1.48248317,0,0.482483174
0,42,1.53151816,0,0.531518162
0,43,1.58543139,0,0.58543139
0,44,1.64470741,0,0.644707407
0,45,1.70987873,0,0.709878729
0,46,1.78153056,0,0.781530558
0,47,1.86030596,0,0.860305956
0,48,1.94691151,0,0.946911507
0,49,2.04212354,0,1.04212354
0,50,2.14679495,0,1.14679495
0,51,2.26186264,0,1.26186264
0,52,2.38835571,0,1.38835571
0,53,2.52740438,0,1.52740438
0,54,2.68024982,0,1.68024982
0,55,2.84825478,0,1.84825478
0,56,3.03291534,0,2.03291534
0,57,3.23587367,0,2.23587367
0,58,3.45893191,0,2.45893191
0,59,3.70406742,0,2.70406742
0,60,3.97344929,0,2.97344929
0,61,4.26945637,0,3.26945637
0,62,4.59469678,0,3.59469678
0,63,4.95202923,0,3.95202923
0,64,5.34458596,0,4.34458596
0,65,5.77579769,0,4.77579769
0,66,6.24942049,0,5.24942049
0,67,6.76956476,0,5.76956476
0,68,7.34072639,0,6.34072639
0,69,7.96782012,0,6.96782012
0,70,8.65621519,0,7.65621519
0,71,9.41177328,0,8.41177328
0,72,10.2408887,0,9.2408887
0,73,11.1505307,0,10.1505307
0,74,12.1482876,0,11.1482876
0,75,13.2424132,0,12.2424132
0,76,14.4418735,0,13.4418735
0,77,15.7563951,0,14.7563951
0,78,17.196513,0,16.196513
0,79,18.7736178,0,17.7736178
0,80,20.5,0,19.5
1,0,0.999547642,6.57309823e-05,0
1,1,1.00032749,0.000691700672,0.000999998752
1,2,1.00118537,0.00137959714,0.00209962125
1,3,1.00212907,0.00213559901,0.00330879209
1,4,1.00316714,0.00296645837,0.00463842449
1,5,1.00430904,0.00387958172,0.00610051875
1,6,1.00556515,0.00488309828,0.00770827057
1,7,1.00694693,0.00598593184,0.00947619003
1,8,1.00846696,0.00719787847,0.0114202326
1,9,1.01013911,0.00852969105,0.0135579429
1,10,1.01197865,0.00999317165,0.0159086131
1,11,1.01400237,0.0116012724,0.0184934571
1,12,1.01622879,0.0133682055,0.0213358015
1,13,1.01867826,0.0153095635,0.0244612961
1,14,1.02137323,0.0174424506,0.0278981455
1,15,1.02433839,0.0197856257,0.0316773629
1,16,1.02760095,0.022359658,0.0358330504
1,17,1.0311909,0.0251870975,0.0404027058
1,18,1.03514123,0.0282926592,0.0454275609
1,19,1.03948835,0.0317034241,0.0509529533
1,20,1.04427232,0.035449058,0.0570287346
1,21,1.04953733,0.0395620474,0.0637097198
1,22,1.05533209,0.0440779563,0.0710561813
1,23,1.06171028,0.0490357038,0.0791343913
1,24,1.0687311,0.0544778637,0.0880172191
1,25,1.07645983,0.0604509874,0.0977847867
1,26,1.0849685,0.067005952,0.10852519
1,27,1.09433656,0.0741983332,0.120335293
1,28,1.1046517,0.0820888056,0.133321595
1,29,1.11601069,0.090743569,0.147601195
1,30,1.1285204,0.100234803,0.163302836
1,31,1.14229884,0.110641147,0.180568071
1,32,1.15747637,0.122048211,0.199552524
1,33,1.17419705,0.134549105,0.220427298
1,34,1.1926201,0.148244995,0.2433805
1,35,1.21292158,0.163245678,0.268618936
1,36,1.23529623,0.17967017,0.296369957
1,37,1.25995952,0.197647301,0.3268835
1,38,1.28714995,0.217316302,0.36043432
1,39,1.31713163,0.238827392,0.397324451
1,40,1.35019711,0.262342313,0.437885896
1,41,1.38667064,0.288034834,0.482483596
1,42,1.42691169,0.316091164,0.531518674
1,43,1.471319,0.346710261,0.585432012
1,44,1.52033506,0.380103991,0.644708161
1,45,1.57445114,0.416497084,0.709879643
1,46,1.63421293,0.456126826,0.781531667
1,47,1.70022681,0.499242407,0.860307299
1,48,1.77316698,0.546103832,0.946913135
1,49,1.85378333,0.596980274,1.04212552
1,50,1.94291036,0.652147723,1.14679734
1,51,2.04147705,0.711885753,1.26186554
1,52,2.15051799,0.776473199,1.38835921
1,53,2.27118579,0.846182469,1.52740862
1,54,2.40476484,0.921272177,1.68025495
1,55,2.55268675,1.00197771,1.84826099
1,56,2.71654728,1.08849929,2.03292287
1,57,2.89812525,1.18098692,2.23588277
1,58,3.09940313,1.27952157,2.45894293
1,59,3.32258965,1.38409193,2.70408075
1,60,3.57014423,1.49456558,2.97346543
1,61,3.84480315,1.61065371,3.26947589
1,62,4.14960724,1.73186804,3.5947204
1,63,4.48793058,1.85746857,3.9520578
1,64,4.86350953,1.98640056,4.34462052
1,65,5.28047096,2.1172191,4.7758395
1,66,5.74335836,2.2479995,5.24947106
1,67,6.25715345,2.37623167,5.76962593
1,68,6.82729083,2.49869712,6.34080039
1,69,7.45966193,2.61132745,6.96790962
1,70,8.16060384,2.70904389,7.65632344
1,71,8.93686754,2.78557918,8.4119042
1,72,9.79555938,2.83328437,9.24104704
1,73,10.7440489,2.84292612,10.1507222
1,74,11.7898363,2.80348329,11.1485192
1,75,12.9403738,2.70195578,12.2426933
1,76,14.2028369,2.52320282,13.4422122
1,77,15.5838485,2.2498329,14.7568047
1,78,17.0891607,1.86217017,16.1970084
1,79,18.7233128,1.33832355,17.7742169
1,80,20.4892917,0.654381656,19.5007245
2,0,0.998191831,0.000262508932,0
2,1,0.998619124,0.00116662087,0.000999998757
2,2,0.99908972,0.00216045665,0.00209962128
2,3,0.999607917,0.00325296172,0.00330879215
2,4,1.00017851,0.00445393904,0.00463842461
2,5,1.00080681,0.00577415339,0.00610051895
2,6,1.00149867,0.00722542969,0.00770827089
2,7,1.00226056,0.00882075838,0.00947619051
2,8,1.00309962,0.0105744103,0.0114202333
2,9,1.00402374,0.0125020622,0.0135579438
2,10,1.00504162,0.0146209345,0.0159086145
2,11,1.00616288,0.0169499415,0.018493459
2,12,1.00739814,0.0195098572,0.0213358039
2,13,1.00875914,0.0223234949,0.0244612993
2,14,1.01025887,0.025415906,0.0278981497
2,15,1.01191167,0.0288145959,0.0316773684
2,16,1.01373343,0.0325497611,0.0358330574
2,17,1.01574173,0.036654548,0.0404027146
2,18,1.01795602,0.0411653359,0.0454275721
2,19,1.02039786,0.0461220464,0.0509529673
2,20,1.02309115,0.0515684802,0.0570287522
2,21,1.02606237,0.0575526858,0.0637097418
2,22,1.02934092,0.0641273602,0.0710562086
2,23,1.03295942,0.071350286,0.0791344252
2,24,1.03695412,0.0792848065,0.0880172609
2,25,1.04136529,0.0880003424,0.0977848383
2,26,1.04623773,0.0975729519,0.108525254
2,27,1.05162131,0.108085939,0.120335371
2,28,1.05757158,0.119630509,0.133321691
2,29,1.06415043,0.13230648,0.147601313
2,30,1.07142696,0.146223051,0.16330298
2,31,1.07947828,0.161499615,0.180568247
2,32,1.08839061,0.178266653,0.199552739
2,33,1.09826039,0.196666666,0.22042756
2,34,1.1091956,0.216855184,0.24338082
2,35,1.1213173,0.239001824,0.268619326
2,36,1.13476134,0.26329141,0.296370432
2,37,1.14968031,0.289925144,0.326884077
2,38,1.16624584,0.319121814,0.360435023
2,39,1.18465118,0.351119043,0.397325304
2,40,1.2051142,0.386174546,0.437886933
2,41,1.22788079,0.424567373,0.482484854
2,42,1.25322886,0.466599126,0.531520202
2,43,1.28147288,0.512595074,0.585433865
2,44,1.31296917,0.562905145,0.644710409
2,45,1.34812197,0.6179047,0.709882369
2,46,1.38739047,0.677994999,0.781534972
2,47,1.431297,0.743603249,0.860311304
2,48,1.48043637,0.815182061,0.946917988
2,49,1.53548687,0.893208135,1.0421314
2,50,1.59722276,0.978179904,1.14680446
2,51,1.66652892,1.07061382,1.26187416
2,52,1.74441763,1.1710389,1.38836966
2,53,1.83204792,1.27998895,1.52742127
2,54,1.93074784,1.39799189,1.68027026
2,55,2.04203989,1.52555541,1.84827953
2,56,2.16767004,1.66314774,2.0329453
2,57,2.3096405,1.81117266,2.23590992
2,58,2.47024654,1.9699368,2.45897578
2,59,2.65211724,2.13960784,2.7041205
2,60,2.85825991,2.32016109,2.97351353
2,61,3.0921076,2.51131207,3.26953408
2,62,3.35756807,2.71243226,3.59479081
2,63,3.65907221,2.92244487,3.95214298
2,64,4.00161823,3.13969761,4.34472357
2,65,4.39080645,3.36180972,4.77596415
2,66,4.83285752,3.58549173,5.24962185
2,67,5.33460451,3.80633834,5.76980833
2,68,5.90344664,4.01859831,6.341021
2,69,6.54725082,4.21493064,6.96817646
2,70,7.27418592,4.38616366,7.65664618
2,71,8.09247699,4.52108296,8.41229455
2,72,9.01007269,4.60628476,9.24151913
2,73,10.0342312,4.62614011,10.1512931
2,74,11.1710496,4.56291995,11.1492097
2,75,12.4249845,4.39712457,12.2435283
2,76,13.7984411,4.1080403,13.4432221
2,77,15.291521,3.67450729,14.758026
2,78,16.9020219,3.07583062,16.1984854
2,79,18.6257541,2.29271415,17.7760031
2,80,20.4571785,1.30806258,19.5028844
3,0,0.995936358,0.000589095231,0
3,1,0.996161477,0.00156342517,0.000999998766
3,2,0.996409882,0.00263462318,0.00209962132
3,3,0.996683873,0.00381234308,0.00330879225
3,4,0.996986065,0.00510718107,0.0046384248
3,5,0.997319366,0.00653078046,0.00610051929
3,6,0.997687007,0.00809593725,0.00770827142
3,7,0.998092567,0.00981671486,0.00947619131
3,8,0.998540018,0.0117085695,0.0114202344
3,9,0.999033763,0.0137884879,0.0135579455
3,10,0.999578687,0.0160751381,0.0159086167
3,11,1.00018021,0.0185890348,0.018493462
3,12,1.00084436,0.0213527215,0.021335808
3,13,1.00157783,0.0243909696,0.0244613047
3,14,1.00238805,0.0277309966,0.0278981566
3,15,1.0032833,0.0314027064,0.0316773773
3,16,1.0042728,0.0354389516,0.0358330688
3,17,1.00536682,0.0398758215,0.0404027292
3,18,1.00657681,0.0447529579,0.0454275905
3,19,1.00791554,0.0501139004,0.0509529905
3,20,1.0093973,0.0560064648,0.0570287812
3,21,1.01103804,0.0624831569,0.063709778
3,22,1.01285563,0.0696016257,0.0710562536
3,23,1.01487007,0.0774251578,0.079134481
3,24,1.01710381,0.0860232184,0.0880173301
3,25,1.01958203,0.0954720416,0.0977849236
3,26,1.02233305,0.105855274,0.108525359
3,27,1.02538872,0.117264676,0.1203355
3,28,1.02878494,0.129800885,0.13332185
3,29,1.03256219,0.143574246,0.147601507
3,30,1.0367662,0.158705715,0.163303219
3,31,1.04144869,0.175327828,0.180568538
3,32,1.04666822,0.193585768,0.199553095
3,33,1.05249124,0.213638494,0.220427994
3,34,1.05899317,0.235659977,0.243381349
3,35,1.06625984,0.259840511,0.26861997
3,36,1.07438899,0.286388118,0.296371216
3,37,1.08349215,0.315530052,0.326885031
3,38,1.09369674,0.347514375,0.360436183
3,39,1.10514857,0.382611622,0.397326714
3,40,1.11801478,0.421116533,0.437888645
3,41,1.13248723,0.463349834,0.482486934
3,42,1.14878653,0.509660047,0.531522726
3,43,1.16716672,0.560425284,0.585436928
3,44,1.18792084,0.616054983,0.644714123
3,45,1.21138737,0.676991515,0.709886873
3,46,1.23795794,0.743711561,0.781540431
3,47,1.26808632,0.81672715,0.860317922
3,48,1.30229904,0.896586177,0.946926007
3,49,1.34120789,0.983872198,1.04214111
3,50,1.38552471,1.0792032,1.14681623
3,51,1.43607865,1.18322899,1.26188841
3,52,1.49383667,1.29662671,1.38838691
3,53,1.5599274,1.42009382,1.52744216
3,54,1.63566921,1.5543378,1.68029556
3,55,1.72260289,1.70006141,1.84831014
3,56,1.82252956,1.85794231,2.03298236
3,57,1.93755436,2.02860519,2.23595477
3,58,2.07013637,2.21258438,2.45903006
3,59,2.22314479,2.41027422,2.70418618
3,60,2.39992116,2.62186397,2.973593
3,61,2.60434666,2.84725349,3.26963024
3,62,2.84091207,3.08594515,3.59490714
3,63,3.11478668,3.33690741,3.95228372
3,64,3.43187982,3.59840535,4.34489382
3,65,3.79888552,3.8677944,4.77617011
3,66,4.22329674,4.14127626,5.24987098
3,67,4.71337132,4.41362013,5.77010967
3,68,5.27802708,4.67786063,6.34138549
3,69,5.92664148,4.92499508,6.96861732
3,70,6.66873248,5.14371853,7.65717939
3,71,7.51350719,5.32025269,8.41293945
3,72,8.46928555,5.4383409,9.24229911
3,73,9.54284097,5.47948736,10.1522364
3,74,10.7387444,5.4235043,11.1503506
3,75,12.0588428,5.2493865,12.244908
3,76,13.502027,4.93645584,13.4448907
3,77,15.064424,4.46562562,14.7600439
3,78,16.7400729,3.82055696,16.2009256
3,79,18.5220267,2.98845858,17.7789541
3,80,20.4036945,1.96034281,19.5064531
4,0,0.992787514,0.00104344657,0
4,1,0.992944691,0.00203101576,0.000999998778
4,2,0.993118407,0.00311683026,0.00209962137
4,3,0.99331029,0.00431067978,0.00330879239
4,4,0.993522216,0.00562331566,0.00463842506
4,5,0.993756285,0.00706655417,0.00610051975
4,6,0.994014836,0.00865338357,0.00770827215
4,7,0.994300473,0.0103980807,0.00947619242
4,8,0.994616092,0.0123163386,0.011420236
4,9,0.994964916,0.0144254071,0.0135579478
4,10,0.995350535,0.0167442463,0.0159086199
4,11,0.995776946,0.0192936957,0.0184934662
4,12,0.996248607,0.0220966597,0.0213358136
4,13,0.99677049,0.0251783112,0.0244613121
4,14,0.997348149,0.028566315,0.0278981662
4,15,0.997987788,0.0322910732,0.0316773897
4,16,0.998696349,0.0363859936,0.0358330847
4,17,0.999481601,0.0408877857,0.0404027494
4,18,1.00035225,0.0458367834,0.045427616
4,19,1.00131808,0.0512773001,0.0509530226
4,20,1.00239004,0.0572580173,0.0570288214
4,21,1.00358048,0.0638324105,0.0637098281
4,22,1.0049033,0.0710592155,0.071056316
4,23,1.00637412,0.0790029388,0.0791345584
4,24,1.00801063,0.0877344157,0.0880174258
4,25,1.00983276,0.0973314213,0.0977850418
4,26,1.01186309,0.107879337,0.108525505
4,27,1.0141272,0.119471879,0.120335679
4,28,1.01665409,0.132211892,0.13332207
4,29,1.01947671,0.146212214,0.147601776
4,30,1.02263256,0.161596623,0.163303548
4,31,1.02616434,0.17850085,0.180568941
4,32,1.03012078,0.197073703,0.199553587
4,33,1.03455757,0.217478258,0.220428595
4,34,1.03953845,0.239893165,0.243382081
4,35,1.04513644,0.264514047,0.268620862
4,36,1.05143542,0.291555004,0.296372302
4,37,1.05853177,0.321250223,0.326886352
4,38,1.06653654,0.353855693,0.360437789
4,39,1.07557775,0.389651021,0.397328666
4,40,1.08580331,0.428941337,0.437891017
4,41,1.09738435,0.472059287,0.482489813
4,42,1.11051914,0.519367079,0.531526221
4,43,1.12543778,0.571258554,0.585441168
4,44,1.14240771,0.628161243,0.644719266
4,45,1.1617402,0.690538348,0.70989311
4,46,1.18379809,0.758890544,0.781547992
4,47,1.20900494,0.833757515,0.860327085
4,48,1.2378558,0.915719033,0.94693711
4,49,1.27093009,1.0053954,1.04215456
4,50,1.30890677,1.10344694,1.14683253
4,51,1.35258232,1.21057222,1.26190815
4,52,1.40289205,1.32750447,1.38841081
4,53,1.46093515,1.45500553,1.5274711
4,54,1.52800434,1.59385662,1.68033058
4,55,1.60562052,1.7448447,1.84835254
4,56,1.69557334,1.90874311,2.03303368
4,57,1.7999682,2.08628464,2.23601688
4,58,1.92128033,2.27812482,2.45910522
4,59,2.06241611,2.48479252,2.70427713
4,60,2.22678166,2.70662439,2.97370305
4,61,2.41835742,2.94367884,3.26976339
4,62,2.64177675,3.19562481,3.59506823
4,63,2.90240419,3.46159995,3.95247861
4,64,3.2064066,3.74003284,4.34512958
4,65,3.56080661,4.02842513,4.7764553
4,66,3.97350311,4.32309182,5.25021596
4,67,4.45323824,4.61886351,5.77052696
4,68,5.00948527,4.90876295,6.34189023
4,69,5.65222863,5.18368222,6.96922781
4,70,6.39160987,5.43210428,7.65791777
4,71,7.23742471,5.63993372,8.4138325
4,72,8.19848214,5.7905187,9.24337919
4,73,9.28187766,5.86495117,10.1535427
4,74,10.4922855,5.84271168,11.1519303
4,75,11.831424,5.70266828,12.2468186
4,76,13.2978677,5.42434704,13.4472012
4,77,14.8873485,4.98928592,14.7628381
4,78,16.5935855,4.38220706,16.2043048
4,79,18.4095445,3.59174039,17.7830405
4,80,20.3288972,2.61052384,19.5113948
5,0,0.988754065,0.0016227458,0
5,1,0.988897339,0.00261242777,0.000999998794
5,2,0.989055762,0.00370057871,0.00209962144
5,3,0.989230825,0.00489701037,0.00330879256
5,4,0.989424252,0.00621249957,0.0046384254
5,5,0.989637976,0.00765889117,0.00610052033
5,6,0.98987415,0.00924920532,0.00770827308
5,7,0.990135175,0.0109977544,0.00947619383
5,8,0.990423725,0.012920271,0.0114202381
5,9,0.990742775,0.0150340492,0.0135579506
5,10,0.991095646,0.0173580981,0.0159086238
5,11,0.991486038,0.0199133122,0.0184934716
5,12,0.99191808,0.0227226572,0.0213358208
5,13,0.992396385,0.0258113745,0.0244613215
5,14,0.992926108,0.0292072056,0.0278981784
5,15,0.993513018,0.0329406382,0.0316774054
5,16,0.994163575,0.0370451766,0.0358331048
5,17,0.994885021,0.0415576379,0.040402775
5,18,0.99568548,0.0465184775,0.0454276483
5,19,0.996574082,0.0519721449,0.0509530633
5,20,0.997561093,0.0579674753,0.0570288724
5,21,0.998658071,0.0645581173,0.0637098918
5,22,0.999878045,0.071803002,0.0710563952
5,23,1.00123572,0.0797668569,0.0791346566
5,24,1.00274772,0.0885207675,0.0880175473
5,25,1.00443285,0.0981427925,0.0977851917
5,26,1.00631242,0.108718635,0.108525689
5,27,1.0084106,0.120342378,0.120335906
5,28,1.01075486,0.133117284,0.133322348
5,29,1.01337647,0.147156667,0.147602118
5,30,1.01631105,0.162584848,0.163303966
5,31,1.01959923,0.179538184,0.180569452
5,32,1.02328747,0.198166196,0.199554212
5,33,1.02742893,0.218632783,0.220429357
5,34,1.03208456,0.241117543,0.243383011
5,35,1.03732433,0.265817191,0.268621994
5,36,1.04322868,0.292947091,0.29637368
5,37,1.04989025,0.322742895,0.326888029
5,38,1.05741588,0.355462292,0.360439828
5,39,1.06592898,0.391386867,0.397331144
5,40,1.07557232,0.430824061,0.437894026
5,41,1.0865113,0.47410922,0.482493467
5,42,1.09893787,0.521607715,0.531530656
5,43,1.11307504,0.573717107,0.585446549
5,44,1.12918237,0.630869311,0.644725793
5,45,1.14756235,0.693532705,0.709901024
5,46,1.16856801,0.7622141,0.781557586
5,47,1.19261187,0.837460468,0.860338713
5,48,1.22017667,0.919860271,0.9469512
5,49,1.25182799,1.0100442,1.04217163
5,50,1.28822917,1.10868504,1.1468532
5,51,1.33015916,1.21649637,1.26193319
5,52,1.37853341,1.33422953,1.38844113
5,53,1.43442872,1.46266834,1.52750781
5,54,1.49911242,1.60262074,1.68037503
5,55,1.5740767,1.75490636,1.84840635
5,56,1.6610787,1.92033854,2.0330988
5,57,1.7621871,2.09969932,2.23609569
5,58,1.8798357,2.293705,2.45920059
5,59,2.01688456,2.50295974,2.70439255
5,60,2.17668827,2.72789359,2.97384269
5,61,2.36317095,2.96868119,3.26993235
5,62,2.58090565,3.22513617,3.59527265
5,63,2.83519455,3.4965762,3.95272591
5,64,3.13214379,3.78165337,4.34542875
5,65,3.47872291,4.0781455,4.7768172
5,66,3.88279498,4.38270615,5.25065373
5,67,4.35309802,4.690576,5.77105648
5,68,4.89915339,4.995266,6.34253072
5,69,5.53107335,5.28823511,6.97000249
5,70,6.25924125,5.55860223,7.65885475
5,71,7.09384714,5.79295134,8.41496574
5,72,8.0442837,5.9753067,9.24474977
5,73,9.11844435,6.08736255,10.1552003
5,74,10.3220148,6.10903719,11.153935
5,75,11.6578977,6.01937389,12.249243
5,76,13.125938,5.79772908,13.4501332
5,77,14.7230948,5.42508828,14.7663839
5,78,16.4441248,4.8852683,16.2085928
5,79,18.2827147,4.16574439,17.788226
5,80,20.2328666,3.25790947,19.5176656
6,0,0.983847203,0.00232344383,0
6,1,0.983988436,0.00331341906,0.000999998813
6,2,0.984144606,0.00440189568,0.00209962152
6,3,0.984317183,0.0055986886,0.00330879276
6,4,0.984507867,0.00691457846,0.00463842581
6,5,0.984718563,0.00836141443,0.00610052103
6,6,0.984951396,0.00995222155,0.0077082742
6,7,0.985208733,0.0117013176,0.00947619552
6,8,0.985493211,0.0136244416,0.0114202405
6,9,0.985807767,0.0157388942,0.0135579541
6,10,0.986155673,0.0180636926,0.0159086286
6,11,0.98654058,0.02061974,0.0184934781
6,12,0.986966561,0.023430012,0.0213358294
6,13,0.987438167,0.0265197613,0.0244613327
6,14,0.987960483,0.029916742,0.0278981931
6,15,0.988539201,0.0336514564,0.0316774244
6,16,0.989180693,0.0377574251,0.0358331291
6,17,0.989892103,0.0422714838,0.0404028058
6,18,0.990681449,0.047234109,0.0454276873
6,19,0.991557738,0.0526897748,0.0509531123
6,20,0.992531098,0.058687344,0.0570289337
6,21,0.993612935,0.0652804971,0.0637099684
6,22,0.994816105,0.0725282018,0.0710564905
6,23,0.996155119,0.0804952277,0.0791347748
6,24,0.997646377,0.0892527092,0.0880176935
6,25,0.999308435,0.0988787612,0.0977853722
6,26,1.00116232,0.109459153,0.108525912
6,27,1.00323189,0.121088042,0.12033618
6,28,1.00554426,0.133868781,0.133322684
6,29,1.00813026,0.147914789,0.147602529
6,30,1.01102504,0.163350506,0.16330447
6,31,1.01426871,0.180312436,0.180570068
6,32,1.01790709,0.198950267,0.199554964
6,33,1.02199263,0.2194281,0.220430274
6,34,1.02658547,0.241925771,0.243384129
6,35,1.03175459,0.266640279,0.268623357
6,36,1.03757937,0.293787328,0.296375339
6,37,1.04415113,0.323602978,0.326890047
6,38,1.05157524,0.356345408,0.360442281
6,39,1.05997336,0.392296797,0.397334126
6,40,1.0694862,0.431765306,0.437897648
6,41,1.08027677,0.475087157,0.482497865
6,42,1.09253416,0.522628795,0.531535994
6,43,1.10647804,0.574789096,0.585453026
6,44,1.122364,0.632001596,0.644733649
6,45,1.14048978,0.694736681,0.70991055
6,46,1.16120277,0.763503656,0.781569135
6,47,1.18490875,0.838852606,0.86035271
6,48,1.21208237,0.921375895,0.94696816
6,49,1.24327946,1.01170912,1.04219218
6,50,1.27915167,1.11053129,1.14687809
6,51,1.32046381,1.21856384,1.26196333
6,52,1.36811422,1.33656817,1.38847763
6,53,1.42315903,1.46534096,1.527552
6,54,1.48684053,1.60570666,1.68042853
6,55,1.56062058,1.75850621,1.84847111
6,56,1.6462196,1.92458052,2.03317718
6,57,1.74566195,2.1047474,2.23619056
6,58,1.86132809,2.29976975,2.4593154
6,59,1.99601412,2.5103124,2.70453147
6,60,2.15299863,2.73688467,2.97401079
6,61,2.33611619,2.97976467,3.27013573
6,62,2.54983593,3.23890097,3.59551871
6,63,2.79934183,3.51378677,3.95302358
6,64,3.09060937,3.80330148,4.34578886
6,65,3.4304698,4.10551517,4.77725282
6,66,3.82664953,4.41745349,5.25118067
6,67,4.28776735,4.73482403,5.77169386
6,68,4.82326715,5.05171256,6.34330167
6,69,5.44326071,5.3602676,6.97093497
6,70,6.15825426,5.65040672,7.65998258
6,71,6.9787401,5.90959579,8.41632981
6,72,7.91465113,6.1227696,9.24639953
6,73,8.97470771,6.27247252,10.1571955
6,74,10.1657289,6.33929044,11.1563481
6,75,11.4920268,6.30261046,12.2521613
6,76,12.955036,6.14167777,13.4536624
6,77,14.5533238,5.83682964,14.7706519
6,78,16.2830735,5.37070289,16.2137542
6,79,18.1390211,4.7291715,17.7944677
6,80,20.1157056,3.90180644,19.5252138
7,0,0.978080489,0.00314131109,0
7,1,0.978220711,0.00413143,0.000999998835
7,2,0.978375759,0.00522006703,0.00209962162
7,3,0.978547093,0.00641703876,0.003308793
7,4,0.978736398,0.00773312785,0.00463842628
7,5,0.978945566,0.00918018584,0.00610052185
7,6,0.979176705,0.0107712404,0.00770827551
7,7,0.979432163,0.0125206125,0.00947619749
7,8,0.979714557,0.0144440444,0.0114202434
7,9,0.980026799,0.0165588408,0.0135579581
7,10,0.980372137,0.0188840233,0.0159086342
7,11,0.980754191,0.0214405003,0.0184934856
7,12,0.981177002,0.024251253,0.0213358393
7,13,0.981645081,0.0273415409,0.0244613459
7,14,0.982163474,0.0307391256,0.0278982102
7,15,0.982737822,0.034474518,0.0316774464
7,16,0.983374445,0.0385812488,0.0358331572
7,17,0.984080425,0.0430961652,0.0404028415
7,18,0.984863711,0.0480597569,0.0454277325
7,19,0.98573323,0.0535165133,0.0509531692
7,20,0.98669902,0.0595153151,0.057029005
7,21,0.987772384,0.0661098633,0.0637100574
7,22,0.988966061,0.0733591498,0.0710566012
7,23,0.990294428,0.0813279724,0.0791349121
7,24,0.991773729,0.0900874981,0.0880178633
7,25,0.993422343,0.0997158808,0.0977855818
7,26,0.995261095,0.110298935,0.10852617
7,27,0.997313604,0.121930872,0.120336497
7,28,0.999606707,0.134715107,0.133323074
7,29,1.00217093,0.148765135,0.147603007
7,30,1.00504105,0.164205487,0.163305054
7,31,1.00825675,0.181172772,0.180570783
7,32,1.01186335,0.199816807,0.199555837
7,33,1.01591272,0.220301846,0.22043134
7,34,1.02046431,0.24280791,0.243385428
7,35,1.02558632,0.267532223,0.268624939
7,36,1.03135715,0.294690759,0.296377265
7,37,1.03786706,0.324519906,0.326892391
7,38,1.04522006,0.357278249,0.360445131
7,39,1.05353626,0.393248457,0.397337589
7,40,1.06295454,0.432739297,0.437901855
7,41,1.0736357,0.476087737,0.482502973
7,42,1.08576619,0.523661142,0.531542193
7,43,1.09956255,0.575859534,0.585460548
7,44,1.11527659,0.633117877,0.644742773
7,45,1.13320154,0.69590834,0.709921613
7,46,1.15367934,0.764742468,0.781582547
7,47,1.17710921,0.840173165,0.860368965
7,48,1.20395787,0.922796362,0.946987857
7,49,1.23477156,1.01325218,1.04221604
7,50,1.27019031,1.1122254,1.146907
7,51,1.3109648,1.22044482,1.26199834
7,52,1.35797629,1.33868129,1.38852002
7,53,1.41226007,1.46774366,1.52760333
7,54,1.47503314,1.6084721,1.68049066
7,55,1.54772667,1.76172788,1.84854632
7,56,1.63202384,1.92837837,2.03326822
7,57,1.72990392,2.10927581,2.23630073
7,58,1.84369301,2.30522797,2.45944873
7,59,1.97612198,2.5169584,2.70469281
7,60,2.13039167,2.74505311,2.974206
7,61,2.31024492,2.98989046,3.27037192
7,62,2.52004401,3.25154989,3.59580447
7,63,2.76485084,3.52969494,3.9533693
7,64,3.050505,3.82342568,4.34620708
7,65,3.38369218,4.13109612,4.77775873
7,66,3.77199189,4.45009363,5.25179264
7,67,4.22388902,4.77658058,5.7724341
7,68,4.74872913,5.10520411,6.34419703
7,69,5.35659388,5.42878916,6.97201793
7,70,6.05807171,5.7380424,7.66129241
7,71,6.86390327,6.02131099,8.417914
7,72,7.78449469,6.26445631,9.24831551
7,73,8.82931688,6.45091507,10.1595127
7,74,10.006246,6.56201825,11.1591505
7,75,11.3209438,6.57761431,12.2555504
7,76,12.7764115,6.47699023,13.4577611
7,77,14.3728603,6.24000614,14.7756086
7,78,16.108005,5.84827809,16.2197485
7,79,17.9778014,5.28619032,17.8017167
7,80,19.9775396,4.54152526,19.53398
8,0,0.971469786,0.00407149721,0
8,1,0.971608863,0.00506177761,0.00099999886
8,2,0.971762642,0.00615059486,0.00209962173
8,3,0.971932568,0.00734776737,0.00330879328
8,4,0.972120313,0.0086640801,0.00463842681
8,5,0.972327753,0.0101113872,0.00610052277
8,6,0.972556976,0.0117027194,0.00770827698
8,7,0.972810311,0.0134524008,0.00947619972
8,8,0.973090351,0.0153761778,0.0114202466
8,9,0.973399981,0.0174913594,0.0135579627
8,10,0.97374242,0.019816972,0.0159086404
8,11,0.974121256,0.0223739296,0.018493494
8,12,0.974540491,0.0251852201,0.0213358506
8,13,0.975004597,0.02827611,0.0244613607
8,14,0.97551857,0.0316743695,0.0278982295
8,15,0.976087999,0.0354105191,0.0316774713
8,16,0.976719145,0.0395181002,0.035833189
8,17,0.977419021,0.044033973,0.040402882
8,18,0.978195499,0.0489986417,0.0454277837
8,19,0.979057418,0.0544566126,0.0509532336
8,20,0.980014717,0.0604567858,0.0570290857
8,21,0.981078584,0.0670528851,0.063710158
8,22,0.982261631,0.0743039288,0.0710567264
8,23,0.983578085,0.0822747452,0.0791350674
8,24,0.985044021,0.0910365375,0.0880180554
8,25,0.986677624,0.100667502,0.097785819
8,26,0.988499494,0.111253501,0.108526462
8,27,0.990532994,0.122888807,0.120336856
8,28,0.992804663,0.135676902,0.133323514
8,29,0.995344683,0.149731363,0.147603547
8,30,0.998187432,0.165176818,0.163305716
8,31,1.00137213,0.18214999,0.180571591
8,32,1.00494356,0.200800836,0.199556825
8,33,1.00895296,0.221293776,0.220432545
8,34,1.01345905,0.243809027,0.243386898
8,35,1.01852918,0.268544054,0.268626729
8,36,1.02424072,0.295715121,0.296379444
8,37,1.03068275,0.325558967,0.326895042
8,38,1.03795789,0.358334603,0.360448355
8,39,1.0461846,0.394325223,0.397341507
8,40,1.05549977,0.433840231,0.437906615
8,41,1.06606189,0.477217383,0.482508752
8,42,1.07805465,0.524825015,0.531549208
8,43,1.09169129,0.577064349,0.585469059
8,44,1.10721967,0.634371841,0.644753096
8,45,1.12492831,0.697221517,0.709934131
8,46,1.14515348,0.76612725,0.781597721
8,47,1.16828761,0.841644865,0.860387356
8,48,1.19478922,0.924373971,0.947010143
8,49,1.22519467,1.01495935,1.04224304
8,50,1.26013207,1.11409166,1.1469397
8,51,1.30033769,1.22250724,1.26203794
8,52,1.34667533,1.34098655,1.38856798
8,53,1.40015915,1.47035073,1.5276614
8,54,1.46198058,1.6114558,1.68056096
8,55,1.53353982,1.76518347,1.84863142
8,56,1.61648264,1.93242751,2.03337121
8,57,1.71274317,2.11407441,2.23642539
8,58,1.82459324,2.31097645,2.45959958
8,59,1.95469877,2.52391502,2.70487535
8,60,2.10618341,2.75355149,2.97442688
8,61,2.28269908,3.00036225,3.27063916
8,62,2.48850233,3.26455418,3.59612778
8,63,2.72853423,3.54595604,3.95376044
8,64,3.00849959,3.84388124,4.34668026
8,65,3.33493904,4.15695742,4.77833113
8,66,3.71528408,4.4829198,5.25248503
8,67,4.15788149,4.81836746,5.77327161
8,68,4.67196893,5.15848675,6.34521004
8,69,5.26758003,5.49675367,6.9732432
8,70,5.95535535,5.8246381,7.66277436
8,71,6.74623806,6.13134712,8.41970636
8,72,7.65104346,6.40366024,9.25048326
8,73,8.6799115,6.62592193,10.1621345
8,74,9.84168308,6.78025994,11.1623212
8,75,11.1432801,6.8470822,12.259385
8,76,12.5892055,6.80586448,13.4623984
8,77,14.1812981,6.63617557,14.7812167
8,78,15.9188563,6.31881051,16.2265305
8,79,17.7991846,5.83684148,17.8099183
8,80,19.8185165,5.1763809,19.5438982
9,0,0.964033178,0.00510859701,0
9,1,0.964170984,0.00609905511,0.000999998887
9,2,0.964323353,0.0071880706,0.00209962185
9,3,0.964491717,0.00838546393,0.00330879358
9,4,0.964677733,0.00970202254,0.0046384274
9,5,0.964883256,0.0111496034,0.00610052379
9,6,0.965110356,0.0127412406,0.00770827861
9,7,0.965361337,0.0144912619,0.00947620219
9,8,0.965638768,0.0164154179,0.0114202502
9,9,0.965945505,0.0185310222,0.0135579677
9,10,0.966284734,0.0208571067,0.0159086474
9,11,0.966660007,0.0234145917,0.0184935034
9,12,0.967075286,0.0262264718,0.0213358631
9,13,0.967534996,0.0293180217,0.0244613771
9,14,0.968044082,0.0327170206,0.0278982509
9,15,0.968608076,0.0364539993,0.0316774989
9,16,0.969233171,0.0405625114,0.0358332243
9,17,0.969926307,0.0450794306,0.0404029269
9,18,0.97069527,0.0500452771,0.0454278404
9,19,0.971548805,0.0555045754,0.050953305
9,20,0.972496743,0.0615062467,0.0570291751
9,21,0.973550148,0.0681040393,0.0637102696
9,22,0.974721489,0.0753569999,0.0710568652
9,23,0.976024835,0.08332999,0.0791352396
9,24,0.977476075,0.0920942516,0.0880182685
9,25,0.979093186,0.101728026,0.0977860819
9,26,0.980896523,0.112317229,0.108526786
9,27,0.982909172,0.123956196,0.120337254
9,28,0.985157351,0.136748482,0.133324003
9,29,0.987670871,0.150807751,0.147604146
9,30,0.990483685,0.166258736,0.163306449
9,31,0.993634508,0.183238282,0.180572488
9,32,0.997167557,0.201896494,0.19955792
9,33,1.0011334,0.222397966,0.220433882
9,34,1.00558996,0.244923127,0.243388527
9,35,1.01060367,0.269669696,0.268628715
9,36,1.01625086,0.296854242,0.296381861
9,37,1.02261931,0.326713877,0.326897983
9,38,1.02981018,0.359508061,0.36045193
9,39,1.03794017,0.395520537,0.397345852
9,40,1.04714413,0.43506138,0.437911892
9,41,1.05757808,0.478469169,0.48251516
9,42,1.06942283,0.526113252,0.531556985
9,43,1.08288816,0.578396101,0.585478495
9,44,1.09821783,0.635755721,0.644764542
9,45,1.11569545,0.698668063,0.70994801
9,46,1.13565142,0.767649401,0.781614547
9,47,1.15847115,0.843258565,0.860407749
9,48,1.18460472,0.926098938,0.947034854
9,49,1.21457835,1.01682006,1.04227298
9,50,1.24900794,1.11611861,1.14697596
9,51,1.28861503,1.22473856,1.26208186
9,52,1.33424567,1.34347008,1.38862116
9,53,1.3868926,1.47314674,1.52772579
9,54,1.44772139,1.61464048,1.68063891
9,55,1.51810104,1.76885342,1.84872577
9,56,1.59963971,1.93670568,2.03348542
9,57,1.69422633,2.11911776,2.23656361
9,58,1.80407851,2.31698592,2.45976685
9,59,1.9317975,2.53114855,2.70507775
9,60,2.0804302,2.76234089,2.97467179
9,61,2.25353831,3.01113512,3.27093548
9,62,2.45527357,3.27786214,3.59648629
9,63,2.69045718,3.56251096,3.95419415
9,64,2.96466005,3.86460117,4.34720494
9,65,3.28427791,4.18302419,4.77896582
9,66,3.65659291,4.51584987,5.25325278
9,67,4.08980943,4.86009693,5.77420028
9,68,4.59304796,5.21146993,6.34633332
9,69,5.17627706,5.56407183,6.97460183
9,70,5.85016115,5.91011079,7.66441762
9,71,6.62580291,6.23963266,8.42169382
9,72,7.51436645,6.54032483,9.25288697
9,73,8.52658313,6.79745043,10.1650415
9,74,9.67216867,6.99397769,11.165837
9,75,10.9592146,7.11096094,12.2636369
9,76,12.3936536,7.12819943,13.4675405
9,77,13.978921,7.02514679,14.7874352
9,78,15.715931,6.78197451,16.2340507
9,79,17.6034425,6.38062948,17.8190126
9,80,19.6388067,5.80569355,19.5548959
10,0,0.95579088,0.00624672081,0
10,1,0.955927298,0.00723737117,0.000999998917
10,2,0.956078127,0.00832660111,0.00209962198
10,3,0.956244785,0.00952423325,0.00330879391
10,4,0.956428911,0.0108410577,0.00463842805
10,5,0.956632342,0.0122889346,0.00610052491
10,6,0.956857123,0.0138809013,0.00770828039
10,7,0.957105537,0.0156312899,0.00947620488
10,8,0.95738012,0.0175558552,0.0114202541
10,9,0.957683701,0.0196719161,0.0135579733
10,10,0.95801943,0.0219985103,0.015908655
10,11,0.958390818,0.0245565644,0.0184935137
10,12,0.958801785,0.0273690809,0.0213358768
10,13,0.959256704,0.0304613427,0.0244613951
10,14,0.959760467,0.033861139,0.0278982742
10,15,0.96031854,0.0375990116,0.031677529
10,16,0.960937046,0.0417085271,0.0358332629
10,17,0.961622846,0.0462265737,0.0404029759
10,18,0.962383634,0.0511936886,0.0454279024
10,19,0.963228051,0.0566544158,0.0509533828
10,20,0.964165812,0.062657699,0.0570292727
10,21,0.965207848,0.0692573128,0.0637103914
10,22,0.966366476,0.0765123341,0.0710570167
10,23,0.967655591,0.0844876597,0.0791354275
10,24,0.969090887,0.0932545729,0.0880185009
10,25,0.970690113,0.102891363,0.0977863688
10,26,0.972473365,0.113484003,0.108527139
10,27,0.974463432,0.125126893,0.120337689
10,28,0.976686187,0.137923667,0.133324537
10,29,0.979171049,0.151988083,0.1476048
10,30,0.981951512,0.167444981,0.16330725
10,31,0.985065763,0.184431339,0.180573467
10,32,0.988557405,0.203097414,0.199559115
10,33,0.992476295,0.223607986,0.22043534
10,34,0.996879524,0.246143707,0.243390305
10,35,1.00183256,0.270902561,0.268630881
10,36,1.00741059,0.298101439,0.296384498
10,37,1.01370008,0.32797784,0.326901191
10,38,1.02080062,0.360791696,0.360455831
10,39,1.02882709,0.396827321,0.397350592
10,40,1.03791216,0.43639549,0.437917651
10,41,1.04820932,0.479835635,0.482522152
10,42,1.05989633,0.527518153,0.531565471
10,43,1.07317939,0.579846811,0.585488792
10,44,1.088298,0.637261209,0.644777031
10,45,1.10553068,0.70023928,0.709963154
10,46,1.12520179,0.769299762,0.781632906
10,47,1.14768947,0.845004562,0.86043
10,48,1.17343514,0.927960917,0.947061815
10,49,1.20295462,1.0188232,1.04230564
10,50,1.23685135,1.11829422,1.14701553
10,51,1.27583184,1.22712565,1.26212978
10,52,1.32072412,1.34611747,1.38867919
10,53,1.37249921,1.47611573,1.52779604
10,54,1.43229656,1.6180083,1.68072396
10,55,1.50145373,1.7727177,1.84882872
10,56,1.58154112,1.94119023,2.03361003
10,57,1.67440235,2.12438008,2.23671442
10,58,1.78220087,2.32322694,2.45994935
10,59,1.90747343,2.53862521,2.70529859
10,60,2.05319058,2.77138252,2.974939
10,61,2.22282436,3.02216453,3.27125879
10,62,2.42042242,3.29142279,3.59687744
10,63,2.65068693,3.57930163,3.95466737
10,64,2.91905543,3.88551993,4.3477774
10,65,3.23177868,4.20922342,4.77965832
10,66,3.59598789,4.54880395,5.25409044
10,67,4.01974071,4.90168364,5.77521352
10,68,4.51203148,5.26406534,6.34755889
10,69,5.08274746,5.63065602,6.97608419
10,70,5.74255028,5.99437815,7.66621051
10,71,6.50266174,6.34609522,8.42386226
10,72,7.37453778,6.6743908,9.25550956
10,73,8.36942718,6.96545352,10.1682133
10,74,9.49783309,7.20312853,11.1696729
10,75,10.7689258,7.3691931,12.268276
10,76,12.1899893,7.44389281,13.4731508
10,77,13.7660119,7.4067321,14.79422
10,78,15.4995364,7.23745247,16.2422557
10,79,17.390859,6.91706855,17.828935
10,80,19.4386026,6.42878931,19.5668951
11,0,0.946765137,0.00747956737,0
11,1,0.946900056,0.00847042286,0.00099999895
11,2,0.947049225,0.00955988155,0.00209962213
11,3,0.947214044,0.0107577684,0.00330879426
11,4,0.947396133,0.0120748763,0.00463842874
11,5,0.947597308,0.0135230688,0.00610052611
11,6,0.947819592,0.015115387,0.00770828231
11,7,0.948065237,0.016866167,0.00947620778
11,8,0.948336754,0.0187911685,0.0114202583
11,9,0.948636935,0.0209077159,0.0135579792
11,10,0.948968893,0.023234853,0.0159086632
11,11,0.949336097,0.0257935134,0.0184935247
11,12,0.94974242,0.0286067075,0.0213358915
11,13,0.950192183,0.0316997273,0.0244614144
11,14,0.950690215,0.0351003723,0.0278982994
11,15,0.951241918,0.0388391963,0.0316775614
11,16,0.951853336,0.0429497791,0.0358333043
11,17,0.952531245,0.0474690249,0.0404030286
11,18,0.953283242,0.0524374885,0.045427969
11,19,0.954117858,0.0578997345,0.0509534667
11,20,0.955044682,0.0639047306,0.0570293777
11,21,0.956074504,0.0705062788,0.0637105225
11,22,0.957219479,0.0777634882,0.0710571798
11,23,0.958493318,0.0857412928,0.0791356298
11,24,0.959911504,0.0945110191,0.0880187512
11,25,0.961491545,0.104151007,0.0977866777
11,26,0.963253263,0.114747289,0.10852752
11,27,0.965219129,0.126394336,0.120338157
11,28,0.967414655,0.139195863,0.133325111
11,29,0.969868838,0.153265725,0.147605504
11,30,0.972614689,0.168728877,0.163308111
11,31,0.975689837,0.185722433,0.18057452
11,32,0.979137237,0.204396811,0.199560402
11,33,0.983005996,0.224916987,0.22043691
11,34,0.987352328,0.247463843,0.243392219
11,35,0.992240683,0.272235639,0.268633212
11,36,0.997745058,0.299449602,0.296387337
11,37,1.00395053,0.329343634,0.326904644
11,38,1.01095506,0.362178154,0.36046003
11,39,1.0188716,0.39823807,0.397355695
11,40,1.02783057,0.437834878,0.43792385
11,41,1.0379828,0.481308892,0.482529679
11,42,1.04950291,0.52903159,0.531574607
11,43,1.06259338,0.581408068,0.585499876
11,44,1.07748928,0.638879563,0.644790475
11,45,1.09446391,0.701926038,0.709979457
11,46,1.11383536,0.771068746,0.781652669
11,47,1.13597435,0.846872729,0.860453953
11,48,1.16131338,0.929949138,0.94709084
11,49,1.19035767,1.02095726,1.04234081
11,50,1.22369788,1.12060606,1.14705812
11,51,1.2620253,1.22965501,1.26218136
11,52,1.30614961,1.34891394,1.38874165
11,53,1.35701988,1.4792414,1.52787167
11,54,1.41574915,1.62154115,1.68081552
11,55,1.48364334,1.77675605,1.84893955
11,56,1.56223492,1.94585835,2.03374417
11,57,1.6533221,2.12983555,2.23687677
11,58,1.75901419,2.32967011,2.46014582
11,59,1.88178357,2.54631146,2.70553634
11,60,2.02452474,2.78063805,2.97522667
11,61,2.19062057,3.0334067,3.27160684
11,62,2.38401517,3.3051862,3.59729853
11,63,2.60929226,3.59627143,3.9551768
11,64,2.87175639,3.90657385,4.34839367
11,65,3.17751301,4.23548436,4.78040381
11,66,3.53354062,4.58170473,5.25499222
11,67,3.94774579,4.94304504,5.77630431
11,68,4.42898796,5.31618745,6.34887826
11,69,4.98705762,5.69642101,6.97767999
11,70,5.63258851,6.0773593,7.66814063
11,71,6.37688339,6.45066248,8.42619667
11,72,7.23163622,6.80579725,9.25833288
11,73,8.20854265,7.12988095,10.1716279
11,74,9.31880847,7.4076655,11.1738025
11,75,10.5725915,7.62171803,12.2732702
11,76,11.9784442,7.75284177,13.4791905
11,77,13.5428527,7.78074746,14.8015241
11,78,15.2699829,7.68493475,16.2510887
11,79,17.1617293,7.44568288,17.8396169
11,80,19.2181185,7.04500096,19.5798126
12,0,0.936980112,0.00880049716,0
12,1,0.937113434,0.00979156896,0.000999998984
12,2,0.937260831,0.0108812688,0.00209962228
12,3,0.937423688,0.0120794242,0.00330879464
12,4,0.937603605,0.013396831,0.00463842948
12,5,0.937802374,0.0148453561,0.00610052739
12,6,0.938021994,0.0164380446,0.00770828436
12,7,0.938264688,0.0181892371,0.00947621087
12,8,0.938532934,0.0201146982,0.0114202628
12,9,0.93882949,0.0222317581,0.0135579855
12,10,0.939157429,0.0245594671,0.0159086719
12,11,0.939520174,0.0271187661,0.0184935365
12,12,0.939921548,0.0299326737,0.0213359071
12,13,0.940365816,0.0330264917,0.024461435
12,14,0.940857743,0.0364280301,0.0278983261
12,15,0.941402659,0.0401678553,0.0316775959
12,16,0.942006528,0.0442795615,0.0358333485
12,17,0.942676034,0.0488000688,0.0404030847
12,18,0.943418671,0.0537699509,0.04542804
12,19,0.944242853,0.0592337942,0.0509535559
12,20,0.945158038,0.0652405911,0.0570294895
12,21,0.946174863,0.0718441726,0.063710662
12,22,0.947305314,0.0791036811,0.0710573534
12,23,0.948562906,0.0870840896,0.079135845
12,24,0.949962901,0.09585677,0.0880190175
12,25,0.951522551,0.105500115,0.0977870064
12,26,0.953261388,0.11610022,0.108527924
12,27,0.955201551,0.127751626,0.120338655
12,28,0.957368165,0.140558136,0.133325722
12,29,0.959789789,0.154633705,0.147606253
12,30,0.962498923,0.170103408,0.163309028
12,31,0.965532611,0.187104499,0.180575641
12,32,0.968933126,0.205787566,0.199561771
12,33,0.972748786,0.226317784,0.220438581
12,34,0.977034891,0.248876274,0.243394257
12,35,0.981854824,0.273661586,0.268635694
12,36,0.987281338,0.300891289,0.296390358
12,37,0.993398058,0.330803703,0.32690832
12,38,1.00030124,0.36365975,0.360464499
12,39,1.00810185,0.399744947,0.397361127
12,40,1.01692797,0.439371532,0.437930447
12,41,1.02692765,0.482880725,0.48253769
12,42,1.03827227,0.530645109,0.53158433
12,43,1.05116045,0.583071139,0.585511673
12,44,1.06582272,0.640601726,0.644804785
12,45,1.08252697,0.703718896,0.709996808
12,46,1.10158487,0.772946461,0.781673704
12,47,1.1233595,0.84885264,0.860479447
12,48,1.14827428,0.932052549,0.947121732
12,49,1.17682354,1.02321043,1.04237823
12,50,1.20958499,1.12304146,1.14710345
12,51,1.24723439,1.23231293,1.26223627
12,52,1.29056287,1.35184453,1.38880814
12,53,1.34049724,1.4825073,1.52795216
12,54,1.39812393,1.62522086,1.68091297
12,55,1.46471697,1.7809482,1.84905751
12,56,1.54177074,1.95068732,2.03388695
12,57,1.63103794,2.13545855,2.23704956
12,58,1.73457373,2.33628643,2.46035493
12,59,1.85478621,2.55417436,2.70578937
12,60,1.99449408,2.79006997,2.97553284
12,61,2.15699137,3.04481892,3.27197728
12,62,2.34611912,3.3191039,3.59774671
12,63,2.56634299,3.61336557,3.95571899
12,64,2.8228347,3.92770147,4.34904959
12,65,3.12155382,4.26173889,4.78119726
12,66,3.46932427,4.61447793,5.25595201
12,67,3.87389711,4.98410183,5.77746526
12,68,4.34398842,5.36775396,6.3502825
12,69,4.88927717,5.76128444,6.97937845
12,70,5.52034538,6.1589755,7.6701949
12,71,6.24854084,6.55326304,8.42868123
12,72,7.08574458,6.93448267,9.26133781
12,73,8.04403177,7.29068045,10.1752621
12,74,9.13522859,7.60753884,11.1781976
12,75,10.3703896,7.86847282,12.2785856
12,76,11.7592487,8.05494351,13.4856188
12,77,13.3097247,8.14701277,14.809298
12,78,15.0275842,8.12411981,16.2604899
12,79,16.9163594,7.96600679,17.8509858
12,80,18.9775907,7.65366865,19.5935611
13,0,0.926461773,0.0102026045,0
13,1,0.926593406,0.0111939021,0.00099999902
13,2,0.92673893,0.0122838538,0.00209962244
13,3,0.926899713,0.0134822894,0.00330879503
13,4,0.927077334,0.0148000082,0.00463843026
13,5,0.92727356,0.0162488804,0.00610052874
13,6,0.927490364,0.0178419554,0.00770828651
13,7,0.927729939,0.0195935783,0.00947621412
13,8,0.927994729,0.0215195192,0.0114202676
13,9,0.928287454,0.0236371138,0.0135579922
13,10,0.928611145,0.0259654194,0.015908681
13,11,0.928969179,0.0285253844,0.0184935489
13,12,0.929365325,0.0313400364,0.0213359236
13,13,0.929803787,0.0344346867,0.0244614567
13,14,0.930289265,0.0378371569,0.0278983543
13,15,0.930827011,0.0415780261,0.0316776322
13,16,0.931422907,0.0456909032,0.035833395
13,17,0.932083539,0.0502127255,0.0404031438
13,18,0.932816293,0.0551840861,0.0454281147
13,19,0.93362946,0.0606495937,0.05095365
13,20,0.934532357,0.0666582667,0.0570296073
13,21,0.935535465,0.073263966,0.0637108091
13,22,0.936650589,0.0805258688,0.0710575363
13,23,0.937891039,0.0885089884,0.0791360719
13,24,0.939271844,0.0972847435,0.0880192982
13,25,0.940809989,0.106931582,0.0977873528
13,26,0.942524702,0.117535663,0.108528351
13,27,0.944437768,0.129191603,0.120339179
13,28,0.946573915,0.142003294,0.133326366
13,29,0.948961237,0.156084794,0.147607042
13,30,0.951631704,0.171561301,0.163309995
13,31,0.954621743,0.188570217,0.180576823
13,32,0.957972918,0.207262302,0.199563214
13,33,0.961732724,0.227802936,0.220440342
13,34,0.965955504,0.25037349,0.243396403
13,35,0.970703533,0.275172807,0.268638309
13,36,0.976048268,0.302418811,0.296393542
13,37,0.982071825,0.332350248,0.326912193
13,38,0.988868697,0.365228556,0.360469209
13,39,0.996547776,0.401339877,0.397366851
13,40,1.00523472,0.440997207,0.4379374
13,41,1.01507472,0.484542687,0.482546132
13,42,1.02623581,0.532350032,0.531594577
13,43,1.03891263,0.584827076,0.585524106
13,44,1.05333103,0.64241843,0.644819864
13,45,1.06975334,0.705608213,0.710015093
13,46,1.08848466,0.774922827,0.78169587
13,47,1.10988025,0.850933702,0.860506312
13,48,1.13435423,0.934259946,0.947154286
13,49,1.16238986,1.02557078,1.04241767
13,50,1.19455165,1.12558763,1.14715123
13,51,1.23149962,1.2350856,1.26229412
13,52,1.27400605,1.35489425,1.3888782
13,53,1.32297531,1.48589704,1.52803699
13,54,1.37946695,1.62902933,1.68101566
13,55,1.44472293,1.78527409,1.84918182
13,56,1.52019933,1.95565471,2.03403741
13,57,1.60760326,2.14122389,2.23723165
13,58,1.70893567,2.34304751,2.46057529
13,59,1.82654046,2.56218175,2.70605602
13,60,1.96316069,2.79964183,2.97585548
13,61,2.12200181,3.05635987,3.27236765
13,62,2.3068021,3.33312911,3.598219
13,63,2.52190942,3.63053136,3.95629037
13,64,2.77236261,3.94884388,4.3497408
13,65,3.06397469,4.28792186,4.78203341
13,66,3.40341289,4.64705259,5.25696344
13,67,3.7982684,5.02477832,5.77868868
13,68,4.2571057,5.41868625,6.3517623
13,69,4.78947816,5.82516738,6.98116831
13,70,5.40589349,6.23915076,7.67235971
13,71,6.11771049,6.65382721,8.4312995
13,72,6.93694902,7.06038597,9.26450443
13,73,7.87599943,7.44779883,10.1790919
13,74,8.94722862,7.80269713,11.1828293
13,75,10.1624978,8.10939327,12.284187
13,76,11.5326319,8.35009602,13.4923929
13,77,13.0669086,8.50535224,14.8174902
13,78,14.7726575,8.55471432,16.270397
13,79,16.6550666,8.47758503,17.8629666
13,80,18.7172765,8.2541406,19.6080494
14,0,0.915237765,0.0116787865,0
14,1,0.915367624,0.0126703179,0.000999999058
14,2,0.915511184,0.0137605302,0.0020996226
14,3,0.915669791,0.014959256,0.00330879545
14,4,0.915845003,0.0162772976,0.00463843108
14,5,0.916038562,0.0177265292,0.00610053015
14,6,0.916252411,0.0193200042,0.00770828876
14,7,0.916488714,0.0210720726,0.00947621752
14,8,0.916749879,0.0229985097,0.0114202725
14,9,0.917038586,0.0251166577,0.0135579991
14,10,0.917357822,0.0274455806,0.0159086906
14,11,0.917710914,0.0300062348,0.0184935618
14,12,0.918101575,0.0328216567,0.0213359409
14,13,0.918533948,0.0359171681,0.0244614793
14,14,0.919012662,0.039320602,0.0278983838
14,15,0.919542891,0.043062551,0.0316776702
14,16,0.920130426,0.0471766391,0.0358334436
14,17,0.920781753,0.0516998212,0.0404032056
14,18,0.921504144,0.0566727104,0.0454281928
14,19,0.922305762,0.0621399386,0.0509537482
14,20,0.923195778,0.0681505509,0.0570297304
14,21,0.924184507,0.074758439,0.0637109627
14,22,0.925283567,0.0820228159,0.0710577273
14,23,0.926506053,0.0900087364,0.0791363089
14,24,0.92786675,0.0987876677,0.0880195913
14,25,0.929382366,0.108438114,0.0977877147
14,26,0.931071806,0.1190463,0.108528797
14,27,0.932956495,0.13070692,0.120339727
14,28,0.935060739,0.143523957,0.133327039
14,29,0.937412151,0.157611576,0.147607867
14,30,0.940042146,0.173095101,0.163311004
14,31,0.942986513,0.190112084,0.180578057
14,32,0.946286075,0.208813463,0.199564722
14,33,0.949987472,0.229364829,0.220442181
14,34,0.954144056,0.251947805,0.243398646
14,35,0.958816948,0.276761536,0.268641041
14,36,0.964076264,0.304024308,0.296396867
14,37,0.970002555,0.333975304,0.326916239
14,38,0.97668849,0.366876486,0.360474129
14,39,0.984240821,0.403014632,0.397372829
14,40,0.992782699,0.442703508,0.437944663
14,41,1.00245638,0.486286195,0.48255495
14,42,1.01342642,0.534137551,0.53160528
14,43,1.02588341,0.58666681,0.585537092
14,44,1.04004836,0.644320301,0.644835616
14,45,1.05617793,0.707584258,0.710034193
14,46,1.07457048,0.776987692,0.781719025
14,47,1.09557327,0.853105263,0.860534375
14,48,1.11959096,0.936560093,0.947188291
14,49,1.14709552,1.0280264,1.04245887
14,50,1.17863806,1.12823183,1.14720113
14,51,1.2148626,1.23795934,1.26235456
14,52,1.25652241,1.35804825,1.38895138
14,53,1.30449911,1.4893944,1.5281256
14,54,1.35982519,1.63294876,1.68112293
14,55,1.42371033,1.78971402,1.84931167
14,56,1.49757214,1.96073861,2.03419457
14,57,1.58307203,2.14710707,2.23742186
14,58,1.68215664,2.34992577,2.46080547
14,59,1.79710575,2.57030255,2.70633456
14,60,1.93058684,2.80931852,2.97619251
14,61,2.08571698,3.06798986,3.27277542
14,62,2.26613191,3.34721705,3.59871234
14,63,2.47606176,3.6477185,3.95688721
14,64,2.72041233,3.96994501,4.35046281
14,65,3.00484921,4.31397139,4.78290681
14,66,3.33588079,4.67936141,5.25801995
14,67,3.720934,5.06500272,5.77996663
14,68,4.16841374,5.4689097,6.35330805
14,69,4.68773427,5.8879947,6.98303792
14,70,5.28930758,6.31781236,7.674621
14,71,5.9844713,6.75228768,8.43403444
14,72,6.78533827,7.18344723,9.26781217
14,73,7.70455257,7.60118293,10.1830923
14,74,8.75494471,7.99308826,11.1876674
14,75,9.94909325,8.34441488,12.2900381
14,76,11.2988217,8.63819875,13.4994689
14,77,12.8146846,8.85559476,14.8260475
14,78,14.5055229,8.97643338,16.2807455
14,79,16.3781782,8.97997305,17.8754812
14,80,18.4374548,8.8457738,19.6231834
15,0,0.903337276,0.0132218077,0
15,1,0.903465288,0.0142135794,0.000999999097
15,2,0.903606799,0.0153040596,0.00209962278
15,3,0.903763138,0.0165030835,0.00330879588
15,4,0.903935839,0.0178214569,0.00463843192
15,5,0.904126617,0.0192710577,0.00610053161
15,6,0.904337387,0.0208649437,0.00770829109
15,7,0.904570279,0.0226174698,0.00947622104
15,8,0.904827665,0.024544417,0.0114202776
15,9,0.905112183,0.0266631335,0.0135580063
15,10,0.905426774,0.0289926906,0.0159087005
15,11,0.905774716,0.0315540528,0.0184935752
15,12,0.90615966,0.0343702658,0.0213359587
15,13,0.906585687,0.0374666616,0.0244615028
15,14,0.907057351,0.0408710855,0.0278984143
15,15,0.907579744,0.0446141435,0.0316777095
15,16,0.908158564,0.0487294754,0.0358334939
15,17,0.908800192,0.0532540539,0.0404032696
15,18,0.909511783,0.0582285129,0.0454282737
15,19,0.910301365,0.0636975077,0.05095385
15,20,0.911177957,0.069710111,0.0570298579
15,21,0.912151703,0.076320246,0.0637111218
15,22,0.913234023,0.0835871624,0.0710579253
15,23,0.914437792,0.0915759575,0.0791365545
15,24,0.915777539,0.100358148,0.0880198951
15,25,0.917269682,0.110012296,0.0977880897
15,26,0.918932798,0.120624693,0.108529259
15,27,0.920787929,0.132290113,0.120340295
15,28,0.922858948,0.145112632,0.133327736
15,29,0.925172968,0.159206523,0.147608722
15,30,0.927760829,0.174697242,0.16331205
15,31,0.930657654,0.19172249,0.180579336
15,32,0.933903504,0.210433388,0.199566284
15,33,0.93754413,0.230995743,0.220444087
15,34,0.941631859,0.253591433,0.24340097
15,35,0.946226618,0.278419912,0.268643872
15,36,0.951397139,0.305699834,0.296400314
15,37,0.957222357,0.335670822,0.326920432
15,38,0.963793056,0.368595374,0.360479227
15,39,0.971213787,0.40476091,0.397379025
15,40,0.979605121,0.444481979,0.437952189
15,41,0.989106291,0.488102609,0.482564088
15,42,0.999878294,0.535998814,0.531616371
15,43,1.01210753,0.58858124,0.585550549
15,44,1.02601011,0.646297948,0.644851939
15,45,1.04183684,0.709637298,0.710053987
15,46,1.0598792,0.779130923,0.78174302
15,47,1.08047633,0.855356724,0.860563457
15,48,1.10402322,0.938941835,0.94722353
15,49,1.13098038,1.03056547,1.04250156
15,50,1.16188529,1.13096149,1.14725284
15,51,1.1973658,1.24092062,1.26241719
15,52,1.2381559,1.36129194,1.38902722
15,53,1.28511429,1.49298354,1.52821742
15,54,1.33924617,1.63696178,1.68123409
15,55,1.40172872,1.79424885,1.84944623
15,56,1.47394094,1.9659178,2.03435743
15,57,1.55749835,2.1530844,2.23761897
15,58,1.6542933,2.3568947,2.461044
15,59,1.76654136,2.57850695,2.7066232
15,60,1.89683451,2.81906644,2.97654176
15,61,2.04820157,3.07967103,3.27319799
15,62,2.22417578,3.36132516,3.59922358
15,63,2.4288696,3.66487931,3.9575057
15,64,2.66705543,3.99095177,4.35121103
15,65,2.94425041,4.33982903,4.78381192
15,66,3.26680189,4.71134094,5.25911479
15,67,3.64196816,5.10470743,5.78129094
15,68,4.07798679,5.51835397,6.35490989
15,69,4.58412002,5.94969546,6.98497538
15,70,5.17066376,6.39489135,7.67696434
15,71,5.8489039,6.8485801,8.43686863
15,72,6.63100279,7.30360849,9.27123995
15,73,7.52979948,7.7507805,10.1872379
15,74,8.55851345,8.1786604,11.1926811
15,75,9.7303526,8.57347365,12.2961015
15,76,11.0580444,8.91915328,13.5068017
15,77,12.5533323,9.19757432,14.8349154
15,78,14.2265033,9.38900075,16.2914696
15,79,16.0860317,9.47273728,17.88845
15,80,18.1384253,9.42793474,19.6388665
16,0,0.890790903,0.0148243592,0
16,1,0.890916999,0.0158163763,0.000999999138
16,2,0.891056387,0.01690713,0.00209962295
16,3,0.891210375,0.0181064585,0.00330879632
16,4,0.891380472,0.0194251707,0.00463843279
16,5,0.891568367,0.0208751487,0.00610053311
16,6,0.891775945,0.0224694544,0.00770829348
16,7,0.8920053,0.024222448,0.00947622466
16,8,0.892258767,0.0261499159,0.0114202829
16,9,0.892538942,0.028269213,0.0135580138
16,10,0.892848718,0.0305994178,0.0159087107
16,11,0.893191318,0.033161503,0.018493589
16,12,0.893570335,0.0359785237,0.0213359771
16,13,0.89398978,0.0390758227,0.0244615269
16,14,0.894454133,0.0424812573,0.0278984457
16,15,0.894968401,0.0462254476,0.03167775
16,16,0.895538184,0.0503420494,0.0358335457
16,17,0.896169756,0.0548680535,0.0404033355
16,18,0.896870147,0.0598441149,0.045428357
16,19,0.897647248,0.0653149131,0.0509539548
16,20,0.89850992,0.0713295486,0.0570299891
16,21,0.899468129,0.0779419769,0.0637112856
16,22,0.900533091,0.0852114849,0.071058129
16,23,0.901717452,0.0932032132,0.0791368071
16,24,0.903035477,0.101988729,0.0880202077
16,25,0.904503284,0.111646653,0.0977884755
16,26,0.906139108,0.122263345,0.108529734
16,27,0.907963598,0.133933661,0.120340879
16,28,0.910000176,0.14676177,0.133328453
16,29,0.912275438,0.160862056,0.147609601
16,30,0.914819631,0.176360106,0.163313126
16,31,0.917667191,0.193393777,0.180580652
16,32,0.920857388,0.212114373,0.199567891
16,33,0.924435059,0.23268792,0.220446048
16,34,0.928451471,0.255296556,0.24340336
16,35,0.932965322,0.280140045,0.268646785
16,36,0.938043916,0.307437415,0.296403859
16,37,0.943764527,0.337428737,0.326924746
16,38,0.950215997,0.370377045,0.360484472
16,39,0.957500615,0.406570412,0.397385399
16,40,0.965736302,0.446324172,0.437959931
16,41,0.975059189,0.48998331,0.482573489
16,42,0.98562663,0.537925002,0.531627782
16,43,0.997620745,0.590561316,0.585564394
16,44,1.01125259,0.648342048,0.644868731
16,45,1.02676704,0.711757692,0.710074349
16,46,1.04444857,0.781342503,0.781767704
16,47,1.064628,0.857677621,0.860593375
16,48,1.08769049,0.941394187,0.947259782
16,49,1.11408494,1.03317638,1.04254548
16,50,1.14433502,1.13376427,1.14730604
16,51,1.17905217,1.24395628,1.26248162
16,52,1.21895092,1.36461114,1.38910523
16,53,1.26486682,1.49664905,1.52831188
16,54,1.31777757,1.64105158,1.68134845
16,55,1.37882767,1.79886009,1.84958465
16,56,1.44935734,1.97117183,2.03452498
16,57,1.53093611,2.15913317,2.23782175
16,58,1.62540186,2.36392891,2.46128939
16,59,1.73490596,2.58676651,2.70692014
16,60,1.86196493,2.82885366,2.97690106
16,61,2.0095193,3.09136754,3.27363271
16,62,2.1809999,3.37541321,3.59974953
16,63,2.38040136,3.68196884,3.95814199
16,64,2.61236224,4.01181432,4.35198076
16,65,2.88225014,4.36543997,4.78474305
16,66,3.19624906,4.74293174,5.26024113
16,67,3.56144433,5.14382915,5.78265336
16,68,3.98589867,5.56695323,6.3565578
16,69,4.47870994,6.01020315,6.98696858
16,70,5.05003855,6.47032285,7.67937509
16,71,5.71108974,6.94264356,8.43978434
16,72,6.47403394,7.42081433,9.27476632
16,73,7.35184902,7.89654093,10.1915027
16,74,8.35807128,8.35936275,11.197839
16,75,9.5064513,8.79650684,12.3023393
16,76,10.8105249,9.19286389,13.5143454
16,77,12.2831301,9.53113036,14.8440383
16,78,13.9359241,9.79214905,16.3025022
16,79,15.7789743,9.95545545,17.9017918
16,80,17.8205081,10,19.6550008
17,0,0.877630509,0.0164791108,0
17,1,0.877754629,0.0174713772,0.000999999179
17,2,0.877891826,0.0185624089,0.00209962314
17,3,0.878043386,0.0197620467,0.00330879677
17,4,0.878210796,0.0210811033,0.00463843368
17,5,0.878395715,0.0225314643,0.00610053464
17,6,0.878599996,0.0241261965,0.00770829593
17,7,0.878825701,0.025879665,0.00947622836
17,8,0.879075123,0.0278076621,0.0114202882
17,9,0.879350815,0.029927549,0.0135580213
17,10,0.879655619,0.0322584117,0.0159087212
17,11,0.879992704,0.0348212315,0.0184936031
17,12,0.880365602,0.0376390727,0.0213359958
17,13,0.880778253,0.0407372891,0.0244615516
17,14,0.881235058,0.0441437505,0.0278984778
17,15,0.881740935,0.0478890911,0.0316777914
17,16,0.882301387,0.0520069828,0.0358335986
17,17,0.882922575,0.056534435,0.0404034028
17,18,0.883611402,0.0615121239,0.045428442
17,19,0.884375615,0.0669847537,0.0509540618
17,20,0.885223913,0.073001453,0.0570301232
17,21,0.886166077,0.0796162102,0.0637114529
17,22,0.887213115,0.0868883498,0.0710583371
17,23,0.888377434,0.0948830565,0.0791370653
17,24,0.889673028,0.103671948,0.0880205271
17,25,0.891115705,0.113333706,0.0977888697
17,26,0.892723346,0.123954759,0.10853022
17,27,0.894516195,0.135630043,0.120341476
17,28,0.896517211,0.148463823,0.133329186
17,29,0.898752456,0.162570598,0.147610499
17,30,0.901251563,0.178076085,0.163314226
17,31,0.904048264,0.195118299,0.180581996
17,32,0.907181013,0.213848729,0.199569533
17,33,0.910693705,0.234433621,0.220448052
17,34,0.914636518,0.257055378,0.243405803
17,35,0.919066886,0.281914076,0.268649761
17,36,0.924050644,0.309229118,0.296407482
17,37,0.929663359,0.339241026,0.326929153
17,38,0.935991884,0.372213377,0.360489831
17,39,0.943136186,0.408434897,0.397391912
17,40,0.951211471,0.448221712,0.437967843
17,41,0.960350692,0.491919765,0.482583096
17,42,0.970707476,0.5399074,0.531639441
17,43,0.982459571,0.592598104,0.58557854
17,44,0.995812882,0.650443414,0.64488589
17,45,1.01100623,0.713935953,0.710095156
17,46,1.02831693,0.783612596,0.781792928
17,47,1.04806738,0.860057708,0.860623945
17,48,1.07063275,0.943906418,0.947296826
17,49,1.09645014,1.03584785,1.04259036
17,50,1.12602922,1.13662819,1.1473604
17,51,1.15996486,1.24705352,1.26254745
17,52,1.19895191,1.36799212,1.38918496
17,53,1.24380259,1.50037609,1.5284084
17,54,1.29546689,1.64520202,1.6814653
17,55,1.35505645,1.80353007,1.8497261
17,56,1.42387252,1.97648121,2.03469619
17,57,1.50343849,2.16523176,2.23802895
17,58,1.59553771,2.37100436,2.46154014
17,59,1.70225724,2.59505434,2.70722357
17,60,1.8260381,2.83865008,2.9772682
17,61,1.96973255,3.10304562,3.27407692
17,62,2.13666892,3.38944346,3.60028696
17,63,2.3307238,3.69894503,3.95879216
17,64,2.55640138,4.03248602,4.3527673
17,65,2.81891853,4.39075308,4.78569451
17,66,3.12429353,4.77407845,5.26139204
17,67,3.47943451,5.18230898,5.7840455
17,68,3.89222206,5.61464623,6.35824168
17,69,4.37157777,6.06945583,6.98900526
17,70,4.92750815,6.54404627,7.68183845
17,71,5.57111019,7.03442091,8.44276368
17,72,6.31452313,7.53501235,9.27836965
17,73,7.17080986,8.0384158,10.1958607
17,74,8.15375385,8.5351462,11.2031094
17,75,9.27756325,9.01345361,12.3087132
17,76,10.5564859,9.45923809,13.5220538
17,77,12.0043557,9.85610813,14.8533603
17,78,13.6341131,10.18562,16.3137755
17,79,15.4573621,10.4277168,17.9154248
17,80,17.4840436,10.561357,19.6714872
18,0,0.863889079,0.0181787566,0
18,1,0.864011165,0.0191712753,0.000999999221
18,2,0.864146108,0.0202625881,0.00209962332
18,3,0.864295173,0.0214625389,0.00330879723
18,4,0.864459819,0.0227819437,0.00463843458
18,5,0.864641677,0.0242326923,0.0061005362
18,6,0.864842569,0.0258278559,0.00770829842
18,7,0.865064519,0.0275818048,0.00947623212
18,8,0.86530978,0.0295103371,0.0114202937
18,9,0.86558086,0.0316308207,0.013558029
18,10,0.865880551,0.0339623489,0.0159087318
18,11,0.866211963,0.0365259116,0.0184936174
18,12,0.866578564,0.0393445828,0.0213360149
18,13,0.866984225,0.0424437273,0.0244615766
18,14,0.867433264,0.0458512272,0.0278985103
18,15,0.867930509,0.0495977312,0.0316778334
18,16,0.868481361,0.0537169275,0.0358336524
18,17,0.869091863,0.0582458442,0.0404034711
18,18,0.869768791,0.0632251791,0.0454285284
18,19,0.870519741,0.0686996612,0.0509541704
18,20,0.871353247,0.0747184477,0.0570302593
18,21,0.8722789,0.0813355598,0.0637116228
18,22,0.873307492,0.0886103604,0.0710585485
18,23,0.874451183,0.0966080785,0.0791373274
18,24,0.875723691,0.105400384,0.0880208513
18,25,0.877140504,0.115066016,0.0977892699
18,26,0.878719138,0.125691476,0.108530713
18,27,0.880479423,0.137371782,0.120342083
18,28,0.882443838,0.150211295,0.13332993
18,29,0.884637898,0.164324626,0.147611411
18,30,0.887090605,0.179837626,0.163315342
18,31,0.889834966,0.196888469,0.180583361
18,32,0.892908597,0.21562883,0.1995712
18,33,0.896354429,0.236225177,0.220450086
18,34,0.900221517,0.258860178,0.243408284
18,35,0.904566001,0.283734222,0.268652782
18,36,0.90945221,0.311067092,0.296411161
18,37,0.914953961,0.341099761,0.326933628
18,38,0.92115607,0.37409635,0.360495273
18,39,0.928156125,0.41034624,0.397398525
18,40,0.936066558,0.450166348,0.437975876
18,41,0.945017074,0.493903579,0.482592849
18,42,0.955157495,0.54193744,0.531651279
18,43,0.966661104,0.594682841,0.585592904
18,44,0.979728562,0.65259305,0.644903312
18,45,0.994592518,0.716162814,0.710116282
18,46,1.01152302,0.785931611,0.781818538
18,47,1.03083388,0.862487015,0.860654985
18,48,1.05289017,0.94646811,0.947334437
18,49,1.07811699,1.03856891,1.04263592
18,50,1.10700988,1.13954169,1.14741559
18,51,1.14014693,1.25020005,1.2626143
18,52,1.17820313,1.37142168,1.3892659
18,53,1.22196717,1.50415047,1.52850641
18,54,1.27236115,1.64939767,1.68158395
18,55,1.33046366,1.80824193,1.84986972
18,56,1.3975368,1.98182743,2.03487002
18,57,1.47505769,2.17135971,2.23823933
18,58,1.56475501,2.3780983,2.46179474
18,59,1.66865145,2.60334512,2.70753164
18,60,1.78911243,2.84842742,2.97764097
18,61,1.92890188,3.11467371,3.27452794
18,62,2.0912455,3.40338064,3.60083262
18,63,2.27990157,3.71576867,3.9594523
18,64,2.49923925,4.05292358,4.35356589
18,65,2.75432345,4.41572093,4.78666055
18,66,3.05100434,4.80472981,5.26256061
18,67,3.39600867,5.22009245,5.78545899
18,68,3.79702781,5.66137631,6.35995137
18,69,4.26279577,6.12739618,6.99107318
18,70,4.80314755,6.61600548,7.68433958
18,71,5.42904576,7.12385897,8.4457887
18,72,6.15256094,7.64615345,9.28202823
18,73,6.98678969,8.17635933,10.2002854
18,74,7.94569531,8.70596387,11.2084606
18,75,9.0438602,9.22425555,12.3151848
18,76,10.2961476,9.71818704,13.5298803
18,77,11.7172848,10.1723589,14.8628252
18,78,13.3213995,10.5691644,16.3252217
18,79,15.1215603,10.8891226,17.9292668
18,80,17.1293922,11.1114047,19.6882263
19,0,0.849600567,0.0199160532,0
19,1,0.849720569,0.0209088261,0.000999999263
19,2,0.849853201,0.0220004224,0.00209962351
19,3,0.849999706,0.0232006886,0.00330879769
19,4,0.850161517,0.0245204444,0.00463843548
19,5,0.850340238,0.0259715836,0.00610053777
19,6,0.850537653,0.027567182,0.00770830093
19,7,0.850755752,0.0293216151,0.00947623591
19,8,0.850996745,0.0312506868,0.0114202992
19,9,0.851263095,0.0333717718,0.0135580368
19,10,0.85155754,0.0357039708,0.0159087424
19,11,0.851883133,0.0382682823,0.0184936319
19,12,0.852243276,0.04108779,0.0213360341
19,13,0.852641765,0.0441878698,0.0244616019
19,14,0.853082837,0.0475964165,0.0278985432
19,15,0.853571225,0.0513440929,0.0316778757
19,16,0.854112226,0.0554646039,0.0358337066
19,17,0.854711764,0.0599949966,0.04040354
19,18,0.855376481,0.0649759903,0.0454286156
19,19,0.856113821,0.0704523389,0.0509542801
19,20,0.856932147,0.0764732285,0.0570303967
19,21,0.857840854,0.0830927134,0.0637117942
19,22,0.858850514,0.0903701951,0.0710587617
19,23,0.859973035,0.098370947,0.0791375919
19,24,0.861221846,0.107166691,0.0880211786
19,25,0.862612111,0.116836227,0.0977896738
19,26,0.864160972,0.127466126,0.10853121
19,27,0.865887829,0.139151489,0.120342694
19,28,0.867814672,0.151996774,0.133330681
19,29,0.869966456,0.166116706,0.147612331
19,30,0.872371534,0.18163727,0.163316469
19,31,0.87506217,0.198696798,0.180584739
19,32,0.878075122,0.217447152,0.199572883
19,33,0.881452328,0.238055025,0.22045214
19,34,0.885241701,0.260703347,0.243410787
19,35,0.889498049,0.285592824,0.268655832
19,36,0.894284163,0.312943617,0.296414873
19,37,0.899672069,0.34299715,0.326938145
19,38,0.905744499,0.376018089,0.360500764
19,39,0.912596614,0.412296468,0.397405199
19,40,0.92033801,0.452149998,0.437983982
19,41,0.929095078,0.495926537,0.482602692
19,42,0.939013762,0.544006758,0.531663226
19,43,0.950262796,0.59680698,0.585607399
19,44,0.963037502,0.654782198,0.644920894
19,45,0.977564255,0.718429265,0.710137601
19,46,0.994105717,0.788290247,0.781844384
19,47,1.012967,0.864955894,0.86068631
19,48,1.0345029,0.949069206,0.947372395
19,49,1.05912642,1.04132904,1.04268191
19,50,1.08731876,1.14249364,1.14747129
19,51,1.11964107,1.25338407,1.26268176
19,52,1.15674833,1.37488726,1.38934759
19,53,1.19940548,1.50795863,1.52860531
19,54,1.24850656,1.65362389,1.68170368
19,55,1.30509692,1.81297972,1.85001466
19,56,1.37039936,1.987193,2.03504545
19,57,1.44584456,2.17749777,2.23845164
19,58,1.53310641,2.38518944,2.46205167
19,59,1.6341431,2.61161517,2.70784255
19,60,1.75124436,2.8581593,2.97801716
19,61,1.88708568,3.12622238,3.27498311
19,62,2.04478993,3.41719203,3.60138331
19,63,2.22799674,3.73240344,3.96011851
19,64,2.44093958,4.07308693,4.35437182
19,65,2.68853002,4.44029974,4.78763548
19,66,2.97644779,4.83483856,5.26373991
19,67,3.31123411,5.25712941,5.78688547
19,68,3.70038434,5.70709139,6.36167678
19,69,4.152434,6.18397149,6.9931601
19,70,4.67702985,6.68614876,7.68686369
19,71,5.28497524,7.21090866,8.44884152
19,72,5.9882364,7.75419207,9.28572043
19,73,6.79989445,8.31032867,10.2047508
19,74,7.73402768,8.87177138,11.213861
19,75,8.80551125,9.42885697,12.321716
19,76,10.0297274,9.96962581,13.5377787
19,77,11.4221915,10.4797403,14.8723771
19,78,12.9981142,10.9425426,16.3367731
19,79,14.7719419,11.3392857,17.943236
19,80,16.7569337,11.6495539,19.7051192
20,0,0.834799752,0.0216838502,0
20,1,0.834917622,0.0226768786,0.000999999305
20,2,0.835047889,0.0237687597,0.00209962369
20,3,0.835191776,0.0249693429,0.00330879815
20,4,0.835350687,0.0262894515,0.0046384364
20,5,0.835526195,0.0277409833,0.00610053935
20,6,0.835720053,0.0293370187,0.00770830345
20,7,0.83593421,0.0310919384,0.00947623972
20,8,0.836170836,0.0330215523,0.0114203047
20,9,0.836432344,0.0351432416,0.0135580446
20,10,0.83672142,0.0374761148,0.0159087532
20,11,0.837041056,0.0400411788,0.0184936464
20,12,0.837394588,0.0428615271,0.0213360534
20,13,0.837785735,0.0459625468,0.0244616272
20,14,0.83821865,0.0493721453,0.0278985762
20,15,0.838697972,0.053121,0.0316779183
20,16,0.839228886,0.0572428321,0.035833761
20,17,0.839817198,0.0617747078,0.0404036092
20,18,0.840469411,0.0667573682,0.045428703
20,19,0.841192815,0.0722355922,0.0509543901
20,20,0.841995595,0.0782585947,0.0570305345
20,21,0.842886947,0.0848804634,0.0637119662
20,22,0.843877217,0.0921606383,0.0710589757
20,23,0.844978054,0.100164438,0.0791378573
20,24,0.846202595,0.108963635,0.0880215069
20,25,0.847565667,0.118637091,0.0977900791
20,26,0.849084029,0.129271449,0.108531709
20,27,0.850776645,0.14096189,0.120343308
20,28,0.852665002,0.15381297,0.133331434
20,29,0.854773477,0.167939528,0.147613255
20,30,0.857129766,0.183467684,0.163317599
20,31,0.859765367,0.200535926,0.180586121
20,32,0.862716163,0.219296307,0.199574571
20,33,0.866023077,0.239915741,0.220454199
20,34,0.869732848,0.262577421,0.243413298
20,35,0.87389893,0.287482372,0.268658891
20,36,0.878582539,0.314851127,0.296418597
20,37,0.883853871,0.344925566,0.326942676
20,38,0.889793532,0.377970894,0.360506274
20,39,0.896494206,0.414277799,0.397411895
20,40,0.904062598,0.454164777,0.437992116
20,41,0.912621724,0.497980639,0.482612568
20,42,0.922313575,0.546107212,0.531675213
20,43,0.933302258,0.59896222,0.585621943
20,44,0.94577767,0.657002365,0.644938535
20,45,0.959959809,0.720726591,0.710158992
20,46,0.976103843,0.790679522,0.781870315
20,47,0.994506059,0.867455048,0.860717738
20,48,1.01551086,0.951700037,0.947410477
20,49,1.03951898,1.04411811,1.04272805
20,50,1.06699714,1.14547342,1.14752718
20,51,1.09848941,1.25659434,1.26274944
20,52,1.13463053,1.37837688,1.38942955
20,53,1.17616157,1.51178777,1.52870454
20,54,1.22394829,1.65786683,1.68182381
20,55,1.27900265,1.81772842,1.85016008
20,56,1.34250798,1.9925615,2.03522146
20,57,1.41584834,2.18362788,2.23866466
20,58,1.50064271,2.39225783,2.46230945
20,59,1.59878464,2.6198424,2.70815449
20,60,1.71248805,2.86782118,2.9783946
20,61,1.84433983,3.13766436,3.27543978
20,62,1.99735981,3.43084734,3.60193581
20,63,2.17506854,3.7488158,3.96078692
20,64,2.38156305,4.09293916,4.35518042
20,65,2.62160025,4.46444925,4.78861362
20,66,2.90068701,4.86436133,5.26492311
20,67,3.22517503,5.29337388,5.78831666
20,68,3.60235707,5.75174376,6.36340789
20,69,4.04055972,6.23913352,6.99525392
20,70,4.54922558,6.75442875,7.68939615
20,71,5.13897508,7.29552489,8.45190444
20,72,5.82163621,7.85908622,9.28942484
20,73,6.61022764,8.44028405,10.209231
20,74,7.51888019,9.03252717,11.2192793
20,75,8.56268228,9.62720519,12.3282687
20,76,9.75743954,10.2134736,13.5457033
20,77,11.1193474,10.778116,14.8819607
20,78,12.6645888,11.3055242,16.3483627
20,79,14.4088878,11.7778317,17.9572514
20,80,16.3670668,12.1752286,19.7220681
21,0,0.819522086,0.0234751142,0
21,1,0.819637777,0.0244683988,0.000999999347
21,2,0.819765629,0.0255605655,0.00209962388
21,3,0.81990684,0.0267614667,0.00330879862
21,4,0.820062787,0.028081929,0.00463843731
21,5,0.820235014,0.0295338545,0.00610054092
21,6,0.820425236,0.0311303281,0.00770830596
21,7,0.820635366,0.0328857358,0.00947624351
21,8,0.820867529,0.0348158933,0.0114203102
21,9,0.821124088,0.0369381886,0.0135580523
21,10,0.821407676,0.0392717378,0.0159087639
21,11,0.821721225,0.0418375563,0.0184936608
21,12,0.822067999,0.0446587476,0.0213360726
21,13,0.822451642,0.0477607096,0.0244616525
21,14,0.822876219,0.0511713627,0.0278986091
21,15,0.823346271,0.0549213986,0.0316779607
21,16,0.823866874,0.0590445552,0.0358338153
21,17,0.824443709,0.0635779175,0.0404036782
21,18,0.825083137,0.0685622486,0.0454287903
21,19,0.825792292,0.0740423524,0.0509544999
21,20,0.826579176,0.0800674727,0.057030672
21,21,0.827452782,0.0866917305,0.0637121378
21,22,0.828423223,0.0939746044,0.0710591892
21,23,0.829501886,0.101981458,0.0791381221
21,24,0.830701606,0.110784115,0.0880218345
21,25,0.832036867,0.120461499,0.0977904834
21,26,0.833524037,0.131100322,0.108532207
21,27,0.835181632,0.142795849,0.12034392
21,28,0.837030625,0.155652733,0.133332186
21,29,0.839094807,0.169785926,0.147614176
21,30,0.841401193,0.185321681,0.163318727
21,31,0.843980506,0.202398647,0.1805875
21,32,0.84686773,0.221169063,0.199576255
21,33,0.850102754,0.241800062,0.220456254
21,34,0.85373112,0.264475105,0.243415803
21,35,0.857804896,0.289395527,0.268661943
21,36,0.862383691,0.316782241,0.296422313
21,37,0.867535837,0.346877571,0.326947197
21,38,0.873339773,0.379947263,0.36051177
21,39,0.879885655,0.416282653,0.397418575
21,40,0.887277248,0.456203019,0.43800023
21,41,0.895634129,0.500058116,0.48262242
21,42,0.905094274,0.548230913,0.531687171
21,43,0.915817085,0.601140525,0.585636452
21,44,0.927986945,0.659245346,0.644956133
21,45,0.941817385,0.723046385,0.710180331
21,46,0.957555973,0.79309079,0.781896184
21,47,0.975490057,0.869975551,0.860749091
21,48,0.995953517,0.954351342,0.947448469
21,49,1.01933468,1.04692648,1.04277407
21,50,1.04608566,1.14847091,1.14758293
21,51,1.07673325,1.25982017,1.26281696
21,52,1.11189183,1.38187918,1.38951131
21,53,1.15227838,1.51562575,1.52880354
21,54,1.19873025,1.66211346,1.68194366
21,55,1.25222582,1.8224739,1.85030515
21,56,1.31390877,1.99791755,2.03539704
21,57,1.38511641,2.18973318,2.23887717
21,58,1.46741263,2.39928491,2.46256662
21,59,1.56262622,2.62800628,2.70846568
21,60,1.67289513,2.87739032,2.97877114
21,61,1.80071746,3.14897444,3.27589536
21,62,1.94900973,3.4443186,3.60248699
21,63,2.12117298,3.7649749,3.96145373
21,64,2.32116699,4.11244639,4.35598709
21,65,2.55359264,4.48813258,4.78958943
21,66,2.82378161,4.89325845,5.26610349
21,67,3.13789211,5.32878388,5.78974444
21,68,3.50300796,5.79528987,6.36513487
21,69,3.9272369,6.29283825,6.99734274
21,70,4.41980213,6.82080226,7.69192256
21,71,4.99111872,7.3776665,8.45496005
21,72,5.65284412,7.96079738,9.2931204
21,73,6.41788971,8.56618874,10.2137004
21,74,7.30037869,9.18819243,11.2246847
21,75,8.31553543,9.81925057,12.3348058
21,76,9.47949423,10.4496536,13.553609
21,77,10.8090214,11.0673562,14.8915213
21,78,12.3211554,11.657888,16.3599246
21,79,14.0327859,12.2043982,17.9712334
21,80,15.9602091,12.6878657,19.7389764
22,0,0.803803544,0.0252829463,0
22,1,0.803917011,0.0262764874,0.000999999389
22,2,0.804042398,0.0273689401,0.00209962406
22,3,0.804180877,0.0285701596,0.00330879907
22,4,0.804333799,0.0298909762,0.00463843821
22,5,0.804502674,0.0313432958,0.00610054248
22,6,0.804689185,0.0329402081,0.00770830845
22,7,0.804895203,0.0346961043,0.00947624728
22,8,0.805122808,0.0366268061,0.0114203157
22,9,0.805374315,0.0387497081,0.0135580601
22,10,0.8056523,0.0410839339,0.0159087745
22,11,0.805959631,0.0436505077,0.0184936752
22,12,0.806299504,0.0464725426,0.0213360917
22,13,0.806675484,0.049575448,0.0244616776
22,14,0.807091545,0.0529871564,0.0278986417
22,15,0.80755213,0.0567383745,0.0316780028
22,16,0.808062202,0.0608628565,0.0358338691
22,17,0.808627314,0.0653977066,0.0404037467
22,18,0.809253684,0.0703837093,0.0454288768
22,19,0.809948282,0.0758656939,0.0509546088
22,20,0.810718928,0.0818929328,0.0570308084
22,21,0.811574406,0.0885195806,0.0637123081
22,22,0.812524591,0.0958051542,0.0710594009
22,23,0.8135806,0.103815061,0.0791383847
22,24,0.814754961,0.11262118,0.0880221594
22,25,0.816061809,0.122302491,0.0977908844
22,26,0.817517111,0.132945778,0.108532701
22,27,0.819138925,0.144646389,0.120344528
22,28,0.820947701,0.157509073,0.133332932
22,29,0.822966626,0.171648895,0.14761509
22,30,0.825222028,0.187192244,0.163319846
22,31,0.827743834,0.204277923,0.180588868
22,32,0.830566112,0.223058358,0.199577926
22,33,0.833727694,0.243700904,0.220458293
22,34,0.837272902,0.266389283,0.243418289
22,35,0.841252392,0.291325143,0.268664971
22,36,0.845724134,0.318729768,0.296425999
22,37,0.850754562,0.348845929,0.326951681
22,38,0.856419905,0.381939905,0.360517223
22,39,0.862807753,0.418303676,0.397425201
22,40,0.870018873,0.458257291,0.438008279
22,41,0.87816935,0.502151441,0.482632194
22,42,0.887393075,0.550370227,0.531699033
22,43,0.897844678,0.603334135,0.585650845
22,44,0.909702946,0.66150323,0.644973591
22,45,0.923174851,0.725380556,0.710201501
22,46,0.93850026,0.795515749,0.781921847
22,47,0.955957473,0.872508846,0.860780195
22,48,0.975869725,0.957014265,0.947486159
22,49,0.998612816,1.04974492,1.04281973
22,50,1.02462408,1.15147646,1.14763824
22,51,1.05441292,1.26305142,1.26288394
22,52,1.08857316,1.38538344,1.38959242
22,53,1.12779757,1.51946112,1.52890175
22,54,1.17289489,1.6663515,1.68206255
22,55,1.22480975,1.8272029,1.85044906
22,56,1.28464603,2.00324674,2.03557123
22,57,1.35369411,2.19579794,2.23908798
22,58,1.43346264,2.40625341,2.46282174
22,59,1.52571549,2.63608777,2.70877439
22,60,1.63251448,2.88684567,2.97914468
22,61,1.75626872,3.16012932,3.27634731
22,62,1.8997911,3.4575801,3.60303378
22,63,2.06636265,3.78085236,3.96211523
22,64,2.25980513,4.13157753,4.35678733
22,65,2.48456197,4.51131594,4.79055747
22,66,2.74578733,4.92149365,5.26727446
22,67,3.04944214,5.36332109,5.79116085
22,68,3.40239515,5.83769005,6.3668481
22,69,3.81252574,6.34504561,6.99941493
22,70,4.28882328,6.88522995,7.69442885
22,71,4.84147609,7.45729597,8.45799132
22,72,5.4819404,8.05929037,9.29678653
22,73,6.22297749,8.68800897,10.2181343
22,74,7.07864516,9.33873115,11.230047
22,75,8.06422869,10.0049465,12.3412908
22,76,9.19609768,10.6780934,13.5614517
22,77,10.4914792,11.3473372,14.9010057
22,78,11.968146,11.9994223,16.3713944
22,79,13.644031,12.6186353,17.9851039
22,80,15.5367961,13.1869163,19.7557501
23,0,0.787680476,0.0271005941,0
23,1,0.787791674,0.0280943919,0.000999999431
23,2,0.787914543,0.0291871306,0.00209962425
23,3,0.788050234,0.0303886685,0.00330879953
23,4,0.788200069,0.0317098393,0.0046384391
23,5,0.788365524,0.0331625531,0.00610054402
23,6,0.788548247,0.0347599042,0.00770831091
23,7,0.788750067,0.0365162889,0.00947625099
23,8,0.78897302,0.0384475349,0.0114203211
23,9,0.789219369,0.0405710435,0.0135580677
23,10,0.789491634,0.042905946,0.015908785
23,11,0.789792619,0.0454732749,0.0184936893
23,12,0.790125447,0.0482961534,0.0213361106
23,13,0.790493603,0.0514000016,0.0244617024
23,14,0.790900971,0.0548127651,0.0278986739
23,15,0.79135189,0.0585651648,0.0316780443
23,16,0.79185121,0.0626909716,0.0358339223
23,17,0.792404353,0.0672273083,0.0404038142
23,18,0.79301739,0.0722149815,0.0454289622
23,19,0.793697127,0.0776988453,0.0509547162
23,20,0.794451193,0.0837282009,0.057030943
23,21,0.795288161,0.090357236,0.063712476
23,22,0.796217663,0.0976455061,0.0710596098
23,23,0.797250541,0.105658463,0.0791386438
23,24,0.798399009,0.114468037,0.08802248
23,25,0.799676844,0.124153269,0.0977912801
23,26,0.801099605,0.134801012,0.108533189
23,27,0.802684883,0.146506697,0.120345127
23,28,0.804452594,0.159375168,0.133333667
23,29,0.806425312,0.173521604,0.147615992
23,30,0.808628658,0.189072524,0.163320949
23,31,0.81109175,0.206166891,0.180590217
23,32,0.813847722,0.224957314,0.199579574
23,33,0.816934331,0.245611367,0.220460304
23,34,0.820394652,0.268313031,0.243420741
23,35,0.824277904,0.293264265,0.268667958
23,36,0.828640391,0.320686721,0.296429635
23,37,0.83354661,0.350823612,0.326956105
23,38,0.839070547,0.383941745,0.360522602
23,39,0.845297176,0.420333734,0.397431738
23,40,0.852324223,0.460320394,0.43801622
23,41,0.860264222,0.504253338,0.482641836
23,42,0.86924692,0.552517783,0.531710736
23,43,0.879422101,0.605535567,0.585665044
23,44,0.890962881,0.663768399,0.644990813
23,45,0.904069584,0.727721327,0.710222385
23,46,0.918974282,0.797946431,0.781947165
23,47,0.93594612,0.875046741,0.860810879
23,48,0.95529757,0.959680344,0.94752334
23,49,0.977391777,1.05256467,1.04286478
23,50,1.00265117,1.15448091,1.1476928
23,51,1.0315676,1.26627848,1.26295002
23,52,1.0647142,1.38887951,1.38967244
23,53,1.10275936,1.5232831,1.52899863
23,54,1.14648304,1.6705694,1.68217984
23,55,1.19679596,1.831903,1.85059104
23,56,1.25476203,2.0085356,2.03574308
23,57,1.32162456,2.20180749,2.23929595
23,58,1.39883678,2.41314725,2.46307342
23,59,1.48809746,2.64406922,2.70907894
23,60,1.59139212,2.89616776,2.97951319
23,61,1.71104063,3.17110751,3.27679317
23,62,1.84975195,3.47060811,3.60357321
23,63,2.0106866,3.79642213,3.96276782
23,64,2.19752744,4.15030408,4.35757679
23,65,2.4145591,4.53396843,4.79151246
23,66,2.66675592,4.94903381,5.26842966
23,67,2.95987784,5.39695056,5.79255816
23,68,3.3005727,5.87890817,6.36853823
23,69,3.69648242,6.39571912,7.00145918
23,70,4.15634881,6.94767602,7.69690136
23,71,4.69011318,7.53437911,8.46098173
23,72,5.30900138,8.15453302,9.30040325
23,73,6.02558376,8.80571365,10.2225084
23,74,6.85379731,9.48410982,11.235337
23,75,7.80891551,10.1842491,12.3476884
23,76,8.90745162,10.8987241,13.5691886
23,77,10.1669833,11.6179412,14.9103624
23,78,11.6058924,12.329924,16.3827096
23,79,13.2430239,13.0202055,17.9987876
23,80,15.0972815,13.671846,19.7722978
24,0,0.771189461,0.028921459,0
24,1,0.771298342,0.0299155133,0.000999999471
24,2,0.771418642,0.031008538,0.00209962443
24,3,0.771551487,0.0322103942,0.00330879997
24,4,0.771698168,0.0335319191,0.00463843997
24,5,0.771860132,0.0349850269,0.00610054553
24,6,0.772038987,0.0365828166,0.00770831332
24,7,0.772236522,0.0383396895,0.00947625464
24,8,0.772454725,0.0402714794,0.0114203264
24,9,0.772695808,0.0423955942,0.0135580751
24,10,0.772962233,0.0447311726,0.0159087952
24,11,0.773256738,0.0472992561,0.0184937032
24,12,0.773582374,0.0501229772,0.021336129
24,13,0.773942541,0.0532277673,0.0244617267
24,14,0.774341033,0.0566415847,0.0278987055
24,15,0.774782084,0.0603951644,0.031678085
24,16,0.775270425,0.0645222941,0.0358339744
24,17,0.775811347,0.0690601153,0.0404038805
24,18,0.776410771,0.0740494563,0.0454290459
24,19,0.777075333,0.0795351958,0.0509548216
24,20,0.777812471,0.085566664,0.057031075
24,21,0.778630539,0.0921980815,0.0637126408
24,22,0.779538923,0.099489042,0.0710598148
24,23,0.780548184,0.107505042,0.079138898
24,24,0.781670215,0.116318062,0.0880227944
24,25,0.782918429,0.126007203,0.0977916683
24,26,0.784307969,0.136659389,0.108533667
24,27,0.785855948,0.148370131,0.120345715
24,28,0.787581737,0.161244369,0.133334389
24,29,0.789507285,0.175397394,0.147616876
24,30,0.791657495,0.190955856,0.163322032
24,31,0.794060658,0.208058873,0.180591541
24,32,0.796748959,0.226859236,0.199581191
24,33,0.799759056,0.247524739,0.220462277
24,34,0.803132759,0.270239618,0.243423146
24,35,0.806917821,0.295206139,0.268670888
24,36,0.81116885,0.322646317,0.296433203
24,37,0.815948377,0.352803802,0.326960445
24,38,0.821328104,0.385945923,0.360527879
24,39,0.827390349,0.422365921,0.397438152
24,40,0.834229747,0.462385363,0.43802401
24,41,0.841955228,0.506356772,0.482651294
24,42,0.850692337,0.554666462,0.531722217
24,43,0.860585941,0.607737604,0.585678973
24,44,0.871803411,0.66603352,0.645007709
24,45,0.88453834,0.730061223,0.710242872
24,46,0.899014911,0.800375194,0.781972001
24,47,0.915493011,0.877581391,0.860840981
24,48,0.93427424,0.962341492,0.947559815
24,49,0.955708961,1.05537734,1.04290897
24,50,0.980204575,1.15747554,1.14774633
24,51,1.00823523,1.26949222,1.26301485
24,52,1.04035323,1.39235775,1.38975094
24,53,1.07720241,1.52708151,1.52909367
24,54,1.11953382,1.6747563,1.6822949
24,55,1.16822409,1.83656252,1.85073032
24,56,1.224297,2.01377153,2.03591165
24,57,1.2889486,2.20774812,2.23949998
24,58,1.36357657,2.41995147,2.46332032
24,59,1.44981439,2.65193419,2.70937771
24,60,1.54957108,2.90533854,2.97987469
24,61,1.66507703,3.18188913,3.27723056
24,62,1.79893691,3.48338077,3.60410238
24,63,1.9541902,3.8116602,3.96340801
24,64,2.13438003,4.16859984,4.35835125
24,65,2.34363084,4.55606168,4.79244932
24,66,2.58673492,4.97584858,5.26956291
24,67,2.86924766,5.42964033,5.79392894
24,68,3.19759036,5.9189112,6.37019626
24,69,3.57915883,6.44482549,7.00346461
24,70,4.02243429,7.0081078,7.69932691
24,71,4.53709181,7.60888467,8.46391534
24,72,5.13409917,8.2464958,9.30395127
24,73,5.82579694,8.91927408,10.2267994
24,74,6.62594824,9.62429721,11.2405265
24,75,7.54974454,10.3571173,12.3539645
24,76,8.61375307,11.1114805,13.5767787
24,77,9.83579233,11.879056,14.9195413
24,78,11.2347258,12.6491992,16.3938099
24,79,12.8301712,13.4087837,18.0122113
24,80,14.6421356,14.1421356,19.7885311
25,0,0.754367164,0.0307390996,0
25,1,0.754473677,0.0317334104,0.000999999511
25,2,0.754591352,0.032826721,0.0020996246
25,3,0.754721289,0.0340288954,0.00330880041
25,4,0.754864749,0.0353507742,0.00463844082
25,5,0.755023146,0.0368042758,0.006100547
25,6,0.755198049,0.0384025036,0.00770831567
25,7,0.755391205,0.0401598644,0.00947625819
25,8,0.755604555,0.0420921977,0.0114203316
25,9,0.755840259,0.044216918,0.0135580824
25,10,0.756100717,0.0465531718,0.0159088052
25,11,0.756388602,0.0491220088,0.0184937167
25,12,0.756706889,0.0519465714,0.0213361471
25,13,0.757058895,0.0550523021,0.0244617503
25,14,0.757448319,0.0584671716,0.0278987363
25,15,0.757879288,0.0622219294,0.0316781247
25,16,0.758356414,0.0663503794,0.0358340252
25,17,0.758884852,0.0708896821,0.0404039451
25,18,0.759470371,0.0758806871,0.0454291276
25,19,0.760119431,0.0813682981,0.0509549243
25,20,0.760839278,0.0874018735,0.0570312038
25,21,0.761638042,0.0940356667,0.0637128015
25,22,0.762524856,0.10132931,0.0710600147
25,23,0.763509996,0.109348342,0.079139146
25,24,0.764605028,0.118164797,0.0880231012
25,25,0.765822992,0.127857833,0.0977920469
25,26,0.767178606,0.138514445,0.108534133
25,27,0.7686885,0.150230223,0.120346288
25,28,0.770371486,0.163110201,0.133335093
25,29,0.772248877,0.177269783,0.147617739
25,30,0.774344843,0.192835748,0.163323088
25,31,0.776686836,0.209947368,0.180592832
25,32,0.77930607,0.228757614,0.199582768
25,33,0.782238086,0.249434495,0.220464202
25,34,0.785523409,0.272162501,0.243425493
25,35,0.789208298,0.2971442,0.268673747
25,36,0.793345637,0.324601968,0.296436682
25,37,0.797995959,0.354779883,0.326964678
25,38,0.803228643,0.387945789,0.360533027
25,39,0.809123312,0.424393543,0.397444407
25,40,0.815771464,0.464445455,0.438031609
25,41,0.823278372,0.50845494,0.482660521
25,42,0.831765316,0.55680939,0.531733415
25,43,0.841372187,0.609933283,0.585692561
25,44,0.852260533,0.668291524,0.64502419
25,45,0.864617137,0.732393052,0.710262856
25,46,0.8786582,0.802794692,0.781996227
25,47,0.894634254,0.880105269,0.860870343
25,48,0.912835917,0.964989968,0.947595394
25,49,0.933600655,1.05817493,1.04295207
25,50,0.957320707,1.16045205,1.14779854
25,51,0.984452393,1.27268396,1.26307808
25,52,1.01552703,1.39580907,1.38982751
25,53,1.05116376,1.53084668,1.52918638
25,54,1.09208455,1.67890193,1.68240713
25,55,1.1391318,1.84117048,1.85086618
25,56,1.19328899,2.01894268,2.03607609
25,57,1.25570473,2.21360698,2.23969899
25,58,1.32772098,2.42665207,2.46356116
25,59,1.41090578,2.65966738,2.70966914
25,60,1.5070914,2.9143412,2.98022732
25,61,1.6184185,3.19245573,3.27765721
25,62,1.74738712,3.49587782,3.60461856
25,63,1.89691514,3.82654437,3.96403248
25,64,2.07040513,4.18644062,4.35910668
25,65,2.27181996,4.57756957,4.79336315
25,66,2.50576772,5.00191005,5.27066832
25,67,2.77759578,5.46136102,5.79526604
25,68,3.09349355,5.95766881,6.37181356
25,69,3.46060251,6.49233414,7.00542077
25,70,3.88713092,7.06649523,7.70169287
25,71,4.3824694,7.68078387,8.46677688
25,72,4.95730144,8.33515142,9.30741212
25,73,5.62370089,9.02866352,10.230985
25,74,6.39520631,9.75926395,11.2455886
25,75,7.28685946,10.5235118,12.3600864
25,76,8.31519419,11.3163007,13.5841822
25,77,9.49816116,12.1305747,14.9284947
25,78,10.8549762,12.9570622,16.4046375
25,79,12.405885,13.7840573,18.0253052
25,80,14.171846,14.5972815,19.8043656
26,0,0.737250196,0.0325472333,0
26,1,0.737354288,0.0335418006,0.000999999549
26,2,0.737469277,0.034635397,0.00209962477
26,3,0.737596239,0.0358378894,0.00330880083
26,4,0.737736405,0.037160122,0.00463844165
26,5,0.737891152,0.0386140172,0.00610054843
26,6,0.738062013,0.040212683,0.00770831795
26,7,0.738250691,0.0419705313,0.00947626164
26,8,0.738459078,0.0439034075,0.0114203366
26,9,0.73868928,0.0460287328,0.0135580895
26,10,0.738943635,0.0483656611,0.015908815
26,11,0.73922475,0.0509352507,0.0184937299
26,12,0.739535522,0.0537606537,0.0213361645
26,13,0.739879182,0.0568673235,0.0244617733
26,14,0.740259333,0.0602832433,0.0278987662
26,15,0.740679994,0.0640391769,0.0316781633
26,16,0.741145653,0.0681689446,0.0358340745
26,17,0.741661327,0.0727097254,0.0404040077
26,18,0.742232628,0.0777023903,0.0454292069
26,19,0.742865842,0.0831918677,0.050955024
26,20,0.743568013,0.0892275441,0.0570313286
26,21,0.744347044,0.0958637057,0.0637129573
26,22,0.745211813,0.103160022,0.0710602085
26,23,0.7461723,0.111182076,0.0791393864
26,24,0.74723974,0.120001951,0.0880233986
26,25,0.748426795,0.129698867,0.097792414
26,26,0.749747747,0.140359883,0.108534585
26,27,0.751218731,0.152080672,0.120346844
26,28,0.752857994,0.164966362,0.133335775
26,29,0.754686198,0.179132463,0.147618575
26,30,0.756726769,0.194705887,0.163324112
26,31,0.7590063,0.211826053,0.180594084
26,32,0.761555021,0.230646116,0.199584297
26,33,0.764407337,0.251334291,0.220466068
26,34,0.767602459,0.274075323,0.243427768
26,35,0.771185134,0.299072076,0.268676518
26,36,0.77520649,0.326547279,0.296440057
26,37,0.77972503,0.356745435,0.326968784
26,38,0.784807775,0.389934893,0.360538018
26,39,0.790531611,0.426410115,0.397450473
26,40,0.796984852,0.466494139,0.438038978
26,41,0.804269064,0.510541257,0.482669468
26,42,0.812501207,0.558939919,0.531744275
26,43,0.821816126,0.612115878,0.585705737
26,44,0.832369478,0.670535591,0.645040171
26,45,0.844341154,0.734709879,0.710282236
26,46,0.857939288,0.805197857,0.782019721
26,47,0.873404958,0.882611144,0.860898816
26,48,0.891017696,0.967618341,0.947629896
26,49,0.911101954,1.06094977,1.04299387
26,50,0.934034687,1.16340248,1.14784917
26,51,0.960254252,1.2758454,1.2631394
26,52,0.990270847,1.39922476,1.38990176
26,53,1.02467876,1.53456946,1.52927628
26,54,1.06417072,1.68299655,1.68251597
26,55,1.10955475,1.84571645,1.85099792
26,56,1.16177385,2.02403785,2.03623555
26,57,1.22192907,2.21937198,2.23989198
26,58,1.29130642,2.4332359,2.46379471
26,59,1.37140832,2.66725442,2.70995175
26,60,1.46399011,2.92316002,2.98056927
26,61,1.57110243,3.20279005,3.27807094
26,62,1.69514031,3.50808034,3.60511912
26,63,1.83889949,3.84105399,3.96463805
26,64,2.00564113,4.20380398,4.35983926
26,65,2.19916521,4.59846786,4.79424934
26,66,2.42389351,5.02719236,5.27174028
26,67,2.68496208,5.49208543,5.79656268
26,68,2.98832333,5.99515295,6.37338192
26,69,3.34085658,6.53821674,7.00731774
26,70,3.75048546,7.12281046,7.70398724
26,71,4.22629894,7.75004988,8.46955184
26,72,4.77867137,8.4204743,9.31076826
26,73,5.41937486,9.13385671,10.235044
26,74,6.16167502,9.88898207,11.2504974
26,75,7.02039896,10.6833954,12.366023
26,76,8.01196227,11.5131256,13.5913618
26,77,9.15434073,12.3723953,14.9371772
26,78,10.4669728,13.2533353,16.4151375
26,79,11.9705822,14.1457256,18.038003
26,80,13.6869163,15.0367961,19.8197209
27,0,0.719874983,0.0343397353,0
27,1,0.719976593,0.0353345592,0.000999999586
27,2,0.720088831,0.0364284416,0.00209962493
27,3,0.720212745,0.0376312521,0.00330880123
27,4,0.720349536,0.0389538385,0.00463844244
27,5,0.720500545,0.0404081272,0.00610054981
27,6,0.720667265,0.0420072309,0.00770832015
27,7,0.720851356,0.0437655665,0.00947626496
27,8,0.72105466,0.0456989853,0.0114203414
27,9,0.721279226,0.0478249152,0.0135580963
27,10,0.721527332,0.0501625174,0.0159088243
27,11,0.721801513,0.0527328589,0.0184937425
27,12,0.72210459,0.0555591012,0.0213361814
27,13,0.722439705,0.0586667087,0.0244617955
27,14,0.722810362,0.0620836772,0.027898795
27,15,0.723220469,0.0658407845,0.0316782004
27,16,0.723674389,0.0699718671,0.035834122
27,17,0.724176997,0.0745141226,0.0404040682
27,18,0.724733747,0.0795084433,0.0454292832
27,19,0.725350744,0.0849997818,0.0509551201
27,20,0.726034826,0.0910375528,0.057031449
27,21,0.726793666,0.0976760747,0.0637131075
27,22,0.72763588,0.104975054,0.0710603954
27,23,0.728571148,0.113000118,0.0791396182
27,24,0.729610366,0.121823399,0.0880236853
27,25,0.730765808,0.131524175,0.0977927679
27,26,0.732051315,0.142189574,0.108535021
27,27,0.733482518,0.153915347,0.12034738
27,28,0.735077084,0.166806714,0.133336433
27,29,0.736855015,0.180979295,0.147619382
27,30,0.738838977,0.196560126,0.1633251
27,31,0.741054692,0.213688778,0.180595291
27,32,0.743531384,0.232518581,0.199585771
27,33,0.746302303,0.253217959,0.220467867
27,34,0.749405327,0.275971903,0.243429961
27,35,0.75288366,0.30098357,0.26867919
27,36,0.75678665,0.328476038,0.296443309
27,37,0.761170736,0.358694223,0.32697274
27,38,0.766100547,0.391906972,0.360542829
27,39,0.771650189,0.428409342,0.39745632
27,40,0.777904748,0.468525082,0.43804608
27,41,0.784962031,0.512609342,0.482678092
27,42,0.79293462,0.561051606,0.531754742
27,43,0.801952254,0.614278878,0.585718437
27,44,0.812164626,0.672759125,0.645055576
27,45,0.823744657,0.737005004,0.710300915
27,46,0.836892329,0.807577862,0.782042365
27,47,0.85183917,0.885092037,0.860926261
27,48,0.868853522,0.970219452,0.947663152
27,49,0.888246712,1.0636945,1.04303416
27,50,0.910380289,1.16631919,1.14789797
27,51,0.935674517,1.2789686,1.2631985
27,52,0.964618334,1.40259649,1.38997333
27,53,0.997781036,1.53824107,1.52936293
27,54,1.03582597,1.68703086,1.68262087
27,55,1.07952661,1.85019053,1.85112491
27,56,1.12978532,2.0290464,2.03638925
27,57,1.18765539,2.22503161,2.24007799
27,58,1.25436677,2.43969047,2.46401981
27,59,1.33135602,2.67468173,2.71022414
27,60,1.42030134,2.93178015,2.98089887
27,61,1.52316308,3.21287587,3.27846972
27,62,1.64223086,3.51997058,3.60560158
27,63,1.78017778,3.85516967,3.96522173
27,64,1.9401227,4.22066884,4.36054536
27,65,2.12570147,4.61873385,4.7951035
27,66,2.34114747,5.05167129,5.2727735
27,67,2.59138232,5.5217881,5.79781245
27,68,2.88211654,6.03133731,6.3748936
27,69,3.21995993,6.58244671,7.00914615
27,70,3.61254041,7.17702725,7.70619869
27,71,4.06862907,7.81665738,8.4722265
27,72,4.59826771,8.50244008,9.3140031
27,73,5.21289349,9.23482939,10.2389563
27,74,5.92545311,10.0134245,11.2552289
27,75,6.75049677,10.836732,12.3717451
27,76,7.70423978,11.701898,13.5982818
27,77,8.8045781,12.60442,14.9455459
27,78,10.0710434,13.5378484,16.4252579
27,79,11.5246844,14.4935002,18.0502418
27,80,13.1878657,15.4602091,19.8345213
28,0,0.702277631,0.0361106383,0
28,1,0.702376694,0.0371057192,0.000999999622
28,2,0.702486108,0.0381998877,0.00209962509
28,3,0.702606894,0.0394030165,0.00330880162
28,4,0.702740221,0.0407259569,0.00463844321
28,5,0.702887395,0.0421806394,0.00610055113
28,6,0.703049867,0.043780181,0.00770832226
28,7,0.703229251,0.045539004,0.00947626815
28,8,0.703427339,0.0474729653,0.011420346
28,9,0.703646124,0.0495994996,0.0135581028
28,10,0.70388782,0.0519377755,0.0159088333
28,11,0.704154889,0.0545088682,0.0184937547
28,12,0.704450074,0.0573359491,0.0213361975
28,13,0.704776426,0.0604444933,0.0244618167
28,14,0.705137348,0.0638625089,0.0278988226
28,15,0.705536634,0.067620788,0.0316782359
28,16,0.705978519,0.071753183,0.0358341675
28,17,0.706467735,0.07629691,0.040404126
28,18,0.707009571,0.0812928823,0.0454293564
28,19,0.707609947,0.0867860767,0.0509552121
28,20,0.708275495,0.0928259357,0.0570315642
28,21,0.70901365,0.0994668097,0.0637132514
28,22,0.709832758,0.106768442,0.0710605743
28,23,0.710742198,0.114796504,0.0791398401
28,24,0.711752516,0.123623175,0.0880239599
28,25,0.712875592,0.133327792,0.0977931068
28,26,0.714124817,0.14399755,0.108535439
28,27,0.715515304,0.155728277,0.120347894
28,28,0.717064136,0.168625285,0.133337063
28,29,0.718790637,0.182804301,0.147620154
28,30,0.720716701,0.198392485,0.163326045
28,31,0.722867161,0.215529556,0.180596447
28,32,0.72527022,0.234369017,0.199587183
28,33,0.727957952,0.255079497,0.220469589
28,34,0.730966876,0.277846229,0.243432061
28,35,0.734338633,0.302872656,0.268681749
28,36,0.738120759,0.330382201,0.296446424
28,37,0.742367596,0.360620185,0.32697653
28,38,0.747141346,0.393855941,0.360547437
28,39,0.752513296,0.430385106,0.39746192
28,40,0.758565255,0.470532129,0.438052883
28,41,0.765391225,0.514652996,0.482686351
28,42,0.77309935,0.5631382,0.531764766
28,43,0.781814199,0.616415963,0.5857306
28,44,0.791679435,0.674955726,0.645070328
28,45,0.802860931,0.739271931,0.710318804
28,46,0.815550428,0.809928093,0.782064051
28,47,0.829969816,0.887541193,0.860952545
28,48,0.846376143,0.972786374,0.947695001
28,49,0.8650675,1.06640196,1.04307275
28,50,0.886389913,1.1691948,1.14794471
28,51,0.910745423,1.28204589,1.26325511
28,52,0.938601575,1.40591624,1.39004187
28,53,0.970502529,1.54185306,1.52944592
28,54,1.0070821,1.69099593,1.68272134
28,55,1.04907905,1.8545832,1.85124652
28,56,1.09735496,2.03395813,2.03653645
28,57,1.1529152,2.23057489,2.24025614
28,58,1.21693345,2.44600389,2.4642354
28,59,1.29078025,2.68193635,2.71048502
28,60,1.37605639,2.94018746,2.98121452
28,61,1.4746317,3.22269773,3.27885164
28,62,1.58868999,3.53153167,3.60606365
28,63,1.72078115,3.86887301,3.96578073
28,64,1.87388098,4.23701524,4.3612216
28,65,2.05145987,4.63834603,4.79592153
28,66,2.25756093,5.0753239,5.27376303
28,67,2.49688829,5.55044491,5.79900938
28,68,2.77490597,6.06619694,6.37634135
28,69,3.0979473,6.62499878,7.01089724
28,70,3.47333408,7.22912052,7.70831662
28,71,3.90950424,7.88058195,8.47478806
28,72,4.41614493,8.58102511,9.31710114
28,73,5.00432703,9.33155776,10.2427031
28,74,5.68663473,10.1325647,11.2597603
28,75,6.47728191,10.9834862,12.3772253
28,76,7.39220456,11.882563,13.6049092
28,77,8.4491166,12.8265549,14.9535607
28,78,9.66751468,13.810439,16.4349504
28,79,11.0686177,14.8271047,18.0619631
28,80,12.6752286,15.8670668,19.8486959
29,0,0.68449381,0.0378541316,0
29,1,0.684590252,0.0388494698,0.000999999655
29,2,0.684696762,0.039943925,0.00209962524
29,3,0.684814332,0.0411473725,0.00330880199
29,4,0.684944098,0.0424706674,0.00463844393
29,5,0.685087327,0.0439257439,0.00610055238
29,6,0.685245432,0.0455257238,0.00770832426
29,7,0.685419978,0.0472850344,0.00947627117
29,8,0.685612706,0.0492195385,0.0114203504
29,9,0.685825549,0.0513466773,0.013558109
29,10,0.686060657,0.0536856267,0.0159088418
29,11,0.68632042,0.0562574705,0.0184937662
29,12,0.686607496,0.0590853894,0.0213362129
29,13,0.686924846,0.0621948695,0.0244618368
29,14,0.687275769,0.0656139311,0.0278988488
29,15,0.687663942,0.0693733802,0.0316782698
29,16,0.68809347,0.0735070853,0.0358342108
29,17,0.688568936,0.0780522807,0.040404181
29,18,0.689095462,0.0830499006,0.0454294259
29,19,0.68967878,0.0885449457,0.0509552996
29,20,0.690325309,0.0945868862,0.0570316739
29,21,0.691042241,0.101230104,0.0637133882
29,22,0.69183765,0.108534379,0.0710607446
29,23,0.6927206,0.116565425,0.0791400512
29,24,0.693701286,0.12539547,0.0880242211
29,25,0.694791182,0.135103907,0.0977934292
29,26,0.696003221,0.145777999,0.108535836
29,27,0.697351992,0.157513649,0.120348382
29,28,0.698853974,0.17041626,0.133337663
29,29,0.700527806,0.184601662,0.147620889
29,30,0.702394593,0.200197141,0.163326944
29,31,0.704478264,0.217342559,0.180597547
29,32,0.706805982,0.236191588,0.199588526
29,33,0.709408622,0.256913061,0.220471228
29,34,0.712321327,0.279692446,0.243434059
29,35,0.715584142,0.30473347,0.268684183
29,36,0.719242767,0.332259887,0.296449387
29,37,0.723349413,0.36251742,0.326980135
29,38,0.727963816,0.395775874,0.36055182
29,39,0.733154406,0.432331455,0.397467247
29,40,0.738999671,0.472509291,0.438059353
29,41,0.745589752,0.516666186,0.482694207
29,42,0.753028304,0.565193615,0.531774302
29,43,0.761434662,0.618520984,0.585742169
29,44,0.770946386,0.677119167,0.645084361
29,45,0.781722228,0.741504337,0.71033582
29,46,0.793945605,0.812242116,0.78208468
29,47,0.807828672,0.88995204,0.860977546
29,48,0.823617087,0.975312371,0.947725296
29,49,0.841595595,1.06906524,1.04310945
29,50,0.862094579,1.17202215,1.14798917
29,51,0.885497736,1.2850698,1.26330895
29,52,0.91225108,1.40917623,1.39010707
29,53,0.942873496,1.54539725,1.52952486
29,54,0.977969121,1.69488309,1.68281691
29,55,1.01824185,1.85888523,1.8513622
29,56,1.06451231,2.03876317,2.03667646
29,57,1.1177378,2.23599118,2.2404256
29,58,1.17903554,2.45216465,2.46444047
29,59,1.24970985,2.68900579,2.71073317
29,60,1.33128392,2.94836834,2.98151478
29,61,1.42553671,3.23224077,3.27921493
29,62,1.53454589,3.54274736,3.60650317
29,63,1.66073759,3.88214634,3.96631246
29,64,1.80694376,4.25282401,4.36186485
29,65,1.97646811,4.65728375,4.79669965
29,66,2.17316161,5.09812817,5.27470427
29,67,2.40150806,5.57803263,5.80014791
29,68,2.66672066,6.09970777,6.37771847
29,69,2.97484963,6.66584843,7.01256289
29,70,3.33290094,7.27906584,7.7103312
29,71,3.74896496,7.9417996,8.47722463
29,72,4.23235349,8.65620588,9.32004802
29,73,4.7937416,9.42401797,10.2462671
29,74,5.44530973,10.2463759,11.2640705
29,75,6.20087892,11.1236227,12.382438
29,76,7.07603012,12.0550664,13.6112133
29,77,8.08819602,13.0387093,14.9611845
29,78,9.25671212,14.0709508,16.44417
29,79,10.6028122,15.1462741,18.0731124
29,80,12.1495539,16.2569337,19.8621788
30,0,0.66655863,0.0395645617,0
30,1,0.666652373,0.0405601578,0.000999999687
30,2,0.66675589,0.0416549002,0.00209962538
30,3,0.666870145,0.0428586672,0.00330880234
30,4,0.666996241,0.0441823171,0.00463844462
30,5,0.667135408,0.0456377882,0.00610055357
30,6,0.667289014,0.047238207,0.00770832615
30,7,0.667458576,0.0489980057,0.00947627403
30,8,0.667645784,0.050933053,0.0114203546
30,9,0.66785251,0.0530607965,0.0135581148
30,10,0.668080835,0.0554004196,0.0159088499
30,11,0.668333076,0.0579730144,0.0184937771
30,12,0.668611807,0.0608017711,0.0213362273
30,13,0.668919893,0.0639121864,0.0244618559
30,14,0.669260527,0.0673322929,0.0278988736
30,15,0.669637268,0.0710929106,0.0316783017
30,16,0.670054085,0.0752279236,0.0358342517
30,17,0.67051541,0.0797745845,0.040404233
30,18,0.671026195,0.084773848,0.0454294916
30,19,0.671591978,0.0902707387,0.0509553823
30,20,0.672218959,0.0963147539,0.0570317774
30,21,0.672914084,0.102960307,0.0637135174
30,22,0.673685145,0.110267214,0.0710609053
30,23,0.674540889,0.118301229,0.0791402506
30,24,0.675491148,0.127134631,0.0880244677
30,25,0.676546986,0.136846868,0.0977937336
30,26,0.677720864,0.147525266,0.108536211
30,27,0.679026835,0.159265806,0.120348843
30,28,0.680480768,0.172173978,0.133338228
30,29,0.682100598,0.186365716,0.147621582
30,30,0.68390663,0.201968426,0.163327793
30,31,0.685921868,0.219122112,0.180598585
30,32,0.688172417,0.237980615,0.199589794
30,33,0.690687937,0.258712962,0.220472775
30,34,0.693502163,0.281504855,0.243435945
30,35,0.696653525,0.306560296,0.268686481
30,36,0.700185851,0.334103367,0.296452184
30,37,0.704149192,0.364380177,0.326983538
30,38,0.708600782,0.397660997,0.360555959
30,39,0.713606149,0.434242584,0.397472276
30,40,0.719240416,0.474450729,0.438065462
30,41,0.725589814,0.51864303,0.482701625
30,42,0.732753448,0.567211915,0.531783305
30,43,0.74084536,0.620587942,0.585753093
30,44,0.749996938,0.67924337,0.645097612
30,45,0.760359734,0.743696053,0.710351887
30,46,0.772108759,0.814513646,0.782104158
30,47,0.785446342,0.892318159,0.861001153
30,48,0.800606649,0.97779086,0.947753901
30,49,0.817860972,1.07167755,1.0431441
30,50,0.837523937,1.17479422,1.14803115
30,51,0.85996077,1.28803305,1.26335979
30,52,0.885595823,1.41236882,1.39016863
30,53,0.914922568,1.54886562,1.5295994
30,54,0.948515311,1.69868387,1.68290714
30,55,0.987042929,1.8630876,1.85147143
30,56,1.03128495,2.04345185,2.03680867
30,57,1.08215042,2.2412701,2.2405856
30,58,1.14069992,2.45816153,2.4646341
30,59,1.20817135,2.69587785,2.71096747
30,60,1.28601006,2.95630949,2.98179829
30,61,1.37590387,3.24149049,3.27955795
30,62,1.47982396,3.55360187,3.60691817
30,63,1.60007215,3.89497245,3.96681453
30,64,1.73933575,4.26807649,4.36247222
30,65,1.90075068,4.67552688,4.79743438
30,66,2.08797395,5.12006259,5.27559303
30,67,2.30526636,5.60452858,5.80122294
30,68,2.55758616,6.13184619,6.37901878
30,69,2.85069436,6.70497152,7.01413564
30,70,3.19127189,7.32683892,7.71223344
30,71,3.58704819,8.00028628,8.47952531
30,72,4.04694021,8.72795854,9.32283056
30,73,4.58119954,9.51218558,10.2496323
30,74,5.20156404,10.3548307,11.2681404
30,75,5.92140836,11.2571063,12.38736
30,76,6.75588604,12.219355,13.6171658
30,77,7.72205298,13.2407952,14.968383
30,78,8.83896029,14.3192341,16.4528754
30,79,10.1277023,15.4507552,18.08364
30,80,11.6114047,16.6293922,19.8749097
31,0,0.648506539,0.0412364349,0
31,1,0.648597493,0.0422322897,0.000999999717
31,2,0.648697919,0.0433273201,0.00209962551
31,3,0.648808752,0.0445314072,0.00330880266
31,4,0.64893106,0.0458554128,0.00463844526
31,5,0.649066032,0.0473112793,0.00610055468
31,6,0.649214994,0.0489121375,0.00770832792
31,7,0.649379415,0.050672425,0.00947627671
31,8,0.649560926,0.052608016,0.0114203585
31,9,0.649761339,0.0547363646,0.0135581203
31,10,0.649982669,0.0570766617,0.0159088574
31,11,0.650227152,0.0596500076,0.0184937873
31,12,0.650497277,0.0624796018,0.0213362409
31,13,0.650795812,0.0655909519,0.0244618737
31,14,0.65112584,0.0690121024,0.0278988968
31,15,0.651490799,0.072773887,0.0316783316
31,16,0.651894519,0.0769102058,0.03583429
31,17,0.652341277,0.081458329,0.0404042817
31,18,0.652835849,0.086459232,0.0454295532
31,19,0.653383576,0.0919579627,0.0509554597
31,20,0.653990434,0.0980040453,0.0570318744
31,21,0.654663115,0.104651924,0.0637136384
31,22,0.655409125,0.111961451,0.0710610558
31,23,0.656236886,0.119998422,0.0791404373
31,24,0.657155858,0.128835161,0.0880246987
31,25,0.658176684,0.138551174,0.0977940187
31,26,0.659311346,0.149233849,0.108536562
31,27,0.66057335,0.160979243,0.120349275
31,28,0.661977939,0.173892931,0.133338758
31,29,0.663542334,0.188090949,0.147622232
31,30,0.665286019,0.203700822,0.163328589
31,31,0.667231062,0.220862692,0.180599557
31,32,0.669402488,0.239730564,0.199590982
31,33,0.671828715,0.260473658,0.220474225
31,34,0.674542053,0.283277902,0.243437712
31,35,0.677579286,0.308347567,0.268688633
31,36,0.680982341,0.335907054,0.296454805
31,37,0.684799075,0.36620285,0.326986726
31,38,0.689084182,0.399505677,0.360559835
31,39,0.693900247,0.436112829,0.397476987
31,40,0.699318981,0.47635074,0.438071185
31,41,0.705422653,0.520577778,0.482708573
31,42,0.712305763,0.569187296,0.531791738
31,43,0.720076995,0.622610964,0.585763325
31,44,0.728861496,0.681322384,0.645110023
31,45,0.738803542,0.74584103,0.710366937
31,46,0.750069654,0.816736522,0.782122401
31,47,0.762852245,0.894633248,0.861023264
31,48,0.777373889,0.980215375,0.947780694
31,49,0.79389232,1.07423223,1.04317656
31,50,0.812706288,1.17750411,1.14807046
31,51,0.834162425,1.29092846,1.26340741
31,52,0.858663292,1.41548652,1.39022629
31,53,0.886676807,1.55225028,1.52966922
31,54,0.918747303,1.70238991,1.68299166
31,55,0.955508487,1.86718143,1.85157374
31,56,0.997698626,2.04801468,2.0369325
31,57,1.04617833,2.24640141,2.24073547
31,58,1.10195138,2.46398344,2.46481546
31,59,1.16618906,2.70254052,2.71118694
31,60,1.24025865,2.96399783,2.98206384
31,61,1.32575656,3.25043263,3.27987924
31,62,1.42454707,3.56407962,3.60730689
31,63,1.53880721,3.90733438,3.96728479
31,64,1.67107891,4.28275426,4.36304111
31,65,1.82432917,4.69305556,4.79812256
31,66,2.00201942,5.1411059,5.27642547
31,67,2.20818487,5.62991023,5.80222986
31,68,2.44752499,6.16258865,6.3802367
31,69,2.72550584,6.74234381,7.01560875
31,70,3.04847476,7.37241522,7.71401515
31,71,3.42378772,8.0560174,8.48168023
31,72,3.85994872,8.79625845,9.3254368
31,73,4.36675995,9.59603513,10.2527843
31,74,4.95548017,10.4579005,11.2719525
31,75,5.6389872,11.3839005,12.3919702
31,76,6.43193843,12.3753757,13.6227411
31,77,7.35092133,13.432727,14.9751255
31,78,8.414583,14.555145,16.4610293
31,79,9.64372622,15.740306,18.0935005
31,80,11.061357,16.9840436,19.8868341
32,0,0.630371215,0.0428644219,0
32,1,0.630459282,0.0438605362,0.000999999745
32,2,0.630556509,0.0449558553,0.00209962563
32,3,0.630663801,0.0461602632,0.00330880297
32,4,0.630782189,0.0474846253,0.00463844585
32,5,0.630912824,0.0489408879,0.00610055571
32,6,0.631056983,0.0505421863,0.00770832956
32,7,0.631216087,0.052302963,0.00947627919
32,8,0.631391709,0.0542390982,0.0114203621
32,9,0.631585598,0.0563680524,0.0135581254
32,10,0.631799697,0.0587090237,0.0159088644
32,11,0.632036164,0.0612831206,0.0184937967
32,12,0.632297398,0.064113552,0.0213362535
32,13,0.632586068,0.0672258361,0.0244618903
32,14,0.632905145,0.0706480293,0.0278989183
32,15,0.633257939,0.0744109792,0.0316783594
32,16,0.633648141,0.078548601,0.0358343255
32,17,0.634079866,0.083098183,0.0404043268
32,18,0.634557713,0.0881007206,0.0454296103
32,19,0.635086817,0.0936012851,0.0509555315
32,20,0.635672927,0.0996494271,0.0570319644
32,21,0.636322474,0.106299622,0.0637137508
32,22,0.63704267,0.113611755,0.0710611956
32,23,0.637841603,0.121651664,0.0791406106
32,24,0.638728357,0.130491721,0.0880249132
32,25,0.639713141,0.140211483,0.0977942834
32,26,0.640807448,0.150898403,0.108536888
32,27,0.642024225,0.16264861,0.120349676
32,28,0.643378076,0.175567765,0.133339251
32,29,0.644885493,0.189772002,0.147622835
32,30,0.646565125,0.205388963,0.163329327
32,31,0.648438081,0.222558925,0.18060046
32,32,0.650528288,0.241436053,0.199592084
32,33,0.652862902,0.262189753,0.22047557
32,34,0.655472781,0.285006177,0.243439352
32,35,0.658393033,0.310089857,0.268690631
32,36,0.661663657,0.337665502,0.296457237
32,37,0.665330278,0.367979968,0.326989686
32,38,0.669445013,0.401304414,0.360563433
32,39,0.674067462,0.437936655,0.39748136
32,40,0.679265876,0.478203748,0.438076496
32,41,0.685118511,0.522464805,0.482715023
32,42,0.691715204,0.571114073,0.531799567
32,43,0.699159217,0.624584296,0.585772823
32,44,0.707569386,0.683350368,0.645121543
32,45,0.717082636,0.747933327,0.710380906
32,46,0.727856913,0.818904679,0.782139336
32,47,0.740074624,0.896891102,0.86104379
32,48,0.75394665,0.982579539,0.947805565
32,49,0.769717059,1.0767227,1.0432067
32,50,0.787668614,1.180145,1.14810696
32,51,0.808129231,1.29374893,1.26345161
32,52,0.831479545,1.41852187,1.39027982
32,53,0.858161785,1.55554338,1.52973402
32,54,0.888690165,1.7059929,1.68307011
32,55,0.923663073,1.87115786,1.85166871
32,56,0.963777347,2.05244215,2.03704745
32,57,1.00984501,2.2513749,2.24087458
32,58,1.06281285,2.46961934,2.46498382
32,59,1.12378534,2.70898178,2.71139066
32,60,1.19405146,2.9714203,2.98231033
32,61,1.27511594,3.25905294,3.28017748
32,62,1.36873579,3.57416504,3.60766771
32,63,1.47696278,3.91921517,3.96772131
32,64,1.60219274,4.29683891,4.36356918
32,65,1.7472227,4.70984989,4.79876136
32,66,1.91531691,5.16123675,5.27719819
32,67,2.11028263,5.6541549,5.80316454
32,68,2.336557,6.19191134,6.38136725
32,69,2.59930574,6.77794063,7.01697618
32,70,2.90453469,7.4157695,7.71566904
32,71,3.25921471,8.10896742,8.48368055
32,72,3.67141997,8.86107972,9.32785605
32,73,4.15047913,9.67553966,10.2557102
32,74,4.70713779,10.5555554,11.275491
32,75,5.35372948,11.5039678,12.3962496
32,76,6.10435056,12.523075,13.6279165
32,77,6.97503264,13.6144209,14.9813843
32,78,7.98390365,14.7785451,16.4685982
32,79,9.15132625,16.0146957,18.1026536
32,80,10.5,17.3205081,19.897903
33,0,0.612185471,0.0444433649,0
33,1,0.612270545,0.0454397394,0.00099999977
33,2,0.612364456,0.0465353479,0.00209962574
33,3,0.612468077,0.0477400773,0.00330880324
33,4,0.612582403,0.0490647965,0.0046384464
33,5,0.612708542,0.0505214557,0.00610055665
33,6,0.612847726,0.0521231948,0.00770833108
33,7,0.613001321,0.0538844613,0.00947628148
33,8,0.613170843,0.0558211409,0.0114203654
33,9,0.613357977,0.0579507007,0.0135581301
33,10,0.61356459,0.060292346,0.0159088709
33,11,0.61379276,0.0628671936,0.0184938054
33,12,0.614044793,0.0656984615,0.0213362651
33,13,0.614323256,0.0688116783,0.0244619055
33,14,0.614631005,0.0722349125,0.0278989381
33,15,0.614971219,0.0759990249,0.0316783849
33,16,0.615347444,0.0801379464,0.0358343581
33,17,0.615763633,0.0846889826,0.0404043683
33,18,0.616224196,0.089693149,0.0454296628
33,19,0.616734064,0.0951955395,0.0509555975
33,20,0.617298747,0.101245731,0.0570320471
33,21,0.617924413,0.107898229,0.063713854
33,22,0.618617969,0.115212954,0.071061324
33,23,0.619387164,0.123255782,0.0791407699
33,24,0.620240692,0.132099132,0.0880251102
33,25,0.621188324,0.141822614,0.0977945266
33,26,0.622241049,0.152513742,0.108537188
33,27,0.623411243,0.164268717,0.120350044
33,28,0.624712857,0.177193284,0.133339703
33,29,0.62616164,0.191403672,0.147623389
33,30,0.627775387,0.207027636,0.163330005
33,31,0.62957423,0.224205588,0.180601289
33,32,0.631580979,0.243091845,0.199593097
33,33,0.633821503,0.263855999,0.220476806
33,34,0.63632518,0.286684415,0.243440859
33,35,0.639125416,0.311781879,0.268692467
33,36,0.642260248,0.339373401,0.296459472
33,37,0.645773037,0.369706194,0.326992405
33,38,0.64971328,0.403051838,0.360566739
33,39,0.654137551,0.439708654,0.397485378
33,40,0.659110594,0.480004297,0.438081377
33,41,0.664706596,0.5242986,0.482720949
33,42,0.671010673,0.572986669,0.531806759
33,43,0.678120604,0.626502282,0.58578155
33,44,0.686148842,0.685321577,0.645132128
33,45,0.695224883,0.749967088,0.710393742
33,46,0.705498016,0.821012133,0.782154897
33,47,0.717140547,0.899085581,0.861062649
33,48,0.730351569,0.984877032,0.947828417
33,49,0.745361377,1.07914243,1.04323438
33,50,0.76243663,1.18271011,1.1481405
33,51,0.781886404,1.29648737,1.26349222
33,52,0.804069284,1.42146745,1.390329
33,53,0.829401669,1.55873709,1.52979357
33,54,0.858367509,1.70948453,1.6831422
33,55,0.891529721,1.87500802,1.85175597
33,56,0.92954356,2.05672477,2.03715307
33,57,0.973172289,2.25618031,2.24100241
33,58,1.02330553,2.47505813,2.4651385
33,59,1.08098075,2.71518958,2.71157784
33,60,1.14740839,2.97856373,2.98253682
33,61,1.22400125,3.26733703,3.28045151
33,62,1.31240872,3.58384246,3.60799925
33,63,1.41455682,3.93059771,3.9681224
33,64,1.5326946,4.31031182,4.36405439
33,65,1.66944817,4.7258897,4.79934831
33,66,1.8278831,5.18043344,5.27790818
33,67,2.01157651,5.67723945,5.80402334
33,68,2.22469985,6.21978984,6.38240603
33,69,2.47211357,6.8117365,7.0182326
33,70,2.75947467,7.4568755,7.71718868
33,71,3.09335815,8.15910948,8.48551849
33,72,3.48139275,8.92239485,9.33007893
33,73,3.93241121,9.75067038,10.2583986
33,74,4.45661428,10.6477634,11.2787423
33,75,5.06574691,11.6172691,12.4001817
33,76,5.77328339,12.6623991,13.6326717
33,77,6.59461678,13.7857945,14.987135
33,78,7.5472456,14.9893012,16.4755526
33,79,8.65094847,16.2737046,18.1110638
33,80,9.92793474,17.6384253,19.9080733
34,0,0.593981175,0.0459682871,0
34,1,0.594063139,0.0469649222,0.000999999793
34,2,0.594153605,0.0480608206,0.00209962585
34,3,0.594253415,0.049265872,0.0033088035
34,4,0.594363523,0.0505909486,0.0046384469
34,5,0.594484996,0.0520480048,0.00610055751
34,6,0.594619015,0.0536501846,0.00770833245
34,7,0.594766894,0.0554119408,0.00947628355
34,8,0.594930089,0.0573491648,0.0114203684
34,9,0.595110215,0.0594793298,0.0135581343
34,10,0.595309066,0.0618216485,0.0159088767
34,11,0.595528632,0.0643972455,0.0184938133
34,12,0.595771129,0.0672293483,0.0213362756
34,13,0.596039014,0.0703434957,0.0244619193
34,14,0.596335027,0.073767768,0.0278989561
34,15,0.596662212,0.0775330393,0.0316784081
34,16,0.597023966,0.0816732556,0.0358343878
34,17,0.597424071,0.0862257398,0.040404406
34,18,0.59786675,0.0912315271,0.0454297104
34,19,0.598356717,0.096735734,0.0509556575
34,20,0.598899242,0.102787963,0.0570321222
34,21,0.599500219,0.109442749,0.0637139477
34,22,0.600166247,0.116760047,0.0710614406
34,23,0.600904723,0.124805771,0.0791409145
34,24,0.601723943,0.133652385,0.0880252891
34,25,0.602633227,0.143379552,0.0977947474
34,26,0.603643052,0.154074847,0.10853746
34,27,0.604765208,0.165834538,0.120350378
34,28,0.60601298,0.178764452,0.133340113
34,29,0.607401355,0.192980914,0.147623893
34,30,0.608947258,0.208611787,0.163330621
34,31,0.610669827,0.225797614,0.180602043
34,32,0.612590727,0.244692861,0.199594017
34,33,0.614734519,0.265467298,0.220477928
34,34,0.617129076,0.288307498,0.243442228
34,35,0.619806071,0.313418493,0.268694134
34,36,0.622801546,0.341025583,0.296461501
34,37,0.626156561,0.371376326,0.326994874
34,38,0.629917955,0.40474271,0.360569741
34,39,0.63413923,0.441423539,0.397489026
34,40,0.638881572,0.48174705,0.438085809
34,41,0.64421505,0.526073763,0.48272633
34,42,0.650219999,0.574799612,0.53181329
34,43,0.656988647,0.628359365,0.585789475
34,44,0.664626995,0.68723035,0.64514174
34,45,0.673257033,0.751936534,0.710405397
34,46,0.683019306,0.823052965,0.782169026
34,47,0.694075929,0.901210601,0.861079773
34,48,0.706614109,0.987101575,0.947849167
34,49,0.720850259,1.0814849,1.04325952
34,50,0.73703482,1.18519266,1.14817095
34,51,0.755457907,1.29913669,1.2635291
34,52,0.776455923,1.4243158,1.39037366
34,53,0.800419301,1.56182352,1.52984763
34,54,0.827801585,1.71285642,1.68320766
34,55,0.85913007,1.87872296,1.8518352
34,56,0.895018268,2.06085291,2.03724897
34,57,0.936180518,2.26080725,2.24111847
34,58,0.983449098,2.48028854,2.46527896
34,59,1.03779427,2.72115166,2.7117478
34,60,1.10034774,2.98541476,2.98274248
34,61,1.17243007,3.27527031,3.28070034
34,62,1.25558273,3.59309591,3.60830029
34,63,1.35160552,3.94146455,3.96848659
34,64,1.46260011,4.32315398,4.36449497
34,65,1.59102072,4.74115437,4.79988127
34,66,1.7397329,5.19867373,5.27855287
34,67,1.91208156,5.69914005,5.80480315
34,68,2.11196944,6.24619887,6.38334925
34,69,2.34394713,6.84370488,7.01937345
34,70,2.61331606,7.49570565,7.71856853
34,71,2.92624548,8.20641513,8.48718737
34,72,3.28990432,8.98017441,9.33209734
34,73,3.71260877,9.82139631,10.2608397
34,74,4.20398544,10.7344902,11.2816946
34,75,4.77514955,11.7237632,12.403752
34,76,5.43889634,12.7932927,13.6369895
34,77,6.20990251,13.9467664,14.9923567
34,78,7.10493259,15.1872847,16.4818674
34,79,8.14304296,16.5171239,18.1187003
34,80,9.3457738,17.9374548,19.9173082
35,0,0.575789165,0.047434405,0
35,1,0.575867892,0.048431301,0.000999999814
35,2,0.575954776,0.0495274894,0.00209962594
35,3,0.576050621,0.0507328626,0.00330880372
35,4,0.576156344,0.0520582966,0.00463844734
35,5,0.576272964,0.0535157494,0.00610055828
35,6,0.576401616,0.0551183696,0.00770833368
35,7,0.576543555,0.0568806148,0.00947628541
35,8,0.576700175,0.0588183821,0.0114203711
35,9,0.576873022,0.0609491511,0.0135581381
35,10,0.577063811,0.0632921413,0.0159088819
35,11,0.577274446,0.0658684857,0.0184938204
35,12,0.577507042,0.0687014206,0.021336285
35,13,0.577763952,0.0718164951,0.0244619317
35,14,0.578047788,0.075241801,0.0278989722
35,15,0.57836146,0.0790082256,0.0316784288
35,16,0.578708208,0.0831497299,0.0358344143
35,17,0.579091643,0.0877036537,0.0404044398
35,18,0.57951579,0.0927110516,0.0454297531
35,19,0.579985144,0.098217062,0.0509557112
35,20,0.580504726,0.104271313,0.0570321894
35,21,0.581080148,0.110928368,0.0637140316
35,22,0.581717693,0.118248215,0.0710615449
35,23,0.582424396,0.126296808,0.079141044
35,24,0.58320815,0.135146653,0.0880254492
35,25,0.584077808,0.144877464,0.0977949451
35,26,0.585043322,0.155576874,0.108537703
35,27,0.586115885,0.167341221,0.120350678
35,28,0.5873081,0.180276409,0.133340481
35,29,0.588634175,0.194498855,0.147624343
35,30,0.590110147,0.21013653,0.163331173
35,31,0.591754137,0.2273301,0.180602717
35,32,0.593586647,0.246234179,0.199594841
35,33,0.595630902,0.267018707,0.220478933
35,34,0.597913242,0.289870458,0.243443453
35,35,0.600463578,0.314994703,0.268695627
35,36,0.603315922,0.342617021,0.296463318
35,37,0.606508995,0.3729853,0.326997084
35,38,0.61008694,0.406371919,0.360572429
35,39,0.614100138,0.443076152,0.397492292
35,40,0.618606172,0.483426786,0.438089776
35,41,0.623670933,0.527785003,0.482731148
35,42,0.629369919,0.576547529,0.531819138
35,43,0.635789738,0.630150075,0.585796569
35,44,0.643029871,0.689071106,0.645150345
35,45,0.651204719,0.753835954,0.710415832
35,46,0.660446002,0.825021309,0.782181676
35,47,0.670905552,0.903260119,0.861095105
35,48,0.682758586,0.989246916,0.947867745
35,49,0.696207529,1.08374363,1.04328203
35,50,0.711486493,1.18758587,1.14819821
35,51,0.728866509,1.30168978,1.26356212
35,52,0.748661665,1.42705942,1.39041364
35,53,0.771236295,1.56479472,1.52989604
35,54,0.797013394,1.71610008,1.68326626
35,55,0.826484482,1.88229358,1.85190614
35,56,0.860221174,2.06481678,2.03733483
35,57,0.898888717,2.26524514,2.24122239
35,58,0.943261875,2.48529909,2.46540471
35,59,0.994243512,2.7268555,2.71189997
35,60,1.05288637,2.99195973,2.9829266
35,61,1.12041854,3.28283783,3.28092312
35,62,1.19827324,3.60190901,3.60856982
35,63,1.28812364,3.9517978,3.96881266
35,64,1.39192341,4.33534586,4.36488943
35,65,1.51195403,4.75562264,4.80035844
35,66,1.65087979,5.21593462,5.27913008
35,67,1.81181151,5.719832,5.80550134
35,68,1.99838039,6.27111209,6.38419375
35,69,2.21482302,6.87381796,7.02039489
35,70,2.46607911,7.53223079,7.71980395
35,71,2.75790308,8.25085403,8.48868156
35,72,3.09699097,9.03438684,9.33390447
35,73,3.49112349,9.88768406,10.2630253
35,74,3.94932616,10.8156992,11.2843378
35,75,4.48204652,11.8234069,12.4069486
35,76,5.10134795,12.9156998,13.6408554
35,77,5.82111814,14.097256,14.9970318
35,78,6.65728918,15.372372,16.4875212
35,79,7.6280638,16.7447555,18.1255375
35,80,8.7541406,18.2172765,19.9255764
36,0,0.557639179,0.0488371427,0
36,1,0.557714535,0.0498342992,0.000999999832
36,2,0.557797686,0.0509307771,0.00209962602
36,3,0.557889403,0.0521364717,0.00330880392
36,4,0.55799056,0.0534622621,0.00463844773
36,5,0.55810213,0.0549201104,0.00610055896
36,6,0.558225195,0.0565231696,0.00770833476
36,7,0.558360954,0.0582859023,0.00947628704
36,8,0.558510734,0.0602242109,0.0114203735
36,9,0.55867601,0.0623555813,0.0135581414
36,10,0.558858416,0.0646992401,0.0159088865
36,11,0.559059766,0.0672763281,0.0184938266
36,12,0.559282074,0.0701100905,0.0213362933
36,13,0.559527579,0.0732260865,0.0244619426
36,14,0.559798768,0.0766524194,0.0278989864
36,15,0.560098408,0.0804199894,0.0316784471
36,16,0.56042958,0.0845627721,0.0358344377
36,17,0.560795714,0.0891181238,0.0404044695
36,18,0.561200637,0.0941271184,0.0454297906
36,19,0.561648615,0.0996349157,0.0509557584
36,20,0.562144413,0.105691169,0.0570322486
36,21,0.562693355,0.112350468,0.0637141055
36,22,0.563301397,0.119672837,0.0710616368
36,23,0.563975206,0.127724262,0.0791411579
36,24,0.564722255,0.136577296,0.0880255902
36,25,0.565550925,0.146311701,0.0977951191
36,26,0.566470627,0.157015168,0.108537917
36,27,0.567491941,0.168784098,0.120350941
36,28,0.568626774,0.181724474,0.133340804
36,29,0.569888538,0.195952801,0.147624739
36,30,0.571292362,0.211597153,0.163331658
36,31,0.57285533,0.228798317,0.18060331
36,32,0.574596756,0.247711048,0.199595565
36,33,0.576538504,0.268505451,0.220479818
36,34,0.578705351,0.291368494,0.243444531
36,35,0.581125416,0.316505673,0.26869694
36,36,0.583830646,0.344142839,0.296464917
36,37,0.586857386,0.374528195,0.326999029
36,38,0.590247036,0.407934497,0.360574794
36,39,0.594046817,0.444661462,0.397495167
36,40,0.598310652,0.485038407,0.438093268
36,41,0.603100203,0.529427144,0.482735388
36,42,0.608486066,0.578225151,0.531824284
36,43,0.614549166,0.631869037,0.585802813
36,44,0.621382387,0.690838345,0.645157919
36,45,0.629092468,0.755659701,0.710425015
36,46,0.637802213,0.826911354,0.782192808
36,47,0.647653079,0.905228125,0.861108597
36,48,0.658808195,0.991306817,0.947884095
36,49,0.671455892,1.0859121,1.04330183
36,50,0.685813834,1.18988293,1.1482222
36,51,0.702133846,1.30413948,1.26359118
36,52,0.720707578,1.42969073,1.39044882
36,53,0.741873123,1.56764263,1.52993864
36,54,0.766022784,1.71920692,1.68331784
36,55,0.793612162,1.88571066,1.85196857
36,56,0.825170814,2.06860642,2.03741039
36,57,0.861314738,2.26948319,2.24131384
36,58,0.902761003,2.49007802,2.46551539
36,59,0.950344892,2.73228829,2.71203389
36,60,1.00503998,2.99818459,2.98308864
36,61,1.06798163,3.29002421,3.28111917
36,62,1.14049452,3.61026491,3.60880701
36,63,1.22412477,3.96157899,3.96909962
36,64,1.32067752,4.34686725,4.36523657
36,65,1.43226073,4.76927252,4.80077837
36,66,1.56133626,5.23219224,5.27963804
36,67,1.71077914,5.73928955,5.80611577
36,68,1.88394649,6.29450193,6.38493694
36,69,2.08475714,6.90204642,7.0212938
36,70,2.31778345,7.56642004,7.72089117
36,71,2.58835689,8.29239381,8.48999652
36,72,2.90268863,9.08499821,9.33549483
36,73,3.26800674,9.94949766,10.2649487
36,74,3.69271105,10.891351,11.2866639
36,75,4.1865467,11.9161544,12.4097618
36,76,4.76079658,13.0295625,13.6442575
36,77,5.42849216,14.2371837,15.0011462
36,78,6.20464123,15.5444435,16.4924967
36,79,7.10646915,16.9564122,18.1315545
36,80,8.15366865,18.4775907,19.9328528
37,0,0.5395598,0.0501721483,0
37,1,0.53963164,0.0511695643,0.000999999848
37,2,0.539710899,0.0522663304,0.00209962609
37,3,0.539798311,0.0534723448,0.00330880409
37,4,0.539894709,0.0547984899,0.00463844807
37,5,0.540001016,0.0562567317,0.00610055954
37,6,0.540118261,0.0578602274,0.00770833569
37,7,0.540247582,0.0596234444,0.00947628845
37,8,0.54039024,0.0615622908,0.0114203755
37,9,0.540547633,0.0636942584,0.0135581443
37,10,0.540721314,0.0660385809,0.0159088905
37,11,0.540913001,0.0686164066,0.018493832
37,12,0.541124606,0.0714509898,0.0213363004
37,13,0.54135825,0.0745678994,0.0244619519
37,14,0.541616289,0.0779952497,0.0278989985
37,15,0.541901343,0.0817639539,0.0316784628
37,16,0.54221633,0.0859080016,0.0358344578
37,17,0.542564495,0.0904647658,0.040404495
37,18,0.542949456,0.0954753385,0.0454298229
37,19,0.543375245,0.100984901,0.0509557991
37,20,0.543846366,0.10704313,0.0570322995
37,21,0.544367844,0.113704644,0.0637141691
37,22,0.5449453,0.121029497,0.0710617159
37,23,0.545585022,0.129083713,0.079141256
37,24,0.546294053,0.137939886,0.0880257116
37,25,0.547080287,0.147677824,0.0977952689
37,26,0.547952584,0.158385275,0.108538102
37,27,0.548920896,0.170158704,0.120351168
37,28,0.549996414,0.183104166,0.133341083
37,29,0.551191739,0.197338253,0.147625081
37,30,0.552521072,0.212989139,0.163332076
37,31,0.554000436,0.230197725,0.180603821
37,32,0.555647933,0.249118902,0.199596189
37,33,0.55748404,0.269922933,0.220480579
37,34,0.559531942,0.292796972,0.243445459
37,35,0.561817933,0.317946734,0.268698071
37,36,0.564371859,0.345598324,0.296466294
37,37,0.56722765,0.376000248,0.327000704
37,38,0.570423922,0.40942562,0.360576831
37,39,0.574004685,0.446174579,0.397497642
37,40,0.578020154,0.486576946,0.438096275
37,41,0.582527702,0.530995129,0.482739038
37,42,0.587592962,0.579827316,0.531828715
37,43,0.59329111,0.63351097,0.585808189
37,44,0.59970836,0.692526649,0.64516444
37,45,0.606943705,0.7574022,0.710432922
37,46,0.615110951,0.828717336,0.782202394
37,47,0.624341085,0.907108644,0.861120215
37,48,0.634785048,0.993275058,0.947898173
37,49,0.646616968,1.08798382,1.04331889
37,50,0.660037948,1.192077,1.14824286
37,51,0.675280486,1.30647855,1.2636162
37,52,0.69261366,1.43220207,1.39047912
37,53,0.712349193,1.57035909,1.52997533
37,54,0.734848551,1.72216818,1.68336224
37,55,0.760531268,1.88896477,1.85202232
37,56,0.789884689,2.07221163,2.03747546
37,57,0.823475401,2.27351032,2.24139258
37,58,0.86196261,2.49461328,2.46561068
37,59,0.906113836,2.73743682,2.7121492
37,60,0.956823282,3.0040749,2.98322817
37,61,1.01513336,3.29681358,3.28128798
37,62,1.08225991,3.6181462,3.60901125
37,63,1.15962165,3.97078901,3.96934671
37,64,1.24887466,4.35769724,4.36553548
37,65,1.35195271,4.78208113,4.80113995
37,66,1.47111414,5.24742171,5.28007542
37,67,1.60899669,5.75748578,5.80664482
37,68,1.76868112,6.31633944,6.38557686
37,69,1.95376509,6.92835938,7.0220678
37,70,2.16844865,7.59824065,7.72182731
37,71,2.41763291,8.33099994,8.49112875
37,72,2.70703348,9.13197213,9.33686419
37,73,3.04331025,10.0067985,10.2666048
37,74,3.43421518,10.9614035,11.2886668
37,75,3.88875946,12.0019576,12.4121841
37,76,4.41740116,13.1348218,13.6471869
37,77,5.0322539,14.3664701,15.0046888
37,78,5.74731639,15.7033843,16.4967809
37,79,6.57872134,17.1519176,18.1367354
37,80,7.54500096,18.7181185,19.939118
38,0,0.521578394,0.0514353113,0
38,1,0.521646563,0.052432985,0.000999999861
38,2,0.521721761,0.053530037,0.00209962614
38,3,0.521804683,0.0547363686,0.00330880424
38,4,0.521896115,0.0560628653,0.00463844835
38,5,0.521996934,0.057521497,0.00610056003
38,6,0.522108111,0.0591254252,0.00770833647
38,7,0.52223072,0.0608891219,0.00947628962
38,8,0.522365955,0.0628285007,0.0114203772
38,9,0.522515136,0.0649610593,0.0135581467
38,10,0.522679726,0.0673060381,0.0159088938
38,11,0.522861352,0.0698845933,0.0184938365
38,12,0.523061813,0.0727199874,0.0213363064
38,13,0.523283111,0.0758377992,0.0244619598
38,14,0.523527466,0.079266154,0.0278990087
38,15,0.523797349,0.0830359771,0.031678476
38,16,0.524095505,0.0871812723,0.0358344746
38,17,0.52442499,0.0917394282,0.0404045164
38,18,0.524789207,0.0967515551,0.04542985
38,19,0.525191949,0.102262854,0.0509558331
38,20,0.525637445,0.108323027,0.0570323422
38,21,0.526130418,0.114986717,0.0637142223
38,22,0.526676142,0.122314009,0.0710617821
38,23,0.527280516,0.130370964,0.0791413381
38,24,0.52795014,0.139230212,0.0880258131
38,25,0.528692411,0.148971612,0.0977953942
38,26,0.529515621,0.15968296,0.108538256
38,27,0.53042908,0.171460786,0.120351358
38,28,0.531443247,0.184411216,0.133341316
38,29,0.532569891,0.198650921,0.147625366
38,30,0.533822263,0.214308172,0.163332425
38,31,0.535215305,0.231523982,0.180604248
38,32,0.536765882,0.250453369,0.199596711
38,33,0.538493055,0.271266749,0.220481216
38,34,0.540418388,0.294151451,0.243446236
38,35,0.542566314,0.319313397,0.268699017
38,36,0.544964545,0.346978936,0.296467446
38,37,0.547644554,0.377396862,0.327002105
38,38,0.550642129,0.410840624,0.360578535
38,39,0.553998021,0.447610764,0.397499713
38,40,0.557758683,0.488037575,0.43809879
38,41,0.561977143,0.532484028,0.482742092
38,42,0.56671401,0.581348984,0.531832421
38,43,0.572038639,0.6350707,0.585812686
38,44,0.578030501,0.694130691,0.645169894
38,45,0.584780764,0.759057947,0.710439536
38,46,0.592394147,0.830433551,0.782210412
38,47,0.600991073,0.90889574,0.861129932
38,48,0.610710196,0.995145431,0.947909948
38,49,0.621711333,1.08995227,1.04333315
38,50,0.634178909,1.19416121,1.14826014
38,51,0.648325975,1.30869973,1.26363712
38,52,0.66439891,1.43458569,1.39050446
38,53,0.682682929,1.57293579,1.53000601
38,54,0.703508523,1.72497495,1.68339939
38,55,0.72725901,1.89204628,1.85206729
38,56,0.754379374,2.07562199,2.03752988
38,57,0.785386629,2.27731518,2.24145845
38,58,0.820881957,2.49889245,2.46569038
38,59,0.861564933,2.74228752,2.71224565
38,60,0.908250202,3.00961575,2.98334487
38,61,0.961887007,3.30318958,3.28142918
38,62,1.02358207,3.62553487,3.60918208
38,63,1.09462637,3.97940807,3.96955338
38,64,1.17652652,4.36781411,4.36578549
38,65,1.27104139,4.79402472,4.80144239
38,66,1.38022495,5.26159712,5.28044127
38,67,1.50647624,5.77439256,5.80708735
38,68,1.65259766,6.33659429,6.38611212
38,69,1.82186269,6.95272429,7.0227152
38,70,2.01809463,7.62765797,7.72261035
38,71,2.24575772,8.36663567,8.4920758
38,72,2.51006244,9.17526972,9.33800959
38,73,2.81708668,10.0595451,10.26799
38,74,3.17391465,11.0258118,11.2903422
38,75,3.58879528,12.0807659,12.4142102
38,76,4.07132184,13.231417,13.6496372
38,77,4.63263419,14.4850364,15.007652
38,78,5.28564454,15.8490838,16.5003644
38,79,6.04528689,17.3311062,18.1410689
38,80,6.92878931,18.9386026,19.9443586
39,0,0.503721071,0.0526227816,0
39,1,0.503785406,0.0536207098,0.000999999871
39,2,0.503856363,0.0547180443,0.00209962619
39,3,0.503934597,0.055924689,0.00330880435
39,4,0.504020848,0.0572515329,0.00463844858
39,5,0.50411594,0.0587105493,0.00610056042
39,6,0.504220785,0.0603149039,0.00770833709
39,7,0.504336394,0.0620790737,0.00947629057
39,8,0.504463888,0.064018977,0.0114203786
39,9,0.504604506,0.0661521178,0.0135581487
39,10,0.504759623,0.0684977429,0.0159088965
39,11,0.504930763,0.0710770159,0.01849384
39,12,0.505119615,0.0739132078,0.0213363112
39,13,0.505328056,0.0770319066,0.0244619661
39,14,0.505558166,0.0804612483,0.0278990169
39,15,0.505812258,0.0842321701,0.0316784865
39,16,0.506092902,0.0883786896,0.0358344881
39,17,0.506402958,0.0929382106,0.0404045336
39,18,0.506745608,0.0979518607,0.0454298717
39,19,0.507124395,0.103464861,0.0509558604
39,20,0.507543271,0.109526936,0.0570323764
39,21,0.508006642,0.116192754,0.063714265
39,22,0.508519427,0.12352243,0.0710618352
39,23,0.509087124,0.131582058,0.079141404
39,24,0.509715882,0.140444307,0.0880258946
39,25,0.510412583,0.150189079,0.0977954948
39,26,0.511184939,0.160904223,0.10853838
39,27,0.5120416,0.172686326,0.12035151
39,28,0.512992276,0.185641581,0.133341503
39,29,0.514047885,0.19988674,0.147625596
39,30,0.515220708,0.215550162,0.163332706
39,31,0.51652458,0.232772965,0.180604592
39,32,0.517975104,0.251710293,0.199597131
39,33,0.519589895,0.272532701,0.220481727
39,34,0.521388869,0.295427687,0.243446859
39,35,0.52339456,0.32060137,0.268699777
39,36,0.52563251,0.348280326,0.296468371
39,37,0.528131693,0.378713619,0.32700323
39,38,0.530925025,0.412175018,0.360579903
39,39,0.534049948,0.448965439,0.397501375
39,40,0.537549102,0.489415619,0.438100809
39,41,0.54147111,0.533889058,0.482744544
39,42,0.545871491,0.582785239,0.531835397
39,43,0.550813713,0.636543167,0.585816297
39,44,0.556370427,0.695645245,0.645174273
39,45,0.562624896,0.760621524,0.710444846
39,46,0.569672663,0.832054361,0.78221685
39,47,0.577623496,0.910583521,0.861137735
39,48,0.586603657,0.996911758,0.947919402
39,49,0.596758546,1.09181093,1.04334461
39,50,0.608255797,1.19612866,1.14827401
39,51,0.62128889,1.31079568,1.26365393
39,52,0.636081379,1.43683375,1.39052481
39,53,0.652891836,1.57536434,1.53003064
39,54,0.672019638,1.72761816,1.68342921
39,55,0.693811742,1.89494537,1.85210339
39,56,0.718670622,2.07882681,2.03757357
39,57,0.747063564,2.28088611,2.24151133
39,58,0.779533564,2.50290279,2.46575438
39,59,0.816712086,2.74682641,2.71232309
39,60,0.859334032,3.01479178,2.98343858
39,61,0.908255267,3.30913528,3.28154256
39,62,0.964473164,3.6324123,3.60931925
39,63,1.02915067,3.98741569,3.96971932
39,64,1.1036445,4.37719533,4.36598624
39,65,1.18953808,4.80507858,4.80168523
39,66,1.2886802,5.27469148,5.28073501
39,67,1.40323003,5.78998053,5.80744266
39,68,1.53570983,6.35523466,6.38654189
39,69,1.68906632,6.97510694,7.02323503
39,70,1.86674213,7.65463536,7.72323907
39,71,2.07275894,8.39926206,8.49283622
39,72,2.31181372,9.21484963,9.33892927
39,73,2.58939019,10.1076935,10.2691023
39,74,2.91188725,11.0845283,11.2916873
39,75,3.28676644,12.1525264,12.415837
39,76,3.72272065,13.3192859,13.6516046
39,77,4.22986592,14.5928045,15.0100313
39,78,4.81995823,15.9814358,16.5032417
39,79,5.50663665,17.4938233,18.1445485
39,80,6.30569355,19.1388067,19.9485664
40,0,0.486012645,0.0537309878,0
40,1,0.486072975,0.0547291662,0.000999999879
40,2,0.486139502,0.0558267782,0.00209962622
40,3,0.48621284,0.0570337304,0.00330880444
40,4,0.486293681,0.058360915,0.00463844875
40,5,0.486382794,0.0598203089,0.00610056072
40,6,0.486481031,0.0614250818,0.00770833756
40,7,0.486589337,0.0631897151,0.00947629128
40,8,0.486708756,0.0651301325,0.0114203796
40,9,0.486840444,0.0672638435,0.0135581501
40,10,0.486985683,0.0696101014,0.0159088985
40,11,0.487145893,0.0721900768,0.0184938428
40,12,0.487322648,0.0750270489,0.0213363148
40,13,0.487517694,0.0781466148,0.0244619708
40,14,0.487732967,0.0815769208,0.0278990231
40,15,0.487970618,0.0853489155,0.0316784945
40,16,0.488233036,0.0894966296,0.0358344983
40,17,0.488522877,0.0940574818,0.0404045466
40,18,0.488843095,0.0990726164,0.0454298881
40,19,0.489196977,0.104587274,0.050955881
40,20,0.489588186,0.110651199,0.0570324022
40,21,0.490020804,0.117319087,0.0637142972
40,22,0.490499386,0.124651079,0.0710618752
40,23,0.491029017,0.1327133,0.0791414536
40,24,0.491615379,0.14157846,0.0880259561
40,25,0.492264828,0.151326499,0.0977955706
40,26,0.49298448,0.162045316,0.108538474
40,27,0.493782308,0.173831554,0.120351625
40,28,0.494667257,0.186791469,0.133341644
40,29,0.495649371,0.201041887,0.147625769
40,30,0.49673994,0.216711254,0.163332918
40,31,0.497951669,0.233940787,0.18060485
40,32,0.49929887,0.252885744,0.199597447
40,33,0.500797687,0.273716816,0.220482113
40,34,0.502466349,0.296621658,0.24344733
40,35,0.504325464,0.321806571,0.268700349
40,36,0.50639836,0.349498347,0.296469068
40,37,0.508711472,0.379946301,0.327004079
40,38,0.5112948,0.4134245,0.360580934
40,39,0.514182425,0.450234207,0.397502628
40,40,0.517413118,0.490706574,0.438102331
40,41,0.521031041,0.535205588,0.482746392
40,42,0.525086557,0.584131313,0.53183764
40,43,0.529637177,0.637923442,0.585819019
40,44,0.534748657,0.697065197,0.645177575
40,45,0.540496273,0.762087609,0.71044885
40,46,0.546966305,0.833574206,0.782221704
40,47,0.55425777,0.912166153,0.861143618
40,48,0.562484437,0.99856789,0.947926531
40,49,0.571777181,1.0935533,1.04335324
40,50,0.582286732,1.19797246,1.14828448
40,51,0.594186877,1.31275902,1.26366659
40,52,0.607678219,1.43893834,1.39054015
40,53,0.622992554,1.57763621,1.53004922
40,54,0.640398007,1.73008858,1.6834517
40,55,0.660205032,1.89765203,1.85213061
40,56,0.682773446,2.08181519,2.03760652
40,57,0.70852066,2.2842112,2.2415512
40,58,0.737931324,2.50663123,2.46580263
40,59,0.771568633,2.75103911,2.71238148
40,60,0.810087573,3.01958714,2.98350922
40,61,0.854250445,3.31463324,3.28162804
40,62,0.904945058,3.63875925,3.60942267
40,63,0.963206058,3.99479065,3.96984443
40,64,1.03023991,4.38581757,4.3661376
40,65,1.10745414,4.81521709,4.80186832
40,66,1.19649164,5.28667672,5.28095649
40,67,1.29927073,5.80421907,5.80771055
40,68,1.41803203,6.37222734,6.38686592
40,69,1.55539325,6.99547145,7.02362695
40,70,1.71441307,7.67913435,7.72371309
40,71,1.89866565,8.42883798,8.49340954
40,72,2.11232726,9.2506681,9.33962266
40,73,2.36027692,10.151197,10.2699409
40,74,2.64821293,11.1375028,11.2927015
40,75,2.98278757,12.2171837,12.4170635
40,76,3.3717621,13.3983651,13.6530879
40,77,3.82418464,14.689697,15.0118251
40,78,4.35059313,16.1003384,16.505411
40,79,4.96324576,17.6399253,18.1471719
40,80,5.6763809,19.3185165,19.9517389
41,0,0.468476606,0.0547566563,0
41,1,0.468532751,0.0557550789,0.000999999885
41,2,0.46859465,0.0568529616,0.00209962625
41,3,0.468662875,0.0580602137,0.0033088045
41,4,0.468738067,0.0593877303,0.00463844886
41,5,0.468820938,0.060847492,0.00610056092
41,6,0.468912279,0.0624526723,0.00770833788
41,7,0.469012963,0.0642177571,0.00947629176
41,8,0.469123956,0.0661586748,0.0114203803
41,9,0.46924633,0.0682929404,0.0135581511
41,10,0.469381269,0.0706398135,0.0159088998
41,11,0.469530084,0.0732204715,0.0184938446
41,12,0.469694231,0.0760582014,0.0213363172
41,13,0.469875319,0.0791786091,0.024461974
41,14,0.470075137,0.0826098504,0.0278990273
41,15,0.470295668,0.0863828854,0.0316784998
41,16,0.470539112,0.090531757,0.0358345052
41,17,0.470807917,0.0950938982,0.0404045553
41,18,0.471104799,0.100110469,0.0454298991
41,19,0.471432783,0.105626729,0.0509558949
41,20,0.471795233,0.111692441,0.0570324196
41,21,0.472195898,0.118362327,0.0637143189
41,22,0.472638957,0.125696552,0.0710619022
41,23,0.473129069,0.133761274,0.0791414871
41,24,0.47367144,0.142629234,0.0880259975
41,25,0.474271883,0.152380416,0.0977956218
41,26,0.474936903,0.163102762,0.108538537
41,27,0.47567378,0.174892966,0.120351703
41,28,0.476490672,0.187857348,0.133341739
41,29,0.477396731,0.202112801,0.147625885
41,30,0.478402232,0.217787851,0.16333306
41,31,0.479518725,0.23502381,0.180605025
41,32,0.480759206,0.253976042,0.19959766
41,33,0.482138315,0.274815363,0.220482373
41,34,0.483672564,0.297729576,0.243447647
41,35,0.485380597,0.322925149,0.268700735
41,36,0.48728349,0.350629075,0.296469538
41,37,0.489405098,0.381090902,0.327004651
41,38,0.491772454,0.41458497,0.360581629
41,39,0.494416231,0.451412864,0.397503474
41,40,0.497371276,0.491906117,0.438103358
41,41,0.500677227,0.536429162,0.482747639
41,42,0.504379229,0.585382595,0.531839154
41,43,0.508528765,0.639206739,0.585820855
41,44,0.513184619,0.698385564,0.645179802
41,45,0.518413996,0.763450993,0.710451551
41,46,0.524293828,0.834987617,0.782224977
41,47,0.530912284,0.913637876,0.861147585
41,48,0.538370541,1.00010773,0.947931338
41,49,0.546784842,1.0951729,1.04335907
41,50,0.556288895,1.19968567,1.14829153
41,51,0.567036679,1.31458235,1.26367514
41,52,0.579205716,1.44089148,1.3905505
41,53,0.593000899,1.57974277,1.53006175
41,54,0.608658963,1.73237687,1.68346686
41,55,0.626453722,1.90015608,1.85214897
41,56,0.646702191,2.08457599,2.03762874
41,57,0.669771758,2.28727824,2.24157809
41,58,0.696088585,2.51006436,2.46583518
41,59,0.726147443,2.75491085,2.71242086
41,60,0.760523246,3.02398558,2.98355687
41,61,0.799884559,3.3196655,3.28168569
41,62,0.845009442,3.64455589,3.60949242
41,63,0.896804006,4.00151108,3.96992882
41,64,0.956324179,4.39365671,4.36623968
41,65,1.0248012,4.8244137,4.80199181
41,66,1.10367151,5.29752372,5.28110586
41,67,1.19461171,5.81707636,5.80789124
41,68,1.29957958,6.38753771,6.38708447
41,69,1.42086197,7.01378036,7.02389128
41,70,1.56113084,7.70111458,7.7240328
41,71,1.72350873,8.45532024,8.49379621
41,72,1.91164513,9.28267906,9.34009032
41,73,2.12980541,10.1900066,10.2705065
41,74,2.38297433,11.1846828,11.2933856
41,75,2.67697614,12.2746806,12.4178908
41,76,3.01861369,13.4685902,13.6540883
41,77,3.41582903,14.7756375,15.013035
41,78,3.87788832,16.2056949,16.5068741
41,79,4.41559372,17.7692799,18.1489413
41,80,5.04152526,19.4775396,19.9538786
42,0,0.4511351,0.0556968285,0
42,1,0.451186872,0.0566954873,0.000999999887
42,2,0.451243937,0.057793632,0.00209962626
42,3,0.451306822,0.059001174,0.00330880453
42,4,0.451376114,0.0603290116,0.00463844892
42,5,0.45145247,0.0617891286,0.00610056102
42,6,0.451536612,0.0633947024,0.00770833805
42,7,0.451629343,0.0651602229,0.00947629201
42,8,0.451731547,0.0671016233,0.0114203807
42,9,0.451844206,0.0692364239,0.0135581516
42,10,0.451968403,0.07158389,0.0159089006
42,11,0.45210534,0.0741652057,0.0184938455
42,12,0.452256345,0.0770036653,0.0213363185
42,13,0.452422891,0.080124883,0.0244619757
42,14,0.452606611,0.0835570241,0.0278990294
42,15,0.452809313,0.087331059,0.0316785026
42,16,0.453033006,0.0914810425,0.0358345088
42,17,0.453279919,0.0960444208,0.0404045598
42,18,0.453552525,0.101062369,0.0454299048
42,19,0.453853577,0.106580164,0.0509559021
42,20,0.454186133,0.112647589,0.0570324286
42,21,0.454553597,0.119319385,0.0637143302
42,22,0.45495976,0.126655746,0.0710619163
42,23,0.455408847,0.134722855,0.0791415046
42,24,0.455905568,0.143593488,0.0880260191
42,25,0.456455184,0.153347663,0.0977956484
42,26,0.45706357,0.164073368,0.108538569
42,27,0.457737296,0.175867345,0.120351743
42,28,0.458483715,0.188835968,0.133341788
42,29,0.459311064,0.203096196,0.147625946
42,30,0.460228581,0.218776629,0.163333135
42,31,0.461246634,0.236018665,0.180605116
42,32,0.462376875,0.254977767,0.199597771
42,33,0.463632411,0.275824868,0.220482509
42,34,0.465028003,0.298747902,0.243447812
42,35,0.466580295,0.323953495,0.268700937
42,36,0.468308071,0.351668822,0.296469783
42,37,0.470232561,0.382143644,0.327004949
42,38,0.472377787,0.415652549,0.360581992
42,39,0.474770962,0.452497418,0.397503914
42,40,0.47744295,0.493010124,0.438103893
42,41,0.480428807,0.537555509,0.482748288
42,42,0.483768394,0.586534649,0.531839942
42,43,0.487507094,0.640388433,0.585821811
42,44,0.491696643,0.699601507,0.645180962
42,45,0.496396095,0.764706593,0.710452957
42,46,0.501672941,0.836289238,0.782226682
42,47,0.507604411,0.914993017,0.861149652
42,48,0.514278988,1.00152526,0.947933843
42,49,0.521798175,1.09666331,1.0433621
42,50,0.530278548,1.2012614,1.1482952
42,51,0.539854156,1.31625822,1.26367959
42,52,0.550679319,1.44268516,1.39055589
42,53,0.562931894,1.58167533,1.53006827
42,54,0.576817097,1.73447356,1.68347476
42,55,0.592571963,1.90244717,1.85215853
42,56,0.610470569,2.08709789,2.03764031
42,57,0.630830142,2.29007478,2.2415921
42,58,0.654018212,2.51318847,2.46585213
42,59,0.680460988,2.75842653,2.71244137
42,60,0.710653167,3.02797038,2.98358169
42,61,0.745169434,3.3242136,3.28171572
42,62,0.784677932,3.64978183,3.60952875
42,63,0.829956057,4.00755442,3.96997277
42,64,0.881908975,4.40068786,4.36629285
42,65,0.941591319,4.83264101,4.80205613
42,66,1.01023263,5.3072024,5.28118366
42,67,1.08926719,5.82851946,5.80798534
42,68,1.18036894,6.40112984,6.38719829
42,69,1.2854924,7.02999469,7.02402896
42,70,1.40692061,7.72053403,7.72419933
42,71,1.54732117,8.47866374,8.49399761
42,72,1.70981182,9.31083434,9.3403339
42,73,1.89803698,10.2240709,10.2708011
42,74,2.11625714,11.2260134,11.2937418
42,75,2.36945295,12.324958,12.4183217
42,76,2.66344637,13.5298958,13.6546094
42,77,3.00504133,14.8505508,15.0136651
42,78,3.40218665,16.2974131,16.5076362
42,79,3.86416435,17.8817663,18.1498628
42,80,4.40180644,19.6157056,19.954993
43,0,0.434008913,0.0565488767,0
43,1,0.434056116,0.0575477619,0.000999999888
43,2,0.434108133,0.0586461572,0.00209962626
43,3,0.434165442,0.0598539767,0.00330880453
43,4,0.434228577,0.0611821213,0.00463844893
43,5,0.434298132,0.0626425781,0.00610056103
43,6,0.434374763,0.0642485279,0.00770833806
43,7,0.434459196,0.0660144647,0.00947629203
43,8,0.434552233,0.067956326,0.0114203807
43,9,0.43465476,0.070091637,0.0135581517
43,10,0.434767759,0.0724396687,0.0159089006
43,11,0.434892314,0.0750216114,0.0184938456
43,12,0.435029625,0.0778607663,0.0213363186
43,13,0.435181021,0.0809827553,0.0244619758
43,14,0.435347975,0.0844157525,0.0278990296
43,15,0.435532115,0.0881907382,0.0316785029
43,16,0.43573525,0.0923417782,0.0358345091
43,17,0.435959384,0.0969063314,0.0404045603
43,18,0.436206741,0.101925587,0.0454299054
43,19,0.43647979,0.107444837,0.0509559028
43,20,0.436781275,0.113513884,0.0570324295
43,21,0.437114244,0.120187489,0.0637143312
43,22,0.437482091,0.127525867,0.0710619176
43,23,0.437888589,0.135595231,0.0791415062
43,24,0.438337946,0.144468384,0.0880260211
43,25,0.43883485,0.154225382,0.0977956509
43,26,0.439384531,0.164954248,0.108538572
43,27,0.439992832,0.17675177,0.120351747
43,28,0.440666278,0.189724374,0.133341793
43,29,0.441412174,0.203989079,0.147625951
43,30,0.442238692,0.219674552,0.163333141
43,31,0.443154997,0.236922267,0.180605124
43,32,0.444171365,0.255887781,0.199597781
43,33,0.445299341,0.276742129,0.220482521
43,34,0.446551901,0.299673367,0.243447827
43,35,0.447943649,0.324888263,0.268700955
43,36,0.44949104,0.352614155,0.296469805
43,37,0.451212634,0.383100995,0.327004976
43,38,0.453129393,0.416623596,0.360582025
43,39,0.455265017,0.4534841,0.397503954
43,40,0.457646336,0.494014688,0.438103942
43,41,0.460303759,0.538580564,0.482748347
43,42,0.463271796,0.587583229,0.531840013
43,43,0.466589659,0.641464077,0.585821898
43,44,0.470301962,0.700708348,0.645181068
43,45,0.474459523,0.765849472,0.710453085
43,46,0.479120305,0.837473833,0.782226837
43,47,0.484350503,0.916226009,0.86114984
43,48,0.490225807,1.00281452,0.94793407
43,49,0.496832874,1.09801813,1.04336238
43,50,0.504271035,1.20269279,1.14829554
43,51,0.512654293,1.31777924,1.26367999
43,52,0.522113642,1.44431132,1.39055638
43,53,0.532799779,1.58342513,1.53006887
43,54,0.54488627,1.73636908,1.68347548
43,55,0.55857324,1.90451483,1.8521594
43,56,0.574091694,2.08936937,2.03764137
43,57,0.591708565,2.29258816,2.24159338
43,58,0.611732624,2.51598959,2.46585367
43,59,0.634521384,2.7615707,2.71244324
43,60,0.660489202,3.03152449,2.98358395
43,61,0.690116754,3.32825864,3.28171845
43,62,0.72396214,3.65441613,3.60953206
43,63,0.762673901,4.01289755,3.96997677
43,64,0.807006268,4.40688547,4.36629768
43,65,0.85783705,4.83987084,4.80206198
43,66,0.916188599,5.31568173,5.28119074
43,67,0.983252385,5.83851436,5.80799391
43,68,1.06041782,6.4129666,6.38720865
43,69,1.14930603,7.04407411,7.02404149
43,70,1.25180946,7.73734907,7.72421448
43,71,1.37013824,8.4988216,8.49401594
43,72,1.50687451,9.33508383,9.34035607
43,73,1.66503601,10.2533365,10.2708279
43,74,1.84815045,11.261438,11.2937743
43,75,2.06034244,12.3679552,12.4183609
43,76,2.30643495,13.5822161,13.6546568
43,77,2.5920677,14.9143632,15.0137225
43,78,2.92383496,16.3754064,16.5077056
43,79,3.30944569,17.9772751,18.1499467
43,80,3.75790947,19.7328666,19.9550945
44,0,0.417117465,0.0573105185,0
44,1,0.417159898,0.0583096177,0.000999999885
44,2,0.417206645,0.0594082499,0.00209962625
44,3,0.417258134,0.0606163315,0.00330880451
44,4,0.417314843,0.061944766,0.00463844888
44,5,0.417377303,0.0634055434,0.00610056095
44,6,0.417446099,0.0650118478,0.00770833793
44,7,0.417521878,0.066778177,0.00947629183
44,8,0.417605356,0.0687204725,0.0114203804
44,9,0.417697322,0.0708562644,0.0135581513
44,10,0.417798649,0.0732048284,0.0159089001
44,11,0.417910302,0.0757873609,0.0184938449
44,12,0.418033348,0.0786271694,0.0213363176
44,13,0.418168967,0.081749883,0.0244619745
44,14,0.418318464,0.085183684,0.0278990279
44,15,0.418483284,0.0889595618,0.0316785006
44,16,0.418665027,0.0931115923,0.0358345062
44,17,0.418865467,0.0976772459,0.0404045566
44,18,0.419086567,0.102697725,0.0454299008
44,19,0.419330508,0.108218336,0.050955897
44,20,0.419599706,0.114288897,0.0570324222
44,21,0.419896846,0.12096419,0.0637143221
44,22,0.420224908,0.12830445,0.0710619063
44,23,0.420587208,0.136375913,0.0791414922
44,24,0.42098743,0.145251412,0.0880260037
44,25,0.421429677,0.15501103,0.0977956295
44,26,0.421918519,0.165742829,0.108538546
44,27,0.422459048,0.177543636,0.120351714
44,28,0.423056948,0.190519924,0.133341753
44,29,0.423718562,0.204788763,0.147625903
44,30,0.42445098,0.220478883,0.163333082
44,31,0.425262129,0.237731828,0.180605051
44,32,0.426160888,0.256703234,0.199597692
44,33,0.427157202,0.277564231,0.220482412
44,34,0.42826223,0.300502981,0.243447694
44,35,0.429488499,0.325726378,0.268700793
44,36,0.430850093,0.353461905,0.296469608
44,37,0.432362859,0.383959681,0.327004736
44,38,0.434044649,0.417494717,0.360581734
44,39,0.4359156,0.454369384,0.3975036
44,40,0.437998446,0.494916131,0.438103512
44,41,0.440318892,0.539500478,0.482747826
44,42,0.44290603,0.588524295,0.531839381
44,43,0.44579283,0.642429413,0.58582113
44,44,0.449016704,0.701701585,0.645180136
44,45,0.452620154,0.76687485,0.710451956
44,46,0.456651527,0.838536312,0.782225468
44,47,0.461165888,0.917331405,0.861148181
44,48,0.466226036,1.00396966,0.94793206
44,49,0.471903675,1.09923107,1.04335994
44,50,0.478280781,1.20397303,1.14829259
44,51,0.485451195,1.319138,1.26367642
44,52,0.493522467,1.44576191,1.39055205
44,53,0.502618011,1.58498337,1.53006363
44,54,0.512879614,1.73805379,1.68346914
44,55,0.524470366,1.90634847,1.85215172
44,56,0.537578075,2.09137878,2.03763207
44,57,0.552419256,2.29480552,2.24158213
44,58,0.569243794,2.5184535,2.46584006
44,59,0.588340398,2.76432764,2.71242677
44,60,0.610042973,3.03463046,2.98356402
44,61,0.634738086,3.33178132,3.28169434
44,62,0.662873697,3.65843742,3.60950288
44,63,0.694969396,4.01751678,3.96994147
44,64,0.731628382,4.41222332,4.36625499
44,65,0.773551514,4.84607424,4.80201033
44,66,0.82155377,5.32292986,5.28112826
44,67,0.87658355,5.84702608,5.80791834
44,68,0.939745304,6.42300976,6.38711725
44,69,1.01232606,7.05597699,7.02393093
44,70,1.09582655,7.75151467,7.72408076
44,71,1.19199766,8.51574537,8.49385421
44,72,1.30288322,9.35537573,9.34016047
44,73,1.43087011,10.2777485,10.2705913
44,74,1.57874695,11.2908982,11.2934882
44,75,1.74977295,12.4036105,12.4180149
44,76,1.94775833,13.6254852,13.6542384
44,77,2.17715852,14.9670028,15.0132164
44,78,2.44318424,16.4395934,16.5070936
44,79,2.75192996,18.0557091,18.1492067
44,80,3.11052384,19.8288972,19.9541995
45,0,0.400478812,0.057979828,0
45,1,0.400516267,0.0589791262,0.000999999881
45,2,0.400557515,0.0600779786,0.00209962623
45,3,0.400602933,0.0612863036,0.00330880445
45,4,0.40065294,0.0626150072,0.00463844878
45,5,0.400708,0.0640760821,0.00610056077
45,6,0.400768626,0.0656827156,0.00770833765
45,7,0.400835385,0.0674494085,0.00947629141
45,8,0.4009089,0.0693921064,0.0114203798
45,9,0.400989861,0.0715283434,0.0135581504
45,10,0.401079029,0.0738774002,0.0159088989
45,11,0.401177245,0.0764604781,0.0184938433
45,12,0.401285437,0.0793008906,0.0213363155
45,13,0.401404631,0.0824242735,0.0244619717
45,14,0.40153596,0.0858588163,0.0278990242
45,15,0.401680678,0.0896355166,0.0316784959
45,16,0.401840171,0.0937884597,0.0358345002
45,17,0.402015973,0.0983551263,0.040404549
45,18,0.40220978,0.10337673,0.0454298911
45,19,0.402423473,0.108898592,0.0509558848
45,20,0.402659134,0.114970543,0.057032407
45,21,0.402919069,0.121647383,0.0637143031
45,22,0.403205838,0.128989366,0.0710618827
45,23,0.40352228,0.137062749,0.0791414629
45,24,0.403871547,0.145940389,0.0880259675
45,25,0.404257138,0.155702398,0.0977955847
45,26,0.404682944,0.166436867,0.108538491
45,27,0.405153293,0.178240661,0.120351646
45,28,0.405673,0.191220292,0.13334167
45,29,0.406247429,0.205492878,0.147625801
45,30,0.406882559,0.221187202,0.163332957
45,31,0.407585057,0.238444868,0.180604898
45,32,0.40836237,0.257421583,0.199597505
45,33,0.409222815,0.278288557,0.220482185
45,34,0.410175696,0.301234047,0.243447417
45,35,0.411231429,0.326465053,0.268700456
45,36,0.412401683,0.354209182,0.296469197
45,37,0.413699545,0.384716699,0.327004236
45,38,0.415139713,0.418262781,0.360581126
45,39,0.416738704,0.455149994,0.397502861
45,40,0.418515101,0.495711016,0.438102615
45,41,0.420489842,0.540311633,0.482746736
45,42,0.422686536,0.589354024,0.531838058
45,43,0.425131838,0.643280387,0.585819525
45,44,0.427855882,0.702576905,0.645178189
45,45,0.43089277,0.767778122,0.710449595
45,46,0.434281147,0.83947174,0.782222606
45,47,0.438064856,0.918303897,0.861144712
45,48,0.442293704,1.00498497,0.947927857
45,49,0.447024337,1.10029593,1.04335485
45,50,0.452321272,1.20509537,1.14828642
45,51,0.458258072,1.32032716,1.26366895
45,52,0.464918725,1.44702891,1.390543
45,53,0.472399242,1.58634125,1.53005267
45,54,0.480809513,1.73951802,1.68345588
45,55,0.490275471,1.90793742,1.85213567
45,56,0.500941604,2.09311435,2.03761265
45,57,0.512973894,2.29671382,2.24155862
45,58,0.526563237,2.52056579,2.46581161
45,59,0.54192943,2.76668135,2.71239234
45,60,0.559325843,3.03727057,2.98352237
45,61,0.579044856,3.33476196,3.28164394
45,62,0.601424232,3.66182386,3.6094419
45,63,0.626854563,4.02138791,3.9698677
45,64,0.655787985,4.41667465,4.36616575
45,65,0.688748376,4.85122165,4.80190238
45,66,0.726343302,5.32891417,5.28099768
45,67,0.769278013,5.85401881,5.80776038
45,68,0.818371834,6.4312201,6.38692619
45,69,0.874577383,7.06566062,7.02369985
45,70,0.9390031,7.76298454,7.72380127
45,71,1.01293965,8.52938519,8.49351618
45,72,1.09789091,9.3716567,9.33975163
45,73,1.19561024,10.2972501,10.2700969
45,74,1.30814311,11.3143342,11.2928902
45,75,1.43787696,12.4318611,12.4172917
45,76,1.58759976,13.6596373,13.6533638
45,77,1.76056854,15.0084001,15.0121588
45,78,1.96058976,16.489899,16.5058145
45,79,2.19211335,18.1169832,18.1476599
45,80,2.46034281,19.9036945,19.952329
46,0,0.384109652,0.0585552443,0
46,1,0.384141915,0.0595547236,0.000999999874
46,2,0.384177429,0.0606537763,0.0020996262
46,3,0.384216516,0.0618623226,0.00330880438
46,4,0.384259536,0.0631912707,0.00463844863
46,5,0.384306885,0.0646526157,0.00610056051
46,6,0.384358998,0.0662595476,0.00770833723
46,7,0.384416358,0.0680265704,0.00947629078
46,8,0.384479495,0.069969633,0.0114203789
46,9,0.384548995,0.0721062732,0.0135581491
46,10,0.384625503,0.0744557759,0.0159088971
46,11,0.384709731,0.0770393471,0.0184938409
46,12,0.384802464,0.0798803055,0.0213363122
46,13,0.384904567,0.0830042926,0.0244619675
46,14,0.385016998,0.0864395046,0.0278990188
46,15,0.385140811,0.0902169462,0.0316784889
46,16,0.385277172,0.094370711,0.0358344912
46,17,0.385427366,0.0989382887,0.0404045375
46,18,0.385592816,0.103960904,0.0454298765
46,19,0.385775091,0.109483887,0.0509558665
46,20,0.385975929,0.115557085,0.057032384
46,21,0.386197249,0.12223531,0.0637142745
46,22,0.386441175,0.129578833,0.0710618471
46,23,0.386710058,0.13765393,0.0791414187
46,24,0.387006501,0.146533478,0.0880259128
46,25,0.387333385,0.156297614,0.0977955173
46,26,0.387693904,0.167034455,0.108538408
46,27,0.388091601,0.178840897,0.120351544
46,28,0.388530403,0.191823487,0.133341544
46,29,0.389014672,0.206099381,0.147625647
46,30,0.389549248,0.221797408,0.163332769
46,31,0.390139514,0.239059225,0.180604668
46,32,0.390791454,0.258040596,0.199597224
46,33,0.391511724,0.278912799,0.220481842
46,34,0.392307741,0.301864169,0.243446999
46,35,0.393187765,0.327101794,0.268699946
46,36,0.394161011,0.354853384,0.296468577
46,37,0.395237765,0.385369324,0.327003482
46,38,0.396429516,0.418924926,0.360580208
46,39,0.397749109,0.455822917,0.397501747
46,40,0.399210923,0.496396159,0.438101261
46,41,0.400831062,0.54101065,0.482745092
46,42,0.402627586,0.590068822,0.531836062
46,43,0.404620765,0.644013162,0.585817104
46,44,0.406833378,0.703330197,0.645175253
46,45,0.409291047,0.768554867,0.710446034
46,46,0.412022624,0.840275347,0.78221829
46,47,0.41506064,0.919138326,0.86113948
46,48,0.41844181,1.00585483,0.947921517
46,49,0.422207627,1.10120661,1.04334717
46,50,0.426405033,1.20605315,1.14827712
46,51,0.431087207,1.32133941,1.26365768
46,52,0.436314463,1.44810429,1.39052936
46,53,0.44215529,1.58748995,1.53003615
46,54,0.448687567,1.74075204,1.68343588
46,55,0.455999953,1.90927096,1.85211146
46,56,0.464193507,2.0945642,2.03758335
46,57,0.473383572,2.29829992,2.24152316
46,58,0.483701955,2.52231185,2.46576869
46,59,0.495299465,2.76861564,2.71234041
46,60,0.508348862,3.03942683,2.98345953
46,61,0.523048299,3.33718057,3.28156792
46,62,0.539625319,3.66455327,3.60934993
46,63,0.558341525,4.02448633,3.96975643
46,64,0.579498028,4.42021219,4.36603114
46,65,0.603441796,4.85528289,4.80173954
46,66,0.630573083,5.3336014,5.28080071
46,67,0.661354102,5.85945593,5.80752213
46,68,0.696319167,6.43755754,6.38663801
46,69,0.736086556,7.07308128,7.02335128
46,70,0.781372397,7.77171128,7.72337968
46,71,0.833006913,8.53969001,8.49300628
46,72,0.891953454,9.3838722,9.33913495
46,73,0.959330784,10.3117836,10.2693511
46,74,1.03643919,11.3316854,11.2919882
46,75,1.1247911,12.4526439,12.4162008
46,76,1.2261469,13.6846073,13.6520446
46,77,1.342557,15.0384882,15.0105634
46,78,1.47641108,16.526254,16.5038852
46,79,1.63049582,18.1610247,18.1453267
46,80,1.80806258,19.9571785,19.9495075
47,0,0.368025338,0.0590355771,0
47,1,0.368052189,0.0600352164,0.000999999864
47,2,0.368081727,0.0611344459,0.00209962616
47,3,0.368114218,0.0623431874,0.00330880428
47,4,0.36814996,0.0636723511,0.00463844843
47,5,0.368189275,0.0651339341,0.00610056016
47,6,0.368232523,0.0667411289,0.00770833667
47,7,0.368280097,0.068508442,0.00947628994
47,8,0.368332431,0.0704518252,0.0114203777
47,9,0.368390002,0.0725888195,0.0135581474
47,10,0.368453335,0.0749387135,0.0159088947
47,11,0.36852301,0.0775227173,0.0184938377
47,12,0.368599662,0.0803641539,0.021336308
47,13,0.368683994,0.08348867,0.0244619619
47,14,0.368776777,0.086924467,0.0278990115
47,15,0.368878861,0.0907025561,0.0316784795
47,16,0.368991185,0.0948570376,0.0358344791
47,17,0.369114778,0.0994254091,0.0404045222
47,18,0.369250778,0.104448904,0.0454298572
47,19,0.369400438,0.109972862,0.0509558422
47,20,0.369565137,0.116047141,0.0570323536
47,21,0.369746396,0.122726565,0.0637142365
47,22,0.369945893,0.130071419,0.0710617998
47,23,0.370165474,0.138147995,0.0791413601
47,24,0.370407179,0.147029187,0.0880258403
47,25,0.370673256,0.156795151,0.0977954278
47,26,0.370966185,0.167534026,0.108538298
47,27,0.371288701,0.179342734,0.120351409
47,28,0.371643824,0.192327849,0.133341378
47,29,0.372034889,0.20660656,0.147625443
47,30,0.372465575,0.22230773,0.163332519
47,31,0.372939949,0.239573059,0.180604363
47,32,0.373462503,0.258558358,0.199596851
47,33,0.374038202,0.279434959,0.220481387
47,34,0.374672535,0.302391255,0.243446444
47,35,0.375371572,0.327634406,0.268699271
47,36,0.376142032,0.355392201,0.296467754
47,37,0.376991349,0.385915116,0.327002481
47,38,0.377927757,0.41947857,0.360578991
47,39,0.378960379,0.456385407,0.397500267
47,40,0.380099324,0.49696863,0.438099464
47,41,0.381355808,0.541594398,0.48274291
47,42,0.382742272,0.590665328,0.531833414
47,43,0.38427253,0.644624122,0.585813891
47,44,0.385961929,0.703957555,0.645171356
47,45,0.38782753,0.769200858,0.710441309
47,46,0.389888307,0.840942541,0.782212561
47,47,0.392165386,0.91982969,0.861132537
47,48,0.394682297,1.00657379,0.947913104
47,49,0.397465274,1.10195712,1.04333698
47,50,0.400543587,1.20683981,1.14826477
47,51,0.403949919,1.32216755,1.26364273
47,52,0.407720797,1.44898011,1.39051125
47,53,0.411897085,1.58842069,1.53001423
47,54,0.416524534,1.74174614,1.68340934
47,55,0.421654422,1.91033831,1.85207934
47,56,0.42734428,2.09571638,2.03754446
47,57,0.433658716,2.29955055,2.2414761
47,58,0.440670366,2.52367695,2.46571175
47,59,0.448460984,2.77011411,2.7122715
47,60,0.45712268,3.041081,2.98337615
47,61,0.466759363,3.3390169,3.28146703
47,62,0.477488377,3.66660313,3.60922787
47,63,0.489442401,4.02678704,3.96960877
47,64,0.502771635,4.4228082,4.3658525
47,65,0.517646312,4.85822728,4.80152345
47,66,0.534259615,5.33695767,5.28053932
47,67,0.552831035,5.8633002,5.80720595
47,68,0.573610265,6.44198122,6.38625557
47,69,0.596881705,7.07819441,7.02288872
47,70,0.622969686,7.77764655,7.72282021
47,71,0.652244529,8.54660778,8.49232963
47,72,0.685129587,9.39196659,9.33831658
47,73,0.722109414,10.3212901,10.2683613
47,74,0.763739274,11.3428902,11.2907912
47,75,0.810656205,12.4658956,12.4147532
47,76,0.863591891,13.7003309,13.6502939
47,77,0.923387669,15.0572031,15.0084462
47,78,0.991012011,16.5485962,16.5013248
47,79,1.06758091,18.1877737,18.1422304
47,80,1.15438166,19.9892917,19.9457631
48,0,0.352239897,0.0594200082,0
48,1,0.35226111,0.060419783,0.000999999853
48,2,0.352284424,0.0615191621,0.00209962611
48,3,0.352310048,0.0627280686,0.00330880415
48,4,0.352338211,0.0640574144,0.00463844818
48,5,0.352369166,0.0655191982,0.00610055973
48,6,0.352403187,0.0671266145,0.00770833599
48,7,0.352440578,0.0688941719,0.0094762889
48,8,0.352481672,0.0708378248,0.0114203762
48,9,0.352526835,0.0729751168,0.0135581452
48,10,0.352576467,0.0753253393,0.0159088918
48,11,0.35263101,0.0779097057,0.0184938337
48,12,0.352690947,0.0807515428,0.0213363027
48,13,0.352756808,0.0838765011,0.0244619549
48,14,0.352829176,0.0873127866,0.0278990025
48,15,0.35290869,0.0910914155,0.0316784678
48,16,0.35299605,0.0952464937,0.0358344643
48,17,0.353092026,0.0998155248,0.0404045033
48,18,0.35319746,0.104839749,0.0454298333
48,19,0.353313278,0.110364514,0.0509558121
48,20,0.353440492,0.116439686,0.0570323159
48,21,0.353580212,0.123120098,0.0637141895
48,22,0.353733655,0.130466048,0.0710617413
48,23,0.353902154,0.138543837,0.0791412875
48,24,0.354087167,0.147426374,0.0880257505
48,25,0.354290292,0.157193828,0.0977953169
48,26,0.354513275,0.167934358,0.108538161
48,27,0.354758027,0.179744902,0.120351241
48,28,0.355026639,0.192732056,0.133341172
48,29,0.355321393,0.207013034,0.14762519
48,30,0.355644782,0.222716724,0.16333221
48,31,0.355999531,0.239984857,0.180603985
48,32,0.356388607,0.258973277,0.19959639
48,33,0.35681525,0.279853353,0.220480823
48,34,0.357282988,0.302813525,0.243445757
48,35,0.35779566,0.328060999,0.268698434
48,36,0.358357445,0.35582362,0.296466736
48,37,0.358972883,0.386351926,0.327001242
48,38,0.359646901,0.419921407,0.360577484
48,39,0.360384845,0.456834988,0.397498436
48,40,0.361192501,0.497425764,0.438097239
48,41,0.36207613,0.542059996,0.482740209
48,42,0.36304249,0.591140421,0.531830136
48,43,0.364098868,0.645109875,0.585809914
48,44,0.365253102,0.704455286,0.645166531
48,45,0.366513611,0.769712062,0.710435458
48,46,0.367889409,0.841468912,0.782205468
48,47,0.369390124,0.920373149,0.861123941
48,48,0.371026008,1.00713652,0.947902688
48,49,0.372807938,1.10254161,1.04332436
48,50,0.374747407,1.20744888,1.14824949
48,51,0.376856501,1.32280443,1.26362422
48,52,0.379147856,1.44964847,1.39048884
48,53,0.3816346,1.5891247,1.52998709
48,54,0.384330256,1.7424906,1.68337649
48,55,0.387248622,1.91112866,1.85203957
48,56,0.390403604,2.09655888,2.03749632
48,57,0.393808995,2.30045234,2.24141784
48,58,0.397478196,2.52464621,2.46564124
48,59,0.401423858,2.77116019,2.71218618
48,60,0.405657426,3.04221465,2.98327291
48,61,0.410188581,3.3402504,3.28134212
48,62,0.415024535,3.66795061,3.60907675
48,63,0.420169166,4.02826467,3.96942595
48,64,0.425621954,4.42443457,4.36563134
48,65,0.431376683,4.8600237,4.80125592
48,66,0.437419853,5.3389486,5.2802157
48,67,0.443728751,5.86551374,5.8068145
48,68,0.450269119,6.44444963,6.38578209
48,69,0.456992331,7.0809547,7.02231603
48,70,0.463831985,7.78074121,7.72212755
48,71,0.470699811,8.55008557,8.49149188
48,72,0.477480742,9.39588342,9.33730338
48,73,0.484027015,10.3257101,10.2671359
48,74,0.490151094,11.3478868,11.2893092
48,75,0.495617213,12.4715529,12.412961
48,76,0.500131273,13.7067451,13.6481264
48,77,0.503328787,15.0644844,15.005825
48,78,0.504760513,16.5568699,16.4981549
48,79,0.50387535,18.1971832,18.138397
48,80,0.5,20,19.9411274
49,0,0.336766052,0.0597080905,0
49,1,0.336781397,0.0607079726,0.000999999839
49,2,0.336798234,0.0618074699,0.00209962605
49,3,0.336816712,0.0630165067,0.003308804
49,4,0.336836992,0.0643459959,0.00463844788
49,5,0.336859248,0.0658079378,0.00610055922
49,6,0.336883673,0.0674155282,0.00770833517
49,7,0.336910476,0.0691832775,0.00947628766
49,8,0.336939885,0.0711271418,0.0114203744
49,9,0.336972149,0.0732646667,0.0135581427
49,10,0.337007542,0.0756151458,0.0159088883
49,11,0.337046362,0.078199795,0.018493829
49,12,0.337088933,0.0810419437,0.0213362965
49,13,0.33713561,0.0841672455,0.0244619467
49,14,0.337186778,0.0876039097,0.0278989918
49,15,0.33724286,0.091382956,0.0316784541
49,16,0.337304312,0.0955384944,0.0358344466
49,17,0.337371631,0.100108033,0.0404044808
49,18,0.337445359,0.105132816,0.045429805
49,19,0.337526082,0.110658199,0.0509557765
49,20,0.337614435,0.116734051,0.0570322712
49,21,0.337711107,0.123415215,0.0637141337
49,22,0.33781684,0.130761993,0.0710616719
49,23,0.337932437,0.138840696,0.0791412015
49,24,0.338058762,0.147724242,0.0880256441
49,25,0.338196745,0.15749281,0.0977951856
49,26,0.33834738,0.16823457,0.108537999
49,27,0.338511734,0.180046471,0.120351042
49,28,0.338690944,0.193035124,0.133340928
49,29,0.338886219,0.207317756,0.147624891
49,30,0.33909884,0.223023274,0.163331844
49,31,0.339330156,0.240293425,0.180603537
49,32,0.339581585,0.259284074,0.199595843
49,33,0.339854605,0.280166612,0.220480156
49,34,0.340150746,0.303129503,0.243444943
49,35,0.34047158,0.328379981,0.268697442
49,36,0.3408187,0.356145918,0.296465529
49,37,0.341193706,0.386677887,0.326999773
49,38,0.341598171,0.42025141,0.360575699
49,39,0.342033607,0.457169453,0.397496266
49,40,0.342501421,0.497765149,0.438094603
49,41,0.343002856,0.542404809,0.482737009
49,42,0.343538923,0.591491213,0.531826251
49,43,0.344110308,0.645467251,0.5858052
49,44,0.344717269,0.704819906,0.645160814
49,45,0.345359501,0.770084641,0.710428526
49,46,0.346035971,0.841850224,0.782197065
49,47,0.346744724,0.920764027,0.861113756
49,48,0.347482641,1.00753785,0.947890346
49,49,0.348245145,1.10295435,1.04330941
49,50,0.349025856,1.20787401,1.14823137
49,51,0.34981616,1.32324298,1.26360228
49,52,0.350604702,1.4501015,1.39046228
49,53,0.351376773,1.58959326,1.52995493
49,54,0.352113571,1.74297568,1.68333755
49,55,0.352791323,1.91163119,1.85199244
49,56,0.35338023,2.09707963,2.03743928
49,57,0.3538432,2.30099184,2.2413488
49,58,0.35413435,2.52520461,2.4655577
49,59,0.354197204,2.77173717,2.71208509
49,60,0.353962553,3.04280912,2.9831506
49,61,0.353345907,3.34086033,3.28119413
49,62,0.352244454,3.6685726,3.6088977
49,63,0.350533457,4.02889355,3.96920933
49,64,0.348061957,4.42506277,4.36536929
49,65,0.344647678,4.86064054,4.80093892
49,66,0.34007098,5.33953931,5.27983225
49,67,0.334067674,5.86605815,5.80635068
49,68,0.326320507,6.44492063,6.38522108
49,69,0.316449073,7.08131617,7.02163747
49,70,0.303997853,7.7809454,7.72130684
49,71,0.288422047,8.55006972,8.49049926
49,72,0.269070818,9.39556552,9.33610286
49,73,0.245167448,10.3249834,10.265684
49,74,0.215785885,11.346613,11.2875533
49,75,0.179823005,12.4695531,12.4108374
49,76,0.135965849,13.7037888,13.6455583
49,77,0.0826529215,15.0602751,15.0027192
49,78,0.0180285136,16.5510272,16.494399
49,79,-0.060111191,18.1892195,18.1338549
49,80,-0.154381656,19.9892917,19.9356347
50,0,0.321615254,0.0598997424,0
50,1,0.321624496,0.0608996995,0.000999999823
50,2,0.321634597,0.0619992792,0.00209962598
50,3,0.321645644,0.0632084066,0.00330880383
50,4,0.321657727,0.0645379954,0.00463844754
50,5,0.321670943,0.0660000468,0.00610055863
50,6,0.321685395,0.0676077575,0.00770833423
50,7,0.321701194,0.0693756389,0.00947628625
50,8,0.321718461,0.0713196483,0.0114203723
50,9,0.321737327,0.0734573326,0.0135581398
50,10,0.321757931,0.0758079869,0.0159088843
50,11,0.321780423,0.0783928284,0.0184938236
50,12,0.321804964,0.0812351882,0.0213362893
50,13,0.321831728,0.0843607218,0.0244619373
50,14,0.321860896,0.0877976404,0.0278989795
50,15,0.321892666,0.0915769659,0.0316784382
50,16,0.321927243,0.0957328106,0.0358344264
50,17,0.321964845,0.100302685,0.0404044551
50,18,0.322005702,0.105327837,0.0454297724
50,19,0.322050052,0.110853623,0.0509557355
50,20,0.322098141,0.116929918,0.0570322199
50,21,0.322150223,0.123611566,0.0637140697
50,22,0.322206555,0.130958874,0.0710615922
50,23,0.322267395,0.139038158,0.0791411026
50,24,0.322332996,0.147922338,0.0880255218
50,25,0.322403602,0.157691599,0.0977950346
50,26,0.32247944,0.168434115,0.108537813
50,27,0.32256071,0.180246842,0.120350813
50,28,0.322647573,0.193236393,0.133340647
50,29,0.322740141,0.207520004,0.147624547
50,30,0.322838455,0.223226584,0.163331422
50,31,0.322942463,0.240497888,0.180603022
50,32,0.323051999,0.259489785,0.199595214
50,33,0.323166748,0.280373672,0.220479389
50,34,0.323286204,0.303338016,0.243444008
50,35,0.323409629,0.328590054,0.268696303
50,36,0.323535994,0.356357662,0.296464142
50,37,0.323663909,0.38689141,0.326998085
50,38,0.323791541,0.420466821,0.360573647
50,39,0.323916518,0.457386853,0.397493772
50,40,0.324035808,0.497984629,0.438091574
50,41,0.324145576,0.542626441,0.48273333
50,42,0.324241017,0.591715047,0.531821787
50,43,0.32431615,0.645693299,0.585799783
50,44,0.324363575,0.705048132,0.645154244
50,45,0.324374184,0.770314944,0.710420559
50,46,0.324336817,0.842082414,0.782187406
50,47,0.324237848,0.920997799,0.86110205
50,48,0.324060693,1.00777275,0.947876161
50,49,0.323785234,1.10318971,1.04329222
50,50,0.323387117,1.20810893,1.14821056
50,51,0.322836934,1.32347623,1.26357708
50,52,0.322099242,1.45033141,1.39043175
50,53,0.321131402,1.58981764,1.52991797
50,54,0.319882199,1.74319166,1.68329281
50,55,0.318290206,1.91183503,1.85193828
50,56,0.316281847,2.09726649,2.03737373
50,57,0.313769095,2.30115547,2.24126946
50,58,0.31064675,2.52533703,2.46546168
50,59,0.306789212,2.77182812,2.71196891
50,60,0.302046656,3.04284557,2.98301001
50,61,0.296240512,3.34082565,3.28102404
50,62,0.289158112,3.66844569,3.60869192
50,63,0.280546349,4.02864763,3.96896038
50,64,0.27010419,4.42466392,4.36506812
50,65,0.257473815,4.86004582,4.8005746
50,66,0.242230139,5.33869441,5.27939155
50,67,0.223868433,5.86489447,5.80581762
50,68,0.201789704,6.44335151,6.38457631
50,69,0.175283411,7.07923223,7.02085761
50,70,0.143507078,7.7782086,7.7203636
50,71,0.105462208,8.54650593,8.48935844
50,72,0.059965886,9.39095516,9.33472311
50,73,0.00561727205,10.3190496,10.2640153
50,74,-0.059241894,11.3390066,11.2855352
50,75,-0.13657383,12.4598341,12.4083967
50,76,-0.22869952,13.6914026,13.6426067
50,77,-0.338363219,15.0445226,14.9991497
50,78,-0.468808323,16.5310274,16.4900824
50,79,-0.623866537,18.1638623,18.1286347
50,80,-0.808062585,19.9571785,19.9293219
51,0,0.306797715,0.0599952394,0
51,1,0.306800612,0.060995235,0.000999999806
51,2,0.306803712,0.0620948567,0.0020996259
51,3,0.306807038,0.0633040299,0.00330880363
51,4,0.306810606,0.0646336687,0.00463844716
51,5,0.30681443,0.0660957745,0.00610055797
51,6,0.306818522,0.0677035445,0.00770833318
51,7,0.306822894,0.0694714906,0.00947628465
51,8,0.306827555,0.0714155704,0.01142037
51,9,0.30683251,0.0735533313,0.0135581366
51,10,0.306837762,0.0759040688,0.0159088798
51,11,0.30684331,0.0784890007,0.0184938175
51,12,0.306849144,0.0813314586,0.0213362812
51,13,0.306855249,0.0844570984,0.0244619267
51,14,0.3068616,0.0878941319,0.0278989657
51,15,0.306868159,0.0916735815,0.0316784204
51,16,0.306874876,0.0958295599,0.0358344036
51,17,0.306881678,0.100399578,0.0404044261
51,18,0.306888475,0.105424885,0.0454297358
51,19,0.306895146,0.110950836,0.0509556894
51,20,0.306901538,0.117027307,0.0570321622
51,21,0.306907459,0.123709143,0.0637139977
51,22,0.306912665,0.131056649,0.0710615027
51,23,0.306916855,0.139136141,0.0791409915
51,24,0.306919656,0.148020539,0.0880253844
51,25,0.306920609,0.157790027,0.097794865
51,26,0.306919152,0.168532776,0.108537604
51,27,0.306914599,0.180345739,0.120350556
51,28,0.306906115,0.193335527,0.133340332
51,29,0.306892687,0.207619369,0.147624161
51,30,0.306873089,0.223326171,0.163330949
51,31,0.306845842,0.240597677,0.180602444
51,32,0.306809164,0.259589746,0.199594507
51,33,0.306760909,0.280473763,0.220478526
51,34,0.306698503,0.303438176,0.243442957
51,35,0.306618857,0.328690202,0.268695022
51,36,0.306518274,0.35645769,0.296462583
51,37,0.306392328,0.386991177,0.326996189
51,38,0.306235733,0.420566142,0.360571341
51,39,0.306042177,0.457485491,0.39749097
51,40,0.305804131,0.498082282,0.43808817
51,41,0.305512622,0.542722726,0.482729197
51,42,0.305156962,0.591809478,0.53181677
51,43,0.304724433,0.645785267,0.585793697
51,44,0.304199902,0.70513687,0.645146861
51,45,0.303565385,0.770399492,0.710411606
51,46,0.302799508,0.842161574,0.782176554
51,47,0.30187689,0.921070075,0.861088896
51,48,0.300767397,1.00783628,0.947860223
51,49,0.299435274,1.10324217,1.04327291
51,50,0.297838106,1.20814745,1.14818717
51,51,0.295925597,1.32349721,1.26354875
51,52,0.293638126,1.45033041,1.39039745
51,53,0.290905035,1.58978913,1.52987644
51,54,0.287642616,1.74312878,1.68324253
51,55,0.283751717,1.91172925,1.85187742
51,56,0.279114929,2.09710722,2.03730006
51,57,0.273593252,2.30092956,2.24118031
51,58,0.267022157,2.52502815,2.46535379
51,59,0.259206945,2.77141597,2.71183836
51,60,0.249917249,3.04230491,2.98285205
51,61,0.238880555,3.34012509,3.28083291
51,62,0.225774548,3.66754617,3.60846068
51,63,0.210218078,4.02750054,3.96868063
51,64,0.191760493,4.42320872,4.36472971
51,65,0.169869057,4.85820707,4.80016523
51,66,0.143914103,5.33637806,5.27889636
51,67,0.113151525,5.86198322,5.80521863
51,68,0.0767021291,6.43969898,6.3838518
51,69,0.0335272976,7.07465565,7.0199813
51,70,-0.0175996892,7.77247967,7.71930371
51,71,-0.0781274312,8.53933932,8.48807655
51,72,-0.149766176,9.3819941,9.33317274
51,73,-0.234534609,10.3078478,10.2621403
51,74,-0.334814888,11.3250056,11.2832675
51,75,-0.453417298,12.4423347,12.4056543
51,76,-0.593656189,13.6695293,13.6392901
51,77,-0.759439048,15.0171784,14.9951388
51,78,-0.955370883,16.496838,16.4852319
51,79,-1.1868764,18.1211052,18.122769
51,80,-1.46034281,19.9036945,19.9222285
52,0,0.292322442,0.0599952025,0
52,1,0.292318748,0.0609951955,0.000999999786
52,2,0.292314577,0.0620948136,0.00209962581
52,3,0.292309885,0.0633039821,0.00330880342
52,4,0.29230461,0.064633615,0.00463844674
52,5,0.292298683,0.0660957135,0.00610055724
52,6,0.292292022,0.0677034745,0.00770833201
52,7,0.292284534,0.0694714096,0.0094762829
52,8,0.292276112,0.071415476,0.0114203674
52,9,0.292266635,0.0735532206,0.013558133
52,10,0.292255962,0.0759039385,0.0159088749
52,11,0.292243934,0.0784888467,0.0184938108
52,12,0.292230368,0.0813312761,0.0213362723
52,13,0.292215055,0.0844568818,0.024461915
52,14,0.292197753,0.0878938743,0.0278989504
52,15,0.292178185,0.0916732748,0.0316784008
52,16,0.292156033,0.0958291946,0.0358343784
52,17,0.29213093,0.100399143,0.0404043941
52,18,0.292102453,0.105424365,0.0454296954
52,19,0.292070113,0.110950216,0.0509556386
52,20,0.292033347,0.117026568,0.0570320985
52,21,0.291991501,0.123708261,0.0637139182
52,22,0.291943821,0.131055598,0.0710614038
52,23,0.29188943,0.139134887,0.0791408689
52,24,0.291827313,0.148019043,0.0880252326
52,25,0.29175629,0.157788241,0.0977946777
52,26,0.291674991,0.168530645,0.108537374
52,27,0.291581824,0.180343196,0.120350273
52,28,0.291474932,0.193332493,0.133339984
52,29,0.291352155,0.207615748,0.147623734
52,30,0.291210974,0.223321848,0.163330427
52,31,0.291048451,0.240592514,0.180601805
52,32,0.290861156,0.25958358,0.199593727
52,33,0.29064508,0.280466396,0.220477574
52,34,0.290395542,0.303429373,0.243441796
52,35,0.290107063,0.328679678,0.268693608
52,36,0.289773232,0.356445104,0.296460861
52,37,0.289386544,0.386976117,0.326994095
52,38,0.288938206,0.420548115,0.360568795
52,39,0.288417914,0.4574639,0.397487875
52,40,0.287813585,0.49805641,0.438084411
52,41,0.287111044,0.542691704,0.482724633
52,42,0.286293658,0.59177226,0.531811231
52,43,0.285341899,0.645740585,0.585786976
52,44,0.284232832,0.70508319,0.645138709
52,45,0.282939514,0.770334956,0.710401721
52,46,0.281430283,0.842083928,0.78216457
52,47,0.279667916,0.920976583,0.861074372
52,48,0.277608644,1.00772361,0.947842623
52,49,0.275200987,1.10310629,1.04325159
52,50,0.272384382,1.20798342,1.14816134
52,51,0.269087555,1.32329902,1.26351747
52,52,0.265226624,1.45009072,1.39035957
52,53,0.260702833,1.58949898,1.52983058
52,54,0.255399907,1.7427772,1.68318701
52,55,0.24918091,1.91130281,1.85181021
52,56,0.241884557,2.09658945,2.03721872
52,57,0.233320852,2.30030026,2.24108187
52,58,0.223265952,2.52426247,2.46523466
52,59,0.211456109,2.77048336,2.7116942
52,60,0.19758052,3.04116775,2.98267762
52,61,0.181272906,3.33873701,3.28062186
52,62,0.16210158,3.66584994,3.60820535
52,63,0.139557738,4.02542546,3.96837173
52,64,0.113041661,4.42066739,4.36435602
52,65,0.0818464596,4.85509129,4.79971319
52,66,0.0451389139,5.33255381,5.27834955
52,67,0.00193692249,5.85728429,5.80455722
52,68,-0.048917056,6.43391908,6.38305178
52,69,-0.108787254,7.06753855,7.01901366
52,70,-0.179281356,7.7637068,7.71813336
52,71,-0.26229371,8.52851436,8.48666105
52,72,-0.360056102,9.3686236,9.33146078
52,73,-0.475197354,10.291317,10.2600698
52,74,-0.610813232,11.3045482,11.2807635
52,75,-0.770548356,12.4169947,12.402626
52,76,-0.958692059,13.6381139,13.6356278
52,77,-1.18029041,14.9781987,14.9907099
52,78,-1.44127694,16.4484345,16.4798759
52,79,-1.74862484,18.0609554,18.1162919
52,80,-2.11052384,19.8288972,19.9143957
53,0,0.27819728,0.0599005829,0
53,1,0.278186744,0.0609005272,0.000999999765
53,2,0.278175025,0.0620000907,0.00209962572
53,3,0.27816201,0.0632091981,0.00330880318
53,4,0.27814756,0.0645387627,0.00463844628
53,5,0.278131515,0.0660007849,0.00610055645
53,6,0.278113698,0.0676084605,0.00770833075
53,7,0.278093907,0.0693763001,0.00947628098
53,8,0.278071916,0.0713202595,0.0114203647
53,9,0.278047471,0.0734578843,0.013558129
53,10,0.278020286,0.0758084678,0.0159088695
53,11,0.277990039,0.0783932253,0.0184938035
53,12,0.277956365,0.0812354853,0.0213362626
53,13,0.277918855,0.0843609006,0.0244619022
53,14,0.277877046,0.0877976788,0.0278989338
53,15,0.277830414,0.0915768379,0.0316783794
53,16,0.277778365,0.0957324853,0.0358343511
53,17,0.277720226,0.100302126,0.0404043593
53,18,0.277655235,0.105327,0.0454296514
53,19,0.277582524,0.110852458,0.0509555832
53,20,0.277501105,0.116928363,0.0570320291
53,21,0.277409854,0.123609549,0.0637138316
53,22,0.277307489,0.130956308,0.0710612961
53,23,0.277192545,0.13903494,0.0791407353
53,24,0.277063346,0.147918346,0.0880250674
53,25,0.276917976,0.157686689,0.0977944738
53,26,0.276754236,0.168428112,0.108537123
53,27,0.276569605,0.18023954,0.120349964
53,28,0.276361183,0.193227545,0.133339605
53,29,0.276125638,0.207509315,0.147623269
53,30,0.275859129,0.223213704,0.163329858
53,31,0.275557229,0.240482395,0.18060111
53,32,0.275214829,0.259471176,0.199592878
53,33,0.274826024,0.280351345,0.220476538
53,34,0.274383984,0.303311248,0.243440532
53,35,0.273880801,0.328557978,0.268692069
53,36,0.273307309,0.356319238,0.296458987
53,37,0.272652875,0.386845389,0.326991815
53,38,0.271905148,0.4204117,0.360566022
53,39,0.271049779,0.457320821,0.397484506
53,40,0.270070071,0.497905507,0.438080318
53,41,0.268946588,0.5425316,0.482719663
53,42,0.267656685,0.591601312,0.531805199
53,43,0.266173957,0.645556836,0.585779657
53,44,0.264467592,0.7048843,0.645129832
53,45,0.262501616,0.770118126,0.710390957
53,46,0.260233995,0.8418458,0.782151521
53,47,0.257615586,0.920713125,0.861058557
53,48,0.2545889,1.00742998,0.94782346
53,49,0.25108665,1.10277663,1.04322837
53,50,0.247030034,1.20761069,1.14813322
53,51,0.242326726,1.32287471,1.26348341
53,52,0.236868496,1.4496045,1.39031833
53,53,0.230528424,1.58893836,1.52978065
53,54,0.223157602,1.74212698,1.68312656
53,55,0.214581264,1.91054454,1.85173704
53,56,0.204594217,2.09570063,2.03713015
53,57,0.192955471,2.29925346,2.24097468
53,58,0.179381901,2.52302419,2.46510494
53,59,0.163540791,2.76901262,2.71153723
53,60,0.145041046,3.03941434,2.98248769
53,61,0.123422848,3.33663935,3.28039206
53,62,0.0981454683,3.66333241,3.60792732
53,63,0.0685729215,4.02239505,3.96803538
53,64,0.033957076,4.41700957,4.36394913
53,65,-0.00658222347,4.85066488,4.79922097
53,66,-0.0540805421,5.32718455,5.27775415
53,67,-0.10975636,5.85075684,5.80383703
53,68,-0.175043404,6.42596711,6.38218067
53,69,-0.25162864,7.05783224,7.01796003
53,70,-0.341496869,7.7518374,7.716859
53,71,-0.446983067,8.51397479,8.48511976
53,72,-0.57083372,9.35078433,9.32959669
53,73,-0.716278646,10.2693959,10.2578154
53,74,-0.887114995,11.2775726,11.278037
53,75,-1.08780533,12.383755,12.3993286
53,76,-1.32359196,13.5971042,13.6316401
53,77,-1.60062995,14.9275443,14.9858874
53,78,-1.92614153,16.3858006,16.4740439
53,79,-2.30859471,17.9834341,18.1092392
53,80,-2.75790947,19.7328666,19.9058669
54,0,0.264428959,0.0597126445,0
54,1,0.264411321,0.0607124887,0.000999999742
54,2,0.264391772,0.0618119408,0.00209962562
54,3,0.264370123,0.0630209243,0.00330880293
54,4,0.264346154,0.0643503511,0.00463844579
54,5,0.264319616,0.0658122201,0.00610055559
54,6,0.26429023,0.0674197254,0.00770832938
54,7,0.264257683,0.0691873755,0.00947627892
54,8,0.264221625,0.071131124,0.0114203617
54,9,0.264181666,0.0732685139,0.0135581248
54,10,0.264137367,0.0756188357,0.0159088637
54,11,0.26408824,0.0782033013,0.0184937957
54,12,0.264033734,0.0810452358,0.0213362521
54,13,0.263973232,0.0841702875,0.0244618885
54,14,0.263906042,0.0876066595,0.027898916
54,15,0.263831385,0.0913853641,0.0316783564
54,16,0.263748386,0.0955405027,0.0358343216
54,17,0.263656055,0.100109573,0.0404043219
54,18,0.263553281,0.105133808,0.045429604
54,19,0.263438805,0.110658547,0.0509555236
54,20,0.263311205,0.116733645,0.0570319545
54,21,0.263168873,0.123413921,0.0637137384
54,22,0.263009984,0.130759656,0.0710611802
54,23,0.262832469,0.138837132,0.0791405916
54,24,0.262633978,0.147719231,0.0880248896
54,25,0.262411835,0.157486094,0.0977942543
54,26,0.262162997,0.168225841,0.108536852
54,27,0.261883989,0.180035364,0.120349632
54,28,0.261570847,0.193021206,0.133339196
54,29,0.261219039,0.207300511,0.147622769
54,30,0.260823376,0.223002088,0.163329246
54,31,0.260377913,0.240267565,0.180600361
54,32,0.259875826,0.259252667,0.199591963
54,33,0.25930928,0.280128616,0.220475422
54,34,0.25866926,0.303083671,0.243439172
54,35,0.257945386,0.32832482,0.268690412
54,36,0.257125693,0.356079642,0.29645697
54,37,0.25619637,0.386598353,0.32698936
54,38,0.255141463,0.420156047,0.360563038
54,39,0.253942518,0.457055172,0.397480879
54,40,0.252578171,0.497628235,0.438075913
54,41,0.251023662,0.542240786,0.482714314
54,42,0.249250267,0.59129469,0.531798706
54,43,0.247224636,0.645231721,0.58577178
54,44,0.24490801,0.704537508,0.645120277
54,45,0.242255306,0.769745869,0.710379371
54,46,0.239214043,0.841443569,0.782137476
54,47,0.235723076,0.920275539,0.861041534
54,48,0.231711116,1.0069506,0.947802833
54,49,0.227094985,1.10224776,1.04320338
54,50,0.221777568,1.20702308,1.14810295
54,51,0.215645401,1.32221724,1.26344675
54,52,0.208565842,1.4488638,1.39027394
54,53,0.200383736,1.58809826,1.5297269
54,54,0.190917492,1.74116798,1.68306149
54,55,0.179954477,1.90944301,1.85165827
54,56,0.16724558,2.09442792,2.03703482
54,57,0.152498833,2.29777476,2.2408593
54,58,0.135371887,2.52129715,2.46496532
54,59,0.115463171,2.76698564,2.71136827
54,60,0.0923014827,3.03702444,2.98228325
54,61,0.0653337372,3.33380953,3.28014471
54,62,0.0339105609,3.6599684,3.60762807
54,63,-0.00273066001,4.0183813,3.96767334
54,64,-0.0454857109,4.41220417,4.36351116
54,65,-0.0954069803,4.84489342,4.79869117
54,66,-0.153730994,5.32023228,5.27711328
54,67,-0.221910751,5.84235913,5.80306183
54,68,-0.301653685,6.41579737,6.38124303
54,69,-0.394966179,7.04548706,7.01682593
54,70,-0.504205739,7.73681791,7.71548731
54,71,-0.632142067,8.4956635,8.48346075
54,72,-0.782028465,9.32841624,9.32759023
54,73,-0.9576852,10.2420225,10.2553887
54,74,-1.16359666,11.2440174,11.2751022
54,75,-1.40502436,12.3425573,12.3957794
54,76,-1.68813806,13.5464502,13.6273478
54,77,-2.0201675,14.8651808,14.9806966
54,78,-2.40957734,16.3089287,16.4677665
54,79,-2.86626818,17.8885767,18.1016479
54,80,-3.40180644,19.6157056,19.8966867
55,0,0.251023133,0.0594329435,0
55,1,0.25099813,0.0604326306,0.000999999717
55,2,0.250970459,0.0615319081,0.00209962551
55,3,0.250939857,0.062740698,0.00330880266
55,4,0.250906019,0.06406991,0.00463844526
55,5,0.250868602,0.0655315406,0.00610055468
55,6,0.250827223,0.0671387814,0.00770832793
55,7,0.250781454,0.0689061378,0.00947627672
55,8,0.250730818,0.0708495603,0.0114203585
55,9,0.250674783,0.072986588,0.0135581203
55,10,0.250612755,0.0753365071,0.0159088575
55,11,0.250544071,0.0779205249,0.0184937873
55,12,0.250467988,0.0807619611,0.021336241
55,13,0.250383678,0.0838864579,0.0244618738
55,14,0.250290211,0.0873222116,0.0278988969
55,15,0.250186546,0.0911002267,0.0316783318
55,16,0.250071515,0.0952545958,0.0358342902
55,17,0.249943807,0.0998228067,0.0404042819
55,18,0.249801948,0.104846081,0.0454295535
55,19,0.24964428,0.110369744,0.0509554601
55,20,0.249468933,0.116443637,0.0570318749
55,21,0.2492738,0.123122563,0.0637136391
55,22,0.249056502,0.130466781,0.0710610567
55,23,0.24881435,0.138542553,0.0791404384
55,24,0.248544299,0.147422734,0.0880247
55,25,0.2482429,0.157187436,0.0977940203
55,26,0.24790624,0.167924744,0.108536564
55,27,0.247529874,0.179731512,0.120349277
55,28,0.247108745,0.192714236,0.133338761
55,29,0.246637097,0.206990008,0.147622236
55,30,0.246108363,0.222687574,0.163328593
55,31,0.24551505,0.239948492,0.180599563
55,32,0.24484859,0.258928401,0.199590989
55,33,0.244099176,0.279798427,0.220474233
55,34,0.243255573,0.302746711,0.243437722
55,35,0.242304886,0.327980109,0.268688645
55,36,0.241232307,0.355726041,0.29645482
55,37,0.240020801,0.386234534,0.326986744
55,38,0.238650756,0.419780463,0.360559857
55,39,0.237099561,0.456666012,0.397477014
55,40,0.235341125,0.497223379,0.438071217
55,41,0.233345302,0.541817747,0.482708613
55,42,0.231077227,0.590850542,0.531791786
55,43,0.228496536,0.644763015,0.585763383
55,44,0.225556448,0.704040172,0.645110092
55,45,0.222202701,0.769215084,0.710367021
55,46,0.218372287,0.840873622,0.782122504
55,47,0.213991982,0.91965964,0.861023389
55,48,0.208976619,1.00628067,0.947780845
55,49,0.20322705,1.10151416,1.04317675
55,50,0.196627768,1.20621428,1.14807069
55,51,0.189044104,1.32131945,1.26340767
55,52,0.180318933,1.44786046,1.39022662
55,53,0.17026881,1.58696947,1.52966961
55,54,0.158679423,1.73988978,1.68299213
55,55,0.145300246,1.90798646,1.85157431
55,56,0.129838255,2.09275807,2.0369332
55,57,0.111950541,2.29584928,2.24073631
55,58,0.0912356175,2.51906467,2.46481648
55,59,0.067223205,2.76438375,2.71118817
55,60,0.0393622153,3.03397716,2.98206533
55,61,0.00700662779,3.33022423,3.27988105
55,62,-0.0306011137,3.65573195,3.60730907
55,63,-0.0743496114,4.01335532,3.96728743
55,64,-0.125281433,4.40621917,4.36304431
55,65,-0.184620024,4.83774146,4.79812643
55,66,-0.253801294,5.31165794,5.27643015
55,67,-0.334510655,5.83204822,5.80223552
55,68,-0.428726434,6.40336298,6.38024355
55,69,-0.538770684,7.0304521,7.01561704
55,70,-0.667368614,7.71859353,7.71402517
55,71,-0.817717975,8.47352217,8.48169235
55,72,-0.993569957,9.3014583,9.32545145
55,73,-1.19932332,10.2091347,10.2528021
55,74,-1.44013365,11.203821,11.2719739
55,75,-1.72203989,12.2933444,12.3919961
55,76,-2.05211034,13.4861044,13.6227725
55,77,-2.43861049,14.7910788,14.9751634
55,78,-2.89119515,16.2178196,16.4610751
55,79,-3.42112725,17.7764327,18.093556
55,80,-4.04152526,19.4775396,19.8869011
56,0,0.237984437,0.0590633061,0
56,1,0.237951797,0.060062773,0.000999999691
56,2,0.237915704,0.0611618062,0.0020996254
56,3,0.23787582,0.0623703252,0.00330880238
56,4,0.237831752,0.0636992371,0.00463844471
56,5,0.23778306,0.0651605352,0.00610055372
56,6,0.237729252,0.0667674074,0.00770832639
56,7,0.237669783,0.0685343551,0.0094762744
56,8,0.237604043,0.0704773243,0.0114203551
56,9,0.237531355,0.0726138491,0.0135581156
56,10,0.237450963,0.07496321,0.0159088509
56,11,0.237362026,0.0775466079,0.0184937785
56,12,0.237263602,0.0803873553,0.0213362292
56,13,0.237154643,0.0835110863,0.0244618583
56,14,0.237033977,0.086945988,0.0278988768
56,15,0.236900292,0.0907230548,0.0316783058
56,16,0.236752119,0.0948763675,0.035834257
56,17,0.236587815,0.0994434006,0.0404042397
56,18,0.236405534,0.104465361,0.0454295001
56,19,0.236203205,0.109987557,0.050955393
56,20,0.2359785,0.116059809,0.0570317908
56,21,0.235728801,0.1227369,0.0637135341
56,22,0.235451157,0.130079063,0.0710609261
56,23,0.235142243,0.13815253,0.0791402764
56,24,0.234798304,0.147030124,0.0880244996
56,25,0.234415097,0.156791919,0.097793773
56,26,0.23398782,0.167525957,0.108536259
56,27,0.233511032,0.179329041,0.120348903
56,28,0.232978562,0.192307608,0.133338302
56,29,0.232383401,0.206578683,0.147621672
56,30,0.231717578,0.222270936,0.163327903
56,31,0.230972018,0.239525832,0.180598719
56,32,0.230136373,0.258498908,0.199589958
56,33,0.229198834,0.279361164,0.220472976
56,34,0.228145902,0.302300601,0.24343619
56,35,0.226962127,0.327523905,0.268686778
56,36,0.225629811,0.355258302,0.296452546
56,37,0.224128648,0.385753587,0.326983979
56,38,0.222435315,0.419284364,0.360556494
56,39,0.22052299,0.456152497,0.397472927
56,40,0.218360796,0.496689807,0.438066253
56,41,0.215913138,0.541261029,0.482702585
56,42,0.213138945,0.590267057,0.53178447
56,43,0.209990769,0.644148511,0.585754507
56,44,0.20641374,0.703389646,0.645099326
56,45,0.202344339,0.768522636,0.710353966
56,46,0.197708959,0.84013228,0.782106678
56,47,0.192422219,0.918861149,0.861004208
56,48,0.186384995,1.00541523,0.947757603
56,49,0.179482096,1.10057013,1.04314859
56,50,0.171579552,1.20517777,1.14803658
56,51,0.162521416,1.32017389,1.26336637
56,52,0.152126027,1.44658603,1.3901766
56,53,0.140181602,1.5855424,1.52960905
56,54,0.126441073,1.73828152,1.68291882
56,55,0.110616016,1.90616268,1.85148556
56,56,0.0923695139,2.09067733,2.03682578
56,57,0.0713077791,2.29346155,2.24060631
56,58,0.0469702998,2.5163094,2.46465916
56,59,0.0188182679,2.76118751,2.71099779
56,60,-0.0137790197,3.03025078,2.98183498
56,61,-0.0515601358,3.3258592,3.27960234
56,62,-0.0953902833,3.65059605,3.60697188
56,63,-0.146283321,4.00728711,3.9668795
56,64,-0.205427608,4.3990213,4.36255081
56,65,-0.274216319,4.82917224,4.79752946
56,66,-0.354282972,5.30142104,5.27570803
56,67,-0.447543026,5.81977973,5.80136205
56,68,-0.556242548,6.38861549,6.37918704
56,69,-0.683015067,7.01267487,7.01433916
56,70,-0.830947897,7.6971079,7.7124796
56,71,-1.00365937,8.44749101,8.47982303
56,72,-1.2053886,9.26984817,9.32319063
56,73,-1.44109946,10.1706689,10.2500678
56,74,-1.71660086,11.1569214,11.2686671
56,75,-2.03868518,12.2360598,12.3879969
56,76,-2.41528702,13.4160215,13.617936
56,77,-2.85566439,14.7052135,14.9693146
56,78,-3.37060429,16.1124825,16.4540019
56,79,-3.97265423,17.6470657,18.0850023
56,80,-4.6763809,19.3185165,19.8765572
57,0,0.225316534,0.0586058047,0
57,1,0.225275974,0.0596049815,0.000999999664
57,2,0.225231152,0.0607036933,0.00209962528
57,3,0.225181646,0.0619118563,0.00330880208
57,4,0.225126975,0.0632403739,0.00463844412
57,5,0.225066598,0.0647012354,0.00610055271
57,6,0.224999912,0.0663076241,0.00770832478
57,7,0.224926249,0.0680740363,0.00947627196
57,8,0.224844863,0.070016412,0.0114203516
57,9,0.224754926,0.0721522788,0.0135581106
57,10,0.224655517,0.0745009101,0.0159088441
57,11,0.224545607,0.0770834986,0.0184937692
57,12,0.224424054,0.0799233475,0.0213362169
57,13,0.224289581,0.0830460807,0.0244618421
57,14,0.224140765,0.0864798736,0.0278988557
57,15,0.223976016,0.0902557075,0.0316782786
57,16,0.223793556,0.0944076485,0.0358342221
57,17,0.223591398,0.0989731543,0.0404041954
57,18,0.223367315,0.103993413,0.0454294441
57,19,0.223118812,0.109513711,0.0509553225
57,20,0.222843089,0.115583846,0.0570317025
57,21,0.222537002,0.122258571,0.063713424
57,22,0.222197016,0.129598088,0.0710607891
57,23,0.221819152,0.137668595,0.0791401064
57,24,0.221398926,0.146542872,0.0880242894
57,25,0.220931281,0.156300947,0.0977935135
57,26,0.220410505,0.167030807,0.10853594
57,27,0.219830139,0.178829194,0.120348509
57,28,0.219182872,0.191802472,0.133337819
57,29,0.218460416,0.206067587,0.147621081
57,30,0.217653365,0.22175311,0.163327179
57,31,0.21675103,0.2390004,0.180597834
57,32,0.215741252,0.257964862,0.199588877
57,33,0.214610177,0.278817351,0.220471656
57,34,0.213342004,0.301745694,0.243434581
57,35,0.211918687,0.326956377,0.268684819
57,36,0.21031959,0.354676387,0.296450161
57,37,0.208521087,0.385155246,0.326981077
57,38,0.20649609,0.418667233,0.360552966
57,39,0.204213513,0.455513831,0.397468639
57,40,0.201637631,0.496026412,0.438061044
57,41,0.198727339,0.54056918,0.482696261
57,42,0.195435294,0.589542402,0.531776794
57,43,0.191706896,0.643385954,0.585745193
57,44,0.187479112,0.702583207,0.645088029
57,45,0.182679096,0.767665283,0.710340267
57,46,0.177222563,0.839215726,0.782090071
57,47,0.171011904,0.917875607,0.86098408
57,48,0.163933961,1.00434912,0.947733214
57,49,0.155857429,1.09940971,1.04311904
57,50,0.146629802,1.20390673,1.14800079
57,51,0.136073801,1.31877277,1.26332302
57,52,0.123983169,1.44503164,1.39012411
57,53,0.11011775,1.58380699,1.52954549
57,54,0.0941977022,1.73633184,1.68284188
57,55,0.0758967068,1.9039588,1.85139243
57,56,0.0548339959,2.08817122,2.03671306
57,57,0.0305649864,2.29059531,2.24046988
57,58,0.00257028436,2.51301309,2.46449406
57,59,-0.0297572281,2.7573765,2.71079802
57,60,-0.0671275524,3.02582248,2.98159325
57,61,-0.110371368,3.32068902,3.27930987
57,62,-0.160460913,3.64453238,3.60661804
57,63,-0.218534472,4.00014525,3.96645142
57,64,-0.285925081,4.39057575,4.36203296
57,65,-0.364194156,4.81914734,4.79690302
57,66,-0.455170837,5.28947928,5.27495027
57,67,-0.560997993,5.80550732,5.80044547
57,68,-0.684185931,6.37150443,6.37807838
57,69,-0.827674993,6.99210079,7.01299821
57,70,-0.994908403,7.67230254,7.71085773
57,71,-1.18991681,8.41750819,8.47786144
57,72,-1.41741621,9.23352167,9.3208182
57,73,-1.68292087,10.1265603,10.2471985
57,74,-1.99287328,11.103256,11.265197
57,75,-2.35479284,12.1706472,12.3838004
57,76,-2.77744507,13.3361585,13.6128609
57,77,-3.27103319,14.6075647,14.963177
57,78,-3.84741305,15.9929352,16.4465796
57,79,-4.52033233,17.5005537,18.0760263
57,80,-5.30569355,19.1388067,19.8657026
58,0,0.213022164,0.0580627323,0
58,1,0.212973395,0.0590615419,0.000999999636
58,2,0.212919522,0.060159847,0.00209962515
58,3,0.212860045,0.06136756,0.00330880177
58,4,0.212794385,0.0626955796,0.00463844351
58,5,0.212721899,0.06415589,0.00610055166
58,6,0.21264187,0.0657616686,0.0077083231
58,7,0.212553501,0.0675274054,0.00947626942
58,8,0.212455907,0.0694690331,0.0114203479
58,9,0.212348105,0.0716040714,0.0135581054
58,10,0.212229,0.0739517845,0.0159088369
58,11,0.212097375,0.076533355,0.0184937595
58,12,0.211951875,0.0793720749,0.021336204
58,13,0.211790992,0.0824935551,0.0244618252
58,14,0.211613041,0.085925957,0.0278988337
58,15,0.211416148,0.0897002456,0.0316782502
58,16,0.211198215,0.0938504687,0.0358341858
58,17,0.210956902,0.0984140639,0.0404041492
58,18,0.21068959,0.103432195,0.0454293857
58,19,0.210393347,0.108950125,0.050955249
58,20,0.210064888,0.115017619,0.0570316105
58,21,0.20970053,0.121689397,0.0637133091
58,22,0.209296135,0.129025625,0.0710606462
58,23,0.208847056,0.137092454,0.0791399292
58,24,0.20834806,0.145962617,0.0880240701
58,25,0.207793258,0.155716083,0.0977932429
58,26,0.207176004,0.166440776,0.108535606
58,27,0.206488798,0.178233362,0.1203481
58,28,0.205723162,0.191200122,0.133337316
58,29,0.204869501,0.2054579,0.147620464
58,30,0.203916943,0.221135158,0.163326424
58,31,0.202853155,0.238373119,0.180596911
58,32,0.201664128,0.257327041,0.19958775
58,33,0.200333927,0.278167601,0.220470281
58,34,0.198844409,0.301082423,0.243432904
58,35,0.197174886,0.326277754,0.268682776
58,36,0.195301737,0.353980305,0.296447674
58,37,0.193197964,0.384439274,0.326978051
58,38,0.190832665,0.41792856,0.360549287
58,39,0.188170427,0.454749203,0.397464168
58,40,0.18517062,0.495232049,0.438055613
58,41,0.181786567,0.539740687,0.482689667
58,42,0.177964582,0.588674655,0.53176879
58,43,0.173642848,0.642472969,0.585735482
58,44,0.168750097,0.701617977,0.64507625
58,45,0.163204078,0.76663959,0.710325985
58,46,0.156909761,0.838119906,0.782072757
58,47,0.149757228,0.916698277,0.860963095
58,48,0.141619219,1.00307684,0.947707785
58,49,0.13234824,1.09802657,1.04308823
58,50,0.12177319,1.20239387,1.14796347
58,51,0.109695395,1.31710779,1.26327783
58,52,0.0958839628,1.44318783,1.39006939
58,53,0.0800703316,1.58175251,1.52947924
58,54,0.0619418783,1.7340286,1.68276167
58,55,0.0411344133,1.90136114,1.85129534
58,56,0.0172233754,2.08522435,2.03659554
58,57,-0.0102865033,2.28723326,2.24032765
58,58,-0.0419733249,2.50915635,2.46432194
58,59,-0.0785122583,2.75292904,2.71058974
58,60,-0.120692235,3.02066805,2.98134123
58,61,-0.169435533,3.31468669,3.27900495
58,62,-0.22582073,3.63751097,3.60624913
58,63,-0.291109603,3.99189646,3.96600512
58,64,-0.366778618,4.38084572,4.36149306
58,65,-0.45455577,4.80762617,4.79624991
58,66,-0.556463621,5.27578809,5.27416024
58,67,-0.674869532,5.78918224,5.79948985
58,68,-0.812544178,6.3519768,6.3769225
58,69,-0.972729585,6.96867266,7.01160016
58,70,-1.15921806,7.64411634,7.70916679
58,71,-1.37644351,8.38350932,8.47581631
58,72,-1.62958671,9.19241226,9.31834475
58,73,-1.9246962,10.0767423,10.2442071
58,74,-2.26882654,11.0427609,11.2615792
58,75,-2.67019535,12.0970503,12.3794251
58,76,-3.13836072,13.2464737,13.6075696
58,77,-3.68441981,14.4981166,14.956778
58,78,-4.32122918,15.859204,16.4388412
58,79,-5.06364611,17.3369884,18.0666682
58,80,-5.92878931,18.9386026,19.8543857
59,0,0.201103206,0.0574365758,0
59,1,0.201045924,0.0584349334,0.000999999607
59,2,0.200982669,0.059532738,0.00209962502
59,3,0.200912854,0.0607398973,0.00330880145
59,4,0.200835804,0.0620673045,0.00463844288
59,5,0.200750769,0.0635269374,0.00610055057
59,6,0.200656912,0.0651319666,0.00770832136
59,7,0.200553306,0.066896874,0.00947626679
59,8,0.200438921,0.0688375838,0.0114203441
59,9,0.200312612,0.0709716058,0.0135581
59,10,0.200173108,0.0733181932,0.0159088295
59,11,0.200018994,0.0758985165,0.0184937495
59,12,0.199848699,0.0787358538,0.0213361906
59,13,0.199660473,0.0818558009,0.0244618076
59,14,0.199452366,0.0852865017,0.0278988108
59,15,0.199222205,0.0890589019,0.0316782208
59,16,0.198967567,0.0932070276,0.0358341481
59,17,0.198685747,0.0977682916,0.0404041014
59,18,0.198373722,0.10278383,0.0454293252
59,19,0.198028111,0.108298875,0.0509551729
59,20,0.197645132,0.114363155,0.0570315151
59,21,0.197220544,0.121031352,0.0637131901
59,22,0.196749595,0.128363584,0.0710604981
59,23,0.196226948,0.136425951,0.0791397455
59,24,0.195646605,0.145291128,0.0880238429
59,25,0.195001821,0.155039017,0.0977929624
59,26,0.194284995,0.165757464,0.108535261
59,27,0.19348756,0.177543049,0.120347675
59,28,0.192599846,0.190501949,0.133336795
59,29,0.191610921,0.204750897,0.147619825
59,30,0.190508416,0.220418218,0.163325642
59,31,0.18927832,0.237644985,0.180595955
59,32,0.187904736,0.256586278,0.199586582
59,33,0.186369611,0.277412568,0.220468855
59,34,0.184652416,0.300311243,0.243431166
59,35,0.182729774,0.325488275,0.268680658
59,36,0.180575035,0.353170053,0.296445097
59,37,0.178157774,0.383605401,0.326974915
59,38,0.175443219,0.417067781,0.360545474
59,39,0.172391576,0.45385772,0.397459534
59,40,0.168957244,0.494305464,0.438049984
59,41,0.16508791,0.538773894,0.482682831
59,42,0.16072348,0.587661718,0.531760494
59,43,0.155794846,0.641406965,0.585725416
59,44,0.150222434,0.700490823,0.645064042
59,45,0.143914518,0.765441821,0.71031118
59,46,0.136765243,0.836840419,0.78205481
59,47,0.128652313,0.915324019,0.860941344
59,48,0.119434289,1.00159243,0.947681428
59,49,0.108947427,1.09641384,1.0430563
59,50,0.0970019659,1.20063134,1.14792479
59,51,0.0833777859,1.31516995,1.26323099
59,52,0.0678193196,1.4410444,1.39001266
59,53,0.0500295823,1.57936739,1.52941056
59,54,0.0296631738,1.73135872,1.68267853
59,55,0.00631807072,1.89835497,1.85119469
59,56,-0.0204740008,2.08182012,2.03647372
59,57,-0.0512588572,2.28335679,2.24018022
59,58,-0.0866731007,2.50471836,2.46414353
59,59,-0.12745965,2.74782183,2.71037385
59,60,-0.174485944,3.01476151,2.98108001
59,61,-0.22876528,3.30782331,3.27868889
59,62,-0.291481795,3.6294997,3.60586674
59,63,-0.364019714,3.98250517,3.96554251
59,64,-0.447997543,4.36979191,4.36093342
59,65,-0.545308015,4.79456545,4.79557293
59,66,-0.658164684,5.26029998,5.27334134
59,67,-0.789156188,5.77075265,5.79849931
59,68,-0.941309319,6.32997635,6.37572439
59,69,-1.11816216,6.9423299,7.01015101
59,70,-1.32384867,7.61248477,7.70741406
59,71,-1.56319608,8.34542665,8.47369645
59,72,-1.84183682,9.14645027,9.31578091
59,73,-2.1663362,10.0211452,10.2411064
59,74,-2.54433752,10.9753702,11.2578292
59,75,-2.98472563,12.0152121,12.3748899
59,76,-3.49780989,13.1469269,13.602085
59,77,-4.09552658,14.3768575,14.9501452
59,78,-4.79166029,15.7113229,16.43082
59,79,-5.60208208,17.1564756,18.056968
59,80,-6.54500096,18.7181185,19.8426554
60,0,0.189560724,0.0567299898,0
60,1,0.189494612,0.0577278016,0.000999999576
60,2,0.189421628,0.0588250023,0.00209962489
60,3,0.189341094,0.0600314937,0.00330880112
60,4,0.189252236,0.0613581624,0.00463844223
60,5,0.189154191,0.0628169788,0.00610054944
60,6,0.189046001,0.0644211049,0.00770831956
60,7,0.188926603,0.0661850135,0.00947626407
60,8,0.188794817,0.0681246182,0.0114203401
60,9,0.188649332,0.0702574171,0.0135580944
60,10,0.188488693,0.0726026506,0.0159088218
60,11,0.188311284,0.0751814745,0.0184937391
60,12,0.188115307,0.0780171506,0.0213361769
60,13,0.187898765,0.0811352565,0.0244617895
60,14,0.187659433,0.0845639156,0.0278987873
60,15,0.187394833,0.0883340508,0.0316781905
60,16,0.187102204,0.0924796621,0.0358341093
60,17,0.186778466,0.0970381336,0.040404052
60,18,0.186420179,0.102050569,0.0454292628
60,19,0.186023502,0.107562162,0.0509550944
60,20,0.185584139,0.113622602,0.0570314168
60,21,0.18509728,0.120286521,0.0637130673
60,22,0.184557537,0.127613985,0.0710603454
60,23,0.183958867,0.135671035,0.0791395561
60,24,0.183294487,0.144530274,0.0880236086
60,25,0.182556773,0.154271528,0.0977926732
60,26,0.181737147,0.164982552,0.108534905
60,27,0.18082595,0.176759824,0.120347237
60,28,0.179812288,0.189709407,0.133336257
60,29,0.178683866,0.203947897,0.147619166
60,30,0.177426785,0.219603466,0.163324835
60,31,0.176025317,0.236817011,0.180594968
60,32,0.174461643,0.255743407,0.199585377
60,33,0.17271555,0.276552892,0.220467385
60,34,0.170764079,0.299432578,0.243429374
60,35,0.168581117,0.324588122,0.268678475
60,36,0.166136933,0.352245549,0.296442439
60,37,0.163397625,0.382653252,0.326971681
60,38,0.160324493,0.416084197,0.360541542
60,39,0.156873299,0.452838327,0.397454756
60,40,0.152993412,0.493245207,0.43804418
60,41,0.148626813,0.537666916,0.482675784
60,42,0.143706932,0.58650122,0.531751941
60,43,0.1381573,0.640185038,0.585715038
60,44,0.131889962,0.699198246,0.645051453
60,45,0.124803641,0.764067822,0.710295916
60,46,0.116781585,0.835372384,0.782036305
60,47,0.107689044,0.913747147,0.860918916
60,48,0.097370334,0.999889315,0.947654252
60,49,0.0856453901,1.09456397,1.04302338
60,50,0.0723057345,1.19861047,1.14788491
60,51,0.0571097568,1.31294941,1.26318269
60,52,0.0397771825,1.43859015,1.38995418
60,53,0.0199825928,1.57663897,1.52933974
60,54,-0.00265217117,1.7283079,1.6825928
60,55,-0.0285669124,1.89492419,1.85109092
60,56,-0.058273515,2.07794048,2.03634812
60,57,-0.0923681798,2.27894566,2.24002821
60,58,-0.131545765,2.49967644,2.46395957
60,59,-0.176616591,2.74202959,2.71015124
60,60,-0.228526126,3.00807469,2.98081066
60,61,-0.288378031,3.30006755,3.278363
60,62,-0.357461129,3.62046382,3.60547246
60,63,-0.437280928,3.97193294,3.96506552
60,64,-0.529596437,4.3573719,4.36035639
60,65,-0.636463095,4.77991853,4.7948749
60,66,-0.76028277,5.24296386,5.27249699
60,67,-0.903861852,5.75016288,5.79747798
60,68,-1.07047861,6.30544277,6.37448904
60,69,-1.26396105,6.91300776,7.00865682
60,70,-1.48877664,7.57733905,7.70560685
60,71,-1.75013527,8.30318819,8.47151069
60,72,-2.05410677,9.09556199,9.31313737
60,73,-2.40775434,9.95969621,10.2379092
60,74,-2.819285,10.9010152,11.2539626
60,75,-3.2982176,11.925074,12.3702137
60,76,-3.85556874,13.0374785,13.5964298
60,77,-4.50405565,14.2437793,14.9433063
60,78,-5.25831434,15.5493343,16.4225494
60,79,-6.13512918,16.9591349,18.0469664
60,80,-7.15366865,18.4775907,19.8305604
61,0,0.178395026,0.0559457691,0
61,1,0.178319753,0.0569429317,0.000999999545
61,2,0.178236675,0.0580394141,0.00209962475
61,3,0.178145022,0.0592451116,0.00330880078
61,4,0.178043915,0.0605709028,0.00463844156
61,5,0.177932378,0.0620287492,0.00610054829
61,6,0.177809325,0.063631803,0.00770831772
61,7,0.177673553,0.0653945259,0.00947626129
61,8,0.177523726,0.0673328193,0.0114203361
61,9,0.177358362,0.0694641677,0.0135580887
61,10,0.177175817,0.0718077959,0.015908814
61,11,0.176974266,0.0743848428,0.0184937285
61,12,0.176751678,0.0772185511,0.0213361627
61,13,0.1765058,0.0803344769,0.024461771
61,14,0.176234123,0.0837607199,0.0278987631
61,15,0.175933855,0.0875281759,0.0316781593
61,16,0.175601885,0.091670815,0.0358340695
61,17,0.175234748,0.0962259872,0.0404040013
61,18,0.174828576,0.101234758,0.0454291988
61,19,0.174379052,0.106742279,0.0509550138
61,20,0.173881351,0.11279819,0.0570313158
61,21,0.173330078,0.119457069,0.0637129414
61,22,0.172719192,0.126778921,0.0710601887
61,23,0.172041926,0.134829714,0.0791393618
61,24,0.171290688,0.143681974,0.0880233682
61,25,0.170456954,0.153415436,0.0977923764
61,26,0.169531144,0.164117752,0.108534539
61,27,0.168502479,0.175885282,0.120346787
61,28,0.167358816,0.188823955,0.133335705
61,29,0.16608646,0.203050214,0.14761849
61,30,0.164669949,0.218692056,0.163324008
61,31,0.163091804,0.235890173,0.180593956
61,32,0.161332244,0.254799209,0.199584141
61,33,0.159368851,0.275589134,0.220465877
61,34,0.15717619,0.29844675,0.243427535
61,35,0.154725367,0.323577356,0.268676235
61,36,0.151983515,0.35120656,0.296439711
61,37,0.148913199,0.381582273,0.326968363
61,38,0.145471732,0.414976897,0.360537507
61,39,0.14161037,0.45168972,0.397449853
61,40,0.137273387,0.492049537,0.438038224
61,41,0.13239699,0.536417529,0.482668553
61,42,0.126908062,0.585190405,0.531743164
61,43,0.120722695,0.638803842,0.585704389
61,44,0.113744482,0.697736249,0.645038536
61,45,0.10586252,0.762512874,0.710280253
61,46,0.0969490811,0.833710285,0.782017317
61,47,0.0868568899,0.911961262,0.860895902
61,48,0.0754159454,0.99796012,0.947626366
61,49,0.0624297988,1.09246849,1.04298959
61,50,0.0476712009,1.19632163,1.14784399
61,51,0.0308770077,1.3104352,1.26313313
61,52,0.0117422139,1.43581265,1.38989416
61,53,-0.0100870339,1.5735532,1.52926708
61,54,-0.0350216227,1.72486034,1.68250483
61,55,-0.0635390629,1.89105102,1.85098444
61,56,-0.0961947237,2.07356547,2.03621923
61,57,-0.133634996,2.27397752,2.23987223
61,58,-0.176612712,2.49400567,2.46377081
61,59,-0.226005197,2.7355245,2.70992283
61,60,-0.282835403,3.00057666,2.98053428
61,61,-0.348296626,3.29138506,3.2780286
61,62,-0.423781399,3.61036528,3.6050679
61,63,-0.510915223,3.96013773,3.96457608
61,64,-0.611595904,4.34353939,4.3597643
61,65,-0.728039357,4.76363458,4.79415866
61,66,-0.862832829,5.22372417,5.27163059
61,67,-1.01899661,5.72735247,5.79642999
61,68,-1.20005538,6.27831075,6.37322144
61,69,-1.4101204,6.88063626,7.00712363
61,70,-1.65398391,7.53860502,7.70375246
61,71,-1.93722683,8.25671662,8.46926788
61,72,-2.26634108,9.0396686,9.31042483
61,73,-2.64886757,9.89231754,10.2346286
61,74,-3.09355026,10.8196238,11.2499951
61,75,-3.61050668,11.8265755,12.3654155
61,76,-4.21141409,12.9180887,13.5906271
61,77,-4.90970945,14.0988769,14.9362888
61,78,-5.72080003,15.3732876,16.414063
61,79,-6.66227928,16.7450995,18.0367036
61,80,-7.7541406,18.2172765,19.8181496
62,0,0.167605717,0.0550868218,0
62,1,0.167520933,0.0560832207,0.000999999514
62,2,0.167427378,0.0571788588,0.00209962461
62,3,0.167324183,0.0583836231,0.00330880044
62,4,0.167210364,0.0597083833,0.00463844088
62,5,0.167084826,0.0611650903,0.00610054711
62,6,0.166946351,0.0627668849,0.00770831583
62,7,0.16679359,0.064528216,0.00947625844
62,8,0.166625048,0.0664649706,0.0114203319
62,9,0.166439066,0.0685946172,0.0135580829
62,10,0.166233802,0.070936363,0.0159088059
62,11,0.166007215,0.0735113269,0.0184937177
62,12,0.165757037,0.0763427294,0.0213361483
62,13,0.165480747,0.0794561019,0.024461752
62,14,0.165175544,0.0828795163,0.0278987385
62,15,0.164838311,0.0866438373,0.0316781275
62,16,0.164465578,0.0907830001,0.0358340288
62,17,0.164053482,0.0953343157,0.0404039496
62,18,0.163597712,0.100338806,0.0454291334
62,19,0.163093463,0.105841571,0.0509549315
62,20,0.162535365,0.111892198,0.0570312127
62,21,0.16191742,0.1185452,0.0637128127
62,22,0.161232916,0.125860511,0.0710600287
62,23,0.160474341,0.133904019,0.0791391633
62,24,0.159633272,0.14274816,0.0880231226
62,25,0.158700263,0.152472563,0.0977920733
62,26,0.157664704,0.163164763,0.108534166
62,27,0.156514667,0.174920988,0.120346328
62,28,0.155236729,0.187847012,0.133335142
62,29,0.153815764,0.202059104,0.147617799
62,30,0.152234711,0.217685061,0.163323162
62,31,0.150474301,0.234865347,0.180592922
62,32,0.148512748,0.253754342,0.199582878
62,33,0.146325386,0.274521712,0.220464336
62,34,0.143884257,0.297353911,0.243425656
62,35,0.141157631,0.322455833,0.268673946
62,36,0.138109452,0.350052618,0.296436925
62,37,0.134698695,0.380391636,0.326964974
62,38,0.130878624,0.413744658,0.360533386
62,39,0.126595925,0.450410235,0.397444844
62,40,0.121789705,0.490716307,0.43803214
62,41,0.116390327,0.535023051,0.482661165
62,42,0.110318054,0.583726,0.531734198
62,43,0.103481464,0.637259449,0.58569351
62,44,0.0957756197,0.696100182,0.645025341
62,45,0.0870799115,0.760771527,0.710264253
62,46,0.0772555606,0.831847786,0.78199792
62,47,0.0661426912,0.909959054,0.860872394
62,48,0.053556915,0.995796454,0.94759788
62,49,0.0392853364,1.09011783,1.04295508
62,50,0.0230818825,1.1937539,1.14780219
62,51,0.00466183761,1.30761494,1.2630825
62,52,-0.0163045518,1.43269794,1.38983286
62,53,-0.0401995647,1.57009433,1.52919286
62,54,-0.0674667716,1.7209983,1.68241497
62,55,-0.0986212998,1.88671558,1.85087567
62,56,-0.134261854,2.06867283,2.03608758
62,57,-0.17508479,2.26842752,2.23971289
62,58,-0.221900588,2.48767831,2.46357798
62,59,-0.275653131,2.7282757,2.7096895
62,60,-0.337442243,2.9922331,2.98025195
62,61,-0.408550039,3.28173783,3.27768701
62,62,-0.490471677,3.59916203,3.60465462
62,63,-0.58495122,3.94707313,3.96407611
62,64,-0.694023403,4.32824332,4.35915946
62,65,-0.820062161,4.74565764,4.793427
62,66,-0.965836912,5.20251982,5.27074555
62,67,-1.13457764,5.70225511,5.79535946
62,68,-1.33004995,6.24850878,6.37192656
62,69,-1.55664115,6.84513895,7.00555744
62,70,-1.81945876,7.49620194,7.70185818
62,71,-2.12444227,8.20592803,8.46697681
62,72,-2.47848936,8.97868488,9.30765392
62,73,-2.88959701,9.81892573,10.2312775
62,74,-3.36701772,10.7311186,11.2459422
62,75,-3.92143038,11.7196525,12.3605141
62,76,-4.56512392,12.7887167,13.5846995
62,77,-5.31219106,13.9421477,14.9291203
62,78,-6.17872722,15.1832397,16.405394
62,79,-7.18302771,16.5145157,18.0262201
62,80,-8.3457738,17.9374548,19.8054719
63,0,0.157191755,0.0541561427,0
63,1,0.15709709,0.0551516514,0.000999999481
63,2,0.15699265,0.0562463054,0.00209962447
63,3,0.156877467,0.0574499825,0.00330880008
63,4,0.156750445,0.0587735417,0.00463844019
63,5,0.156610366,0.0602289219,0.00610054591
63,6,0.156455876,0.0618292507,0.00770831392
63,7,0.156285477,0.063588962,0.00947625555
63,8,0.156097505,0.0655239262,0.0114203277
63,9,0.155890119,0.0676515936,0.013558077
63,10,0.155661275,0.0699911507,0.0159087978
63,11,0.155408707,0.0725636935,0.0184937067
63,12,0.155129899,0.0753924171,0.0213361336
63,13,0.154822057,0.0785028242,0.0244617327
63,14,0.154482076,0.0819229547,0.0278987134
63,15,0.154106505,0.0856836378,0.0316780952
63,16,0.153691502,0.0898187686,0.0358339874
63,17,0.153232793,0.0943656131,0.040403897
63,18,0.152725612,0.0993651427,0.0454290668
63,19,0.152164647,0.104862402,0.0509548478
63,20,0.151543971,0.110906912,0.0570311079
63,21,0.150856961,0.117553116,0.0637126818
63,22,0.150096218,0.124860866,0.0710598658
63,23,0.149253458,0.132895959,0.0791389613
63,24,0.14831941,0.141730726,0.0880228728
63,25,0.147283675,0.151444679,0.097791765
63,26,0.146134588,0.16212522,0.108533786
63,27,0.144859044,0.173868425,0.120345861
63,28,0.143442304,0.186779895,0.133334569
63,29,0.14186778,0.200975702,0.147617096
63,30,0.14011677,0.216583416,0.163322302
63,31,0.138168177,0.233743245,0.180591871
63,32,0.135998163,0.252609271,0.199581593
63,33,0.133579769,0.27335082,0.220462769
63,34,0.130882463,0.296153955,0.243423746
63,35,0.127871626,0.321223117,0.268671618
63,36,0.124507955,0.348782923,0.296434091
63,37,0.120746772,0.379080138,0.326961526
63,38,0.116537227,0.41238583,0.360529194
63,39,0.111821369,0.448997734,0.397439749
63,40,0.106533066,0.489242837,0.438025951
63,41,0.100596764,0.533480202,0.482653651
63,42,0.093926024,0.582104061,0.531725077
63,43,0.0864218355,0.635547185,0.585682444
63,44,0.0779706449,0.69428456,0.645011918
63,45,0.0684420596,0.758837404,0.710247977
63,46,0.0576861693,0.829777524,0.781978189
63,47,0.0455304208,0.907732063,0.86084848
63,48,0.0317759673,0.993388651,0.947568902
63,49,0.0161934044,1.08750098,1.04291998
63,50,-0.00148221568,1.19089482,1.14775966
63,51,-0.0215572134,1.30447455,1.263031
63,52,-0.0443861019,1.4292301,1.38977049
63,53,-0.0703795664,1.56624449,1.52911735
63,54,-0.100013802,1.71670174,1.68232356
63,55,-0.133841445,1.88189541,1.85076502
63,56,-0.172504358,2.06323746,2.03595365
63,57,-0.216748602,2.26226765,2.23955081
63,58,-0.267441939,2.48066316,2.46338184
63,59,-0.325594301,2.72024852,2.70945215
63,60,-0.392381702,2.98300557,2.97996476
63,61,-0.469174165,3.27108327,3.27733953
63,62,-0.557568269,3.58680705,3.60423422
63,63,-0.659425071,3.93268736,3.96356751
63,64,-0.776914168,4.31142683,4.3585442
63,65,-0.912564831,4.72592546,4.79268273
63,66,-1.06932514,5.179283,5.26984525
63,67,-1.25063023,5.67479733,5.79427046
63,68,-1.46048063,6.21595779,6.37060935
63,69,-1.70353195,6.8064315,7.00396425
63,70,-1.98519677,7.45004096,7.69993122
63,71,-2.31175985,8.15073034,8.46464623
63,72,-2.69050711,8.91251773,9.30483523
63,73,-3.12986867,9.73942991,10.2278685
63,74,-3.63957559,10.6354161,11.2418195
63,75,-4.2308288,11.6042362,12.3555281
63,76,-4.91647779,12.6493198,13.5786697
63,77,-5.71120463,13.7735905,14.9218282
63,78,-6.63170734,14.9792537,16.3965755
63,79,-7.69687373,16.2675427,18.0155557
63,80,-8.92793474,17.6384253,19.7925755
64,0,0.147151506,0.0531567881,0
64,1,0.147046565,0.054151266,0.000999999449
64,2,0.146930806,0.0552447808,0.00209962433
64,3,0.146803158,0.0564471998,0.00330879972
64,4,0.14666241,0.0577693694,0.00463843949
64,5,0.146507216,0.0592232151,0.00610054469
64,6,0.146336081,0.0608218488,0.00770831198
64,7,0.146147349,0.0625796874,0.00947625261
64,8,0.145939186,0.0645125826,0.0114203235
64,9,0.14570956,0.0666379632,0.013558071
64,10,0.145456218,0.0689749923,0.0159087895
64,11,0.145176661,0.0715447396,0.0184936955
64,12,0.144868117,0.074370371,0.0213361188
64,13,0.144527508,0.0774773565,0.0244617132
64,14,0.144151417,0.0808936995,0.027898688
64,15,0.143736044,0.0846501883,0.0316780624
64,16,0.143277167,0.0887806725,0.0358339454
64,17,0.142770083,0.0933223668,0.0404038436
64,18,0.142209558,0.0983161851,0.0454289994
64,19,0.141589759,0.103807107,0.050954763
64,20,0.140904179,0.109844583,0.0570310016
64,21,0.140145557,0.116482972,0.0637125492
64,22,0.139305779,0.123782036,0.0710597009
64,23,0.138375774,0.131807467,0.0791387567
64,24,0.137345391,0.14063148,0.0880226196
64,25,0.136203256,0.150333452,0.0977914525
64,26,0.134936618,0.161000637,0.108533401
64,27,0.13353116,0.172728936,0.120345388
64,28,0.131970799,0.185623759,0.133333988
64,29,0.130237441,0.199800954,0.147616384
64,30,0.128310708,0.215387839,0.16332143
64,31,0.126167627,0.232524332,0.180590805
64,32,0.123782266,0.251364183,0.199580292
64,33,0.12112532,0.272076339,0.220461181
64,34,0.118163628,0.294846424,0.243421809
64,35,0.114859627,0.319878376,0.26866926
64,36,0.111170704,0.347396231,0.29643122
64,37,0.107048465,0.377646081,0.326958033
64,38,0.102437877,0.410898215,0.360524946
64,39,0.0972762766,0.447449462,0.397434587
64,40,0.0914922212,0.487625757,0.438019681
64,41,0.0850041559,0.531784936,0.482646037
64,42,0.0777188621,0.580319797,0.531715836
64,43,0.0695296542,0.63366143,0.585671231
64,44,0.0603142807,0.692282853,0.644998318
64,45,0.0499324792,0.756702965,0.710231485
64,46,0.038223126,0.827490844,0.781958197
64,47,0.025000911,0.905270408,0.86082425
64,48,0.0100524569,0.99072547,0.947539542
64,49,-0.0068682128,1.08460519,1.04288441
64,50,-0.0260449696,1.18772998,1.14771658
64,51,-0.0478057693,1.30099779,1.26297882
64,52,-0.0725298891,1.42539091,1.38970731
64,53,-0.100656391,1.5619832,1.52904085
64,54,-0.132694023,1.71194774,1.68223095
64,55,-0.169232798,1.8765649,1.85065291
64,56,-0.210957536,2.05723081,2.03581796
64,57,-0.258663706,2.25546609,2.23938658
64,58,-0.313275934,2.47292486,2.46318309
64,59,-0.375869635,2.7114037,2.70921165
64,60,-0.44769625,2.97285059,2.97967376
64,61,-0.530212698,3.25937333,3.27698745
64,62,-0.625115655,3.57324733,3.60380826
64,63,-0.734381428,3.91692209,3.96305219
64,64,-0.860312222,4.29302595,4.35792079
64,65,-1.0055897,4.70436818,4.7919286
64,66,-1.1733368,5.1539377,5.26893303
64,67,-1.36718882,5.64489693,5.79316704
64,68,-1.59137481,6.1805695,6.36927471
64,69,-1.85081025,6.76442001,7.00234997
64,70,-2.15120189,7.40002338,7.69797877
64,71,-2.49916549,8.09102158,8.4622848
64,72,-2.9023566,8.84106428,9.30197924
64,73,-3.36961426,9.65373015,10.2244144
64,74,-3.91111648,10.5324249,11.2376421
64,75,-4.53854521,11.4802521,12.3504761
64,76,-5.26525728,12.4998518,13.57256
64,77,-6.10645573,13.5932049,14.9144396
64,78,-7.07935372,14.7613985,16.3876402
64,79,-8.20332099,16.0043524,18.0047502
64,80,-9.5,17.3205081,19.7795084
65,0,0.137482796,0.0520918506,0
65,1,0.137367156,0.0530851412,0.000999999416
65,2,0.137239613,0.0541773443,0.00209962418
65,3,0.13709899,0.0553783148,0.00330879936
65,4,0.136943957,0.0566988851,0.00463843878
65,5,0.136773031,0.0581509648,0.00610054346
65,6,0.136584574,0.0597476485,0.00770831002
65,7,0.136376768,0.0615033335,0.00947624965
65,8,0.136147599,0.0634338495,0.0114203192
65,9,0.135894839,0.0655566015,0.0135580649
65,10,0.135616015,0.0678907255,0.0159087812
65,11,0.13530839,0.0704572615,0.0184936842
65,12,0.134968925,0.0732793416,0.0213361038
65,13,0.134594249,0.076382399,0.0244616934
65,14,0.134180619,0.0797943954,0.0278986623
65,15,0.133723879,0.0835460726,0.0316780293
65,16,0.133219406,0.0876712283,0.0358339031
65,17,0.132662061,0.0922070192,0.0404037898
65,18,0.132046123,0.0971942939,0.0454289313
65,19,0.131365219,0.102677959,0.0509546774
65,20,0.130612247,0.108707383,0.0570308944
65,21,0.129779282,0.115336833,0.0637124153
65,22,0.128857479,0.122625965,0.0710595344
65,23,0.12783695,0.130640357,0.0791385502
65,24,0.12670664,0.139452088,0.0880223641
65,25,0.12545417,0.149140388,0.0977911371
65,26,0.12406567,0.159792341,0.108533013
65,27,0.122525583,0.171503656,0.120344911
65,28,0.120816437,0.184379524,0.133333401
65,29,0.118918597,0.198535544,0.147615666
65,30,0.116809965,0.214098753,0.163320551
65,31,0.114465646,0.231208743,0.180589729
65,32,0.111857563,0.250018898,0.199578978
65,33,0.108954011,0.270697737,0.220459577
65,34,0.105719146,0.293430402,0.243419855
65,35,0.102112394,0.318420269,0.268666879
65,36,0.0980877709,0.34589073,0.296428321
65,37,0.0935930949,0.376087133,0.326954506
65,38,0.0885690764,0.409278907,0.360520658
65,39,0.0829482639,0.445761882,0.397429376
65,40,0.0766538216,0.485860834,0.438013351
65,41,0.0695981117,0.529932251,0.482638351
65,42,0.0616810479,0.578367353,0.531706507
65,43,0.0527881806,0.631595393,0.585659913
65,44,0.042788471,0.690087231,0.64498459
65,45,0.0315316979,0.754359236,0.710214838
65,46,0.0188454369,0.824977507,0.781938016
65,47,0.00453153887,0.902562451,0.860799791
65,48,-0.0116379793,0.987793733,0.947509904
65,49,-0.0299257303,1.0814156,1.0428485
65,50,-0.0506345579,1.18424262,1.14767309
65,51,-0.0741140802,1.29716583,1.26292614
65,52,-0.100768337,1.42115924,1.38964352
65,53,-0.131064728,1.55728685,1.52896362
65,54,-0.165544466,1.7067099,1.68213745
65,55,-0.204834787,1.87069461,1.85053973
65,56,-0.24966324,2.05062006,2.03568098
65,57,-0.300874363,2.24798638,2.2392208
65,58,-0.359449181,2.46442294,2.46298247
65,59,-0.426527954,2.70169641,2.70896889
65,60,-0.503436703,2.96171854,2.97938002
65,61,-0.591718122,3.24655324,3.27663205
65,62,-0.693167516,3.55842256,3.60337827
65,63,-0.809874534,3.8997111,3.962532
65,64,-0.944271507,4.27296816,4.3572915
65,65,-1.09918928,4.68090669,4.79116736
65,66,-1.2779215,5.12639804,5.2680122
65,67,-1.48429824,5.61246114,5.79205321
65,68,-1.72277012,6.1422445,6.36792747
65,69,-1.99850345,6.7189989,7.00072045
65,70,-2.31748748,7.34603852,7.69600787
65,71,-2.68665377,8.0266877,8.45990108
65,72,-3.1140078,8.76420987,9.29909627
65,73,-3.60877198,9.56171533,10.2209277
65,74,-4.18153814,10.4220438,11.2334253
65,75,-4.84442652,11.3476175,12.3453765
65,76,-5.61124642,12.3402619,13.5663927
65,77,-6.4976517,13.4009899,14.9069812
65,78,-7.521282,14.5297483,16.3786206
65,79,-8.70187802,15.7251284,17.9938427
65,80,-10.061357,16.9840436,19.7663179
66,0,0.128182964,0.050964436,0
66,1,0.128056169,0.0519563644,0.000999999383
66,2,0.127916343,0.0530470628,0.00209962403
66,3,0.127762197,0.0542463723,0.003308799
66,4,0.127592274,0.0555651091,0.00463843806
66,5,0.127404955,0.0570151647,0.00610054223
66,6,0.127198449,0.0586096137,0.00770830805
66,7,0.126970769,0.0603628313,0.00947624667
66,8,0.126719716,0.0622906224,0.0114203148
66,9,0.126442857,0.0644103643,0.0135580588
66,10,0.126137495,0.0667411628,0.0159087728
66,11,0.125800639,0.0693040234,0.0184936729
66,12,0.125428978,0.0721220407,0.0213360887
66,13,0.125018834,0.0752206055,0.0244616736
66,14,0.124566129,0.0786276322,0.0278986365
66,15,0.124066334,0.0823738102,0.031677996
66,16,0.123514416,0.0864928784,0.0358338605
66,17,0.122904779,0.0910219275,0.0404037356
66,18,0.1222312,0.0960017326,0.0454288629
66,19,0.121486748,0.101477118,0.0509545912
66,20,0.120663704,0.107497359,0.0570307865
66,21,0.119753459,0.114116618,0.0637122807
66,22,0.118746408,0.121394437,0.0710593669
66,23,0.117631825,0.129396258,0.0791383424
66,24,0.11639772,0.138194015,0.0880221071
66,25,0.115030678,0.147866767,0.0977908199
66,26,0.113515679,0.15850141,0.108532622
66,27,0.111835882,0.170193437,0.12034443
66,28,0.109972394,0.183047795,0.133332812
66,29,0.107903992,0.197179807,0.147614943
66,30,0.105606811,0.212716192,0.163319666
66,31,0.103053986,0.229796184,0.180588648
66,32,0.100215241,0.248572754,0.199577657
66,33,0.0970564125,0.269213954,0.220457965
66,34,0.0935389106,0.291904383,0.243417889
66,35,0.0896190868,0.316846801,0.268664484
66,36,0.0852475133,0.344263888,0.296425406
66,37,0.0803681464,0.374400168,0.326950959
66,38,0.0749173618,0.407524124,0.360516345
66,39,0.0688228363,0.443930488,0.397424135
66,40,0.0620022536,0.483942763,0.438006984
66,41,0.054361803,0.527915956,0.482630621
66,42,0.0457944374,0.576239566,0.531697124
66,43,0.0361778486,0.629340834,0.585648528
66,44,0.0253721146,0.687688268,0.644970781
66,45,0.0132169601,0.751795479,0.710198094
66,46,-0.000471431918,0.822225328,0.781917717
66,47,-0.0159041369,0.89959441,0.860775189
66,48,-0.0333238222,0.984577892,0.947480093
66,49,-0.0530098032,1.0779147,1.04281239
66,50,-0.0752839442,1.18041311,1.14762934
66,51,-0.10051755,1.29295667,1.26287316
66,52,-0.129139416,1.41651048,1.38957937
66,53,-0.161645231,1.55212793,1.52888594
66,54,-0.198608566,1.70095757,1.68204342
66,55,-0.240693711,1.86425041,1.8504259
66,56,-0.288670673,2.0433673,2.0355432
66,57,-0.343432686,2.23978643,2.23905405
66,58,-0.406016648,2.45511074,2.46278068
66,59,-0.477626955,2.69107502,2.70872471
66,60,-0.559663267,2.94955244,2.97908457
66,61,-0.653752812,3.23256019,3.27627457
66,62,-0.761787904,3.54226365,3.60294579
66,63,-0.885969434,3.88097859,3.96200878
66,64,-1.02885714,4.25117061,4.35665854
66,65,-1.19342756,4.65545072,4.79040168
66,66,-1.38314048,5.09656614,5.26708601
66,67,-1.602015,5.57738451,5.7909329
66,68,-1.85471573,6.10086995,6.36657238
66,69,-2.14665018,6.6700486,6.99908144
66,70,-2.48407756,7.28796129,7.69402551
66,71,-2.87422909,7.95760007,8.45750348
66,72,-3.32543939,8.68182549,9.29619652
66,73,-3.84728734,9.46326077,10.2174207
66,74,-4.45074408,10.3041591,11.229184
66,75,-5.14832388,11.2062401,12.3402471
66,76,-5.95423207,12.1704928,13.5601895
66,77,-6.88450199,13.1969423,14.8994794
66,78,-7.95711041,14.2843811,16.3695485
66,79,-9.19205863,15.4300662,17.9828717
66,80,-10.6114047,16.6293922,19.7530507
67,0,0.119248916,0.0497776409,0
67,1,0.119110474,0.0507680108,0.000999999349
67,2,0.118957824,0.0518569884,0.00209962389
67,3,0.11878956,0.0530543985,0.00330879864
67,4,0.118604095,0.0543710391,0.00463843735
67,5,0.118399666,0.0558187812,0.00610054099
67,6,0.118174323,0.0574106766,0.00770830607
67,7,0.117925905,0.0591610751,0.00947624369
67,8,0.11765202,0.0610857537,0.0114203105
67,9,0.11735002,0.0632020585,0.0135580527
67,10,0.117016973,0.0655290604,0.0159087644
67,11,0.116649631,0.0680877264,0.0184936615
67,12,0.116244392,0.0709011082,0.0213360735
67,13,0.115797266,0.0739945486,0.0244616537
67,14,0.115303824,0.0773959088,0.0278986106
67,15,0.114759149,0.0811358186,0.0316779626
67,16,0.114157782,0.0852479504,0.0358338178
67,17,0.113493656,0.0897693208,0.0404036814
67,18,0.112760025,0.0947406218,0.0454287943
67,19,0.111949381,0.100206585,0.0509545049
67,20,0.111053365,0.106216379,0.0570306783
67,21,0.11006266,0.112824054,0.0637121457
67,22,0.108966877,0.120089016,0.071059199
67,23,0.10775442,0.128076561,0.0791381342
67,24,0.106412334,0.136858455,0.0880218495
67,25,0.104926136,0.146513571,0.0977905019
67,26,0.103279614,0.157128591,0.10853223
67,27,0.101454612,0.168798768,0.120343949
67,28,0.0994307656,0.181628776,0.13333222
67,29,0.0971852207,0.19573363,0.147614218
67,30,0.0946922947,0.211239698,0.163318779
67,31,0.0919230977,0.228285813,0.180587563
67,32,0.0888450952,0.247024491,0.199576332
67,33,0.0854216058,0.267623262,0.220456349
67,34,0.0816112242,0.29026613,0.243415918
67,35,0.0773671566,0.315155171,0.268662083
67,36,0.072636455,0.342512277,0.296422484
67,37,0.0673591334,0.372581073,0.326947404
67,38,0.0614671469,0.405628994,0.360512022
67,39,0.054883211,0.441949571,0.397418881
67,40,0.047519435,0.481864911,0.438000602
67,41,0.0392757379,0.525728403,0.482622872
67,42,0.0300380112,0.573927663,0.531687719
67,43,0.0196759858,0.626887739,0.585637117
67,44,0.00804075308,0.685074579,0.64495694
67,45,-0.00503811788,0.748998798,0.710181311
67,46,-0.0197559359,0.819219744,0.781897371
67,47,-0.0363367956,0.896349883,0.86075053
67,48,-0.0550381322,0.981059516,0.947450213
67,49,-0.0761560326,1.07408183,1.04277619
67,50,-0.100031432,1.17621831,1.14758549
67,51,-0.127057344,1.28834444,1.26282006
67,52,-0.157687306,1.41141579,1.38951506
67,53,-0.192445236,1.54647431,1.52880808
67,54,-0.231936944,1.69465498,1.68194916
67,55,-0.276863574,1.85719256,1.85031181
67,56,-0.328037296,2.03542841,2.0354051
67,57,-0.386399611,2.23081735,2.23888692
67,58,-0.453042706,2.44493417,2.46257842
67,59,-0.529234326,2.67947975,2.70847996
67,60,-0.616446721,2.93628633,2.97878842
67,61,-0.716390282,3.21732156,3.27591627
67,62,-0.831052548,3.52469086,3.60251229
67,63,-0.962743342,3.86063724,3.96148433
67,64,-1.11414684,4.22753792,4.35602411
67,65,-1.28838141,4.62789656,4.78963422
67,66,-1.48906813,5.06432974,5.26615766
67,67,-1.72040874,5.53954623,5.78980996
67,68,-1.98727381,6.05631682,6.36521413
67,69,-2.29530163,6.61743268,6.9974386
67,70,-2.65100804,7.22564921,7.69203851
67,71,-3.06190682,7.88361252,8.45510028
67,72,-3.53663973,8.59376483,9.29329
67,73,-4.08511406,9.35822532,10.2139055
67,74,-4.71864433,10.1786425,11.2249327
67,75,-5.45009317,11.0560151,12.3351058
67,76,-6.29400433,11.9904784,13.5539718
67,77,-7.26671846,12.981056,14.89196
67,78,-8.38646013,14.025378,16.3604552
67,79,-9.67338241,15.1193716,17.971875
67,80,-11.1495539,16.2569337,19.7397524
68,0,0.110677173,0.0485345325,0
68,1,0.110526549,0.0495231229,0.000999999316
68,2,0.110360487,0.050610136,0.00209962374
68,3,0.110177459,0.0518053783,0.00330879827
68,4,0.109975743,0.0531196268,0.00463843663
68,5,0.109753426,0.0545647294,0.00610053976
68,6,0.10950839,0.0561537121,0.0077083041
68,7,0.109238294,0.057900896,0.00947624071
68,8,0.108940544,0.059822026,0.0114203062
68,9,0.108612269,0.061934413,0.0135580466
68,10,0.108250293,0.0642570886,0.015908756
68,11,0.107851097,0.066810976,0.0184936501
68,12,0.107410782,0.0696190784,0.0213360584
68,13,0.106925026,0.0727066843,0.0244616338
68,14,0.106389038,0.0761015948,0.0278985847
68,15,0.105797498,0.0798343724,0.0316779293
68,16,0.105144506,0.0839386146,0.0358337751
68,17,0.104423501,0.0884512542,0.0404036271
68,18,0.103627197,0.0934128898,0.0454287257
68,19,0.102747485,0.0988681478,0.0509544187
68,20,0.101775343,0.104866081,0.0570305703
68,21,0.100700721,0.111460606,0.0637120109
68,22,0.0995124153,0.118710982,0.0710590313
68,23,0.0981979297,0.12668234,0.0791379262
68,24,0.0967433116,0.135446259,0.0880215921
68,25,0.0951329697,0.145081401,0.0977901843
68,26,0.0933494659,0.155674211,0.108531839
68,27,0.0913732783,0.167319674,0.120343467
68,28,0.0891825308,0.180122161,0.13333163
68,29,0.0867526845,0.194196342,0.147613495
68,30,0.084056185,0.209668195,0.163317893
68,31,0.0810620585,0.22667611,0.18058648
68,32,0.0777354492,0.245372098,0.199575009
68,33,0.0740370881,0.265923111,0.220454734
68,34,0.0699226827,0.288512495,0.24341395
68,35,0.0653422158,0.313341572,0.268659685
68,36,0.0602391363,0.34063137,0.296419564
68,37,0.0545494275,0.370624518,0.326943852
68,38,0.0482005311,0.403587309,0.360507704
68,39,0.0411101035,0.439811951,0.397413633
68,40,0.0331845774,0.479619026,0.437994227
68,41,0.0243174953,0.523360154,0.482615132
68,42,0.0143875782,0.571420901,0.531678324
68,43,0.00325648491,0.624223926,0.585625718
68,44,-0.00923379155,0.682232395,0.644943114
68,45,-0.0232639487,0.745953672,0.710164545
68,46,-0.0390408938,0.8159433,0.781877047
68,47,-0.056801841,0.89280928,0.860725897
68,48,-0.0768190825,0.977216663,0.947420364
68,49,-0.0994055504,1.06989245,1.04274002
68,50,-0.124921301,1.17163083,1.14754169
68,51,-0.153781081,1.28329862,1.26276701
68,52,-0.18646315,1.40584114,1.38945082
68,53,-0.223519585,1.54028816,1.52873031
68,54,-0.265588295,1.68776012,1.681855
68,55,-0.313407056,1.84947445,1.85019783
68,56,-0.367829861,2.02675175,2.03526715
68,57,-0.429846009,2.22102199,2.23871996
68,58,-0.500602319,2.43383007,2.46237637
68,59,-0.581429009,2.66684093,2.70823547
68,60,-0.673869757,2.92184346,2.97849259
68,61,-0.779716602,3.200753,3.27555833
68,62,-0.901050337,3.50561166,3.60207924
68,63,-1.04028718,3.8385858,3.96096043
68,64,-1.20023247,4.20195973,4.35539033
68,65,-1.38414226,4.59812432,4.78886755
68,66,-1.59579353,5.02955928,5.26523027
68,67,-1.83956388,5.49880708,5.7886882
68,68,-2.1205211,6.0084367,6.36385729
68,69,-2.44452313,6.56099441,6.99579747
68,70,-2.81832823,7.15893897,7.69005357
68,71,-3.24971461,7.80455781,8.45269957
68,72,-3.74760811,8.49986081,9.29038649
68,73,-4.32221504,9.246448,10.210394
68,74,-4.98515614,10.0453478,11.2206859
68,75,-5.7495956,10.8968227,12.3299697
68,76,-6.63035698,11.8001418,13.5477605
68,77,-7.6440157,12.7533189,14.8844485
68,78,-8.80895559,13.752822,16.3513713
68,79,-10.1453751,14.7932608,17.9608898
68,80,-11.6752286,15.8670668,19.7264679
69,0,0.102463925,0.0472381294,0
69,1,0.102300534,0.0482246901,0.000999999283
69,2,0.102120418,0.0493094628,0.0020996236
69,3,0.10192192,0.0505022334,0.00330879791
69,4,0.101703178,0.0518137552,0.00463843592
69,5,0.10146212,0.0532558498,0.00610053853
69,6,0.101196458,0.0548415135,0.00770830213
69,7,0.100903657,0.0565850351,0.00947623774
69,8,0.100580914,0.0585021236,0.0114203019
69,9,0.100225127,0.0606100495,0.0135580405
69,10,0.0998328622,0.0629277999,0.0159087476
69,11,0.0994003193,0.0654762488,0.0184936388
69,12,0.098923288,0.0682783442,0.0213360433
69,13,0.0983971032,0.0713593135,0.024461614
69,14,0.0978165933,0.0747468899,0.027898559
69,15,0.0971760222,0.07847156,0.0316778961
69,16,0.0964690241,0.0825668368,0.0358337327
69,17,0.0956885308,0.0870695587,0.0404035732
69,18,0.094826689,0.092020219,0.0454286575
69,19,0.0938747681,0.0974633265,0.0509543328
69,20,0.0928230552,0.103447802,0.0570304627
69,21,0.091660737,0.110027415,0.0637118767
69,22,0.090375767,0.117261259,0.0710588643
69,23,0.0889547132,0.125214278,0.0791377191
69,24,0.0873825881,0.133957844,0.0880213359
69,25,0.0856426533,0.143570383,0.097789868
69,26,0.0837161989,0.154138075,0.108531449
69,27,0.0815822924,0.165755606,0.120342989
69,28,0.079217492,0.17852701,0.133331042
69,29,0.0765955201,0.192566573,0.147612774
69,30,0.0736868902,0.207999842,0.163317011
69,31,0.0704584801,0.224964713,0.180585401
69,32,0.0668730431,0.243612638,0.199573692
69,33,0.062888648,0.264109931,0.220453127
69,34,0.0584580356,0.286639213,0.24341199
69,35,0.0535278794,0.311400971,0.268657298
69,36,0.0480379344,0.338615284,0.296416658
69,37,0.0419200571,0.368523688,0.326940316
69,38,0.0350970737,0.40139122,0.360503404
69,39,0.0274814746,0.437508644,0.397408408
69,40,0.0189739039,0.477194871,0.43798788
69,41,0.00946141152,0.520799592,0.482607425
69,42,-0.00118457124,0.568706137,0.53166897
69,43,-0.0131105798,0.621334569,0.585614369
69,44,-0.0264838416,0.679145035,0.644929347
69,45,-0.0414954413,0.742641374,0.710147852
69,46,-0.0583640016,0.812375012,0.78185681
69,47,-0.0773399648,0.888949131,0.86070137
69,48,-0.0987105769,0.973023122,0.947390644
69,49,-0.122805695,1.06531733,1.04270402
69,50,-0.15000455,1.16661809,1.14749807
69,51,-0.180743642,1.27778297,1.26271419
69,52,-0.215525931,1.39974628,1.38938686
69,53,-0.254931569,1.53352479,1.52865286
69,54,-0.299630411,1.68022345,1.68176125
69,55,-0.350396606,1.84104119,1.85008434
69,56,-0.408125601,2.01727661,2.03512979
69,57,-0.473853955,2.21033324,2.23855372
69,58,-0.548782396,2.42172438,2.4621752
69,59,-0.634302637,2.65307693,2.70799203
69,60,-0.7320285,2.90613406,2.97819803
69,61,-0.84383199,3.18275592,3.27520194
69,62,-0.971884985,3.48491804,3.60164806
69,63,-1.1187073,3.8147063,3.96043881
69,64,-1.28722188,4.17430754,4.3547593
69,65,-1.48081787,4.56599466,4.7881042
69,66,-1.70342239,4.99210433,5.2643069
69,67,-1.95958145,5.45500572,5.78757129
69,68,-2.2545507,5.95705782,6.36250633
69,69,-2.59439582,6.50055278,6.99416346
69,70,-2.98610236,7.08764223,7.68807724
69,71,-3.43769382,7.7202434,8.45030927
69,72,-3.95835588,8.39992132,9.28749558
69,73,-4.55856334,9.1277439,10.2068977
69,74,-5.25020484,9.90410657,11.2164575
69,75,-6.04669825,10.7285246,12.324856
69,76,-6.9630878,11.5993922,13.5415762
69,77,-8.01611134,12.5137115,14.8769696
69,78,-9.22422476,13.4667956,16.3423268
69,79,-10.607569,14.4519588,17.9499522
69,80,-12.1878657,15.4602091,19.7132411
70,0,0.0946050723,0.0458913846,0
70,1,0.0944282725,0.0468756307,0.00099999925
70,2,0.0942333976,0.0479578493,0.00209962345
70,3,0.0940186574,0.0491478027,0.00330879755
70,4,0.0937820383,0.0504562171,0.00463843521
70,5,0.0935213071,0.0518948843,0.00610053731
70,6,0.0932339924,0.0534767674,0.00770830018
70,7,0.0929173603,0.055216118,0.00947623479
70,8,0.0925683872,0.0571286045,0.0114202976
70,9,0.0921837285,0.0592314518,0.0135580345
70,10,0.0917596833,0.0615435968,0.0159087393
70,11,0.0912921554,0.0640858575,0.0184936276
70,12,0.0907766093,0.0668811197,0.0213360284
70,13,0.0902080208,0.0699545419,0.0244615944
70,14,0.0895808221,0.0733337803,0.0278985335
70,15,0.0888888398,0.077049236,0.0316778632
70,16,0.0881252256,0.0811343266,0.0358336905
70,17,0.0872823782,0.0856257846,0.0404035196
70,18,0.086351856,0.0905639845,0.0454285897
70,19,0.0853242779,0.0959933028,0.0509542476
70,20,0.0841892124,0.101962512,0.057030356
70,21,0.0829350519,0.108525216,0.0637117434
70,22,0.081548871,0.115740323,0.0710586986
70,23,0.0800162661,0.12367257,0.0791375135
70,24,0.0783211734,0.132393092,0.0880210816
70,25,0.0764456634,0.141980056,0.0977895542
70,26,0.0743697065,0.152519343,0.108531063
70,27,0.0720709075,0.164105309,0.120342513
70,28,0.0695242025,0.176841608,0.133330459
70,29,0.0667015142,0.190842105,0.147612059
70,30,0.0635713581,0.206231862,0.163316135
70,31,0.0600983925,0.223148231,0.180584331
70,32,0.0562429037,0.241742043,0.199572384
70,33,0.051960216,0.262178911,0.220451531
70,34,0.0472000155,0.284640648,0.243410045
70,35,0.0419055726,0.309326829,0.268654928
70,36,0.0360128485,0.336456483,0.296413773
70,37,0.0294494663,0.366269946,0.326936807
70,38,0.0221335253,0.399030879,0.360499137
70,39,0.0139722315,0.435028463,0.397403222
70,40,0.0048603175,0.474579784,0.437981581
70,41,-0.00532178715,0.51803243,0.482599776
70,42,-0.0167100725,0.565767294,0.531659687
70,43,-0.029459402,0.618201618,0.585603105
70,44,-0.0437463579,0.675792268,0.644915685
70,45,-0.059772545,0.739039272,0.710131285
70,46,-0.0777684293,0.808489604,0.781836727
70,47,-0.0979978006,0.884741241,0.860677029
70,48,-0.120762965,0.968447484,0.94736115
70,49,-0.146410789,1.06032152,1.04266829
70,50,-0.17533974,1.16114127,1.14745479
70,51,-0.20800809,1.27175435,1.26266177
70,52,-0.244943469,1.39308338,1.38932339
70,53,-0.286754015,1.52613119,1.52857601
70,54,-0.334141348,1.67198624,1.68166821
70,55,-0.387915709,1.83182785,1.84997172
70,56,-0.449013576,2.00693121,2.03499348
70,57,-0.518518175,2.19867192,2.23838874
70,58,-0.597683333,2.40852982,2.46197555
70,59,-0.687961173,2.63809171,2.70775044
70,60,-0.791034235,2.88905256,2.97790571
70,61,-0.908852632,3.16321456,3.27484826
70,62,-1.04367693,3.46248336,3.60122016
70,63,-1.19812747,3.78886053,3.95992114
70,64,-1.37524087,4.14443108,4.35413306
70,65,-1.57853441,4.53134478,4.78734665
70,66,-1.81207898,4.95178945,5.26339053
70,67,-2.08058106,5.40795421,5.78646286
70,68,-2.38947402,5.90198044,6.36116562
70,69,-2.74501852,6.43589758,6.99254183
70,70,-3.15441135,7.01154067,7.6861159
70,71,-3.62590107,7.63044644,8.4479371
70,72,-4.16890786,8.29372433,9.28462658
70,73,-4.79414334,9.0018994,10.2034279
70,74,-5.51372463,9.75472435,11.2122611
70,75,-6.34127472,10.5509595,12.3197811
70,76,-7.29199907,11.3881214,13.5354388
70,77,-8.38272631,12.2622038,14.8695473
70,78,-9.63189945,13.1673799,16.3333509
70,79,-11.0595034,14.0956986,17.9390975
70,80,-12.6869163,15.0367961,19.7001146
71,0,0.0870962782,0.0444971697,0
71,1,0.0869053628,0.0454787754,0.000999999218
71,2,0.0866949528,0.0465580812,0.00209962331
71,3,0.0864631168,0.047744822,0.0033087972
71,4,0.0862076847,0.0490496939,0.00463843452
71,5,0.0859262509,0.0504844543,0.0061005361
71,6,0.0856161535,0.0520620288,0.00770829826
71,7,0.085274449,0.0537966272,0.00947623187
71,8,0.0848978828,0.0557038712,0.0114202933
71,9,0.0844828555,0.0578009346,0.0135580285
71,10,0.0840253857,0.060106697,0.0159087311
71,11,0.0835210676,0.0626419133,0.0184936165
71,12,0.0829650246,0.065429399,0.0213360136
71,13,0.0823518564,0.0684942344,0.024461575
71,14,0.0816755802,0.0718639889,0.0278985082
71,15,0.0809295648,0.0755689672,0.0316778306
71,16,0.080106457,0.0796424794,0.0358336489
71,17,0.0791980981,0.084121138,0.0404034666
71,18,0.0781954311,0.0890451843,0.0454285227
71,19,0.0770883955,0.0944588455,0.0509541633
71,20,0.0758658092,0.100410728,0.0570302504
71,21,0.0745152356,0.10695425,0.0637116117
71,22,0.0730228327,0.11414811,0.0710585346
71,23,0.0713731835,0.122056812,0.0791373102
71,24,0.0695491036,0.130751232,0.0880208301
71,25,0.0675314234,0.140309239,0.0977892437
71,26,0.0652987406,0.150816387,0.10853068
71,27,0.0628271397,0.162366658,0.120342043
71,28,0.0600898727,0.175063288,0.133329881
71,29,0.0570569952,0.189019668,0.147611351
71,30,0.0536949519,0.204360325,0.163315269
71,31,0.0499661032,0.221222007,0.180583272
71,32,0.0458281837,0.239754858,0.199571091
71,33,0.0412336829,0.260123708,0.220449953
71,34,0.0361291346,0.282509488,0.243408121
71,35,0.0304543025,0.30711076,0.268652584
71,36,0.0241412435,0.334145399,0.29641092
71,37,0.0171132301,0.363852424,0.326933335
71,38,0.00928351011,0.396493985,0.360494916
71,39,0.00055387556,0.432357526,0.397398092
71,40,-0.00918698914,0.471758143,0.43797535
71,41,-0.0200654161,0.515041124,0.48259221
71,42,-0.0322249621,0.56258471,0.531650504
71,43,-0.0458289667,0.614803076,0.585591963
71,44,-0.0610635156,0.67214953,0.644902171
71,45,-0.0781408809,0.735119968,0.710114898
71,46,-0.0973035129,0.804256553,0.781816861
71,47,-0.118828681,0.880151652,0.860652952
71,48,-0.143033868,0.963452002,0.947331974
71,49,-0.170283044,1.05486311,1.04263294
71,50,-0.200993977,1.15515385,1.14741198
71,51,-0.235646732,1.26516123,1.26260992
71,52,-0.274793578,1.38579533,1.3892606
71,53,-0.319070529,1.51804416,1.52849999
71,54,-0.369210774,1.66297865,1.68157618
71,55,-0.426060326,1.82175728,1.84986032
71,56,-0.490596222,1.99563044,2.03485863
71,57,-0.563947696,2.18594419,2.23822555
71,58,-0.647420769,2.39414309,2.46177806
71,59,-0.742526769,2.62177169,2.70751146
71,60,-0.851015369,2.87047432,2.97761655
71,61,-0.974912731,3.14199239,3.2744984
71,62,-1.11656546,3.43815841,3.60079688
71,63,-1.27869105,3.76088588,3.95940906
71,64,-1.46443548,4.11215371,4.35351358
71,65,-1.6774387,4.49398364,4.78659728
71,66,-1.92190852,4.908409,5.26248407
71,67,-2.2027032,5.35743259,5.7853664
71,68,-2.52542297,5.84297113,6.35983939
71,69,-2.89650981,6.36678355,6.99093773
71,70,-3.32335468,6.93037992,7.68417575
71,71,-3.81440994,7.53490765,8.44559056
71,72,-4.37930377,8.18101178,9.28178859
71,73,-5.02895184,8.86866632,10.1999956
71,74,-5.77565951,9.5969747,11.2081101
71,75,-6.63320571,10.3639389,12.3147609
71,76,-7.61689792,11.1661995,13.5293677
71,77,-8.74358518,11.9987521,14.8622053
71,78,-10.0316156,12.8546515,16.324472
71,79,-11.5007251,13.7247199,17.9283601
71,80,-13.171846,14.5972815,19.6871299
72,0,0.0799330101,0.0430582614,0
72,1,0.0797271972,0.0440368519,0.000999999186
72,2,0.0795003934,0.045112832,0.00209962317
72,3,0.0792505183,0.0462959059,0.00330879685
72,4,0.0789752372,0.0475967347,0.00463843383
72,5,0.0786719626,0.0490270373,0.00610053491
72,6,0.0783378323,0.0505996963,0.00770829635
72,7,0.0779696824,0.0523288741,0.009476229
72,8,0.0775640149,0.0542301398,0.0114202892
72,9,0.0771169628,0.0563206087,0.0135580226
72,10,0.0766242495,0.0586190959,0.015908723
72,11,0.076081144,0.0611462844,0.0184936056
72,12,0.0754824112,0.0639249101,0.0213359991
72,13,0.0748222557,0.066979965,0.0244615558
72,14,0.074094259,0.0703389204,0.0278984833
72,15,0.0732913096,0.0740319717,0.0316777985
72,16,0.0724055244,0.0780923078,0.0358336078
72,17,0.0714281601,0.0825564059,0.0404034143
72,18,0.0703495149,0.0874643567,0.0454284567
72,19,0.0691588165,0.0928602196,0.0509540802
72,20,0.0678440969,0.098792414,0.0570301463
72,21,0.0663920519,0.105314148,0.0637114817
72,22,0.0647878809,0.112483887,0.071058373
72,23,0.0630151081,0.120365872,0.0791371097
72,24,0.0610553785,0.129030687,0.0880205821
72,25,0.0588882284,0.138555871,0.0977889376
72,26,0.0564908241,0.149026609,0.108530303
72,27,0.0538376663,0.160536467,0.120341579
72,28,0.0509002536,0.173188214,0.133329312
72,29,0.0476466999,0.187094712,0.147610654
72,30,0.0440412984,0.202379896,0.163314415
72,31,0.0400440247,0.219179838,0.180582228
72,32,0.0356099679,0.237643922,0.199569816
72,33,0.0306886819,0.257936115,0.220448397
72,34,0.0252234408,0.280236365,0.243406224
72,35,0.0191503861,0.30474212,0.268650273
72,36,0.0123975476,0.331669985,0.296408106
72,37,0.00488371706,0.361257525,0.326929913
72,38,-0.00348284669,0.393765231,0.360490754
72,39,-0.0128059107,0.429478649,0.397393034
72,40,-0.0232029899,0.468710691,0.437969206
72,41,-0.0348073349,0.511804136,0.48258475
72,42,-0.0477702312,0.559134334,0.53164145
72,43,-0.0622636587,0.611112122,0.585580977
72,44,-0.0784833722,0.668186947,0.644888846
72,45,-0.0966524734,0.730850227,0.71009874
72,46,-0.117025555,0.799638925,0.781797273
72,47,-0.139893511,0.875139351,0.860629212
72,48,-0.165589131,0.95799118,0.947303207
72,49,-0.194493595,1.04889165,1.04259809
72,50,-0.227044038,1.14859997,1.14736976
72,51,-0.263742343,1.25794178,1.26255879
72,52,-0.30516538,1.37781376,1.38919869
72,53,-0.35197692,1.50918816,1.52842503
72,54,-0.404941495,1.65311726,1.68148543
72,55,-0.464940534,1.81073743,1.84975047
72,56,-0.532991109,1.98327284,2.03472568
72,57,-0.610267721,2.17203837,2.23806464
72,58,-0.698127575,2.37844137,2.46158334
72,59,-0.798139867,2.60398202,2.70727584
72,60,-0.912119638,2.85025154,2.97733145
72,61,-1.04216682,3.11892769,3.27415345
72,62,-1.19071114,3.41176666,3.60037954
72,63,-1.36056348,3.73059023,3.95890416
72,64,-1.55497448,4.07726701,4.35290279
72,65,-1.77770081,4.45368603,4.78585841
72,66,-2.03307966,4.86172094,5.26159031
72,67,-2.32611173,5.30318234,5.78428532
72,68,-2.66255236,5.77975592,6.35853175
72,69,-3.04901028,6.29292328,6.98935612
72,70,-3.49305252,6.84386234,7.6822628
72,71,-4.00331282,7.43332407,8.44327692
72,72,-4.58959979,8.06148242,9.27899038
72,73,-5.26299942,8.72775495,10.1966114
72,74,-6.03596422,9.4305928,11.2040173
72,75,-6.92237975,10.1672406,12.3098112
72,76,-7.93759684,10.9334699,13.5233817
72,77,-9.09841644,11.7232946,14.8549662
72,78,-10.4230137,12.52868,16.3157175
72,79,-11.9307886,13.339267,17.9177733
72,80,-13.6421356,14.1421356,19.6743272
73,0,0.0731105839,0.0415773292,0
73,1,0.0728890055,0.0425524709,0.000999999154
73,2,0.0726448544,0.0436246477,0.00209962303
73,3,0.0723758929,0.0448035288,0.0033087965
73,4,0.0720796123,0.0460997356,0.00463843315
73,5,0.0717532331,0.0475249431,0.00610053374
73,6,0.0713936819,0.049091985,0.00770829448
73,7,0.0709975617,0.0508149696,0.00947622618
73,8,0.0705611184,0.0527094061,0.0114202851
73,9,0.0700802023,0.0547923437,0.0135580169
73,10,0.0695502258,0.0570825239,0.015908715
73,11,0.068966115,0.0596005483,0.0184935948
73,12,0.0683222572,0.0623690625,0.0213359847
73,13,0.0676124408,0.0654129583,0.024461537
73,14,0.0668297885,0.0687595957,0.0278984588
73,15,0.0659666834,0.0724390466,0.0316777669
73,16,0.0650146848,0.0764843624,0.0358335674
73,17,0.0639644349,0.0809318677,0.040403363
73,18,0.062805554,0.0858214829,0.0454283918
73,19,0.0615265219,0.0911970781,0.0509539985
73,20,0.0601145458,0.0971068611,0.057030044
73,21,0.0585554107,0.103603804,0.063711354
73,22,0.0568333113,0.11074611,0.0710582142
73,23,0.0549306616,0.118597725,0.0791369127
73,24,0.0528278812,0.127228902,0.0880203384
73,25,0.0505031518,0.136716814,0.0977886367
73,26,0.0479321432,0.147146228,0.108529933
73,27,0.0450877012,0.158610248,0.120341124
73,28,0.0419394945,0.171211119,0.133328753
73,29,0.038453612,0.185061116,0.147609968
73,30,0.0345921058,0.200283507,0.163313576
73,31,0.0303124695,0.217013619,0.180581202
73,32,0.0255670427,0.235399987,0.199568562
73,33,0.0203023317,0.255605622,0.220446868
73,34,0.0144582305,0.277809384,0.24340436
73,35,0.00796713045,0.302207488,0.268648002
73,36,0.000752897143,0.329015134,0.296405341
73,37,-0.00727030335,0.35846829,0.326926549
73,38,-0.0161993546,0.390825622,0.360486664
73,39,-0.0261437442,0.426370587,0.397388064
73,40,-0.0372273547,0.465413708,0.437963168
73,41,-0.0495905308,0.508295019,0.482577419
73,42,-0.0633924667,0.555386717,0.531632552
73,43,-0.0788139659,0.607096001,0.585570181
73,44,-0.0960606368,0.663868123,0.644875751
73,45,-0.115366593,0.726189646,0.710082861
73,46,-0.136998743,0.794591903,0.781778024
73,47,-0.161261771,0.86965467,0.860605881
73,48,-0.188503916,0.952010007,0.947274937
73,49,-0.219123683,1.04234628,1.04256384
73,50,-0.253577654,1.1414123,1.14732828
73,51,-0.292389555,1.25002157,1.26250855
73,52,-0.336160812,1.36905648,1.38913785
73,53,-0.385582818,1.49947248,1.52835137
73,54,-0.441451198,1.64230202,1.68139625
73,55,-0.504682397,1.79865807,1.84964252
73,56,-0.576332931,1.96973708,2.03459502
73,57,-0.657621742,2.15682101,2.23790651
73,58,-0.749956099,2.36127811,2.46139198
73,59,-0.854961565,2.58456195,2.70704428
73,60,-0.974516594,2.82820818,2.97705126
73,61,-1.11079236,3.09382811,3.27381444
73,62,-1.26629845,3.3830984,3.5999694
73,63,-1.44393506,3.69774558,3.95840798
73,64,-1.64705224,4.03952396,4.35230254
73,65,-1.87951685,4.41018549,4.7851323
73,66,-2.14578734,4.81143923,5.26071198
73,67,-2.45099663,5.24489837,5.78322289
73,68,-2.80104257,5.71201198,6.35724669
73,69,-3.20268505,6.21397856,6.9878018
73,70,-3.66364797,6.75163818,7.68038287
73,71,-4.1927229,7.32534008,8.44100321
73,72,-4.79987029,7.93478294,9.27624047
73,73,-5.4963117,8.57882552,10.1932856
73,74,-6.29460526,9.25526746,11.1999951
73,75,-7.20869384,9.96060158,12.3049469
73,76,-8.25391405,10.6897433,13.517499
73,77,-9.44695284,11.435747,14.847852
73,78,-10.8057387,12.1895242,16.3071142
73,79,-12.3492566,12.9395874,17.9073692
73,80,-14.0972815,13.671846,19.6617455
74,0,0.0666242052,0.0400569251,0
74,1,0.066385894,0.0410281131,0.000999999124
74,2,0.0661233332,0.0420959307,0.00209962289
74,3,0.0658341185,0.043270007,0.00330879616
74,4,0.0655155565,0.0445609183,0.00463843249
74,5,0.0651646647,0.045980289,0.00610053259
74,6,0.0647781458,0.0475408974,0.00770829265
74,7,0.0643523566,0.04925679,0.00947622341
74,8,0.0638832715,0.051143408,0.011420281
74,9,0.0633664422,0.0532177248,0.0135580112
74,10,0.0627969518,0.0554983984,0.0159087072
74,11,0.0621693644,0.0580059377,0.0184935843
74,12,0.061477668,0.0607628857,0.0213359707
74,13,0.0607152113,0.0637940202,0.0244615186
74,14,0.0598746328,0.0671265749,0.0278984348
74,15,0.0589477817,0.0707904814,0.031677736
74,16,0.0579256293,0.0748186353,0.0358335278
74,17,0.0567981695,0.079247188,0.0404033127
74,18,0.0555543079,0.0841158672,0.0454283282
74,19,0.0541817367,0.0894683286,0.0509539186
74,20,0.0526667941,0.0953525413,0.0570299438
74,21,0.0509943069,0.101821211,0.063711229
74,22,0.0491474126,0.108932243,0.0710580586
74,23,0.0471073589,0.116749253,0.0791367198
74,24,0.0448532777,0.125342121,0.0880200996
74,25,0.0423619296,0.134787606,0.0977883421
74,26,0.0396074145,0.14517001,0.10852957
74,27,0.0365608446,0.156581914,0.120340677
74,28,0.0331899727,0.169124978,0.133328205
74,29,0.0294587701,0.182910819,0.147609297
74,30,0.0253269475,0.198061964,0.163312754
74,31,0.0207494084,0.214712903,0.180580197
74,32,0.0156756264,0.233011229,0.199567335
74,33,0.0100489348,0.253118888,0.22044537
74,34,0.00380571374,0.275213534,0.243402534
74,35,-0.00312553931,0.299490013,0.268645778
74,36,-0.0108252754,0.326161974,0.296402633
74,37,-0.0193841166,0.355463619,0.326923254
74,38,-0.0289042604,0.387651602,0.360482658
74,39,-0.0395010948,0.423007085,0.397383195
74,40,-0.0513050592,0.461837964,0.437957254
74,41,-0.0644637879,0.504481271,0.482570239
74,42,-0.079144585,0.551305752,0.531623836
74,43,-0.0955372834,0.602714641,0.585559607
74,44,-0.113857551,0.659148621,0.644862925
74,45,-0.134350715,0.721088983,0.710067309
74,46,-0.157296199,0.789060965,0.78175917
74,47,-0.183012657,0.863637273,0.86058303
74,48,-0.211863938,0.945441762,0.947247248
74,49,-0.244266004,1.03515325,1.04253029
74,50,-0.280694969,1.13350941,1.14728764
74,51,-0.32169643,1.24131071,1.26245934
74,52,-0.367896317,1.35942432,1.38907826
74,53,-0.420013496,1.48878779,1.52827922
74,54,-0.478874402,1.63041252,1.68130891
74,55,-0.545430045,1.78538668,1.84953679
74,56,-0.620775728,1.95487742,2.03446705
74,57,-0.706173908,2.14013203,2.23775163
74,58,-0.80308066,2.34247767,2.46120455
74,59,-0.913176247,2.56331908,2.70681747
74,60,-1.03840035,2.80413381,2.97677683
74,61,-1.18099258,3.06646394,3.27348241
74,62,-1.34353879,3.35190352,3.59956768
74,63,-1.5290239,3.66208034,3.95792199
74,64,-1.7408917,3.99863071,4.35171463
74,65,-1.98311205,4.36316537,4.78442111
74,66,-2.26025575,4.75722445,5.25985169
74,67,-2.57757692,5.18221917,5.7821823
74,68,-2.94110232,5.63935732,6.35598803
74,69,-3.35772635,6.1295498,6.98627942
74,70,-3.8353094,6.65329476,7.67854157
74,71,-4.38277628,7.21053665,8.43877622
74,72,-5.01020949,7.8004973,9.27354707
74,73,-5.72893076,8.42147784,10.1900282
74,74,-6.55156187,9.07063133,11.1960556
74,75,-7.49205414,9.74370942,12.3001825
74,76,-8.56567398,10.4347897,13.5117372
74,77,-9.78893164,11.1359957,14.840884
74,78,-11.1794409,11.8372278,16.2986877
74,79,-12.7557005,12.5259289,17.8971788
74,80,-14.5367961,13.1869163,19.6494223
75,0,0.060469008,0.0384994747,0
75,1,0.060212883,0.0394661175,0.000999999093
75,2,0.0599307254,0.0405289248,0.00209962276
75,3,0.0596199531,0.0416974797,0.00330879584
75,4,0.059277677,0.0429823065,0.00463843184
75,5,0.0589006988,0.0443949722,0.00610053147
75,6,0.0584854835,0.0459481913,0.00770829087
75,7,0.0580281264,0.04765594,0.00947622071
75,8,0.0575243138,0.0495335812,0.0114202771
75,9,0.0569692806,0.0515980023,0.0135580057
75,10,0.0563577609,0.0538677658,0.0159086996
75,11,0.0556839344,0.0563632747,0.018493574
75,12,0.0549413661,0.0591069549,0.021335957
75,13,0.0541229388,0.0621234544,0.0244615006
75,14,0.0532207779,0.065439863,0.0278984114
75,15,0.0522261675,0.0690859526,0.0316777058
75,16,0.0511294562,0.0730944414,0.0358334892
75,17,0.0499199524,0.0775012841,0.0404032636
75,18,0.0485858058,0.0823459896,0.0454282661
75,19,0.0471138758,0.0876719701,0.0509538405
75,20,0.0454895831,0.0935269239,0.057029846
75,21,0.0436967428,0.0999632548,0.0637111069
75,22,0.0417173769,0.107038532,0.0710579067
75,23,0.0395315033,0.114815997,0.0791365314
75,24,0.0371168973,0.123365109,0.0880198666
75,25,0.0344488231,0.132762159,0.0977880545
75,26,0.0314997295,0.143090925,0.108529215
75,27,0.0282389063,0.154443402,0.120340242
75,28,0.0246320945,0.166920592,0.133327671
75,29,0.020641044,0.18063337,0.147608641
75,30,0.0162230118,0.195703436,0.163311952
75,31,0.0113301902,0.212264344,0.180579216
75,32,0.00590905638,0.230462634,0.199566137
75,33,-0.000100369307,0.250459063,0.220443908
75,34,-0.006765371,0.272429943,0.243400751
75,35,-0.0141615057,0.2965686,0.268643606
75,36,-0.0223737123,0.323086962,0.29639999
75,37,-0.0314975826,0.352217274,0.326920038
75,38,-0.04164082,0.384213968,0.360478748
75,39,-0.0529249156,0.419355675,0.397378443
75,40,-0.0654870763,0.457947404,0.437951482
75,41,-0.0794824454,0.500322884,0.48256323
75,42,-0.0950866631,0.546847084,0.53161533
75,43,-0.112498821,0.597918902,0.585549285
75,44,-0.131944878,0.653974042,0.644850406
75,45,-0.153681604,0.715488056,0.710052128
75,46,-0.178001154,0.782979567,0.781740766
75,47,-0.205236358,0.857013629,0.860560726
75,48,-0.235766855,0.938205238,0.947220221
75,49,-0.270026208,1.02722292,1.04249755
75,50,-0.308510159,1.12479239,1.14724798
75,51,-0.351786207,1.23170019,1.2624113
75,52,-0.400504729,1.34879716,1.38902009
75,53,-0.45541189,1.47700183,1.52820879
75,54,-0.51736462,1.61730322,1.68122365
75,55,-0.587347987,1.77076324,1.84943359
75,56,-0.66649534,1.9385181,2.03434214
75,57,-0.756111616,2.12177859,2.23760046
75,58,-0.857700286,2.32182872,2.4610216
75,59,-0.972994447,2.54002215,2.70659609
75,60,-1.10399258,2.7777758,2.97650896
75,61,-1.25299959,3.03655978,3.27315831
75,62,-1.4226736,3.31788247,3.59917558
75,63,-1.61607925,3.6232697,3.95744762
75,64,-1.83674773,3.95423626,4.35114077
75,65,-2.08874406,4.312248,4.78372692
75,66,-2.37674163,4.69867236,5.25901198
75,67,-2.70610382,5.11471478,5.78116658
75,68,-3.08297167,5.56133829,6.35475946
75,69,-3.51435624,6.0391631,6.98479345
75,70,-4.00823297,6.54834334,7.67674429
75,71,-4.57363402,7.08841795,8.43660248
75,72,-5.22073328,7.6581336,9.27091807
75,73,-5.96091646,8.25523858,10.1868486
75,74,-6.80682702,8.87624896,11.1922103
75,75,-7.77237662,9.51619109,12.2955321
75,76,-8.87270764,10.168329,13.5061131
75,77,-10.1240949,10.8238908,14.8340827
75,78,-11.5437756,11.4718139,16.2904626
75,79,-13.1497007,12.0985364,17.8872322
75,80,-14.9602091,12.6878657,19.6373938
76,0,0.054640093,0.0369072699,0
76,1,0.0543649426,0.0378686701,0.000999999064
76,2,0.0540618573,0.0389256996,0.00209962263
76,3,0.0537280656,0.0400878883,0.00330879551
76,4,0.0533604697,0.041365701,0.00463843121
76,5,0.052955641,0.0427706385,0.00610053038
76,6,0.0525097916,0.0443153423,0.00770828913
76,7,0.0520187381,0.0460137075,0.00947621808
76,8,0.0514778604,0.0478810079,0.0114202733
76,9,0.0508820556,0.0499340318,0.0135580003
76,10,0.0502256868,0.0521912322,0.0159086922
76,11,0.0495025247,0.0546728912,0.018493564
76,12,0.0487056844,0.0574013004,0.0213359437
76,13,0.0478275534,0.0604009596,0.0244614831
76,14,0.0468597118,0.0636987938,0.0278983887
76,15,0.0457928431,0.0673243926,0.0316776765
76,16,0.0446166351,0.0713102719,0.0358334516
76,17,0.0433196681,0.0756921616,0.0404032159
76,18,0.0418892901,0.0805093215,0.0454282058
76,19,0.0403114777,0.0858048864,0.0509537645
76,20,0.0385706786,0.0916262465,0.0570297508
76,21,0.0366496365,0.0980254626,0.0637109882
76,22,0.0345291928,0.105059723,0.071057759
76,23,0.0321880641,0.11279184,0.0791363482
76,24,0.029602592,0.121290802,0.08801964
76,25,0.02674646,0.130632369,0.0977877748
76,26,0.0235903741,0.140899725,0.108528871
76,27,0.0201017026,0.152184204,0.120339818
76,28,0.016244067,0.164586063,0.13332715
76,29,0.0119768793,0.178215348,0.147608004
76,30,0.00725481683,0.193192824,0.163311172
76,31,0.00202722482,0.209650995,0.180578262
76,32,-0.00376256223,0.227735223,0.199564972
76,33,-0.0101779944,0.247604933,0.220442486
76,34,-0.0172901886,0.269434938,0.243399018
76,35,-0.0251789365,0.29341687,0.268641495
76,36,-0.033933857,0.31976074,0.296397419
76,37,-0.0436557156,0.348696623,0.326916911
76,38,-0.0544579371,0.380476485,0.360474945
76,39,-0.0664683425,0.41537616,0.397373822
76,40,-0.0798311434,0.453697468,0.437945868
76,41,-0.0947092386,0.495770506,0.482556413
76,42,-0.111286858,0.541956088,0.531607056
76,43,-0.129772609,0.592648365,0.585539247
76,44,-0.150403,0.648277593,0.644838229
76,45,-0.173446501,0.709313072,0.710037363
76,46,-0.199208243,0.776266224,0.781722867
76,47,-0.22803546,0.849693808,0.860539032
76,48,-0.260323784,0.930201232,0.947193933
76,49,-0.29652454,1.01844593,1.0424657
76,50,-0.337153204,1.11514075,1.14720941
76,51,-0.382799209,1.22105726,1.26236459
76,52,-0.434137314,1.33702892,1.38896352
76,53,-0.491940787,1.46395391,1.5281403
76,54,-0.55709669,1.60279751,1.68114073
76,55,-0.630623586,1.7545938,1.84933321
76,56,-0.713692032,1.92044633,2.03422065
76,57,-0.807648277,2.10152747,2.23745342
76,58,-0.914041615,2.29907598,2.46084366
76,59,-1.03465589,2.51439212,2.70638077
76,60,-1.17154565,2.74882969,2.97624843
76,61,-1.3270776,3.00378409,3.27284309
76,62,-1.50397774,3.28067516,3.5987942
76,63,-1.70538482,3.5809237,3.95698624
76,64,-1.93491045,3.90591977,4.35058262
76,65,-2.19670619,4.25698119,4.78305174
76,66,-2.49553743,4.63529959,5.25819525
76,67,-2.8368638,5.04187188,5.78017868
76,68,-3.22692485,5.47741403,6.35356453
76,69,-3.67282931,5.94225428,6.98334815
76,70,-4.18264487,6.43620278,7.67499622
76,71,-4.76548414,6.95839515,8.43448825
76,72,-5.43158071,7.50710791,9.26836104
76,73,-6.19234763,8.07954568,10.1837561
76,74,-7.06040817,8.67160205,11.1884702
76,75,-8.04958752,9.27759966,12.291009
76,76,-9.17485288,9.89001959,13.5006431
76,77,-10.4521896,10.499236,14.8274675
76,78,-11.8984037,11.0932781,16.2824627
76,79,-13.5308467,11.6576482,17.8775578
76,80,-15.3670668,12.1752286,19.6256946
77,0,0.0491325629,0.0352824628,0
77,1,0.0488370257,0.0362377931,0.000999999036
77,2,0.0485115175,0.0372881341,0.00209962251
77,3,0.048153064,0.0384429545,0.0033087952
77,4,0.0477583438,0.0397126502,0.0046384306
77,5,0.0473236826,0.041108646,0.00610052933
77,6,0.046845022,0.0426434989,0.00770828745
77,7,0.0463178806,0.0443310111,0.00947621554
77,8,0.045737311,0.0461863531,0.0114202696
77,9,0.0450978499,0.0482261996,0.0135579951
77,10,0.0443934637,0.0504688777,0.015908685
77,11,0.0436174868,0.0529345303,0.0184935543
77,12,0.0427625542,0.055645295,0.0213359308
77,13,0.0418205248,0.0586255008,0.0244614661
77,14,0.0407823974,0.0619018842,0.0278983666
77,15,0.0396382155,0.0655038254,0.031677648
77,16,0.0383769625,0.0694636083,0.0358334152
77,17,0.0369864432,0.0738167059,0.0404031696
77,18,0.0354531523,0.0786020922,0.0454281473
77,19,0.0337621268,0.0838625855,0.0509536909
77,20,0.0318967802,0.0896452236,0.0570296586
77,21,0.029838717,0.0960016761,0.0637108731
77,22,0.0275675248,0.102988695,0.0710576159
77,23,0.0250605391,0.11066861,0.0791361707
77,24,0.0222925805,0.119109867,0.0880194204
77,25,0.019235657,0.128387623,0.0977875037
77,26,0.0158586294,0.138584393,0.108528537
77,27,0.0121268326,0.149790755,0.120339408
77,28,0.00800164782,0.16210613,0.133326647
77,29,0.00344001807,0.175639621,0.147607386
77,30,-0.00160610065,0.190510939,0.163310415
77,31,-0.00719036273,0.206851408,0.180577337
77,32,-0.013372741,0.224805058,0.199563842
77,33,-0.0202203325,0.244529824,0.220441109
77,34,-0.0278082767,0.266198836,0.243397338
77,35,-0.0362208024,0.29000183,0.268639448
77,36,-0.0455524242,0.316146677,0.296394928
77,37,-0.0559093105,0.344861031,0.32691388
77,38,-0.0674108502,0.376394119,0.36047126
77,39,-0.0801914484,0.411018667,0.397369343
77,40,-0.0944025884,0.449032965,0.437940427
77,41,-0.1102152,0.490763096,0.482549808
77,42,-0.127822388,0.5365653,0.531599038
77,43,-0.147442566,0.586828504,0.585529519
77,44,-0.169323083,0.641976995,0.64482643
77,45,-0.193744391,0.702473233,0.710023055
77,46,-0.221024877,0.768820793,0.781705522
77,47,-0.251526433,0.841567409,0.86051801
77,48,-0.285660907,0.921308097,0.94716846
77,49,-0.323897567,1.0086883,1.04243484
77,50,-0.366771743,1.104407,1.14717203
77,51,-0.414894832,1.2092197,1.26231931
77,52,-0.468965896,1.32394121,1.3889087
77,53,-0.529785085,1.44944804,1.52807392
77,54,-0.598269186,1.58668021,1.68106037
77,55,-0.675469607,1.73664229,1.84923595
77,56,-0.762593174,1.90040337,2.03410292
77,57,-0.861026138,2.07909541,2.23731094
77,58,-0.972361837,2.27390975,2.46067123
77,59,-1.09843251,2.4860909,2.70617213
77,60,-1.24134576,2.71692705,2.97599597
77,61,-1.40352618,2.96773623,3.27253763
77,62,-1.5877627,3.23984699,3.59842464
77,63,-1.79726199,3.53457228,3.95653915
77,64,-2.03570844,3.85317473,4.35004176
77,65,-2.30733063,4.19682146,4.78239748
77,66,-2.61697437,4.5665261,5.25740383
77,67,-2.97018142,4.96307535,5.77922138
77,68,-3.37327288,5.38693743,6.35240662
77,69,-3.83343487,5.83814924,6.98194763
77,70,-4.35880333,6.31617964,7.6733023
77,71,-4.95854316,6.81976624,8.43243952
77,72,-5.6429152,7.34672446,9.26588322
77,73,-6.42332281,7.89372908,10.1807594
77,74,-7.3123277,8.45607122,11.184846
77,75,-8.32362347,9.02739755,12.286626
77,76,-9.47195432,9.59944329,13.4953425
77,77,-10.7729676,10.1617768,14.8210572
77,78,-12.2429917,10.7015793,16.2747106
77,79,-13.8987379,11.2034908,17.8681831
77,80,-15.7569337,11.6495539,19.6143578
78,0,0.0439415557,0.0336270617,0
78,1,0.0436240994,0.0345753336,0.000999999009
78,2,0.043274485,0.0356178984,0.00209962239
78,3,0.0428895207,0.0367641537,0.00330879491
78,4,0.0424656452,0.0380244156,0.00463843001
78,5,0.0419989204,0.0394100206,0.00610052831
78,6,0.0414849976,0.0409334283,0.00770828582
78,7,0.0409190763,0.042608333,0.00947621308
78,8,0.040295858,0.0444497862,0.011420266
78,9,0.0396094929,0.0464743309,0.01355799
78,10,0.0388535227,0.048700149,0.0159086781
78,11,0.0380208144,0.0511472223,0.0184935449
78,12,0.0371034888,0.0538375108,0.0213359184
78,13,0.0360928392,0.0567951469,0.0244614497
78,14,0.0349792421,0.0600466493,0.0278983453
78,15,0.0337520566,0.063621157,0.0316776206
78,16,0.0323995127,0.0675506873,0.0358333801
78,17,0.0309085867,0.071870417,0.0404031249
78,18,0.0292648616,0.0766189922,0.0454280908
78,19,0.0274523712,0.0818388671,0.0509536199
78,20,0.0254534251,0.0875766756,0.0570295697
78,21,0.0232484133,0.0938836386,0.063710762
78,22,0.0208155864,0.100816009,0.0710574778
78,23,0.0181308093,0.108435562,0.0791359993
78,24,0.0151672834,0.116810127,0.0880192084
78,25,0.011895235,0.126014171,0.097787242
78,26,0.00828156353,0.136129444,0.108528215
78,27,0.00428944509,0.147245668,0.120339011
78,28,-0.00012211567,0.159461309,0.13332616
78,29,-0.00499879194,0.172884402,0.14760679
78,30,-0.0103915083,0.187633463,0.163309686
78,31,-0.0163570906,0.203838476,0.180576445
78,32,-0.0229590041,0.221641974,0.199562753
78,33,-0.0302681917,0.241200204,0.220439779
78,34,-0.0383640283,0.262684403,0.243395717
78,35,-0.0473354078,0.286282178,0.268637473
78,36,-0.0572819833,0.312198997,0.296392523
78,37,-0.0683155839,0.340659807,0.326910954
78,38,-0.0805618343,0.371910775,0.360467703
78,39,-0.0941620106,0.406221163,0.39736502
78,40,-0.109275166,0.44388534,0.437935176
78,41,-0.126080575,0.485224934,0.482543431
78,42,-0.144780531,0.530591128,0.531591299
78,43,-0.165603583,0.580367088,0.585520129
78,44,-0.188808243,0.634970531,0.644815041
78,45,-0.214687269,0.694856416,0.710009245
78,46,-0.243572609,0.760519732,0.78168878
78,47,-0.2758411,0.832498376,0.860497719
78,48,-0.311921055,0.911376068,0.947143873
78,49,-0.352299884,0.997785254,1.04240506
78,50,-0.397532895,1.09240994,1.14713594
78,51,-0.448253485,1.19598835,1.26227562
78,52,-0.505184925,1.30931531,1.38885579
78,53,-0.569153988,1.43324414,1.52800986
78,54,-0.641106719,1.568688,1.68098281
78,55,-0.72212664,1.71662019,1.84914206
78,56,-0.813455779,1.87807337,2.03398928
78,57,-0.916518904,2.05413704,2.23717341
78,58,-1.0329514,2.24595286,2.4605048
78,59,-1.16463129,2.45470725,2.70597073
78,60,-1.31371578,2.6816203,2.97575228
78,61,-1.48268304,2.92793012,3.27224279
78,62,-1.67437941,3.19487142,3.59806793
78,63,-1.89207267,3.48364682,3.9561076
78,64,-2.13951144,3.79538924,4.3495197
78,65,-2.42099095,4.13111328,4.78176595
78,66,-2.74142473,4.49165329,5.25663992
78,67,-3.10642142,4.8775855,5.77829735
78,68,-3.52236537,5.28913145,6.35128896
78,69,-3.99649847,5.72603973,6.98059579
78,70,-4.53699962,6.18744347,7.67166726
78,71,-5.1530568,6.67169136,8.430462
78,72,-5.85492483,7.17615118,9.26349153
78,73,-6.65396022,7.69698699,10.1778668
78,74,-7.56262262,8.22891352,11.1813478
78,75,-8.59443104,8.76493585,12.2823953
78,76,-9.7638629,9.29608739,13.4902261
78,77,-11.0861852,9.81118532,14.8148698
78,78,-12.5772112,10.296629,16.267228
78,79,-14.2529832,10.7362726,17.8591343
78,80,-16.1293922,11.1114047,19.6034151
79,0,0.0390622774,0.0319429271,0
79,1,0.0387211745,0.032882952,0.000999998982
79,2,0.0383455568,0.033916433,0.00209962227
79,3,0.0379319976,0.0350526843,0.00330879462
79,4,0.0374766775,0.0363019294,0.00463842945
79,5,0.0369753743,0.0376754021,0.00610052733
79,6,0.0364234269,0.0391854484,0.00770828426
79,7,0.0358156915,0.0408456374,0.00947621072
79,8,0.0351464916,0.0426708822,0.0114202626
79,9,0.0344095624,0.044677573,0.0135579852
79,10,0.0335979883,0.0468837227,0.0159086714
79,11,0.0327041344,0.0493091267,0.0184935359
79,12,0.0317195688,0.0519755388,0.0213359064
79,13,0.0306349772,0.0549068633,0.024461434
79,14,0.0294400681,0.0581293667,0.0278983248
79,15,0.0281234656,0.0616719091,0.0316775942
79,16,0.0266725917,0.0655661988,0.0358333463
79,17,0.0250735341,0.0698470706,0.040403082
79,18,0.0233108984,0.0745527917,0.0454280365
79,19,0.0213676434,0.0797253962,0.0509535516
79,20,0.0192248968,0.0854110521,0.0570294841
79,21,0.0168617485,0.0916604632,0.0637106553
79,22,0.0142550196,0.0985293089,0.071057345
79,23,0.0113790023,0.106078726,0.0791358346
79,24,0.00820516889,0.114375833,0.0880190046
79,25,0.00470184388,0.123494312,0.0977869905
79,26,0.000833835176,0.133515031,0.108527905
79,27,-0.00343798145,0.144526736,0.120338631
79,28,-0.00815713109,0.156626798,0.133325693
79,29,-0.0133720691,0.169922036,0.147606217
79,30,-0.0191367797,0.184529604,0.163308984
79,31,-0.0255114539,0.200577965,0.180575587
79,32,-0.0325632572,0.218207945,0.199561705
79,33,-0.0403672022,0.237573883,0.2204385
79,34,-0.049007139,0.258844875,0.243394158
79,35,-0.0585768825,0.282206121,0.268635574
79,36,-0.0691814973,0.307860384,0.296390212
79,37,-0.0809387622,0.336029566,0.326908142
79,38,-0.0939808441,0.3669564,0.360464283
79,39,-0.108456211,0.400906275,0.397360864
79,40,-0.124531823,0.438169179,0.437930128
79,41,-0.142395643,0.479061783,0.482537302
79,42,-0.162259518,0.523929649,0.53158386
79,43,-0.18436249,0.573149565,0.585511103
79,44,-0.208974599,0.627131995,0.644804093
79,45,-0.236401269,0.686323635,0.709995969
79,46,-0.266988349,0.751210056,0.781672687
79,47,-0.301127937,0.822318391,0.860478214
79,48,-0.33926509,0.900220042,0.947120238
79,49,-0.381905574,0.985533338,1.04237642
79,50,-0.429624814,1.07892608,1.14710126
79,51,-0.483078234,1.18111784,1.26223361
79,52,-0.543013197,1.29288196,1.38880492
79,53,-0.610282803,1.415047,1.52794827
79,54,-0.685861813,1.54849745,1.68090826
79,55,-0.770865031,1.69417346,1.84905181
79,56,-0.866568474,1.85306922,2.03388005
79,57,-0.974433751,2.02622956,2.23704121
79,58,-1.09613605,2.2147442,2.46034482
79,59,-1.23359618,2.41973906,2.70577714
79,60,-1.38901719,2.6423637,2.97551804
79,61,-1.56492592,2.88377391,3.27195937
79,62,-1.76422005,3.14510825,3.59772504
79,63,-1.9902208,3.42745696,3.95569278
79,64,-2.24673173,3.73182161,4.34901788
79,65,-2.53810324,4.05906328,4.7811589
79,66,-2.86930275,4.40983701,5.25590561
79,67,-3.24598922,4.78450991,5.77740913
79,68,-3.67459065,5.18306004,6.35021461
79,69,-4.16238167,5.60495344,6.97929634
79,70,-4.71755754,6.04899653,7.67009558
79,71,-5.34929903,6.51316232,8.42856111
79,72,-6.06782106,6.99438955,9.26119253
79,73,-6.88439628,7.4883566,10.1750864
79,74,-7.81134292,7.98923456,11.1779851
79,75,-8.86196513,8.48942861,12.2783286
79,76,-10.0504344,8.97932175,13.485308
79,77,-11.3916023,9.44704165,14.8089222
79,78,-12.9007389,9.87827709,16.2600354
79,79,-14.5932012,10.2561758,17.8504362
79,80,-16.4840436,10.561357,19.5928964
80,0,0.0344900309,0.0302317698,0
80,1,0.0341233339,0.0311621091,0.000999998957
80,2,0.0337195737,0.0321849234,0.00209962216
80,3,0.0332750699,0.0333094295,0.00330879434
80,4,0.0327857239,0.0345457424,0.00463842891
80,5,0.0322470068,0.0359049757,0.00610052639
80,6,0.0316539203,0.0373993426,0.00770828276
80,7,0.0310009497,0.0390422657,0.00947620846
80,8,0.0302820108,0.0408484967,0.0114202593
80,9,0.0294903906,0.0428342471,0.0135579806
80,10,0.0286186808,0.0450173328,0.0159086651
80,11,0.0276587046,0.0474173316,0.0184935273
80,12,0.0266014344,0.0500557567,0.0213358949
80,13,0.0254369014,0.0529562469,0.0244614189
80,14,0.0241540938,0.056144775,0.0278983052
80,15,0.0227408445,0.0596498763,0.0316775689
80,16,0.0211837056,0.0635028999,0.035833314
80,17,0.0194678083,0.0677382831,0.0404030409
80,18,0.017576707,0.072393853,0.0454279846
80,19,0.015492205,0.0775111561,0.0509534863
80,20,0.0131941596,0.0831358206,0.0570294023
80,21,0.0106602648,0.0893179511,0.0637105531
80,22,0.007865807,0.096112563,0.0710572179
80,23,0.00478339206,0.103580055,0.079135677
80,24,0.00138263881,0.111786729,0.0880188096
80,25,-0.00237016506,0.120805355,0.0977867498
80,26,-0.00651244989,0.13071579,0.108527608
80,27,-0.0110857992,0.141605654,0.120338266
80,28,-0.0161364404,0.153571064,0.133325245
80,29,-0.0217157973,0.16671744,0.147605668
80,30,-0.0278811157,0.181160379,0.163308313
80,31,-0.0346961687,0.197026602,0.180574766
80,32,-0.0422320564,0.214454991,0.199560702
80,33,-0.050568112,0.233597709,0.220437277
80,34,-0.0597929302,0.254621416,0.243392666
80,35,-0.0700055344,0.277708581,0.268633757
80,36,-0.0813167066,0.303058905,0.296388
80,37,-0.0938505003,0.330890849,0.326905451
80,38,-0.107745967,0.361443275,0.360461011
80,39,-0.123159127,0.394977214,0.397356888
80,40,-0.140265222,0.431777742,0.437925298
80,41,-0.159261294,0.472155985,0.482531437
80,42,-0.180369142,0.516451234,0.531576741
80,43,-0.203838705,0.565033182,0.585502465
80,44,-0.229951959,0.618304249,0.644793616
80,45,-0.259027388,0.676702003,0.709983265
80,46,-0.291425124,0.740701631,0.781657286
80,47,-0.327552874,0.810818452,0.860459548
80,48,-0.367872739,0.887610393,0.94709762
80,49,-0.412909078,0.971680397,1.04234902
80,50,-0.463257574,1.06367866,1.14706807
80,51,-0.519595696,1.16430462,1.26219341
80,52,-0.582694756,1.27430847,1.38875624
80,53,-0.653433824,1.39449223,1.52788934
80,54,-0.732815762,1.5257098,1.68083691
80,55,-0.821985691,1.66886613,1.84896545
80,56,-0.922252245,1.82491476,2.03377551
80,57,-1.03511197,1.99485359,2.23691469
80,58,-1.1622773,2.17971804,2.46019171
80,59,-1.30570854,2.38057114,2.70559187
80,60,-1.46765025,2.59848958,2.97529387
80,61,-1.65067256,2.83454459,3.27168815
80,62,-1.85771764,3.0897766,3.5973969
80,63,-2.09215179,3.36516197,3.9552958
80,64,-2.35782311,3.66157001,4.34853764
80,65,-2.6591247,3.97970836,4.78057796
80,66,-3.00106277,4.32005421,5.25520288
80,67,-3.3893287,4.68276877,5.77655912
80,68,-3.83037306,5.0675924,6.34918647
80,69,-4.33147886,5.47371744,6.97805278
80,70,-4.90082984,5.89963664,7.66859151
80,71,-5.54756824,6.34296542,8.42674199
80,72,-6.28183478,6.80023779,9.25899242
80,73,-7.11478161,7.26667819,10.1724256
80,74,-8.05854775,7.73595432,11.1747671
80,75,-9.1261855,8.19992106,12.2744368
80,76,-10.3315266,8.64837046,13.4806015
80,77,-11.6889796,9.06880962,14.8032304
80,78,-13.2132544,9.4462937,16.2531521
80,79,-14.9190196,9.76334627,17.8421122
80,80,-16.8205081,10,19.5828302
81,0,0.0302202448,0.0284951494,0
81,1,0.0298257595,0.0294140505,0.000999998933
81,2,0.029391447,0.0304242702,0.00209962205
81,3,0.0289133515,0.0315349106,0.00330879408
81,4,0.0283870719,0.0327559586,0.00463842839
81,5,0.027807747,0.0340983865,0.0061005255
81,6,0.027170013,0.0355742516,0.00770828134
81,7,0.0264679537,0.0371968043,0.00947620631
81,8,0.0256950435,0.0389806063,0.0114202562
81,9,0.0248440842,0.0409416596,0.0135579762
81,10,0.0239071341,0.0430975487,0.015908659
81,11,0.0228754304,0.0454675963,0.0184935191
81,12,0.0217393012,0.0480730335,0.021335884
81,13,0.0204880697,0.0509371877,0.0244614046
81,14,0.019109946,0.0540856878,0.0278982866
81,15,0.0175919081,0.0575466892,0.0316775449
81,16,0.0159195682,0.0613511206,0.0358332832
81,17,0.0140770253,0.0655329547,0.0404030018
81,18,0.0120466992,0.0701295046,0.0454279351
81,19,0.00980914683,0.0751817482,0.050953424
81,20,0.00734285633,0.0807346836,0.0570293243
81,21,0.0046240174,0.0868377182,0.0637104558
81,22,0.00162626422,0.093545094,0.0710570968
81,23,-0.00167961204,0.100916353,0.0791355269
81,24,-0.00532598554,0.109016846,0.0880186239
81,25,-0.00934875713,0.117918288,0.0977865206
81,26,-0.01378776,0.127699363,0.108527326
81,27,-0.0186872158,0.138446389,0.120337919
81,28,-0.0240962475,0.150254034,0.133324819
81,29,-0.0300694573,0.163226107,0.147605146
81,30,-0.036667578,0.177476408,0.163307673
81,31,-0.0439582088,0.193129656,0.180573984
81,32,-0.0520166467,0.210322503,0.199559747
81,33,-0.0609268272,0.229204618,0.220436112
81,34,-0.0707823906,0.249939874,0.243391246
81,35,-0.0816878909,0.272707628,0.268632026
81,36,-0.0937601698,0.297704091,0.296385893
81,37,-0.107129918,0.325143815,0.326902888
81,38,-0.121943455,0.355261277,0.360457894
81,39,-0.138364754,0.388312582,0.3973531
81,40,-0.156577757,0.424577266,0.437920697
81,41,-0.176789021,0.464360221,0.482525851
81,42,-0.199230734,0.507993712,0.531569961
81,43,-0.224164189,0.5558395,0.585494239
81,44,-0.251883742,0.608291045,0.644783638
81,45,-0.282721374,0.665775778,0.709971166
81,46,-0.317051918,0.728757406,0.781642618
81,47,-0.35529907,0.797738218,0.860441771
81,48,-0.3979423,0.873261351,0.947076079
81,49,-0.445524809,0.955912919,1.04232292
81,50,-0.49866268,1.04632396,1.14703646
81,51,-0.558055427,1.14517205,1.26215513
81,52,-0.624498129,1.25318246,1.38870989
81,53,-0.698895405,1.37112864,1.52783321
81,54,-0.782277492,1.49983186,1.68076896
81,55,-0.875818733,1.64015964,1.84888319
81,56,-0.980858797,1.79302258,2.03367595
81,57,-1.09892701,1.95936925,2.2367942
81,58,-1.2317702,2.14017836,2.4600459
81,59,-1.38138438,2.33644771,2.70541543
81,60,-1.55005088,2.54917887,2.97508037
81,61,-1.74037701,2.77935657,3.27142984
81,62,-1.95534193,3.02792158,3.59708438
81,63,-2.19834768,3.29573545,3.95491772
81,64,-2.47327557,3.58353533,4.34808026
81,65,-2.78454766,3.89187679,4.78002469
81,66,-3.13719261,4.22106231,5.25453362
81,67,-3.53691491,4.5710528,5.77574958
81,68,-3.99016523,4.94135952,6.34820729
81,69,-4.50420913,5.33091379,6.97686844
81,70,-5.0871897,5.73791223,7.66715905
81,71,-5.74817859,6.1596363,8.42500949
81,72,-6.49720771,6.59224618,9.25689706
81,73,-7.34527275,7.03055159,10.1698914
81,74,-8.30429781,7.46776543,11.1717024
81,75,-9.38705004,7.89525075,12.2707303
81,76,-10.6069936,8.30227697,13.476119
81,77,-11.9780751,8.67580756,14.7978096
81,78,-13.5144382,9.00034722,16.2465966
81,79,-15.2300741,9.25788055,17.8341845
81,80,-17.1384253,9.42793474,19.5732433
82,0,0.0262484991,0.0267344744,0
82,1,0.0258237604,0.0276397892,0.00099999891
82,2,0.0253561883,0.0286350517,0.00209962195
82,3,0.0248415272,0.0297292276,0.00330879383
82,4,0.0242750475,0.0309321526,0.0046384279
82,5,0.0236515267,0.0322546316,0.00610052466
82,6,0.0229652041,0.0337085374,0.00770827999
82,7,0.0222097274,0.0353069169,0.00947620427
82,8,0.0213780918,0.0370641074,0.0114202532
82,9,0.0204625722,0.0389958632,0.013557972
82,10,0.0194546485,0.0411194959,0.0159086533
82,11,0.0183449216,0.0434540266,0.0184935114
82,12,0.0171230212,0.0460203542,0.0213358737
82,13,0.0157775027,0.048841439,0.024461391
82,14,0.0142957328,0.0519425046,0.0278982689
82,15,0.0126637629,0.0553512588,0.0316775221
82,16,0.0108661878,0.0590981361,0.0358332541
82,17,0.00888598849,0.063216563,0.0404029647
82,18,0.00670435718,0.0677432485,0.0454278883
82,19,0.00430050266,0.0727185028,0.0509533651
82,20,0.00165143276,0.0781865855,0.0570292504
82,21,-0.00126828808,0.0841960865,0.0637103637
82,22,-0.00448680982,0.0908003429,0.0710569822
82,23,-0.00803529965,0.0980578945,0.0791353847
82,24,-0.0119482809,0.106032981,0.088018448
82,25,-0.0162640127,0.114796086,0.0977863034
82,26,-0.0210249154,0.124424529,0.108527059
82,27,-0.0262780486,0.13500311,0.12033759
82,28,-0.0320756471,0.146624815,0.133324415
82,29,-0.0384757253,0.159391581,0.147604651
82,30,-0.0455427559,0.173415127,0.163307067
82,31,-0.0533484362,0.188817861,0.180573244
82,32,-0.0619725525,0.205733854,0.199558843
82,33,-0.0715039565,0.224309903,0.220435008
82,34,-0.0820416701,0.244706681,0.2433899
82,35,-0.093696136,0.267099966,0.268630387
82,36,-0.106590636,0.291681976,0.296383897
82,37,-0.120862902,0.318662798,0.32690046
82,38,-0.136666945,0.348271911,0.360454942
82,39,-0.154175137,0.380759821,0.397349512
82,40,-0.173580585,0.416399788,0.437916339
82,41,-0.195099834,0.455489655,0.482520559
82,42,-0.218975957,0.498353771,0.531563538
82,43,-0.245482088,0.545344989,0.585486446
82,44,-0.274925458,0.596846742,0.644774185
82,45,-0.307652022,0.653275153,0.709959703
82,46,-0.344051765,0.715081171,0.781628722
82,47,-0.384564778,0.782752669,0.860424929
82,48,-0.429688247,0.856816475,0.947055672
82,49,-0.479984469,0.937840241,1.0422982
82,50,-0.536090061,1.02643407,1.14700651
82,51,-0.598726555,1.12325178,1.26211886
82,52,-0.668712556,1.22899164,1.38866597
82,53,-0.746977729,1.34439643,1.52778003
82,54,-0.834578841,1.47025246,1.68070458
82,55,-0.932718182,1.60738745,1.84880527
82,56,-1.04276466,1.75666659,2.03358164
82,57,-1.16627794,1.91898667,2.23668005
82,58,-1.30503596,2.09526726,2.45990776
82,59,-1.46106631,2.28643863,2.70524827
82,60,-1.63668166,2.49342519,2.97487811
82,61,-1.83451982,2.71712354,3.27118512
82,62,-2.05758856,2.95837382,3.59678831
82,63,-2.30931543,3.2179227,3.95455954
82,64,-2.5936025,3.49637635,4.34764695
82,65,-2.91488587,3.79414126,4.77950052
82,66,-3.27819898,4.11135043,5.25389957
82,67,-3.68923871,4.44777273,5.77498264
82,68,-4.15443192,4.80270242,6.34727962
82,69,-4.68099959,5.17482668,6.9757464
82,70,-5.277014,5.56206885,7.66580197
82,71,-5.95144337,5.96140639,8.42336814
82,72,-6.71417627,6.36866393,9.25491196
82,73,-7.57601702,6.77828421,10.1674906
82,74,-8.54864152,7.18308328,11.1687988
82,75,-9.64450278,7.5740008,12.2672189
82,76,-10.876676,7.93986176,13.4718724
82,77,-12.2586362,8.26717213,14.792674
82,78,-13.8039666,8.5399765,16.240386
82,79,-15.5260062,8.73980965,17.826674
82,80,-17.4374548,8.8457738,19.5641608
83,0,0.0225705498,0.0249510021,0
83,1,0.0221128028,0.0258400833,0.000999998889
83,2,0.0216089455,0.0268174771,0.00209962186
83,3,0.0210543957,0.0278919869,0.0033087936
83,4,0.0204440657,0.0290732678,0.00463842744
83,5,0.0197723397,0.0303719255,0.00610052386
83,6,0.0190330249,0.0317996135,0.00770827872
83,7,0.0182192944,0.0333691365,0.00947620235
83,8,0.0173236218,0.0350945649,0.0114202505
83,9,0.016337709,0.0369913589,0.0135579681
83,10,0.0152524065,0.0390765058,0.0159086478
83,11,0.0140576238,0.0413686688,0.018493504
83,12,0.0127422309,0.0438883524,0.0213358639
83,13,0.0112939491,0.0466580815,0.0244613782
83,14,0.00969922892,0.0497025995,0.0278982523
83,15,0.00794311575,0.0530490842,0.0316775006
83,16,0.00600909954,0.0567273847,0.0358332266
83,17,0.00387894835,0.0607702814,0.0404029298
83,18,0.00153252299,0.0652137696,0.0454278441
83,19,-0.00105242929,0.0700973708,0.0509533096
83,20,-0.0039005046,0.075464473,0.0570291809
83,21,-0.00703889855,0.0813627024,0.0637102768
83,22,-0.0104976921,0.0878443304,0.0710568742
83,23,-0.0143101704,0.0949667173,0.0791352507
83,24,-0.0185131798,0.102792798,0.0880182822
83,25,-0.0231475264,0.11139161,0.0977860989
83,26,-0.0282584225,0.120838871,0.108526807
83,27,-0.0338959874,0.131217606,0.12033728
83,28,-0.0401158083,0.142618835,0.133324035
83,29,-0.0469795709,0.155142308,0.147604185
83,30,-0.0545557677,0.168897322,0.163306497
83,31,-0.0629204959,0.184003589,0.180572546
83,32,-0.0721583548,0.200592188,0.199557991
83,33,-0.0823634596,0.218806587,0.220433968
83,34,-0.0936405847,0.238803752,0.243388633
83,35,-0.106106457,0.260755334,0.268628843
83,36,-0.119891218,0.284848953,0.296382017
83,37,-0.135140085,0.311289562,0.326898172
83,38,-0.152015227,0.340300914,0.360452161
83,39,-0.170697902,0.372127116,0.397346133
83,40,-0.19139089,0.407034274,0.437912233
83,41,-0.214321247,0.445312223,0.482515574
83,42,-0.239743463,0.487276344,0.531557488
83,43,-0.267943048,0.533269438,0.585479105
83,44,-0.299240637,0.583663655,0.644765282
83,45,-0.333996673,0.63886245,0.709948907
83,46,-0.37261677,0.699302529,0.781615634
83,47,-0.415557847,0.765455742,0.860409067
83,48,-0.463335158,0.837830871,0.94703645
83,49,-0.516530346,0.916975226,1.04227491
83,50,-0.575800674,1.00347597,1.1469783
83,51,-0.641889617,1.09796101,1.2620847
83,52,-0.715639,1.20109935,1.3886246
83,53,-0.798002915,1.31360067,1.52772995
83,54,-0.890063666,1.43621387,1.68064395
83,55,-0.993050019,1.56972425,1.84873187
83,56,-1.10835807,1.71494906,2.0334928
83,57,-1.23757502,1.87273071,2.23657254
83,58,-1.38250633,2.04392724,2.45977765
83,59,-1.54520639,2.2293992,2.70509083
83,60,-1.72801331,2.42999207,2.97468761
83,61,-1.93358792,2.64651317,3.27095462
83,62,-2.16495742,2.87970171,3.59650945
83,63,-2.42556363,3.13019044,3.95422217
83,64,-2.7193159,3.39845721,4.34723883
83,65,-3.05064821,3.6847642,4.77900682
83,66,-3.42457982,3.9890827,5.25330237
83,67,-3.84677795,4.31100091,5.77426027
83,68,-4.32362045,4.64961222,6.34640588
83,69,-4.86225541,5.00338149,6.97468959
83,70,-5.47065325,5.36998764,7.66452376
83,71,-6.15764554,5.74614128,8.42182219
83,72,-6.93294336,6.12737812,9.25304223
83,73,-7.80712619,6.50783121,10.1652293
83,74,-8.79159135,6.87998829,11.166064
83,75,-9.89845347,7.23444534,12.2639115
83,76,-11.1403845,7.55967256,13.4678726
83,77,-12.5303874,7.84181531,14.7878369
83,78,-14.0815033,8.06455758,16.2345364
83,79,-15.8064592,8.20907955,17.8196
83,80,-17.7172765,8.2541406,19.5556062
84,0,0.0191823513,0.0231458396,0
84,1,0.0186885452,0.0240154104,0.000999998869
84,2,0.0181450526,0.0249713322,0.00209962177
84,3,0.0175469347,0.0260222134,0.00330879338
84,4,0.0168887131,0.027177493,0.00463842701
84,5,0.0161643431,0.0284475383,0.00610052312
84,6,0.0153671611,0.0298437398,0.00770827753
84,7,0.0144898229,0.0313786128,0.00947620055
84,8,0.0135242336,0.0330659084,0.0114202478
84,9,0.0124614714,0.0349207354,0.0135579644
84,10,0.0112917009,0.0369596932,0.0159086428
84,11,0.010004079,0.0392010181,0.0184934972
84,12,0.00858664898,0.0416647433,0.0213358548
84,13,0.00702622442,0.0443728747,0.0244613662
84,14,0.00530825938,0.0473495828,0.0278982367
84,15,0.00341670516,0.0506214138,0.0316774806
84,16,0.00133385097,0.05421752,0.0358332009
84,17,-0.000959852958,0.0581699128,0.0404028971
84,18,-0.00348599184,0.0625137388,0.0454278028
84,19,-0.0062684049,0.0672875825,0.0509532576
84,20,-0.00933342846,0.0725337972,0.0570291158
84,21,-0.0127101667,0.078298866,0.0637101956
84,22,-0.016430793,0.0846337974,0.0710567731
84,23,-0.0205308868,0.0915945561,0.0791351254
84,24,-0.0250498082,0.0992425332,0.0880181272
84,25,-0.0300311179,0.107645059,0.0977859075
84,26,-0.0355230452,0.116875964,0.108526571
84,27,-0.0415790126,0.127016181,0.12033699
84,28,-0.0482582233,0.138154414,0.133323679
84,29,-0.0556263191,0.150387851,0.147603749
84,30,-0.0637561191,0.163822944,0.163305963
84,31,-0.0727284498,0.178576253,0.180571893
84,32,-0.0826330782,0.194775358,0.199557193
84,33,-0.0935697618,0.212559847,0.220432995
84,34,-0.105649432,0.232082373,0.243387446
84,35,-0.118995531,0.253509794,0.268627398
84,36,-0.133745518,0.277024402,0.296380258
84,37,-0.150052573,0.302825221,0.326896032
84,38,-0.168087531,0.331129403,0.360449559
84,39,-0.188041067,0.362173701,0.39734297
84,40,-0.210126173,0.396216021,0.437908392
84,41,-0.234580982,0.433537054,0.48251091
84,42,-0.261671968,0.474441968,0.531551827
84,43,-0.291697588,0.519262159,0.585472236
84,44,-0.32499244,0.568357026,0.64475695
84,45,-0.361931991,0.622115759,0.709938804
84,46,-0.402937981,0.680959095,0.781603387
84,47,-0.448484593,0.745340999,0.860394223
84,48,-0.499105497,0.815750203,0.947018464
84,49,-0.555401908,0.892711535,1.04225312
84,50,-0.618051806,0.976786921,1.14695191
84,51,-0.687820466,1.06857595,1.26205273
84,52,-0.765572522,1.16871581,1.38858589
84,53,-0.852285749,1.27788045,1.52768308
84,54,-0.949066813,1.39677859,1.68058721
84,55,-1.05716926,1.52615043,1.84866319
84,56,-1.17801401,1.66676251,2.03340967
84,57,-1.3132127,1.81940031,2.23647193
84,58,-1.46459418,1.98485793,2.4596559
84,59,-1.63423446,2.16392425,2.7049435
84,60,-1.82449047,2.35736442,2.97450934
84,61,-2.03803791,2.56589592,3.27073894
84,62,-2.27791339,2.79015767,3.5962485
84,63,-2.54756083,3.03067071,3.95390648
84,64,-2.85088229,3.28778887,4.34685693
84,65,-3.19229242,3.56163713,4.77854484
84,66,-3.57677612,3.85203568,5.25274354
84,67,-4.00994776,4.15840718,5.77358431
84,68,-4.49810991,4.47966479,6.34558827
84,69,-5.04830862,4.81407857,6.97370068
84,70,-5.6683808,5.15911863,7.66332768
84,71,-6.36698825,5.51127393,8.42037558
84,72,-7.1536312,5.86584738,9.25129264
84,73,-8.03863271,6.21673034,10.1631133
84,74,-9.03308445,6.55616272,11.163505
84,75,-10.1487436,6.87448938,12.2608167
84,76,-11.3978716,7.15992883,13.4641299
84,77,-12.7930093,7.39837589,14.7833106
84,78,-14.3466859,7.57326547,16.2290627
84,79,-16.0710715,7.66552818,17.8129805
84,80,-17.9775907,7.65366865,19.5476013
85,0,0.0160800771,0.021319946,0
85,1,0.0155468844,0.0221659384,0.00099999885
85,2,0.0149601025,0.0230959156,0.00209962169
85,3,0.0143144034,0.0241182506,0.00330879317
85,4,0.0136038828,0.0252421218,0.00463842661
85,5,0.0128220286,0.0264776096,0.00610052242
85,6,0.0119616638,0.027835788,0.00770827642
85,7,0.0110148802,0.0293288239,0.00947619888
85,8,0.00997296427,0.0309700848,0.0114202454
85,9,0.00882631408,0.0327742564,0.013557961
85,10,0.00756434802,0.0347574727,0.0159086381
85,11,0.00617540333,0.0369374567,0.0184934908
85,12,0.00464662372,0.0393336764,0.0213358464
85,13,0.00296383509,0.0419675146,0.0244613551
85,14,0.00111140766,0.0448624552,0.0278982222
85,15,-0.00092789673,0.0480442873,0.0316774619
85,16,-0.00317309393,0.0515413289,0.0358331771
85,17,-0.00564516538,0.0553846709,0.0404028668
85,18,-0.00836726661,0.0596084451,0.0454277644
85,19,-0.0113649588,0.0642501165,0.0509532093
85,20,-0.0146664663,0.0693508029,0.0570290553
85,21,-0.0183029626,0.0749556243,0.0637101201
85,22,-0.0223088887,0.0811140842,0.0710566793
85,23,-0.0267223084,0.0878804856,0.0791350089
85,24,-0.0315853024,0.0953143846,0.0880179831
85,25,-0.0369444101,0.103481085,0.0977857297
85,26,-0.0428511208,0.112452174,0.108526352
85,27,-0.0493624233,0.122306111,0.120336721
85,28,-0.0565414206,0.13312886,0.133323349
85,29,-0.0644580168,0.14501458,0.147603344
85,30,-0.0731896877,0.158066371,0.163305467
85,31,-0.0828223437,0.172397081,0.180571287
85,32,-0.0934512989,0.188130184,0.199556453
85,33,-0.105182359,0.205400712,0.220432092
85,34,-0.118133047,0.224356273,0.243386345
85,35,-0.132433976,0.245158132,0.268626056
85,36,-0.14823041,0.267982373,0.296378624
85,37,-0.165684006,0.293021132,0.326894045
85,38,-0.184974799,0.320483913,0.360447142
85,39,-0.206303433,0.350598971,0.397340033
85,40,-0.229893693,0.38361477,0.437904824
85,41,-0.255995371,0.419801499,0.482506578
85,42,-0.284887517,0.459452645,0.531546568
85,43,-0.316882124,0.502886599,0.585465856
85,44,-0.352328324,0.550448282,0.644749212
85,45,-0.391617151,0.602510752,0.709929421
85,46,-0.435186964,0.659476768,0.781592011
85,47,-0.483529627,0.721780251,0.860380436
85,48,-0.537197542,0.789887578,0.947001757
85,49,-0.596811678,0.864298639,1.04223288
85,50,-0.663070722,0.945547536,1.14692739
85,51,-0.736761514,1.03420281,1.26202304
85,52,-0.818770958,1.13086701,1.38854994
85,53,-0.910099593,1.23617541,1.52763955
85,54,-1.01187706,1.35079366,1.68053451
85,55,-1.12537973,1.4754139,1.8485994
85,56,-1.25205069,1.61074916,2.03333246
85,57,-1.3935225,1.75752538,2.23637848
85,58,-1.55164285,1.91647052,2.45954282
85,59,-1.72850361,2.08830007,2.70480666
85,60,-1.92647337,2.27369801,2.97434377
85,61,-2.14823383,2.47329223,3.2705386
85,62,-2.39682019,2.68762307,3.59600613
85,63,-2.67566555,2.91710365,3.95361326
85,64,-2.98864918,3.16197013,4.34650221
85,65,-3.34014827,3.42222003,4.77811575
85,66,-3.73509232,3.69753645,5.2522245
85,67,-4.17901884,3.98719583,5.77295648
85,68,-4.6781282,4.28995696,6.34482887
85,69,-5.23933484,4.60392893,6.97278216
85,70,-5.87031059,4.9264163,7.66221673
85,71,-6.57951495,5.25374051,8.41903193
85,72,-7.3762053,5.58103822,9.24966758
85,73,-8.27041921,5.90203908,10.161148
85,74,-9.27291939,6.20882909,11.1611281
85,75,-10.3950918,6.49160943,12.2579421
85,76,-11.6487878,6.73846586,13.4606535
85,77,-13.0461049,6.93516932,14.7791065
85,78,-14.599103,7.0650337,16.2239786
85,79,-16.3194653,7.10886052,17.8068322
85,80,-18.2181185,7.04500096,19.5401662
86,0,0.013260139,0.0194741338,0
86,1,0.0126840171,0.0202914961,0.000999998833
86,2,0.0120500565,0.021189975,0.00209962161
86,3,0.0113525051,0.0221776581,0.00330879299
86,4,0.010584995,0.0232634085,0.00463842624
86,5,0.00974050556,0.0244569589,0.00610052179
86,6,0.00881130152,0.0257690011,0.00770827541
86,7,0.00778886178,0.0272112807,0.00947619734
86,8,0.00666379966,0.0287967011,0.0114202432
86,9,0.00542577446,0.0305394378,0.0135579578
86,10,0.0040633935,0.0324550621,0.0159086337
86,11,0.00256410374,0.034560678,0.018493485
86,12,0.000914071842,0.0368750715,0.0213358386
86,13,-0.000901948487,0.0394188742,0.0244613449
86,14,-0.0029007634,0.0422147427,0.0278982089
86,15,-0.00510090154,0.0452875546,0.0316774447
86,16,-0.00752279416,0.0486646235,0.0358331551
86,17,-0.0101889748,0.0523759339,0.0404028388
86,18,-0.0131243006,0.0564543977,0.0454277291
86,19,-0.016356198,0.0609361356,0.0509531649
86,20,-0.0199149351,0.0658607833,0.0570289996
86,21,-0.0238339244,0.0712718269,0.0637100506
86,22,-0.0281500593,0.0772169676,0.0710565928
86,23,-0.0329040878,0.0837485208,0.0791349017
86,24,-0.0381410293,0.0909238497,0.0880178505
86,25,-0.0439106372,0.0988058378,0.097785566
86,26,-0.0502679159,0.107463403,0.10852615
86,27,-0.0572736963,0.116972056,0.120336473
86,28,-0.0649952787,0.127414505,0.133323044
86,29,-0.0735071501,0.138881313,0.147602971
86,30,-0.0828917872,0.151471609,0.16330501
86,31,-0.0932405537,0.165293853,0.180570729
86,32,-0.104654706,0.180466665,0.199555771
86,33,-0.11724652,0.197119714,0.220431259
86,34,-0.131140556,0.215394674,0.24338533
86,35,-0.146475077,0.235446249,0.26862482
86,36,-0.163403648,0.257443257,0.29637712
86,37,-0.182096928,0.281569796,0.326892214
86,38,-0.202744699,0.308026465,0.360444916
86,39,-0.225558141,0.337031658,0.397337328
86,40,-0.25077241,0.368822914,0.437901538
86,41,-0.278649548,0.403658311,0.482502588
86,42,-0.309481768,0.441817913,0.531541726
86,43,-0.343595178,0.483605227,0.585459981
86,44,-0.381354,0.529348665,0.644742085
86,45,-0.423165348,0.579402975,0.709920779
86,46,-0.469484655,0.634150602,0.781581536
86,47,-0.52082183,0.694002931,0.86036774
86,48,-0.577748256,0.759401337,0.946986373
86,49,-0.640904745,0.830817978,1.04221424
86,50,-0.711010574,0.9087562,1.14690482
86,51,-0.788873771,0.993750446,1.2619957
86,52,-0.875402798,1.08636549,1.38851683
86,53,-0.971619843,1.18719479,1.52759946
86,54,-1.0786759,1.29685771,1.68048598
86,55,-1.19786791,1.4159953,1.84854065
86,56,-1.33065815,1.54526422,2.03326135
86,57,-1.47869616,1.68532833,2.23629243
86,58,-1.64384357,1.83684748,2.45943868
86,59,-1.82820185,2.00046255,2.70468064
86,60,-2.03414354,2.17677616,2.97419129
86,61,-2.26434691,2.36632781,3.27035412
86,62,-2.52183441,2.56956246,3.59578293
86,63,-2.81001469,2.78679089,3.95334324
86,64,-3.13272822,3.01814037,4.34617556
86,65,-3.49429609,3.26349377,4.7777206
86,66,-3.89957095,3.52241493,5.25174651
86,67,-4.35398921,3.79405813,5.7723783
86,68,-4.86362214,4.07705948,6.34412953
86,69,-5.43522338,4.36940782,6.9719363
86,70,-6.07626902,4.66829368,7.66119368
86,71,-6.7949851,4.96993496,8.41779458
86,72,-7.60035645,5.26937992,9.24817108
86,73,-8.50210912,5.56028965,10.1593381
86,74,-9.51065777,5.83470522,11.1589392
86,75,-10.6370089,6.08280855,12.255295
86,76,-11.8926112,6.29269066,13.4574521
86,77,-13.2891466,6.45014622,14.775235
86,78,-14.8382596,6.53851889,16.2192966
86,79,-16.5512299,6.5386255,17.8011703
86,80,-18.4386026,6.42878931,19.5333192
87,0,0.0107192042,0.0176090715,0
87,1,0.0100965287,0.0183915502,0.000999998818
87,2,0.00941141023,0.0192516565,0.00209962154
87,3,0.00865763748,0.0201971311,0.00330879282
87,4,0.00782834063,0.0212364539,0.00463842591
87,5,0.00691594849,0.0223789358,0.00610052121
87,6,0.00591212167,0.0236348041,0.00770827448
87,7,0.0048076759,0.0250152934,0.00947619594
87,8,0.00359249658,0.0265327449,0.0114202412
87,9,0.00225544404,0.0282007148,0.013557955
87,10,0.000784248745,0.0300340931,0.0159086298
87,11,-0.000834604572,0.032049234,0.0184934797
87,12,-0.00261600498,0.0342640978,0.0213358315
87,13,-0.00457635694,0.0366984074,0.0244613355
87,14,-0.00673373694,0.0393738189,0.0278981968
87,15,-0.00910806663,0.0423141083,0.0316774291
87,16,-0.0117213046,0.0455453764,0.035833135
87,17,-0.0145976586,0.0490962719,0.0404028134
87,18,-0.0177638204,0.0529982359,0.0454276969
87,19,-0.0212492265,0.057285769,0.0509531244
87,20,-0.0250863463,0.0619967225,0.0570289489
87,21,-0.0293110029,0.0671726166,0.0637099873
87,22,-0.033962728,0.0728589866,0.071056514
87,23,-0.0390851563,0.0791057615,0.079134804
87,24,-0.0447264639,0.0859676745,0.0880177296
87,25,-0.0509398558,0.0935047108,0.0977854168
87,26,-0.0577841071,0.101782593,0.108525966
87,27,-0.0653241672,0.110873309,0.120336247
87,28,-0.0736318308,0.120855684,0.133322767
87,29,-0.0827864879,0.131815998,0.147602631
87,30,-0.0928759587,0.143848656,0.163304594
87,31,-0.103997427,0.157056907,0.18057022
87,32,-0.116258483,0.171553621,0.199555149
87,33,-0.129778289,0.187462126,0.220430501
87,34,-0.144688882,0.204917095,0.243384405
87,35,-0.161136639,0.224065502,0.268623693
87,36,-0.179283915,0.245067636,0.296375748
87,37,-0.19931088,0.268098177,0.326890545
87,38,-0.221417588,0.293347325,0.360442887
87,39,-0.245826296,0.32102199,0.397334862
87,40,-0.272784081,0.351347024,0.437898543
87,41,-0.302565785,0.384566499,0.482498951
87,42,-0.335477328,0.420945004,0.531537311
87,43,-0.371859458,0.460768958,0.585454625
87,44,-0.412091976,0.504347897,0.644735588
87,45,-0.456598516,0.552015729,0.709912901
87,46,-0.505851946,0.604131889,0.781571985
87,47,-0.560380481,0.661082365,0.860356165
87,48,-0.620774609,0.723280518,0.946972347
87,49,-0.687694928,0.791167609,1.04219725
87,50,-0.761881027,0.865212948,1.14688423
87,51,-0.844161551,0.945913505,1.26197077
87,52,-0.935465603,1.03379285,1.38848664
87,53,-1.03683566,1.12939919,1.52756291
87,54,-1.14944217,1.2333023,1.68044174
87,55,-1.27460011,1.34608895,1.84848709
87,56,-1.41378762,1.46835662,2.03319653
87,57,-1.56866703,1.60070479,2.23621398
87,58,-1.74110854,1.74372354,2.45934374
87,59,-1.93321667,1.89797852,2.70456576
87,60,-2.14735982,2.06399171,2.97405228
87,61,-2.38620312,2.24221676,3.27018593
87,62,-2.6527446,2.43300802,3.59557945
87,63,-2.95035472,2.6365817,3.95309707
87,64,-3.28281912,2.85296774,4.34587776
87,65,-3.6543842,3.0819506,4.77736035
87,66,-4.06980476,3.3229969,5.25131074
87,67,-4.53439253,3.57516802,5.7718512
87,68,-5.05406384,3.8370152,6.34349198
87,69,-5.63538395,4.10645523,6.97116516
87,70,-6.28560448,4.38062482,7.66026099
87,71,-7.01268963,4.65571255,8.41666653
87,72,-7.82532518,4.92676825,9.24680677
87,73,-8.73290367,5.18749165,10.1576881
87,74,-9.74547733,5.43000432,11.1569437
87,75,-10.8736705,5.64461262,12.2528816
87,76,-12.1285429,5.81957338,13.4545336
87,77,-13.5213964,5.94087916,14.7717055
87,78,-15.0635231,5.99208494,16.2150283
87,79,-16.7658947,5.95420282,17.7960085
87,80,-18.6388067,5.80569355,19.5270771
88,0,0.00845421136,0.0157252867,0
88,1,0.00778151565,0.0164652043,0.000999998804
88,2,0.00704143472,0.0172785003,0.00209962148
88,3,0.00622726387,0.018172492,0.00330879266
88,4,0.00533159488,0.0191551931,0.00463842561
88,5,0.00434626621,0.0202354019,0.00610052068
88,6,0.00326229069,0.021422781,0.00770827364
88,7,0.00206977318,0.0227279443,0.00947619468
88,8,0.000757818973,0.0241625499,0.0114202393
88,9,-0.000685567646,0.0257394023,0.0135579524
88,10,-0.00227359549,0.027472565,0.0159086262
88,11,-0.00402081024,0.0293774824,0.0184934748
88,12,-0.00594323126,0.031471114,0.0213358251
88,13,-0.00805850257,0.0337720815,0.0244613271
88,14,-0.0103860598,0.0363008293,0.0278981858
88,15,-0.0129473145,0.0390798003,0.031677415
88,16,-0.0157658583,0.0421336281,0.035833117
88,17,-0.0188676881,0.0454893469,0.0404027904
88,18,-0.0222814557,0.0491766212,0.0454276679
88,19,-0.0260387437,0.0532279961,0.0509530879
88,20,-0.0301743712,0.0576791709,0.0570289032
88,21,-0.0347267322,0.0625692972,0.0637099302
88,22,-0.0397381711,0.0679413031,0.071056443
88,23,-0.0452553977,0.0738422477,0.0791347159
88,24,-0.0513299494,0.0803237052,0.0880176207
88,25,-0.0580187024,0.0874421826,0.0977852823
88,26,-0.0653844407,0.0952595742,0.108525801
88,27,-0.0734964872,0.103843652,0.120336043
88,28,-0.0824314059,0.113268601,0.133322517
88,29,-0.0922737832,0.123615589,0.147602324
88,30,-0.103117097,0.134973394,0.163304219
88,31,-0.115064687,0.147439069,0.180569761
88,32,-0.128230831,0.161118661,0.199554589
88,33,-0.142741951,0.176127982,0.220429817
88,34,-0.158737961,0.192593431,0.243383572
88,35,-0.176373764,0.21065287,0.268622678
88,36,-0.195820935,0.230456552,0.296374512
88,37,-0.2172696,0.252168106,0.326889042
88,38,-0.24093054,0.275965566,0.360441059
88,39,-0.267037553,0.302042445,0.397332641
88,40,-0.295850097,0.33060885,0.437895845
88,41,-0.327656266,0.361892621,0.482495675
88,42,-0.362776122,0.396140489,0.531533335
88,43,-0.401565454,0.433619223,0.5854498
88,44,-0.44442,0.474616758,0.644729737
88,45,-0.491780199,0.519443251,0.709905806
88,46,-0.544136552,0.568432054,0.781563383
88,47,-0.602035663,0.621940516,0.860345739
88,48,-0.666087047,0.680350588,0.946959714
88,49,-0.73697082,0.744069115,1.04218195
88,50,-0.815446371,0.813527741,1.1468657
88,51,-0.902362148,0.889182279,1.26194832
88,52,-0.998666713,0.971511405,1.38845946
88,53,-1.10542119,1.06101447,1.52753
88,54,-1.22381334,1.15820819,1.68040189
88,55,-1.35517334,1.26362196,1.84843886
88,56,-1.50099163,1.37779135,2.03313814
88,57,-1.66293886,1.50124948,2.23614331
88,58,-1.84288827,1.63451558,2.45925822
88,59,-2.04294071,1.77808027,2.70446228
88,60,-2.26545239,1.9323867,2.97392707
88,61,-2.51306564,2.09780667,3.27003444
88,62,-2.7887427,2.27461064,3.59539617
88,63,-3.09580256,2.46293049,3.95287534
88,64,-3.43796077,2.66271337,4.34560952
88,65,-3.81937166,2.87366526,4.77703588
88,66,-4.24467263,3.09518213,5.25091824
88,67,-4.71902923,3.32626698,5.77137644
88,68,-5.24817961,3.56543036,6.34291772
88,69,-5.83847611,3.81057258,6.97047058
88,70,-6.49692104,4.05884555,7.6594209
88,71,-7.23119257,4.30649299,8.41565048
88,72,-8.04965586,4.54866839,9.24557792
88,73,-8.96135307,4.77923175,10.1562019
88,74,-9.97596507,4.99052794,11.1551463
88,75,-11.1037368,5.17315263,12.2507079
88,76,-12.3553579,5.31571517,13.4519048
88,77,-13.7417918,5.40461256,14.7685264
88,78,-15.2740471,5.42383323,16.2111837
88,79,-16.9628919,5.35481451,17.7913593
88,80,-18.8185165,5.1763809,19.5214547
89,0,0.00646238423,0.0138231681,0
89,1,0.005736749,0.0145112459,0.000999998791
89,2,0.00493850264,0.0152675347,0.00209962143
89,3,0.00406041876,0.0160988372,0.00330879253
89,4,0.00309452015,0.0170126008,0.00463842534
89,5,0.00203202163,0.018017001,0.00610052022
89,6,0.000863251902,0.0191210156,0.0077082729
89,7,-0.000422434757,0.0203345053,0.00947619356
89,8,-0.00183675658,0.0216682997,0.0114202377
89,9,-0.00339261276,0.0231342929,0.0135579501
89,10,-0.00510420317,0.0247455462,0.0159086231
89,11,-0.00698716047,0.0265164026,0.0184934706
89,12,-0.00905869595,0.02846261,0.0213358194
89,13,-0.0113377605,0.0306014579,0.0244613197
89,14,-0.0138452221,0.0329519254,0.0278981761
89,15,-0.0166040621,0.0355348442,0.0316774024
89,16,-0.0196395919,0.0383730757,0.035833101
89,17,-0.0229796921,0.0414917056,0.0404027701
89,18,-0.0266550768,0.0449182553,0.0454276422
89,19,-0.0306995861,0.0486829132,0.0509530555
89,20,-0.035150509,0.0528187868,0.0570288626
89,21,-0.0400489413,0.0573621776,0.0637098796
89,22,-0.0454401805,0.0623528797,0.07105638
89,23,-0.0513741641,0.0678345056,0.0791346378
89,24,-0.0579059541,0.0738548393,0.088017524
89,25,-0.0650962746,0.0804662207,0.097785163
89,26,-0.0730121067,0.0877259612,0.108525654
89,27,-0.0817273494,0.0956967948,0.120335863
89,28,-0.0913235516,0.104447365,0.133322295
89,29,-0.101890726,0.114052752,0.147602052
89,30,-0.113528252,0.124595035,0.163303886
89,31,-0.126345879,0.136163909,0.180569354
89,32,-0.140464846,0.14885733,0.199554092
89,33,-0.156019118,0.162782218,0.220429211
89,34,-0.173156776,0.178055201,0.243382833
89,35,-0.192041551,0.194803407,0.268621777
89,36,-0.21285455,0.213165297,0.296373416
89,37,-0.235796163,0.233291548,0.326887708
89,38,-0.261088213,0.255345974,0.360439437
89,39,-0.288976338,0.27950648,0.39733067
89,40,-0.319732669,0.305966046,0.43789345
89,41,-0.353658816,0.334933729,0.482492768
89,42,-0.391089218,0.366635667,0.531529807
89,43,-0.432394889,0.40131607,0.585445519
89,44,-0.477987626,0.439238171,0.644724544
89,45,-0.528324714,0.48068511,0.709899509
89,46,-0.583914222,0.525960701,0.78155575
89,47,-0.645320941,0.575390055,0.860336487
89,48,-0.713173048,0.629319969,0.946948503
89,49,-0.788169608,0.68811902,1.04216836
89,50,-0.871088988,0.752177269,1.14684924
89,51,-0.962798321,0.82190544,1.26192839
89,52,-1.06426414,0.897733444,1.38843533
89,53,-1.17656431,0.980108053,1.52750078
89,54,-1.30090146,1.06948951,1.68036652
89,55,-1.43861797,1.1663468,1.84839605
89,56,-1.59121285,1.27115124,2.03308633
89,57,-1.76036055,1.38436802,2.23608061
89,58,-1.94793195,1.50644521,2.45918234
89,59,-2.15601774,1.63779954,2.70437045
89,60,-2.3869543,1.77879851,2.97381596
89,61,-2.64335224,1.9297377,3.26990001
89,62,-2.92812773,2.09081256,3.59523352
89,63,-3.24453652,2.26208338,3.95267857
89,64,-3.59621069,2.44343221,4.34537149
89,65,-3.98719764,2.63451017,4.77674793
89,66,-4.422001,2.8346735,5.25056993
89,67,-4.90562248,3.04290642,5.77095512
89,68,-5.44360334,3.25772887,6.34240811
89,69,-6.04206389,3.47708716,6.9698542
89,70,-6.70773818,3.69822537,7.6586754
89,71,-7.44800083,3.91753624,8.41474881
89,72,-8.2708816,4.13039021,9.24448742
89,73,-9.18506231,4.33094286,10.154883
89,74,-10.1998499,4.51192227,11.1535513
89,75,-11.3251182,4.66440016,12.2487789
89,76,-12.5712106,4.77755375,13.4495719
89,77,-13.9487957,4.83842892,14.7657051
89,78,-15.4686707,4.83171991,16.2077719
89,79,-17.1415067,4.73958538,17.7872334
89,80,-18.9775396,4.54152526,19.5164653
90,0,0.0047412444,0.0119029694,0
90,1,0.0039608672,0.0125282765,0.00099999878
90,2,0.00310247998,0.0132155475,0.00209962138
90,3,0.00215831729,0.0139709623,0.00330879241
90,4,0.00111981447,0.0148012849,0.0046384251
90,5,-2.2457371e-05,0.0157139388,0.00610051981
90,6,-0.00127887546,0.0167170756,0.00770827226
90,7,-0.00266085988,0.0178196474,0.00947619258
90,8,-0.00418097827,0.0190314853,0.0114202363
90,9,-0.00585306147,0.0203633854,0.0135579481
90,10,-0.00769233109,0.0218272024,0.0159086203
90,11,-0.00971554011,0.0234359525,0.0184934669
90,12,-0.011941128,0.0252039253,0.0213358144
90,13,-0.0143893918,0.0271468075,0.0244613132
90,14,-0.0170826746,0.0292818163,0.0278981676
90,15,-0.0200455737,0.0316278467,0.0316773915
90,16,-0.0233051701,0.034205632,0.035833087
90,17,-0.0268912821,0.0370379184,0.0404027523
90,18,-0.0308367444,0.0401496568,0.0454276197
90,19,-0.0351777172,0.0435682106,0.0509530273
90,20,-0.0399540268,0.0473235831,0.0570288273
90,21,-0.0452095426,0.0514486648,0.0637098355
90,22,-0.0509925926,0.0559795024,0.0710563252
90,23,-0.057356424,0.0609555912,0.0791345698
90,24,-0.0643597112,0.0664201929,0.0880174398
90,25,-0.0720671182,0.0724206794,0.0977850591
90,26,-0.0805499214,0.0790089066,0.108525526
90,27,-0.0898866979,0.0862416171,0.120335705
90,28,-0.100164089,0.0941808762,0.133322102
90,29,-0.111477643,0.102894541,0.147601816
90,30,-0.123932756,0.112456767,0.163303596
90,31,-0.137645705,0.122948547,0.180569
90,32,-0.152744804,0.134458294,0.199553659
90,33,-0.169371678,0.14708246,0.220428683
90,34,-0.187682687,0.160926191,0.243382189
90,35,-0.207850499,0.176104031,0.268620993
90,36,-0.230065847,0.192740647,0.296372461
90,37,-0.254539472,0.210971611,0.326886546
90,38,-0.2815043,0.230944194,0.360438025
90,39,-0.311217851,0.252818197,0.397328953
90,40,-0.343964933,0.276766801,0.437891365
90,41,-0.380060641,0.302977422,0.482490236
90,42,-0.419853698,0.331652564,0.531526734
90,43,-0.463730194,0.363010648,0.585441791
90,44,-0.512117745,0.397286792,0.644720021
90,45,-0.565490155,0.434733525,0.709894025
90,46,-0.624372606,0.475621377,0.781549102
90,47,-0.689347481,0.520239323,0.86032843
90,48,-0.761060858,0.568894996,0.94693874
90,49,-0.84022978,0.62191462,1.04215654
90,50,-0.927650388,0.679642568,1.14683492
90,51,-1.02420701,0.742440416,1.26191104
90,52,-1.13088236,0.810685389,1.38841432
90,53,-1.24876885,0.884768011,1.52747534
90,54,-1.37908135,0.965088764,1.68033572
90,55,-1.52317138,1.05205351,1.84835877
90,56,-1.68254285,1.1460674,2.03304121
90,57,-1.85886974,1.24752685,2.236026
90,58,-2.05401563,1.35680924,2.45911625
90,59,-2.27005538,1.47425975,2.70429049
90,60,-2.50929904,1.60017478,2.9737192
90,61,-2.7743182,1.7347811,3.26978293
90,62,-3.06797475,1.87821002,3.59509188
90,63,-3.39345218,2.03046552,3.95250722
90,64,-3.7542892,2.19138502,4.34516419
90,65,-4.15441567,2.36059174,4.77649717
90,66,-4.59819028,2.53743674,5.2502666
90,67,-5.09043928,2.72092933,5.77058822
90,68,-5.63649553,2.90965367,6.34196432
90,69,-6.24223612,3.10166982,6.96931743
90,70,-6.91411679,3.29439719,7.65802617
90,71,-7.65920043,3.4844786,8.4139636
90,72,-8.48517616,3.66762351,9.24353775
90,73,-9.40036471,3.83842953,10.1537345
90,74,-10.4137046,3.99018258,11.1521623
90,75,-11.5347131,4.11463746,12.2470991
90,76,-12.7734139,4.20178293,13.4475404
90,77,-14.1402257,4.23959851,14.7632483
90,78,-15.6458024,4.21381359,16.2048008
90,79,-17.3008198,4.10768408,17.7836404
90,80,-19.1157056,3.90180644,19.5121203
91,0,0.00328862212,0.00996481184,0
91,1,0.00245355984,0.010514965,0.000999998771
91,2,0.00153509905,0.0111196134,0.00209962134
91,3,0.000524936161,0.0117841926,0.00330879231
91,4,-0.000586079468,0.0125146497,0.0046384249
91,5,-0.00180801861,0.0133175109,0.00610051947
91,6,-0.00315196228,0.0141999418,0.00770827171
91,7,-0.00463010236,0.0151698107,0.00947619176
91,8,-0.00625585297,0.0162357579,0.0114202351
91,9,-0.00804397314,0.0174072708,0.0135579464
91,10,-0.0100107022,0.018694766,0.015908618
91,11,-0.0121739087,0.0201096795,0.0184934637
91,12,-0.014553255,0.0216645648,0.0213358102
91,13,-0.0171703778,0.0233732008,0.0244613076
91,14,-0.0200490878,0.025250709,0.0278981605
91,15,-0.0232155897,0.0273136822,0.0316773823
91,16,-0.0266987242,0.0295803245,0.0358330752
91,17,-0.0305302353,0.0320706043,0.0404027373
91,18,-0.0347450645,0.0348064218,0.0454276007
91,19,-0.0393816762,0.0378117899,0.0509530033
91,20,-0.0444824153,0.0411130333,0.0570287972
91,21,-0.0500939028,0.0447390034,0.063709798
91,22,-0.0562674719,0.0487213131,0.0710562786
91,23,-0.0630596495,0.0530945909,0.079134512
91,24,-0.0705326872,0.0578967575,0.0880173683
91,25,-0.0787551488,0.0631693247,0.0977849709
91,26,-0.0878025578,0.0689577191,0.108525417
91,27,-0.0977581144,0.0753116319,0.120335572
91,28,-0.108713486,0.0822853958,0.133321938
91,29,-0.120769684,0.0899383913,0.147601615
91,30,-0.134038028,0.0983354821,0.16330335
91,31,-0.148641222,0.107547482,0.180568699
91,32,-0.164714533,0.117651655,0.199553292
91,33,-0.182407106,0.128732245,0.220428234
91,34,-0.201883416,0.14088104,0.243381642
91,35,-0.223324876,0.154197965,0.268620327
91,36,-0.246931621,0.168791714,0.29637165
91,37,-0.272924486,0.184780395,0.32688556
91,38,-0.301547196,0.202292212,0.360436825
91,39,-0.333068803,0.221466161,0.397327495
91,40,-0.367786385,0.242452737,0.437889594
91,41,-0.406028047,0.265414643,0.482488085
91,42,-0.448156255,0.290527491,0.531524123
91,43,-0.494571536,0.317980469,0.585438623
91,44,-0.545716602,0.347976967,0.64471618
91,45,-0.602080926,0.380735123,0.709889367
91,46,-0.664205841,0.416488259,0.781543455
91,47,-0.73269021,0.455485171,0.860321586
91,48,-0.808196734,0.497990209,0.946930447
91,49,-0.891458985,0.544283093,1.04214649
91,50,-0.983289221,0.594658384,1.14682275
91,51,-1.0845871,0.649424506,1.2618963
91,52,-1.19634935,0.70890221,1.38839647
91,53,-1.31968059,0.773422325,1.52745374
91,54,-1.45580527,0.843322629,1.68030956
91,55,-1.606081,0.918943624,1.8483271
91,56,-1.77201337,1.00062296,2.03300288
91,57,-1.95527225,1.08868818,2.23597961
91,58,-2.15771001,1.18344748,2.45906011
91,59,-2.38138142,1.2851779,2.70422256
91,60,-2.62856575,1.39411061,2.97363701
91,61,-2.90179086,1.51041251,3.26968348
91,62,-3.20385954,1.63416345,3.59497156
91,63,-3.53787814,1.7653282,3.95236166
91,64,-3.90728737,1.9037222,4.34498811
91,65,-4.31589517,2.04896988,4.77628416
91,66,-4.76791147,2.20045413,5.25000894
91,67,-5.26798422,2.3572556,5.77027655
91,68,-5.8212361,2.51807998,6.34158734
91,69,-6.4333009,2.68117152,6.96886146
91,70,-7.11035795,2.84421089,7.65747468
91,71,-7.85916281,3.00419542,8.41329659
91,72,-8.6870715,3.15729987,9.24273104
91,73,-9.60205492,3.29871639,10.1527588
91,74,-10.6126992,3.42247257,11.1509823
91,75,-11.7281869,3.52122775,12.2456721
91,76,-12.9582527,3.586049,13.4458147
91,77,-14.3131072,3.60617037,14.7611613
91,78,-15.8033203,3.56874154,16.202277
91,79,-17.4396584,3.45857555,17.7805882
91,80,-19.2328666,3.25790947,19.5084293
92,0,0.00210266574,0.00800868737,0
92,1,0.00121565782,0.00847043891,0.000999998764
92,2,0.000240137087,0.00897791213,0.00209962131
92,3,-0.000832710894,0.00953566804,0.00330879222
92,4,-0.00201259264,0.010148695,0.00463842474
92,5,-0.00331018765,0.0108224664,0.00610051919
92,6,-0.00473724417,0.0115629915,0.00770827126
92,7,-0.00630668576,0.0123768683,0.00947619108
92,8,-0.00803272871,0.0132713413,0.0114202341
92,9,-0.00993101159,0.0142543645,0.013557945
92,10,-0.0120187378,0.0153346704,0.0159086161
92,11,-0.0143148327,0.0165218448,0.0184934611
92,12,-0.0168401161,0.0178264094,0.0213358068
92,13,-0.0196174933,0.0192599114,0.0244613031
92,14,-0.0226721638,0.0208350216,0.0278981546
92,15,-0.0260318529,0.0225656419,0.0316773747
92,16,-0.0297270657,0.024467022,0.0358330654
92,17,-0.0337913667,0.0265558871,0.0404027249
92,18,-0.0382616887,0.0288505772,0.0454275851
92,19,-0.0431786728,0.0313711985,0.0509529837
92,20,-0.048587042,0.0341397884,0.0570287726
92,21,-0.0545360146,0.0371804946,0.0637097673
92,22,-0.0610797587,0.0405197707,0.0710562403
92,23,-0.0682778933,0.0441865866,0.0791344646
92,24,-0.076196041,0.0482126588,0.0880173097
92,25,-0.0849064375,0.0526326979,0.0977848985
92,26,-0.0944886034,0.0574846768,0.108525328
92,27,-0.105030085,0.0628101204,0.120335462
92,28,-0.116627274,0.0686544172,0.133321803
92,29,-0.129386307,0.0750671542,0.14760145
92,30,-0.143424062,0.0821024767,0.163303148
92,31,-0.158869261,0.089819472,0.180568452
92,32,-0.17586368,0.0982825798,0.19955299
92,33,-0.19456349,0.107562027,0.220427866
92,34,-0.21514074,0.11773429,0.243381193
92,35,-0.237784994,0.128882577,0.26861978
92,36,-0.262705134,0.141097341,0.296370985
92,37,-0.290131367,0.154476805,0.32688475
92,38,-0.320317431,0.169127514,0.36043584
92,39,-0.35354304,0.185164887,0.397326298
92,40,-0.390116593,0.202713788,0.43788814
92,41,-0.430378165,0.221909085,0.48248632
92,42,-0.474702821,0.242896201,0.531521981
92,43,-0.523504288,0.265831629,0.585436024
92,44,-0.577239012,0.290883409,0.644713027
92,45,-0.636410666,0.318231527,0.709885544
92,46,-0.70157513,0.348068223,0.781538821
92,47,-0.773346015,0.380598153,0.860315969
92,48,-0.852400785,0.416038386,0.946923641
92,49,-0.939487534,0.454618154,1.04213824
92,50,-1.0354325,0.496578313,1.14681276
92,51,-1.1411484,0.542170411,1.26188421
92,52,-1.25764363,0.591655288,1.38838182
92,53,-1.38603247,0.645301064,1.527436
92,54,-1.52754641,0.703380382,1.68028809
92,55,-1.68354658,0.766166733,1.84830111
92,56,-1.85553761,0.833929643,2.03297142
92,57,-2.0451828,0.906928469,2.23594154
92,58,-2.25432094,0.985404504,2.45901404
92,59,-2.48498469,1.06957103,2.70416681
92,60,-2.73942088,1.15960086,2.97356955
92,61,-3.02011259,1.25561093,3.26960187
92,62,-3.32980329,1.3576432,3.59487282
92,63,-3.67152301,1.4656413,3.9522422
92,64,-4.04861653,1.57942202,4.3448436
92,65,-4.46477368,1.6986406,4.77610935
92,66,-4.92406133,1.82274887,5.24979748
92,67,-5.43095716,1.95094478,5.77002077
92,68,-5.99038442,2.08211205,6.34127797
92,69,-6.60774725,2.2147481,6.96848726
92,70,-7.28896543,2.34687878,7.65702209
92,71,-8.04050739,2.47595777,8.4127492
92,72,-8.86941949,2.5987488,9.24206901
92,73,-9.78334934,2.71118891,10.1519581
92,74,-10.7905601,2.80823074,11.150014
92,75,-11.8999315,2.88366292,12.244501
92,76,-13.1209441,2.92990762,13.4443984
92,77,-14.4636386,2.93779593,14.7594486
92,78,-15.9385468,2.8963231,16.2002058
92,79,-17.5565842,2.79238799,17.7780835
92,80,-19.3288972,2.61052384,19.5054003
93,0,0.00118184956,0.00603446165,0
93,1,0.000249009647,0.00639474933,0.000999998758
93,2,-0.000776852159,0.00679070042,0.00209962128
93,3,-0.00190500075,0.00722587286,0.00330879216
93,4,-0.00314563252,0.00770415675,0.00463842461
93,5,-0.00450996322,0.00822982014,0.00610051897
93,6,-0.00601032889,0.0088075483,0.00770827091
93,7,-0.00766029738,0.00944248524,0.00947619055
93,8,-0.00947479137,0.0101402786,0.0114202333
93,9,-0.0114702237,0.0109071287,0.0135579439
93,10,-0.0136646465,0.011749842,0.0159086146
93,11,-0.0160779148,0.0126758895,0.0184934591
93,12,-0.0187318672,0.0136934708,0.0213358041
93,13,-0.0216505245,0.0148115838,0.0244612996
93,14,-0.0248603077,0.0160401008,0.02789815
93,15,-0.0283902791,0.0173898522,0.0316773688
93,16,-0.0322724063,0.0188727169,0.0358330579
93,17,-0.0365418538,0.0205017215,0.0404027153
93,18,-0.0412373032,0.0222911481,0.0454275729
93,19,-0.0464013067,0.024256652,0.0509529683
93,20,-0.0520806749,0.0264153891,0.0570287534
93,21,-0.0583269046,0.0287861554,0.0637097433
93,22,-0.0651966499,0.0313895373,0.0710562105
93,23,-0.0727522402,0.0342480753,0.0791344276
93,24,-0.0810622513,0.0373864411,0.0880172639
93,25,-0.0902021339,0.0408316295,0.097784842
93,26,-0.100254906,0.044613165,0.108525258
93,27,-0.111311915,0.0487633247,0.120335377
93,28,-0.12347368,0.0533173791,0.133321698
93,29,-0.136850812,0.0583138488,0.147601321
93,30,-0.15156504,0.0637947813,0.163302991
93,31,-0.16775033,0.0698060452,0.180568259
93,32,-0.185554126,0.0763976446,0.199552755
93,33,-0.20513871,0.0836240512,0.220427579
93,34,-0.226682712,0.0915445567,0.243380843
93,35,-0.250382766,0.100223641,0.268619354
93,36,-0.276455335,0.109731361,0.296370466
93,37,-0.305138731,0.120143747,0.326884119
93,38,-0.336695338,0.131543219,0.360435073
93,39,-0.371414061,0.144019004,0.397325366
93,40,-0.409613033,0.157667558,0.437887007
93,41,-0.451642599,0.172592983,0.482484945
93,42,-0.497888605,0.18890743,0.531520312
93,43,-0.548776035,0.206731477,0.585433998
93,44,-0.604773011,0.226194463,0.64471057
93,45,-0.666395223,0.247434767,0.709882565
93,46,-0.734210805,0.270600003,0.781535209
93,47,-0.80884572,0.295847109,0.860311592
93,48,-0.890989704,0.323342284,0.946918336
93,49,-0.981402821,0.353260743,1.04213182
93,50,-1.08092269,0.385786236,1.14680498
93,51,-1.19047248,0.421110251,1.26187478
93,52,-1.31106969,0.459430854,1.38837041
93,53,-1.44383583,0.500951047,1.52742218
93,54,-1.59000713,0.545876539,1.68027136
93,55,-1.7509463,0.594412805,1.84828086
93,56,-1.92815542,0.646761261,2.03294691
93,57,-2.1232902,0.703114356,2.23591187
93,58,-2.33817557,0.763649367,2.45897814
93,59,-2.57482275,0.828520596,2.70412336
93,60,-2.83544799,0.897849665,2.97351698
93,61,-3.12249298,0.97171349,3.26953826
93,62,-3.43864705,1.0501295,3.59479586
93,63,-3.78687128,1.13303754,3.9521491
93,64,-4.17042459,1.2202778,4.34473097
93,65,-4.59289167,1.31156408,4.7759731
93,66,-5.05821293,1.40645142,5.24963267
93,67,-5.5707162,1.50429724,5.76982142
93,68,-6.13514998,1.60421461,6.34103683
93,69,-6.75671795,1.70501661,6.96819561
93,70,-7.44111407,1.80515,7.65666934
93,71,-8.19455767,1.9026168,8.41232256
93,72,-9.0238272,1.99488181,9.24155301
93,73,-9.93629144,2.07876417,10.1513341
93,74,-10.939936,2.1503111,11.1492593
93,75,-12.0433828,2.20465152,12.2435883
93,76,-13.2558989,2.23582809,13.4432946
93,77,-14.5873915,2.23660587,14.7581137
93,78,-16.0483828,2.19825693,16.1985914
93,79,-17.6499604,2.11032084,17.7761312
93,80,-19.4036945,1.96034281,19.5030395
94,0,0.000524980312,0.00404187701,0
94,1,-0.000443945509,0.00428922344,0.000999998753
94,2,-0.00150944133,0.00456104754,0.00209962126
94,3,-0.00268112656,0.00485979141,0.00330879211
94,4,-0.0039695829,0.00518812463,0.00463842452
94,5,-0.00538644785,0.00554897583,0.00610051881
94,6,-0.00694451958,0.00594555973,0.00770827066
94,7,-0.00865787252,0.0063814056,0.00947619017
94,8,-0.0105419846,0.00686038802,0.0114202328
94,9,-0.0126138772,0.00738676048,0.0135579431
94,10,-0.0148922693,0.00796519193,0.0159086135
94,11,-0.0173977464,0.00860080691,0.0184934577
94,12,-0.0201529476,0.00929922922,0.0213358022
94,13,-0.0231827696,0.0100666297,0.024461297
94,14,-0.0265145929,0.0109097786,0.0278981467
94,15,-0.0301785289,0.011836102,0.0316773645
94,16,-0.0342076936,0.0128537445,0.0358330524
94,17,-0.0386385067,0.0139716367,0.0404027084
94,18,-0.043511022,0.0151995687,0.0454275642
94,19,-0.0488692905,0.0165482706,0.0509529574
94,20,-0.0547617591,0.0180294998,0.0570287397
94,21,-0.0612417109,0.0196561356,0.0637097262
94,22,-0.0683677474,0.0214422822,0.0710561892
94,23,-0.0762043207,0.0234033802,0.0791344011
94,24,-0.0848223185,0.0255563273,0.0880172312
94,25,-0.0942997072,0.0279196086,0.0977848016
94,26,-0.10472224,0.0305134379,0.108525209
94,27,-0.116184236,0.0333599087,0.120335315
94,28,-0.128789437,0.0364831579,0.133321623
94,29,-0.14265195,0.0399095405,0.147601229
94,30,-0.157897288,0.0436678166,0.163302878
94,31,-0.174663504,0.0477893514,0.180568122
94,32,-0.193102457,0.0523083273,0.199552587
94,33,-0.213381189,0.0572619687,0.220427374
94,34,-0.235683443,0.0626907793,0.243380593
94,35,-0.260211347,0.0686387908,0.268619049
94,36,-0.287187244,0.0751538226,0.296370095
94,37,-0.31685573,0.0822877495,0.326883667
94,38,-0.349485877,0.0900967781,0.360434524
94,39,-0.385373691,0.0986417257,0.397324699
94,40,-0.424844815,0.1079883,0.437886197
94,41,-0.468257498,0.118207374,0.482483961
94,42,-0.516005869,0.12937525,0.531519118
94,43,-0.568523534,0.141573903,0.58543255
94,44,-0.626287541,0.154891196,0.644708813
94,45,-0.689822729,0.16942105,0.709880434
94,46,-0.759706528,0.185263562,0.781532626
94,47,-0.836574228,0.202525035,0.860308461
94,48,-0.921124776,0.221317919,0.946914543
94,49,-1.01412715,0.241760607,1.04212722
94,50,-1.11642738,0.263977078,1.14679941
94,51,-1.22895622,0.288096317,1.26186804
94,52,-1.35273764,0.314251488,1.38836224
94,53,-1.48889809,0.342578763,1.52741229
94,54,-1.63867674,0.373215768,1.68025939
94,55,-1.80343659,0.406299522,1.84826637
94,56,-1.98467683,0.441963783,2.03292937
94,57,-2.1840462,0.480335653,2.23589065
94,58,-2.40335769,0.521531301,2.45895246
94,59,-2.64460464,0.565650598,2.70409228
94,60,-2.90997826,0.612770466,2.97347938
94,61,-3.20188671,0.662936656,3.26949277
94,62,-3.52297589,0.716153656,3.59474082
94,63,-3.87615201,0.772372352,3.95208251
94,64,-4.26460592,0.831475021,4.34465042
94,65,-4.69183951,0.893257129,4.77587566
94,66,-5.1616939,0.957405348,5.2495148
94,67,-5.67837967,1.02347109,5.76967885
94,68,-6.24650901,1.09083876,6.34086438
94,69,-6.87112956,1.15868775,6.96798703
94,70,-7.55775986,1.22594716,7.65641706
94,71,-8.31242596,1.29124194,8.41201744
94,72,-9.14169873,1.35282914,9.24118399
94,73,-10.052731,1.40852259,10.1508878
94,74,-11.053294,1.4556044,11.1487195
94,75,-12.1518104,1.49072123,12.2429355
94,76,-13.3573846,1.5097635,13.4425052
94,77,-14.6798251,1.50772519,14.757159
94,78,-16.1296582,1.47854231,16.1974369
94,79,-17.718128,1.41490801,17.7747351
94,80,-19.4571785,1.30806258,19.5013511
95,0,0.000131202107,0.00203055519,0
95,1,-0.000860837603,0.00215647069,0.000999998751
95,2,-0.001951719,0.00229484493,0.00209962125
95,3,-0.0031512885,0.00244692095,0.00330879208
95,4,-0.00447037444,0.00261405737,0.00463842447
95,5,-0.00592088423,0.00279774459,0.00610051872
95,6,-0.00751591176,0.00299961851,0.00770827051
95,7,-0.00926985558,0.00322147504,0.00947618994
95,8,-0.0111985489,0.00346528574,0.0114202324
95,9,-0.0133194023,0.00373321487,0.0135579427
95,10,-0.0156515614,0.00402763801,0.0159086129
95,11,-0.0182160791,0.00435116241,0.0184934568
95,12,-0.0210361059,0.00470664922,0.021335801
95,13,-0.024137099,0.00509723775,0.0244612955
95,14,-0.0275470519,0.00552637198,0.0278981447
95,15,-0.0312967472,0.00599782945,0.031677362
95,16,-0.0354200344,0.00651575284,0.0358330492
95,17,-0.0399541355,0.00708468431,0.0404027042
95,18,-0.0449399808,0.00770960288,0.0454275589
95,19,-0.0504225787,0.00839596524,0.0509529508
95,20,-0.0564514213,0.00914974993,0.0570287314
95,21,-0.0630809319,0.00997750547,0.0637097159
95,22,-0.0703709551,0.0108864025,0.0710561764
95,23,-0.0783872979,0.0118842903,0.0791343853
95,24,-0.0872023224,0.0129797579,0.0880172116
95,25,-0.0968955994,0.0141822003,0.0977847774
95,26,-0.107554626,0.0155018896,0.108525179
95,27,-0.119275615,0.0169500518,0.120335279
95,28,-0.132164361,0.0185389492,0.133321578
95,29,-0.146337199,0.0202819692,0.147601174
95,30,-0.161922045,0.0221937183,0.163302811
95,31,-0.179059558,0.0242901232,0.180568039
95,32,-0.197904401,0.0265885377,0.199552486
95,33,-0.218626638,0.0291078564,0.220427251
95,34,-0.241413264,0.0318686335,0.243380443
95,35,-0.266469888,0.0348932084,0.268618866
95,36,-0.294022584,0.0382058355,0.296369872
95,37,-0.324319926,0.0418328193,0.326883396
95,38,-0.357635219,0.0458026518,0.360434195
95,39,-0.394268959,0.0501461523,0.397324298
95,40,-0.434551529,0.0548966064,0.437885711
95,41,-0.478846162,0.0600899026,0.48248337
95,42,-0.527552201,0.0657646623,0.531518401
95,43,-0.581108675,0.0719623594,0.58543168
95,44,-0.639998225,0.0787274247,0.644707758
95,45,-0.70475142,0.0861073269,0.709879155
95,46,-0.77595149,0.0941526248,0.781531075
95,47,-0.854239528,0.102916978,0.860306582
95,48,-0.940320187,0.112457106,0.946912266
95,49,-1.03496794,0.122832679,1.04212446
95,50,-1.13903396,0.134106122,1.14679607
95,51,-1.2534536,0.146342318,1.26186399
95,52,-1.37925468,0.159608168,1.38835734
95,53,-1.51756651,0.173971989,1.52740636
95,54,-1.66962976,0.189502714,1.68025221
95,55,-1.83680733,0.206268829,1.84825768
95,56,-2.02059611,0.224337017,2.03291885
95,57,-2.22264001,0.243770423,2.23587791
95,58,-2.444744,0.264626471,2.45893704
95,59,-2.68888958,0.286954134,2.70407363
95,60,-2.95725154,0.310790557,2.97345681
95,61,-3.25221626,0.336156881,3.26946546
95,62,-3.57640159,0.363053129,3.59470779
95,63,-3.93267839,0.391451958,3.95204255
95,64,-4.32419392,0.421291065,4.34460207
95,65,-4.7543971,0.452463979,4.77581717
95,66,-5.22706575,0.484808947,5.24944406
95,67,-5.74633584,0.518095544,5.76959327
95,68,-6.31673295,0.552008601,6.34076088
95,69,-6.94320572,0.586128958,6.96786183
95,70,-7.63116148,0.619910471,7.65626564
95,71,-8.38650384,0.652652616,8.4118343
95,72,-9.21567212,0.683467938,9.2409625
95,73,-10.1256824,0.711243445,10.1506199
95,74,-11.1241698,0.734594968,11.1483955
95,75,-12.2194311,0.751813328,12.2425437
95,76,-13.4204677,0.760801023,13.4420313
95,77,-14.737027,0.75899799,14.756586
95,78,-16.1796414,0.743294844,16.1967439
95,79,-17.7596631,0.709931834,17.7738971
95,80,-19.4892917,0.654381656,19.5003377
96,0,0,0,0
96,1,-0.00099999875,1.81039552e-18,0.00099999875
96,2,-0.00209962125,3.79958331e-18,0.00209962125
96,3,-0.00330879207,5.98540968e-18,0.00330879207
96,4,-0.00463842445,8.38734738e-18,0.00463842445
96,5,-0.00610051869,1.10267435e-17,0.00610051869
96,6,-0.00770827046,1.39270178e-17,0.00770827046
96,7,-0.00947618986,1.71138686e-17,0.00947618986
96,8,-0.0114202323,2.06154946e-17,0.0114202323
96,9,-0.0135579425,2.44628359e-17,0.0135579425
96,10,-0.0159086127,2.86898368e-17,0.0159086127
96,11,-0.0184934565,3.33337316e-17,0.0184934565
96,12,-0.0213358007,3.84353573e-17,0.0213358007
96,13,-0.024461295,4.40394936e-17,0.024461295
96,14,-0.0278981441,5.01952335e-17,0.0278981441
96,15,-0.0316773611,5.69563868e-17,0.0316773611
96,16,-0.0358330481,6.43819193e-17,0.0358330481
96,17,-0.0404027029,7.25364292e-17,0.0404027029
96,18,-0.0454275572,8.14906654e-17,0.0454275572
96,19,-0.0509529486,9.13220888e-17,0.0509529486
96,20,-0.0570287287,1.0211548e-16,0.0570287287
96,21,-0.0637097125,1.13963599e-16,0.0637097125
96,22,-0.0710561722,1.26967893e-16,0.0710561722
96,23,-0.07913438,1.41239264e-16,0.07913438
96,24,-0.088017205,1.56898892e-16,0.088017205
96,25,-0.0977847693,1.74079124e-16,0.0977847693
96,26,-0.108525169,1.92924415e-16,0.108525169
96,27,-0.120335267,2.13592347e-16,0.120335267
96,28,-0.133321563,2.36254706e-16,0.133321563
96,29,-0.147601155,2.61098625e-16,0.147601155
96,30,-0.163302788,2.88327798e-16,0.163302788
96,31,-0.180568012,3.1816375e-16,0.180568012
96,32,-0.199552452,3.50847168e-16,0.199552452
96,33,-0.22042721,3.86639289e-16,0.22042721
96,34,-0.243380393,4.2582332e-16,0.243380393
96,35,-0.268618805,4.68705903e-16,0.268618805
96,36,-0.296369798,5.15618578e-16,0.296369798
96,37,-0.326883306,5.66919243e-16,0.326883306
96,38,-0.360434085,6.22993578e-16,0.360434085
96,39,-0.397324165,6.84256386e-16,0.397324165
96,40,-0.437885549,7.51152813e-16,0.437885549
96,41,-0.482483174,8.24159385e-16,0.482483174
96,42,-0.531518162,9.03784796e-16,0.531518162
96,43,-0.58543139,9.90570341e-16,0.58543139
96,44,-0.644707407,1.0850899e-15,0.644707407
96,45,-0.709878729,1.18794934e-15,0.709878729
96,46,-0.781530558,1.29978512e-15,0.781530558
96,47,-0.860305956,1.42126202e-15,0.860305956
96,48,-0.946911507,1.55306958e-15,0.946911507
96,49,-1.04212354,1.69591711e-15,1.04212354
96,50,-1.14679495,1.85052685e-15,1.14679495
96,51,-1.26186264,2.01762482e-15,1.26186264
96,52,-1.38835571,2.19792895e-15,1.38835571
96,53,-1.52740438,2.39213381e-15,1.52740438
96,54,-1.68024982,2.60089117e-15,1.68024982
96,55,-1.84825478,2.82478565e-15,1.84825478
96,56,-2.03291534,3.06430432e-15,2.03291534
96,57,-2.23587367,3.31979902e-15,2.23587367
96,58,-2.45893191,3.59143997e-15,2.45893191
96,59,-2.70406742,3.87915893e-15,2.70406742
96,60,-2.97344929,4.18257979e-15,2.97344929
96,61,-3.26945637,4.50093422e-15,3.26945637
96,62,-3.59469678,4.83295938e-15,3.59469678
96,63,-3.95202923,5.17677441e-15,3.95202923
96,64,-4.34458596,5.52973157e-15,4.34458596
96,65,-4.77579769,5.88823727e-15,4.77579769
96,66,-5.24942049,6.24753757e-15,5.24942049
96,67,-5.76956476,6.60146141e-15,5.76956476
96,68,-6.34072639,6.94211398e-15,6.34072639
96,69,-6.96782012,7.25951137e-15,6.96782012
96,70,-7.65621519,7.5411458e-15,7.65621519
96,71,-8.41177328,7.77146951e-15,8.41177328
96,72,-9.2408887,7.93128294e-15,9.2408887
96,73,-10.1505307,7.99701097e-15,10.1505307
96,74,-11.1482876,7.93984813e-15,11.1482876
96,75,-12.2424132,7.72475126e-15,12.2424132
96,76,-13.4418735,7.30925444e-15,13.4418735
96,77,-14.7563951,6.642078e-15,14.7563951
96,78,-16.196513,5.66149931e-15,16.196513
96,79,-17.7736178,4.29344919e-15,17.7736178
96,80,-19.5,2.4492936e-15,19.5
97,0,0.000131202107,-0.00203055519,0
97,1,-0.000860837603,-0.00215647069,0.000999998751
97,2,-0.001951719,-0.00229484493,0.00209962125
97,3,-0.0031512885,-0.00244692095,0.00330879208
97,4,-0.00447037444,-0.00261405737,0.00463842447
97,5,-0.00592088423,-0.00279774459,0.00610051872
97,6,-0.00751591176,-0.00299961851,0.00770827051
97,7,-0.00926985558,-0.00322147504,0.00947618994
97,8,-0.0111985489,-0.00346528574,0.0114202324
97,9,-0.0133194023,-0.00373321487,0.0135579427
97,10,-0.0156515614,-0.00402763801,0.0159086129
97,11,-0.0182160791,-0.00435116241,0.0184934568
97,12,-0.0210361059,-0.00470664922,0.021335801
97,13,-0.024137099,-0.00509723775,0.0244612955
97,14,-0.0275470519,-0.00552637198,0.0278981447
97,15,-0.0312967472,-0.00599782945,0.031677362
97,16,-0.0354200344,-0.00651575284,0.0358330492
97,17,-0.0399541355,-0.00708468431,0.0404027042
97,18,-0.0449399808,-0.00770960288,0.0454275589
97,19,-0.0504225787,-0.00839596524,0.0509529508
97,20,-0.0564514213,-0.00914974993,0.0570287314
97,21,-0.0630809319,-0.00997750547,0.0637097159
97,22,-0.0703709551,-0.0108864025,0.0710561764
97,23,-0.0783872979,-0.0118842903,0.0791343853
97,24,-0.0872023224,-0.0129797579,0.0880172116
97,25,-0.0968955994,-0.0141822003,0.0977847774
97,26,-0.107554626,-0.0155018896,0.108525179
97,27,-0.119275615,-0.0169500518,0.120335279
97,28,-0.132164361,-0.0185389492,0.133321578
97,29,-0.146337199,-0.0202819692,0.147601174
97,30,-0.161922045,-0.0221937183,0.163302811
97,31,-0.179059558,-0.0242901232,0.180568039
97,32,-0.197904401,-0.0265885377,0.199552486
97,33,-0.218626638,-0.0291078564,0.220427251
97,34,-0.241413264,-0.0318686335,0.243380443
97,35,-0.266469888,-0.0348932084,0.268618866
97,36,-0.294022584,-0.0382058355,0.296369872
97,37,-0.324319926,-0.0418328193,0.326883396
97,38,-0.357635219,-0.0458026518,0.360434195
97,39,-0.394268959,-0.0501461523,0.397324298
97,40,-0.434551529,-0.0548966064,0.437885711
97,41,-0.478846162,-0.0600899026,0.48248337
97,42,-0.527552201,-0.0657646623,0.531518401
97,43,-0.581108675,-0.0719623594,0.58543168
97,44,-0.639998225,-0.0787274247,0.644707758
97,45,-0.70475142,-0.0861073269,0.709879155
97,46,-0.77595149,-0.0941526248,0.781531075
97,47,-0.854239528,-0.102916978,0.860306582
97,48,-0.940320187,-0.112457106,0.946912266
97,49,-1.03496794,-0.122832679,1.04212446
97,50,-1.13903396,-0.134106122,1.14679607
97,51,-1.2534536,-0.146342318,1.26186399
97,52,-1.37925468,-0.159608168,1.38835734
97,53,-1.51756651,-0.173971989,1.52740636
97,54,-1.66962976,-0.189502714,1.68025221
97,55,-1.83680733,-0.206268829,1.84825768
97,56,-2.02059611,-0.224337017,2.03291885
97,57,-2.22264001,-0.243770423,2.23587791
97,58,-2.444744,-0.264626471,2.45893704
97,59,-2.68888958,-0.286954134,2.70407363
97,60,-2.95725154,-0.310790557,2.97345681
97,61,-3.25221626,-0.336156881,3.26946546
97,62,-3.57640159,-0.363053129,3.59470779
97,63,-3.93267839,-0.391451958,3.95204255
97,64,-4.32419392,-0.421291065,4.34460207
97,65,-4.7543971,-0.452463979,4.77581717
97,66,-5.22706575,-0.484808947,5.24944406
97,67,-5.74633584,-0.518095544,5.76959327
97,68,-6.31673295,-0.552008601,6.34076088
97,69,-6.94320572,-0.586128958,6.96786183
97,70,-7.63116148,-0.619910471,7.65626564
97,71,-8.38650384,-0.652652616,8.4118343
97,72,-9.21567212,-0.683467938,9.2409625
97,73,-10.1256824,-0.711243445,10.1506199
97,74,-11.1241698,-0.734594968,11.1483955
97,75,-12.2194311,-0.751813328,12.2425437
97,76,-13.4204677,-0.760801023,13.4420313
97,77,-14.737027,-0.75899799,14.756586
97,78,-16.1796414,-0.743294844,16.1967439
97,79,-17.7596631,-0.709931834,17.7738971
97,80,-19.4892917,-0.654381656,19.5003377
98,0,0.000524980312,-0.00404187701,0
98,1,-0.000443945509,-0.00428922344,0.000999998753
98,2,-0.00150944133,-0.00456104754,0.00209962126
98,3,-0.00268112656,-0.00485979141,0.00330879211
98,4,-0.0039695829,-0.00518812463,0.00463842452
98,5,-0.00538644785,-0.00554897583,0.00610051881
98,6,-0.00694451958,-0.00594555973,0.00770827066
98,7,-0.00865787252,-0.0063814056,0.00947619017
98,8,-0.0105419846,-0.00686038802,0.0114202328
98,9,-0.0126138772,-0.00738676048,0.0135579431
98,10,-0.0148922693,-0.00796519193,0.0159086135
98,11,-0.0173977464,-0.00860080691,0.0184934577
98,12,-0.0201529476,-0.00929922922,0.0213358022
98,13,-0.0231827696,-0.0100666297,0.024461297
98,14,-0.0265145929,-0.0109097786,0.0278981467
98,15,-0.0301785289,-0.011836102,0.0316773645
98,16,-0.0342076936,-0.0128537445,0.0358330524
98,17,-0.0386385067,-0.0139716367,0.0404027084
98,18,-0.043511022,-0.0151995687,0.0454275642
98,19,-0.0488692905,-0.0165482706,0.0509529574
98,20,-0.0547617591,-0.0180294998,0.0570287397
98,21,-0.0612417109,-0.0196561356,0.0637097262
98,22,-0.0683677474,-0.0214422822,0.0710561892
98,23,-0.0762043207,-0.0234033802,0.0791344011
98,24,-0.0848223185,-0.0255563273,0.0880172312
98,25,-0.0942997072,-0.0279196086,0.0977848016
98,26,-0.10472224,-0.0305134379,0.108525209
98,27,-0.116184236,-0.0333599087,0.120335315
98,28,-0.128789437,-0.0364831579,0.133321623
98,29,-0.14265195,-0.0399095405,0.147601229
98,30,-0.157897288,-0.0436678166,0.163302878
98,31,-0.174663504,-0.0477893514,0.180568122
98,32,-0.193102457,-0.0523083273,0.199552587
98,33,-0.213381189,-0.0572619687,0.220427374
98,34,-0.235683443,-0.0626907793,0.243380593
98,35,-0.260211347,-0.0686387908,0.268619049
98,36,-0.287187244,-0.0751538226,0.296370095
98,37,-0.31685573,-0.0822877495,0.326883667
98,38,-0.349485877,-0.0900967781,0.360434524
98,39,-0.385373691,-0.0986417257,0.397324699
98,40,-0.424844815,-0.1079883,0.437886197
98,41,-0.468257498,-0.118207374,0.482483961
98,42,-0.516005869,-0.12937525,0.531519118
98,43,-0.568523534,-0.141573903,0.58543255
98,44,-0.626287541,-0.154891196,0.644708813
98,45,-0.689822729,-0.16942105,0.709880434
98,46,-0.759706528,-0.185263562,0.781532626
98,47,-0.836574228,-0.202525035,0.860308461
98,48,-0.921124776,-0.221317919,0.946914543
98,49,-1.01412715,-0.241760607,1.04212722
98,50,-1.11642738,-0.263977078,1.14679941
98,51,-1.22895622,-0.288096317,1.26186804
98,52,-1.35273764,-0.314251488,1.38836224
98,53,-1.48889809,-0.342578763,1.52741229
98,54,-1.63867674,-0.373215768,1.68025939
98,55,-1.80343659,-0.406299522,1.84826637
98,56,-1.98467683,-0.441963783,2.03292937
98,57,-2.1840462,-0.480335653,2.23589065
98,58,-2.40335769,-0.521531301,2.45895246
98,59,-2.64460464,-0.565650598,2.70409228
98,60,-2.90997826,-0.612770466,2.97347938
98,61,-3.20188671,-0.662936656,3.26949277
98,62,-3.52297589,-0.716153656,3.59474082
98,63,-3.87615201,-0.772372352,3.95208251
98,64,-4.26460592,-0.831475021,4.34465042
98,65,-4.69183951,-0.893257129,4.77587566
98,66,-5.1616939,-0.957405348,5.2495148
98,67,-5.67837967,-1.02347109,5.76967885
98,68,-6.24650901,-1.09083876,6.34086438
98,69,-6.87112956,-1.15868775,6.96798703
98,70,-7.55775986,-1.22594716,7.65641706
98,71,-8.31242596,-1.29124194,8.41201744
98,72,-9.14169873,-1.35282914,9.24118399
98,73,-10.052731,-1.40852259,10.1508878
98,74,-11.053294,-1.4556044,11.1487195
98,75,-12.1518104,-1.49072123,12.2429355
98,76,-13.3573846,-1.5097635,13.4425052
98,77,-14.6798251,-1.50772519,14.757159
98,78,-16.1296582,-1.47854231,16.1974369
98,79,-17.718128,-1.41490801,17.7747351
98,80,-19.4571785,-1.30806258,19.5013511
99,0,0.00118184956,-0.00603446165,0
99,1,0.000249009647,-0.00639474933,0.000999998758
99,2,-0.000776852159,-0.00679070042,0.00209962128
99,3,-0.00190500075,-0.00722587286,0.00330879216
99,4,-0.00314563252,-0.00770415675,0.00463842461
99,5,-0.00450996322,-0.00822982014,0.00610051897
99,6,-0.00601032889,-0.0088075483,0.00770827091
99,7,-0.00766029738,-0.00944248524,0.00947619055
99,8,-0.00947479137,-0.0101402786,0.0114202333
99,9,-0.0114702237,-0.0109071287,0.0135579439
99,10,-0.0136646465,-0.011749842,0.0159086146
99,11,-0.0160779148,-0.0126758895,0.0184934591
99,12,-0.0187318672,-0.0136934708,0.0213358041
99,13,-0.0216505245,-0.0148115838,0.0244612996
99,14,-0.0248603077,-0.0160401008,0.02789815
99,15,-0.0283902791,-0.0173898522,0.0316773688
99,16,-0.0322724063,-0.0188727169,0.0358330579
99,17,-0.0365418538,-0.0205017215,0.0404027153
99,18,-0.0412373032,-0.0222911481,0.0454275729
99,19,-0.0464013067,-0.024256652,0.0509529683
99,20,-0.0520806749,-0.0264153891,0.0570287534
99,21,-0.0583269046,-0.0287861554,0.0637097433
99,22,-0.0651966499,-0.0313895373,0.0710562105
99,23,-0.0727522402,-0.0342480753,0.0791344276
99,24,-0.0810622513,-0.0373864411,0.0880172639
99,25,-0.0902021339,-0.0408316295,0.097784842
99,26,-0.100254906,-0.044613165,0.108525258
99,27,-0.111311915,-0.0487633247,0.120335377
99,28,-0.12347368,-0.0533173791,0.133321698
99,29,-0.136850812,-0.0583138488,0.147601321
99,30,-0.15156504,-0.0637947813,0.163302991
99,31,-0.16775033,-0.0698060452,0.180568259
99,32,-0.185554126,-0.0763976446,0.199552755
99,33,-0.20513871,-0.0836240512,0.220427579
99,34,-0.226682712,-0.0915445567,0.243380843
99,35,-0.250382766,-0.100223641,0.268619354
99,36,-0.276455335,-0.109731361,0.296370466
99,37,-0.305138731,-0.120143747,0.326884119
99,38,-0.336695338,-0.131543219,0.360435073
99,39,-0.371414061,-0.144019004,0.397325366
99,40,-0.409613033,-0.157667558,0.437887007
99,41,-0.451642599,-0.172592983,0.482484945
99,42,-0.497888605,-0.18890743,0.531520312
99,43,-0.548776035,-0.206731477,0.585433998
99,44,-0.604773011,-0.226194463,0.64471057
99,45,-0.666395223,-0.247434767,0.709882565
99,46,-0.734210805,-0.270600003,0.781535209
99,47,-0.80884572,-0.295847109,0.860311592
99,48,-0.890989704,-0.323342284,0.946918336
99,49,-0.981402821,-0.353260743,1.04213182
99,50,-1.08092269,-0.385786236,1.14680498
99,51,-1.19047248,-0.421110251,1.26187478
99,52,-1.31106969,-0.459430854,1.38837041
99,53,-1.44383583,-0.500951047,1.52742218
99,54,-1.59000713,-0.545876539,1.68027136
99,55,-1.7509463,-0.594412805,1.84828086
99,56,-1.92815542,-0.646761261,2.03294691
99,57,-2.1232902,-0.703114356,2.23591187
99,58,-2.33817557,-0.763649367,2.45897814
99,59,-2.57482275,-0.828520596,2.70412336
99,60,-2.83544799,-0.897849665,2.97351698
99,61,-3.12249298,-0.97171349,3.26953826
99,62,-3.43864705,-1.0501295,3.59479586
99,63,-3.78687128,-1.13303754,3.9521491
99,64,-4.17042459,-1.2202778,4.34473097
99,65,-4.59289167,-1.31156408,4.7759731
99,66,-5.05821293,-1.40645142,5.24963267
99,67,-5.5707162,-1.50429724,5.76982142
99,68,-6.13514998,-1.60421461,6.34103683
99,69,-6.75671795,-1.70501661,6.96819561
99,70,-7.44111407,-1.80515,7.65666934
99,71,-8.19455767,-1.9026168,8.41232256
99,72,-9.0238272,-1.99488181,9.24155301
99,73,-9.93629144,-2.07876417,10.1513341
99,74,-10.939936,-2.1503111,11.1492593
99,75,-12.0433828,-2.20465152,12.2435883
99,76,-13.2558989,-2.23582809,13.4432946
99,77,-14.5873915,-2.23660587,14.7581137
99,78,-16.0483828,-2.19825693,16.1985914
99,79,-17.6499604,-2.11032084,17.7761312
99,80,-19.4036945,-1.96034281,19.5030395
100,0,0.00210266574,-0.00800868737,0
100,1,0.00121565782,-0.00847043891,0.000999998764
100,2,0.000240137087,-0.00897791213,0.00209962131
100,3,-0.000832710894,-0.00953566804,0.00330879222
100,4,-0.00201259264,-0.010148695,0.00463842474
100,5,-0.00331018765,-0.0108224664,0.00610051919
100,6,-0.00473724417,-0.0115629915,0.00770827126
100,7,-0.00630668576,-0.0123768683,0.00947619108
100,8,-0.00803272871,-0.0132713413,0.0114202341
100,9,-0.00993101159,-0.0142543645,0.013557945
100,10,-0.0120187378,-0.0153346704,0.0159086161
100,11,-0.0143148327,-0.0165218448,0.0184934611
100,12,-0.0168401161,-0.0178264094,0.0213358068
100,13,-0.0196174933,-0.0192599114,0.0244613031
100,14,-0.0226721638,-0.0208350216,0.0278981546
100,15,-0.0260318529,-0.0225656419,0.0316773747
100,16,-0.0297270657,-0.024467022,0.0358330654
100,17,-0.0337913667,-0.0265558871,0.0404027249
100,18,-0.0382616887,-0.0288505772,0.0454275851
100,19,-0.0431786728,-0.0313711985,0.0509529837
100,20,-0.048587042,-0.0341397884,0.0570287726
100,21,-0.0545360146,-0.0371804946,0.0637097673
100,22,-0.0610797587,-0.0405197707,0.0710562403
100,23,-0.0682778933,-0.0441865866,0.0791344646
100,24,-0.076196041,-0.0482126588,0.0880173097
100,25,-0.0849064375,-0.0526326979,0.0977848985
100,26,-0.0944886034,-0.0574846768,0.108525328
100,27,-0.105030085,-0.0628101204,0.120335462
100,28,-0.116627274,-0.0686544172,0.133321803
100,29,-0.129386307,-0.0750671542,0.14760145
100,30,-0.143424062,-0.0821024767,0.163303148
100,31,-0.158869261,-0.089819472,0.180568452
100,32,-0.17586368,-0.0982825798,0.19955299
100,33,-0.19456349,-0.107562027,0.220427866
100,34,-0.21514074,-0.11773429,0.243381193
100,35,-0.237784994,-0.128882577,0.26861978
100,36,-0.262705134,-0.141097341,0.296370985
100,37,-0.290131367,-0.154476805,0.32688475
100,38,-0.320317431,-0.169127514,0.36043584
100,39,-0.35354304,-0.185164887,0.397326298
100,40,-0.390116593,-0.202713788,0.43788814
100,41,-0.430378165,-0.221909085,0.48248632
100,42,-0.474702821,-0.242896201,0.531521981
100,43,-0.523504288,-0.265831629,0.585436024
100,44,-0.577239012,-0.290883409,0.644713027
100,45,-0.636410666,-0.318231527,0.709885544
100,46,-0.70157513,-0.348068223,0.781538821
100,47,-0.773346015,-0.380598153,0.860315969
100,48,-0.852400785,-0.416038386,0.946923641
100,49,-0.939487534,-0.454618154,1.04213824
100,50,-1.0354325,-0.496578313,1.14681276
100,51,-1.1411484,-0.542170411,1.26188421
100,52,-1.25764363,-0.591655288,1.38838182
100,53,-1.38603247,-0.645301064,1.527436
100,54,-1.52754641,-0.703380382,1.68028809
100,55,-1.68354658,-0.766166733,1.84830111
100,56,-1.85553761,-0.833929643,2.03297142
100,57,-2.0451828,-0.906928469,2.23594154
100,58,-2.25432094,-0.985404504,2.45901404
100,59,-2.48498469,-1.06957103,2.70416681
100,60,-2.73942088,-1.15960086,2.97356955
100,61,-3.02011259,-1.25561093,3.26960187
100,62,-3.32980329,-1.3576432,3.59487282
100,63,-3.67152301,-1.4656413,3.9522422
100,64,-4.04861653,-1.57942202,4.3448436
100,65,-4.46477368,-1.6986406,4.77610935
100,66,-4.92406133,-1.82274887,5.24979748
100,67,-5.43095716,-1.95094478,5.77002077
100,68,-5.99038442,-2.08211205,6.34127797
100,69,-6.60774725,-2.2147481,6.96848726
100,70,-7.28896543,-2.34687878,7.65702209
100,71,-8.04050739,-2.47595777,8.4127492
100,72,-8.86941949,-2.5987488,9.24206901
100,73,-9.78334934,-2.71118891,10.1519581
100,74,-10.7905601,-2.80823074,11.150014
100,75,-11.8999315,-2.88366292,12.244501
100,76,-13.1209441,-2.92990762,13.4443984
100,77,-14.4636386,-2.93779593,14.7594486
100,78,-15.9385468,-2.8963231,16.2002058
100,79,-17.5565842,-2.79238799,17.7780835
100,80,-19.3288972,-2.61052384,19.5054003
101,0,0.00328862212,-0.00996481184,0
101,1,0.00245355984,-0.010514965,0.000999998771
101,2,0.00153509905,-0.0111196134,0.00209962134
101,3,0.000524936161,-0.0117841926,0.00330879231
101,4,-0.000586079468,-0.0125146497,0.0046384249
101,5,-0.00180801861,-0.0133175109,0.00610051947
101,6,-0.00315196228,-0.0141999418,0.00770827171
101,7,-0.00463010236,-0.0151698107,0.00947619176
101,8,-0.00625585297,-0.0162357579,0.0114202351
101,9,-0.00804397314,-0.0174072708,0.0135579464
101,10,-0.0100107022,-0.018694766,0.015908618
101,11,-0.0121739087,-0.0201096795,0.0184934637
101,12,-0.014553255,-0.0216645648,0.0213358102
101,13,-0.0171703778,-0.0233732008,0.0244613076
101,14,-0.0200490878,-0.025250709,0.0278981605
101,15,-0.0232155897,-0.0273136822,0.0316773823
101,16,-0.0266987242,-0.0295803245,0.0358330752
101,17,-0.0305302353,-0.0320706043,0.0404027373
101,18,-0.0347450645,-0.0348064218,0.0454276007
101,19,-0.0393816762,-0.0378117899,0.0509530033
101,20,-0.0444824153,-0.0411130333,0.0570287972
101,21,-0.0500939028,-0.0447390034,0.063709798
101,22,-0.0562674719,-0.0487213131,0.0710562786
101,23,-0.0630596495,-0.0530945909,0.079134512
101,24,-0.0705326872,-0.0578967575,0.0880173683
101,25,-0.0787551488,-0.0631693247,0.0977849709
101,26,-0.0878025578,-0.0689577191,0.108525417
101,27,-0.0977581144,-0.0753116319,0.120335572
101,28,-0.108713486,-0.0822853958,0.133321938
101,29,-0.120769684,-0.0899383913,0.147601615
101,30,-0.134038028,-0.0983354821,0.16330335
101,31,-0.148641222,-0.107547482,0.180568699
101,32,-0.164714533,-0.117651655,0.199553292
101,33,-0.182407106,-0.128732245,0.220428234
101,34,-0.201883416,-0.14088104,0.243381642
101,35,-0.223324876,-0.154197965,0.268620327
101,36,-0.246931621,-0.168791714,0.29637165
101,37,-0.272924486,-0.184780395,0.32688556
101,38,-0.301547196,-0.202292212,0.360436825
101,39,-0.333068803,-0.221466161,0.397327495
101,40,-0.367786385,-0.242452737,0.437889594
101,41,-0.406028047,-0.265414643,0.482488085
101,42,-0.448156255,-0.290527491,0.531524123
101,43,-0.494571536,-0.317980469,0.585438623
101,44,-0.545716602,-0.347976967,0.64471618
101,45,-0.602080926,-0.380735123,0.709889367
101,46,-0.664205841,-0.416488259,0.781543455
101,47,-0.73269021,-0.455485171,0.860321586
101,48,-0.808196734,-0.497990209,0.946930447
101,49,-0.891458985,-0.544283093,1.04214649
101,50,-0.983289221,-0.594658384,1.14682275
101,51,-1.0845871,-0.649424506,1.2618963
101,52,-1.19634935,-0.70890221,1.38839647
101,53,-1.31968059,-0.773422325,1.52745374
101,54,-1.45580527,-0.843322629,1.68030956
101,55,-1.606081,-0.918943624,1.8483271
101,56,-1.77201337,-1.00062296,2.03300288
101,57,-1.95527225,-1.08868818,2.23597961
101,58,-2.15771001,-1.18344748,2.45906011
101,59,-2.38138142,-1.2851779,2.70422256
101,60,-2.62856575,-1.39411061,2.97363701
101,61,-2.90179086,-1.51041251,3.26968348
101,62,-3.20385954,-1.63416345,3.59497156
101,63,-3.53787814,-1.7653282,3.95236166
101,64,-3.90728737,-1.9037222,4.34498811
101,65,-4.31589517,-2.04896988,4.77628416
101,66,-4.76791147,-2.20045413,5.25000894
101,67,-5.26798422,-2.3572556,5.77027655
101,68,-5.8212361,-2.51807998,6.34158734
101,69,-6.4333009,-2.68117152,6.96886146
101,70,-7.11035795,-2.84421089,7.65747468
101,71,-7.85916281,-3.00419542,8.41329659
101,72,-8.6870715,-3.15729987,9.24273104
101,73,-9.60205492,-3.29871639,10.1527588
101,74,-10.6126992,-3.42247257,11.1509823
101,75,-11.7281869,-3.52122775,12.2456721
101,76,-12.9582527,-3.586049,13.4458147
101,77,-14.3131072,-3.60617037,14.7611613
101,78,-15.8033203,-3.56874154,16.202277
101,79,-17.4396584,-3.45857555,17.7805882
101,80,-19.2328666,-3.25790947,19.5084293
102,0,0.0047412444,-0.0119029694,0
102,1,0.0039608672,-0.0125282765,0.00099999878
102,2,0.00310247998,-0.0132155475,0.00209962138
102,3,0.00215831729,-0.0139709623,0.00330879241
102,4,0.00111981447,-0.0148012849,0.0046384251
102,5,-2.2457371e-05,-0.0157139388,0.00610051981
102,6,-0.00127887546,-0.0167170756,0.00770827226
102,7,-0.00266085988,-0.0178196474,0.00947619258
102,8,-0.00418097827,-0.0190314853,0.0114202363
102,9,-0.00585306147,-0.0203633854,0.0135579481
102,10,-0.00769233109,-0.0218272024,0.0159086203
102,11,-0.00971554011,-0.0234359525,0.0184934669
102,12,-0.011941128,-0.0252039253,0.0213358144
102,13,-0.0143893918,-0.0271468075,0.0244613132
102,14,-0.0170826746,-0.0292818163,0.0278981676
102,15,-0.0200455737,-0.0316278467,0.0316773915
102,16,-0.0233051701,-0.034205632,0.035833087
102,17,-0.0268912821,-0.0370379184,0.0404027523
102,18,-0.0308367444,-0.0401496568,0.0454276197
102,19,-0.0351777172,-0.0435682106,0.0509530273
102,20,-0.0399540268,-0.0473235831,0.0570288273
102,21,-0.0452095426,-0.0514486648,0.0637098355
102,22,-0.0509925926,-0.0559795024,0.0710563252
102,23,-0.057356424,-0.0609555912,0.0791345698
102,24,-0.0643597112,-0.0664201929,0.0880174398
102,25,-0.0720671182,-0.0724206794,0.0977850591
102,26,-0.0805499214,-0.0790089066,0.108525526
102,27,-0.0898866979,-0.0862416171,0.120335705
102,28,-0.100164089,-0.0941808762,0.133322102
102,29,-0.111477643,-0.102894541,0.147601816
102,30,-0.123932756,-0.112456767,0.163303596
102,31,-0.137645705,-0.122948547,0.180569
102,32,-0.152744804,-0.134458294,0.199553659
102,33,-0.169371678,-0.14708246,0.220428683
102,34,-0.187682687,-0.160926191,0.243382189
102,35,-0.207850499,-0.176104031,0.268620993
102,36,-0.230065847,-0.192740647,0.296372461
102,37,-0.254539472,-0.210971611,0.326886546
102,38,-0.2815043,-0.230944194,0.360438025
102,39,-0.311217851,-0.252818197,0.397328953
102,40,-0.343964933,-0.276766801,0.437891365
102,41,-0.380060641,-0.302977422,0.482490236
102,42,-0.419853698,-0.331652564,0.531526734
102,43,-0.463730194,-0.363010648,0.585441791
102,44,-0.512117745,-0.397286792,0.644720021
102,45,-0.565490155,-0.434733525,0.709894025
102,46,-0.624372606,-0.475621377,0.781549102
102,47,-0.689347481,-0.520239323,0.86032843
102,48,-0.761060858,-0.568894996,0.94693874
102,49,-0.84022978,-0.62191462,1.04215654
102,50,-0.927650388,-0.679642568,1.14683492
102,51,-1.02420701,-0.742440416,1.26191104
102,52,-1.13088236,-0.810685389,1.38841432
102,53,-1.24876885,-0.884768011,1.52747534
102,54,-1.37908135,-0.965088764,1.68033572
102,55,-1.52317138,-1.05205351,1.84835877
102,56,-1.68254285,-1.1460674,2.03304121
102,57,-1.85886974,-1.24752685,2.236026
102,58,-2.05401563,-1.35680924,2.45911625
102,59,-2.27005538,-1.47425975,2.70429049
102,60,-2.50929904,-1.60017478,2.9737192
102,61,-2.7743182,-1.7347811,3.26978293
102,62,-3.06797475,-1.87821002,3.59509188
102,63,-3.39345218,-2.03046552,3.95250722
102,64,-3.7542892,-2.19138502,4.34516419
102,65,-4.15441567,-2.36059174,4.77649717
102,66,-4.59819028,-2.53743674,5.2502666
102,67,-5.09043928,-2.72092933,5.77058822
102,68,-5.63649553,-2.90965367,6.34196432
102,69,-6.24223612,-3.10166982,6.96931743
102,70,-6.91411679,-3.29439719,7.65802617
102,71,-7.65920043,-3.4844786,8.4139636
102,72,-8.48517616,-3.66762351,9.24353775
102,73,-9.40036471,-3.83842953,10.1537345
102,74,-10.4137046,-3.99018258,11.1521623
102,75,-11.5347131,-4.11463746,12.2470991
102,76,-12.7734139,-4.20178293,13.4475404
102,77,-14.1402257,-4.23959851,14.7632483
102,78,-15.6458024,-4.21381359,16.2048008
102,79,-17.3008198,-4.10768408,17.7836404
102,80,-19.1157056,-3.90180644,19.5121203
103,0,0.00646238423,-0.0138231681,0
103,1,0.005736749,-0.0145112459,0.000999998791
103,2,0.00493850264,-0.0152675347,0.00209962143
103,3,0.00406041876,-0.0160988372,0.00330879253
103,4,0.00309452015,-0.0170126008,0.00463842534
103,5,0.00203202163,-0.018017001,0.00610052022
103,6,0.000863251902,-0.0191210156,0.0077082729
103,7,-0.000422434757,-0.0203345053,0.00947619356
103,8,-0.00183675658,-0.0216682997,0.0114202377
103,9,-0.00339261276,-0.0231342929,0.0135579501
103,10,-0.00510420317,-0.0247455462,0.0159086231
103,11,-0.00698716047,-0.0265164026,0.0184934706
103,12,-0.00905869595,-0.02846261,0.0213358194
103,13,-0.0113377605,-0.0306014579,0.0244613197
103,14,-0.0138452221,-0.0329519254,0.0278981761
103,15,-0.0166040621,-0.0355348442,0.0316774024
103,16,-0.0196395919,-0.0383730757,0.035833101
103,17,-0.0229796921,-0.0414917056,0.0404027701
103,18,-0.0266550768,-0.0449182553,0.0454276422
103,19,-0.0306995861,-0.0486829132,0.0509530555
103,20,-0.035150509,-0.0528187868,0.0570288626
103,21,-0.0400489413,-0.0573621776,0.0637098796
103,22,-0.0454401805,-0.0623528797,0.07105638
103,23,-0.0513741641,-0.0678345056,0.0791346378
103,24,-0.0579059541,-0.0738548393,0.088017524
103,25,-0.0650962746,-0.0804662207,0.097785163
103,26,-0.0730121067,-0.0877259612,0.108525654
103,27,-0.0817273494,-0.0956967948,0.120335863
103,28,-0.0913235516,-0.104447365,0.133322295
103,29,-0.101890726,-0.114052752,0.147602052
103,30,-0.113528252,-0.124595035,0.163303886
103,31,-0.126345879,-0.136163909,0.180569354
103,32,-0.140464846,-0.14885733,0.199554092
103,33,-0.156019118,-0.162782218,0.220429211
103,34,-0.173156776,-0.178055201,0.243382833
103,35,-0.192041551,-0.194803407,0.268621777
103,36,-0.21285455,-0.213165297,0.296373416
103,37,-0.235796163,-0.233291548,0.326887708
103,38,-0.261088213,-0.255345974,0.360439437
103,39,-0.288976338,-0.27950648,0.39733067
103,40,-0.319732669,-0.305966046,0.43789345
103,41,-0.353658816,-0.334933729,0.482492768
103,42,-0.391089218,-0.366635667,0.531529807
103,43,-0.432394889,-0.40131607,0.585445519
103,44,-0.477987626,-0.439238171,0.644724544
103,45,-0.528324714,-0.48068511,0.709899509
103,46,-0.583914222,-0.525960701,0.78155575
103,47,-0.645320941,-0.575390055,0.860336487
103,48,-0.713173048,-0.629319969,0.946948503
103,49,-0.788169608,-0.68811902,1.04216836
103,50,-0.871088988,-0.752177269,1.14684924
103,51,-0.962798321,-0.82190544,1.26192839
103,52,-1.06426414,-0.897733444,1.38843533
103,53,-1.17656431,-0.980108053,1.52750078
103,54,-1.30090146,-1.06948951,1.68036652
103,55,-1.43861797,-1.1663468,1.84839605
103,56,-1.59121285,-1.27115124,2.03308633
103,57,-1.76036055,-1.38436802,2.23608061
103,58,-1.94793195,-1.50644521,2.45918234
103,59,-2.15601774,-1.63779954,2.70437045
103,60,-2.3869543,-1.77879851,2.97381596
103,61,-2.64335224,-1.9297377,3.26990001
103,62,-2.92812773,-2.09081256,3.59523352
103,63,-3.24453652,-2.26208338,3.95267857
103,64,-3.59621069,-2.44343221,4.34537149
103,65,-3.98719764,-2.63451017,4.77674793
103,66,-4.422001,-2.8346735,5.25056993
103,67,-4.90562248,-3.04290642,5.77095512
103,68,-5.44360334,-3.25772887,6.34240811
103,69,-6.04206389,-3.47708716,6.9698542
103,70,-6.70773818,-3.69822537,7.6586754
103,71,-7.44800083,-3.91753624,8.41474881
103,72,-8.2708816,-4.13039021,9.24448742
103,73,-9.18506231,-4.33094286,10.154883
103,74,-10.1998499,-4.51192227,11.1535513
103,75,-11.3251182,-4.66440016,12.2487789
103,76,-12.5712106,-4.77755375,13.4495719
103,77,-13.9487957,-4.83842892,14.7657051
103,78,-15.4686707,-4.83171991,16.2077719
103,79,-17.1415067,-4.73958538,17.7872334
103,80,-18.9775396,-4.54152526,19.5164653
104,0,0.00845421136,-0.0157252867,0
104,1,0.00778151565,-0.0164652043,0.000999998804
104,2,0.00704143472,-0.0172785003,0.00209962148
104,3,0.00622726387,-0.018172492,0.00330879266
104,4,0.00533159488,-0.0191551931,0.00463842561
104,5,0.00434626621,-0.0202354019,0.00610052068
104,6,0.00326229069,-0.021422781,0.00770827364
104,7,0.00206977318,-0.0227279443,0.00947619468
104,8,0.000757818973,-0.0241625499,0.0114202393
104,9,-0.000685567646,-0.0257394023,0.0135579524
104,10,-0.00227359549,-0.027472565,0.0159086262
104,11,-0.00402081024,-0.0293774824,0.0184934748
104,12,-0.00594323126,-0.031471114,0.0213358251
104,13,-0.00805850257,-0.0337720815,0.0244613271
104,14,-0.0103860598,-0.0363008293,0.0278981858
104,15,-0.0129473145,-0.0390798003,0.031677415
104,16,-0.0157658583,-0.0421336281,0.035833117
104,17,-0.0188676881,-0.0454893469,0.0404027904
104,18,-0.0222814557,-0.0491766212,0.0454276679
104,19,-0.0260387437,-0.0532279961,0.0509530879
104,20,-0.0301743712,-0.0576791709,0.0570289032
104,21,-0.0347267322,-0.0625692972,0.0637099302
104,22,-0.0397381711,-0.0679413031,0.071056443
104,23,-0.0452553977,-0.0738422477,0.0791347159
104,24,-0.0513299494,-0.0803237052,0.0880176207
104,25,-0.0580187024,-0.0874421826,0.0977852823
104,26,-0.0653844407,-0.0952595742,0.108525801
104,27,-0.0734964872,-0.103843652,0.120336043
104,28,-0.0824314059,-0.113268601,0.133322517
104,29,-0.0922737832,-0.123615589,0.147602324
104,30,-0.103117097,-0.134973394,0.163304219
104,31,-0.115064687,-0.147439069,0.180569761
104,32,-0.128230831,-0.161118661,0.199554589
104,33,-0.142741951,-0.176127982,0.220429817
104,34,-0.158737961,-0.192593431,0.243383572
104,35,-0.176373764,-0.21065287,0.268622678
104,36,-0.195820935,-0.230456552,0.296374512
104,37,-0.2172696,-0.252168106,0.326889042
104,38,-0.24093054,-0.275965566,0.360441059
104,39,-0.267037553,-0.302042445,0.397332641
104,40,-0.295850097,-0.33060885,0.437895845
104,41,-0.327656266,-0.361892621,0.482495675
104,42,-0.362776122,-0.396140489,0.531533335
104,43,-0.401565454,-0.433619223,0.5854498
104,44,-0.44442,-0.474616758,0.644729737
104,45,-0.491780199,-0.519443251,0.709905806
104,46,-0.544136552,-0.568432054,0.781563383
104,47,-0.602035663,-0.621940516,0.860345739
104,48,-0.666087047,-0.680350588,0.946959714
104,49,-0.73697082,-0.744069115,1.04218195
104,50,-0.815446371,-0.813527741,1.1468657
104,51,-0.902362148,-0.889182279,1.26194832
104,52,-0.998666713,-0.971511405,1.38845946
104,53,-1.10542119,-1.06101447,1.52753
104,54,-1.22381334,-1.15820819,1.68040189
104,55,-1.35517334,-1.26362196,1.84843886
104,56,-1.50099163,-1.37779135,2.03313814
104,57,-1.66293886,-1.50124948,2.23614331
104,58,-1.84288827,-1.63451558,2.45925822
104,59,-2.04294071,-1.77808027,2.70446228
104,60,-2.26545239,-1.9323867,2.97392707
104,61,-2.51306564,-2.09780667,3.27003444
104,62,-2.7887427,-2.27461064,3.59539617
104,63,-3.09580256,-2.46293049,3.95287534
104,64,-3.43796077,-2.66271337,4.34560952
104,65,-3.81937166,-2.87366526,4.77703588
104,66,-4.24467263,-3.09518213,5.25091824
104,67,-4.71902923,-3.32626698,5.77137644
104,68,-5.24817961,-3.56543036,6.34291772
104,69,-5.83847611,-3.81057258,6.97047058
104,70,-6.49692104,-4.05884555,7.6594209
104,71,-7.23119257,-4.30649299,8.41565048
104,72,-8.04965586,-4.54866839,9.24557792
104,73,-8.96135307,-4.77923175,10.1562019
104,74,-9.97596507,-4.99052794,11.1551463
104,75,-11.1037368,-5.17315263,12.2507079
104,76,-12.3553579,-5.31571517,13.4519048
104,77,-13.7417918,-5.40461256,14.7685264
104,78,-15.2740471,-5.42383323,16.2111837
104,79,-16.9628919,-5.35481451,17.7913593
104,80,-18.8185165,-5.1763809,19.5214547
105,0,0.0107192042,-0.0176090715,0
105,1,0.0100965287,-0.0183915502,0.000999998818
105,2,0.00941141023,-0.0192516565,0.00209962154
105,3,0.00865763748,-0.0201971311,0.00330879282
105,4,0.00782834063,-0.0212364539,0.00463842591
105,5,0.00691594849,-0.0223789358,0.00610052121
105,6,0.00591212167,-0.0236348041,0.00770827448
105,7,0.0048076759,-0.0250152934,0.00947619594
105,8,0.00359249658,-0.0265327449,0.0114202412
105,9,0.00225544404,-0.0282007148,0.013557955
105,10,0.000784248745,-0.0300340931,0.0159086298
105,11,-0.000834604572,-0.032049234,0.0184934797
105,12,-0.00261600498,-0.0342640978,0.0213358315
105,13,-0.00457635694,-0.0366984074,0.0244613355
105,14,-0.00673373694,-0.0393738189,0.0278981968
105,15,-0.00910806663,-0.0423141083,0.0316774291
105,16,-0.0117213046,-0.0455453764,0.035833135
105,17,-0.0145976586,-0.0490962719,0.0404028134
105,18,-0.0177638204,-0.0529982359,0.0454276969
105,19,-0.0212492265,-0.057285769,0.0509531244
105,20,-0.0250863463,-0.0619967225,0.0570289489
105,21,-0.0293110029,-0.0671726166,0.0637099873
105,22,-0.033962728,-0.0728589866,0.071056514
105,23,-0.0390851563,-0.0791057615,0.079134804
105,24,-0.0447264639,-0.0859676745,0.0880177296
105,25,-0.0509398558,-0.0935047108,0.0977854168
105,26,-0.0577841071,-0.101782593,0.108525966
105,27,-0.0653241672,-0.110873309,0.120336247
105,28,-0.0736318308,-0.120855684,0.133322767
105,29,-0.0827864879,-0.131815998,0.147602631
105,30,-0.0928759587,-0.143848656,0.163304594
105,31,-0.103997427,-0.157056907,0.18057022
105,32,-0.116258483,-0.171553621,0.199555149
105,33,-0.129778289,-0.187462126,0.220430501
105,34,-0.144688882,-0.204917095,0.243384405
105,35,-0.161136639,-0.224065502,0.268623693
105,36,-0.179283915,-0.245067636,0.296375748
105,37,-0.19931088,-0.268098177,0.326890545
105,38,-0.221417588,-0.293347325,0.360442887
105,39,-0.245826296,-0.32102199,0.397334862
105,40,-0.272784081,-0.351347024,0.437898543
105,41,-0.302565785,-0.384566499,0.482498951
105,42,-0.335477328,-0.420945004,0.531537311
105,43,-0.371859458,-0.460768958,0.585454625
105,44,-0.412091976,-0.504347897,0.644735588
105,45,-0.456598516,-0.552015729,0.709912901
105,46,-0.505851946,-0.604131889,0.781571985
105,47,-0.560380481,-0.661082365,0.860356165
105,48,-0.620774609,-0.723280518,0.946972347
105,49,-0.687694928,-0.791167609,1.04219725
105,50,-0.761881027,-0.865212948,1.14688423
105,51,-0.844161551,-0.945913505,1.26197077
105,52,-0.935465603,-1.03379285,1.38848664
105,53,-1.03683566,-1.12939919,1.52756291
105,54,-1.14944217,-1.2333023,1.68044174
105,55,-1.27460011,-1.34608895,1.84848709
105,56,-1.41378762,-1.46835662,2.03319653
105,57,-1.56866703,-1.60070479,2.23621398
105,58,-1.74110854,-1.74372354,2.45934374
105,59,-1.93321667,-1.89797852,2.70456576
105,60,-2.14735982,-2.06399171,2.97405228
105,61,-2.38620312,-2.24221676,3.27018593
105,62,-2.6527446,-2.43300802,3.59557945
105,63,-2.95035472,-2.6365817,3.95309707
105,64,-3.28281912,-2.85296774,4.34587776
105,65,-3.6543842,-3.0819506,4.77736035
105,66,-4.06980476,-3.3229969,5.25131074
105,67,-4.53439253,-3.57516802,5.7718512
105,68,-5.05406384,-3.8370152,6.34349198
105,69,-5.63538395,-4.10645523,6.97116516
105,70,-6.28560448,-4.38062482,7.66026099
105,71,-7.01268963,-4.65571255,8.41666653
105,72,-7.82532518,-4.92676825,9.24680677
105,73,-8.73290367,-5.18749165,10.1576881
105,74,-9.74547733,-5.43000432,11.1569437
105,75,-10.8736705,-5.64461262,12.2528816
105,76,-12.1285429,-5.81957338,13.4545336
105,77,-13.5213964,-5.94087916,14.7717055
105,78,-15.0635231,-5.99208494,16.2150283
105,79,-16.7658947,-5.95420282,17.7960085
105,80,-18.6388067,-5.80569355,19.5270771
106,0,0.013260139,-0.0194741338,0
106,1,0.0126840171,-0.0202914961,0.000999998833
106,2,0.0120500565,-0.021189975,0.00209962161
106,3,0.0113525051,-0.0221776581,0.00330879299
106,4,0.010584995,-0.0232634085,0.00463842624
106,5,0.00974050556,-0.0244569589,0.00610052179
106,6,0.00881130152,-0.0257690011,0.00770827541
106,7,0.00778886178,-0.0272112807,0.00947619734
106,8,0.00666379966,-0.0287967011,0.0114202432
106,9,0.00542577446,-0.0305394378,0.0135579578
106,10,0.0040633935,-0.0324550621,0.0159086337
106,11,0.00256410374,-0.034560678,0.018493485
106,12,0.000914071842,-0.0368750715,0.0213358386
106,13,-0.000901948487,-0.0394188742,0.0244613449
106,14,-0.0029007634,-0.0422147427,0.0278982089
106,15,-0.00510090154,-0.0452875546,0.0316774447
106,16,-0.00752279416,-0.0486646235,0.0358331551
106,17,-0.0101889748,-0.0523759339,0.0404028388
106,18,-0.0131243006,-0.0564543977,0.0454277291
106,19,-0.016356198,-0.0609361356,0.0509531649
106,20,-0.0199149351,-0.0658607833,0.0570289996
106,21,-0.0238339244,-0.0712718269,0.0637100506
106,22,-0.0281500593,-0.0772169676,0.0710565928
106,23,-0.0329040878,-0.0837485208,0.0791349017
106,24,-0.0381410293,-0.0909238497,0.0880178505
106,25,-0.0439106372,-0.0988058378,0.097785566
106,26,-0.0502679159,-0.107463403,0.10852615
106,27,-0.0572736963,-0.116972056,0.120336473
106,28,-0.0649952787,-0.127414505,0.133323044
106,29,-0.0735071501,-0.138881313,0.147602971
106,30,-0.0828917872,-0.151471609,0.16330501
106,31,-0.0932405537,-0.165293853,0.180570729
106,32,-0.104654706,-0.180466665,0.199555771
106,33,-0.11724652,-0.197119714,0.220431259
106,34,-0.131140556,-0.215394674,0.24338533
106,35,-0.146475077,-0.235446249,0.26862482
106,36,-0.163403648,-0.257443257,0.29637712
106,37,-0.182096928,-0.281569796,0.326892214
106,38,-0.202744699,-0.308026465,0.360444916
106,39,-0.225558141,-0.337031658,0.397337328
106,40,-0.25077241,-0.368822914,0.437901538
106,41,-0.278649548,-0.403658311,0.482502588
106,42,-0.309481768,-0.441817913,0.531541726
106,43,-0.343595178,-0.483605227,0.585459981
106,44,-0.381354,-0.529348665,0.644742085
106,45,-0.423165348,-0.579402975,0.709920779
106,46,-0.469484655,-0.634150602,0.781581536
106,47,-0.52082183,-0.694002931,0.86036774
106,48,-0.577748256,-0.759401337,0.946986373
106,49,-0.640904745,-0.830817978,1.04221424
106,50,-0.711010574,-0.9087562,1.14690482
106,51,-0.788873771,-0.993750446,1.2619957
106,52,-0.875402798,-1.08636549,1.38851683
106,53,-0.971619843,-1.18719479,1.52759946
106,54,-1.0786759,-1.29685771,1.68048598
106,55,-1.19786791,-1.4159953,1.84854065
106,56,-1.33065815,-1.54526422,2.03326135
106,57,-1.47869616,-1.68532833,2.23629243
106,58,-1.64384357,-1.83684748,2.45943868
106,59,-1.82820185,-2.00046255,2.70468064
106,60,-2.03414354,-2.17677616,2.97419129
106,61,-2.26434691,-2.36632781,3.27035412
106,62,-2.52183441,-2.56956246,3.59578293
106,63,-2.81001469,-2.78679089,3.95334324
106,64,-3.13272822,-3.01814037,4.34617556
106,65,-3.49429609,-3.26349377,4.7777206
106,66,-3.89957095,-3.52241493,5.25174651
106,67,-4.35398921,-3.79405813,5.7723783
106,68,-4.86362214,-4.07705948,6.34412953
106,69,-5.43522338,-4.36940782,6.9719363
106,70,-6.07626902,-4.66829368,7.66119368
106,71,-6.7949851,-4.96993496,8.41779458
106,72,-7.60035645,-5.26937992,9.24817108
106,73,-8.50210912,-5.56028965,10.1593381
106,74,-9.51065777,-5.83470522,11.1589392
106,75,-10.6370089,-6.08280855,12.255295
106,76,-11.8926112,-6.29269066,13.4574521
106,77,-13.2891466,-6.45014622,14.775235
106,78,-14.8382596,-6.53851889,16.2192966
106,79,-16.5512299,-6.5386255,17.8011703
106,80,-18.4386026,-6.42878931,19.5333192
107,0,0.0160800771,-0.021319946,0
107,1,0.0155468844,-0.0221659384,0.00099999885
107,2,0.0149601025,-0.0230959156,0.00209962169
107,3,0.0143144034,-0.0241182506,0.00330879317
107,4,0.0136038828,-0.0252421218,0.00463842661
107,5,0.0128220286,-0.0264776096,0.00610052242
107,6,0.0119616638,-0.027835788,0.00770827642
107,7,0.0110148802,-0.0293288239,0.00947619888
107,8,0.00997296427,-0.0309700848,0.0114202454
107,9,0.00882631408,-0.0327742564,0.013557961
107,10,0.00756434802,-0.0347574727,0.0159086381
107,11,0.00617540333,-0.0369374567,0.0184934908
107,12,0.00464662372,-0.0393336764,0.0213358464
107,13,0.00296383509,-0.0419675146,0.0244613551
107,14,0.00111140766,-0.0448624552,0.0278982222
107,15,-0.00092789673,-0.0480442873,0.0316774619
107,16,-0.00317309393,-0.0515413289,0.0358331771
107,17,-0.00564516538,-0.0553846709,0.0404028668
107,18,-0.00836726661,-0.0596084451,0.0454277644
107,19,-0.0113649588,-0.0642501165,0.0509532093
107,20,-0.0146664663,-0.0693508029,0.0570290553
107,21,-0.0183029626,-0.0749556243,0.0637101201
107,22,-0.0223088887,-0.0811140842,0.0710566793
107,23,-0.0267223084,-0.0878804856,0.0791350089
107,24,-0.0315853024,-0.0953143846,0.0880179831
107,25,-0.0369444101,-0.103481085,0.0977857297
107,26,-0.0428511208,-0.112452174,0.108526352
107,27,-0.0493624233,-0.122306111,0.120336721
107,28,-0.0565414206,-0.13312886,0.133323349
107,29,-0.0644580168,-0.14501458,0.147603344
107,30,-0.0731896877,-0.158066371,0.163305467
107,31,-0.0828223437,-0.172397081,0.180571287
107,32,-0.0934512989,-0.188130184,0.199556453
107,33,-0.105182359,-0.205400712,0.220432092
107,34,-0.118133047,-0.224356273,0.243386345
107,35,-0.132433976,-0.245158132,0.268626056
107,36,-0.14823041,-0.267982373,0.296378624
107,37,-0.165684006,-0.293021132,0.326894045
107,38,-0.184974799,-0.320483913,0.360447142
107,39,-0.206303433,-0.350598971,0.397340033
107,40,-0.229893693,-0.38361477,0.437904824
107,41,-0.255995371,-0.419801499,0.482506578
107,42,-0.284887517,-0.459452645,0.531546568
107,43,-0.316882124,-0.502886599,0.585465856
107,44,-0.352328324,-0.550448282,0.644749212
107,45,-0.391617151,-0.602510752,0.709929421
107,46,-0.435186964,-0.659476768,0.781592011
107,47,-0.483529627,-0.721780251,0.860380436
107,48,-0.537197542,-0.789887578,0.947001757
107,49,-0.596811678,-0.864298639,1.04223288
107,50,-0.663070722,-0.945547536,1.14692739
107,51,-0.736761514,-1.03420281,1.26202304
107,52,-0.818770958,-1.13086701,1.38854994
107,53,-0.910099593,-1.23617541,1.52763955
107,54,-1.01187706,-1.35079366,1.68053451
107,55,-1.12537973,-1.4754139,1.8485994
107,56,-1.25205069,-1.61074916,2.03333246
107,57,-1.3935225,-1.75752538,2.23637848
107,58,-1.55164285,-1.91647052,2.45954282
107,59,-1.72850361,-2.08830007,2.70480666
107,60,-1.92647337,-2.27369801,2.97434377
107,61,-2.14823383,-2.47329223,3.2705386
107,62,-2.39682019,-2.68762307,3.59600613
107,63,-2.67566555,-2.91710365,3.95361326
107,64,-2.98864918,-3.16197013,4.34650221
107,65,-3.34014827,-3.42222003,4.77811575
107,66,-3.73509232,-3.69753645,5.2522245
107,67,-4.17901884,-3.98719583,5.77295648
107,68,-4.6781282,-4.28995696,6.34482887
107,69,-5.23933484,-4.60392893,6.97278216
107,70,-5.87031059,-4.9264163,7.66221673
107,71,-6.57951495,-5.25374051,8.41903193
107,72,-7.3762053,-5.58103822,9.24966758
107,73,-8.27041921,-5.90203908,10.161148
107,74,-9.27291939,-6.20882909,11.1611281
107,75,-10.3950918,-6.49160943,12.2579421
107,76,-11.6487878,-6.73846586,13.4606535
107,77,-13.0461049,-6.93516932,14.7791065
107,78,-14.599103,-7.0650337,16.2239786
107,79,-16.3194653,-7.10886052,17.8068322
107,80,-18.2181185,-7.04500096,19.5401662
108,0,0.0191823513,-0.0231458396,0
108,1,0.0186885452,-0.0240154104,0.000999998869
108,2,0.0181450526,-0.0249713322,0.00209962177
108,3,0.0175469347,-0.0260222134,0.00330879338
108,4,0.0168887131,-0.027177493,0.00463842701
108,5,0.0161643431,-0.0284475383,0.00610052312
108,6,0.0153671611,-0.0298437398,0.00770827753
108,7,0.0144898229,-0.0313786128,0.00947620055
108,8,0.0135242336,-0.0330659084,0.0114202478
108,9,0.0124614714,-0.0349207354,0.0135579644
108,10,0.0112917009,-0.0369596932,0.0159086428
108,11,0.010004079,-0.0392010181,0.0184934972
108,12,0.00858664898,-0.0416647433,0.0213358548
108,13,0.00702622442,-0.0443728747,0.0244613662
108,14,0.00530825938,-0.0473495828,0.0278982367
108,15,0.00341670516,-0.0506214138,0.0316774806
108,16,0.00133385097,-0.05421752,0.0358332009
108,17,-0.000959852958,-0.0581699128,0.0404028971
108,18,-0.00348599184,-0.0625137388,0.0454278028
108,19,-0.0062684049,-0.0672875825,0.0509532576
108,20,-0.00933342846,-0.0725337972,0.0570291158
108,21,-0.0127101667,-0.078298866,0.0637101956
108,22,-0.016430793,-0.0846337974,0.0710567731
108,23,-0.0205308868,-0.0915945561,0.0791351254
108,24,-0.0250498082,-0.0992425332,0.0880181272
108,25,-0.0300311179,-0.107645059,0.0977859075
108,26,-0.0355230452,-0.116875964,0.108526571
108,27,-0.0415790126,-0.127016181,0.12033699
108,28,-0.0482582233,-0.138154414,0.133323679
108,29,-0.0556263191,-0.150387851,0.147603749
108,30,-0.0637561191,-0.163822944,0.163305963
108,31,-0.0727284498,-0.178576253,0.180571893
108,32,-0.0826330782,-0.194775358,0.199557193
108,33,-0.0935697618,-0.212559847,0.220432995
108,34,-0.105649432,-0.232082373,0.243387446
108,35,-0.118995531,-0.253509794,0.268627398
108,36,-0.133745518,-0.277024402,0.296380258
108,37,-0.150052573,-0.302825221,0.326896032
108,38,-0.168087531,-0.331129403,0.360449559
108,39,-0.188041067,-0.362173701,0.39734297
108,40,-0.210126173,-0.396216021,0.437908392
108,41,-0.234580982,-0.433537054,0.48251091
108,42,-0.261671968,-0.474441968,0.531551827
108,43,-0.291697588,-0.519262159,0.585472236
108,44,-0.32499244,-0.568357026,0.64475695
108,45,-0.361931991,-0.622115759,0.709938804
108,46,-0.402937981,-0.680959095,0.781603387
108,47,-0.448484593,-0.745340999,0.860394223
108,48,-0.499105497,-0.815750203,0.947018464
108,49,-0.555401908,-0.892711535,1.04225312
108,50,-0.618051806,-0.976786921,1.14695191
108,51,-0.687820466,-1.06857595,1.26205273
108,52,-0.765572522,-1.16871581,1.38858589
108,53,-0.852285749,-1.27788045,1.52768308
108,54,-0.949066813,-1.39677859,1.68058721
108,55,-1.05716926,-1.52615043,1.84866319
108,56,-1.17801401,-1.66676251,2.03340967
108,57,-1.3132127,-1.81940031,2.23647193
108,58,-1.46459418,-1.98485793,2.4596559
108,59,-1.63423446,-2.16392425,2.7049435
108,60,-1.82449047,-2.35736442,2.97450934
108,61,-2.03803791,-2.56589592,3.27073894
108,62,-2.27791339,-2.79015767,3.5962485
108,63,-2.54756083,-3.03067071,3.95390648
108,64,-2.85088229,-3.28778887,4.34685693
108,65,-3.19229242,-3.56163713,4.77854484
108,66,-3.57677612,-3.85203568,5.25274354
108,67,-4.00994776,-4.15840718,5.77358431
108,68,-4.49810991,-4.47966479,6.34558827
108,69,-5.04830862,-4.81407857,6.97370068
108,70,-5.6683808,-5.15911863,7.66332768
108,71,-6.36698825,-5.51127393,8.42037558
108,72,-7.1536312,-5.86584738,9.25129264
108,73,-8.03863271,-6.21673034,10.1631133
108,74,-9.03308445,-6.55616272,11.163505
108,75,-10.1487436,-6.87448938,12.2608167
108,76,-11.3978716,-7.15992883,13.4641299
108,77,-12.7930093,-7.39837589,14.7833106
108,78,-14.3466859,-7.57326547,16.2290627
108,79,-16.0710715,-7.66552818,17.8129805
108,80,-17.9775907,-7.65366865,19.5476013
109,0,0.0225705498,-0.0249510021,0
109,1,0.0221128028,-0.0258400833,0.000999998889
109,2,0.0216089455,-0.0268174771,0.00209962186
109,3,0.0210543957,-0.0278919869,0.0033087936
109,4,0.0204440657,-0.0290732678,0.00463842744
109,5,0.0197723397,-0.0303719255,0.00610052386
109,6,0.0190330249,-0.0317996135,0.00770827872
109,7,0.0182192944,-0.0333691365,0.00947620235
109,8,0.0173236218,-0.0350945649,0.0114202505
109,9,0.016337709,-0.0369913589,0.0135579681
109,10,0.0152524065,-0.0390765058,0.0159086478
109,11,0.0140576238,-0.0413686688,0.018493504
109,12,0.0127422309,-0.0438883524,0.0213358639
109,13,0.0112939491,-0.0466580815,0.0244613782
109,14,0.00969922892,-0.0497025995,0.0278982523
109,15,0.00794311575,-0.0530490842,0.0316775006
109,16,0.00600909954,-0.0567273847,0.0358332266
109,17,0.00387894835,-0.0607702814,0.0404029298
109,18,0.00153252299,-0.0652137696,0.0454278441
109,19,-0.00105242929,-0.0700973708,0.0509533096
109,20,-0.0039005046,-0.075464473,0.0570291809
109,21,-0.00703889855,-0.0813627024,0.0637102768
109,22,-0.0104976921,-0.0878443304,0.0710568742
109,23,-0.0143101704,-0.0949667173,0.0791352507
109,24,-0.0185131798,-0.102792798,0.0880182822
109,25,-0.0231475264,-0.11139161,0.0977860989
109,26,-0.0282584225,-0.120838871,0.108526807
109,27,-0.0338959874,-0.131217606,0.12033728
109,28,-0.0401158083,-0.142618835,0.133324035
109,29,-0.0469795709,-0.155142308,0.147604185
109,30,-0.0545557677,-0.168897322,0.163306497
109,31,-0.0629204959,-0.184003589,0.180572546
109,32,-0.0721583548,-0.200592188,0.199557991
109,33,-0.0823634596,-0.218806587,0.220433968
109,34,-0.0936405847,-0.238803752,0.243388633
109,35,-0.106106457,-0.260755334,0.268628843
109,36,-0.119891218,-0.284848953,0.296382017
109,37,-0.135140085,-0.311289562,0.326898172
109,38,-0.152015227,-0.340300914,0.360452161
109,39,-0.170697902,-0.372127116,0.397346133
109,40,-0.19139089,-0.407034274,0.437912233
109,41,-0.214321247,-0.445312223,0.482515574
109,42,-0.239743463,-0.487276344,0.531557488
109,43,-0.267943048,-0.533269438,0.585479105
109,44,-0.299240637,-0.583663655,0.644765282
109,45,-0.333996673,-0.63886245,0.709948907
109,46,-0.37261677,-0.699302529,0.781615634
109,47,-0.415557847,-0.765455742,0.860409067
109,48,-0.463335158,-0.837830871,0.94703645
109,49,-0.516530346,-0.916975226,1.04227491
109,50,-0.575800674,-1.00347597,1.1469783
109,51,-0.641889617,-1.09796101,1.2620847
109,52,-0.715639,-1.20109935,1.3886246
109,53,-0.798002915,-1.31360067,1.52772995
109,54,-0.890063666,-1.43621387,1.68064395
109,55,-0.993050019,-1.56972425,1.84873187
109,56,-1.10835807,-1.71494906,2.0334928
109,57,-1.23757502,-1.87273071,2.23657254
109,58,-1.38250633,-2.04392724,2.45977765
109,59,-1.54520639,-2.2293992,2.70509083
109,60,-1.72801331,-2.42999207,2.97468761
109,61,-1.93358792,-2.64651317,3.27095462
109,62,-2.16495742,-2.87970171,3.59650945
109,63,-2.42556363,-3.13019044,3.95422217
109,64,-2.7193159,-3.39845721,4.34723883
109,65,-3.05064821,-3.6847642,4.77900682
109,66,-3.42457982,-3.9890827,5.25330237
109,67,-3.84677795,-4.31100091,5.77426027
109,68,-4.32362045,-4.64961222,6.34640588
109,69,-4.86225541,-5.00338149,6.97468959
109,70,-5.47065325,-5.36998764,7.66452376
109,71,-6.15764554,-5.74614128,8.42182219
109,72,-6.93294336,-6.12737812,9.25304223
109,73,-7.80712619,-6.50783121,10.1652293
109,74,-8.79159135,-6.87998829,11.166064
109,75,-9.89845347,-7.23444534,12.2639115
109,76,-11.1403845,-7.55967256,13.4678726
109,77,-12.5303874,-7.84181531,14.7878369
109,78,-14.0815033,-8.06455758,16.2345364
109,79,-15.8064592,-8.20907955,17.8196
109,80,-17.7172765,-8.2541406,19.5556062
110,0,0.0262484991,-0.0267344744,0
110,1,0.0258237604,-0.0276397892,0.00099999891
110,2,0.0253561883,-0.0286350517,0.00209962195
110,3,0.0248415272,-0.0297292276,0.00330879383
110,4,0.0242750475,-0.0309321526,0.0046384279
110,5,0.0236515267,-0.0322546316,0.00610052466
110,6,0.0229652041,-0.0337085374,0.00770827999
110,7,0.0222097274,-0.0353069169,0.00947620427
110,8,0.0213780918,-0.0370641074,0.0114202532
110,9,0.0204625722,-0.0389958632,0.013557972
110,10,0.0194546485,-0.0411194959,0.0159086533
110,11,0.0183449216,-0.0434540266,0.0184935114
110,12,0.0171230212,-0.0460203542,0.0213358737
110,13,0.0157775027,-0.048841439,0.024461391
110,14,0.0142957328,-0.0519425046,0.0278982689
110,15,0.0126637629,-0.0553512588,0.0316775221
110,16,0.0108661878,-0.0590981361,0.0358332541
110,17,0.00888598849,-0.063216563,0.0404029647
110,18,0.00670435718,-0.0677432485,0.0454278883
110,19,0.00430050266,-0.0727185028,0.0509533651
110,20,0.00165143276,-0.0781865855,0.0570292504
110,21,-0.00126828808,-0.0841960865,0.0637103637
110,22,-0.00448680982,-0.0908003429,0.0710569822
110,23,-0.00803529965,-0.0980578945,0.0791353847
110,24,-0.0119482809,-0.106032981,0.088018448
110,25,-0.0162640127,-0.114796086,0.0977863034
110,26,-0.0210249154,-0.124424529,0.108527059
110,27,-0.0262780486,-0.13500311,0.12033759
110,28,-0.0320756471,-0.146624815,0.133324415
110,29,-0.0384757253,-0.159391581,0.147604651
110,30,-0.0455427559,-0.173415127,0.163307067
110,31,-0.0533484362,-0.188817861,0.180573244
110,32,-0.0619725525,-0.205733854,0.199558843
110,33,-0.0715039565,-0.224309903,0.220435008
110,34,-0.0820416701,-0.244706681,0.2433899
110,35,-0.093696136,-0.267099966,0.268630387
110,36,-0.106590636,-0.291681976,0.296383897
110,37,-0.120862902,-0.318662798,0.32690046
110,38,-0.136666945,-0.348271911,0.360454942
110,39,-0.154175137,-0.380759821,0.397349512
110,40,-0.173580585,-0.416399788,0.437916339
110,41,-0.195099834,-0.455489655,0.482520559
110,42,-0.218975957,-0.498353771,0.531563538
110,43,-0.245482088,-0.545344989,0.585486446
110,44,-0.274925458,-0.596846742,0.644774185
110,45,-0.307652022,-0.653275153,0.709959703
110,46,-0.344051765,-0.715081171,0.781628722
110,47,-0.384564778,-0.782752669,0.860424929
110,48,-0.429688247,-0.856816475,0.947055672
110,49,-0.479984469,-0.937840241,1.0422982
110,50,-0.536090061,-1.02643407,1.14700651
110,51,-0.598726555,-1.12325178,1.26211886
110,52,-0.668712556,-1.22899164,1.38866597
110,53,-0.746977729,-1.34439643,1.52778003
110,54,-0.834578841,-1.47025246,1.68070458
110,55,-0.932718182,-1.60738745,1.84880527
110,56,-1.04276466,-1.75666659,2.03358164
110,57,-1.16627794,-1.91898667,2.23668005
110,58,-1.30503596,-2.09526726,2.45990776
110,59,-1.46106631,-2.28643863,2.70524827
110,60,-1.63668166,-2.49342519,2.97487811
110,61,-1.83451982,-2.71712354,3.27118512
110,62,-2.05758856,-2.95837382,3.59678831
110,63,-2.30931543,-3.2179227,3.95455954
110,64,-2.5936025,-3.49637635,4.34764695
110,65,-2.91488587,-3.79414126,4.77950052
110,66,-3.27819898,-4.11135043,5.25389957
110,67,-3.68923871,-4.44777273,5.77498264
110,68,-4.15443192,-4.80270242,6.34727962
110,69,-4.68099959,-5.17482668,6.9757464
110,70,-5.277014,-5.56206885,7.66580197
110,71,-5.95144337,-5.96140639,8.42336814
110,72,-6.71417627,-6.36866393,9.25491196
110,73,-7.57601702,-6.77828421,10.1674906
110,74,-8.54864152,-7.18308328,11.1687988
110,75,-9.64450278,-7.5740008,12.2672189
110,76,-10.876676,-7.93986176,13.4718724
110,77,-12.2586362,-8.26717213,14.792674
110,78,-13.8039666,-8.5399765,16.240386
110,79,-15.5260062,-8.73980965,17.826674
110,80,-17.4374548,-8.8457738,19.5641608
111,0,0.0302202448,-0.0284951494,0
111,1,0.0298257595,-0.0294140505,0.000999998933
111,2,0.029391447,-0.0304242702,0.00209962205
111,3,0.0289133515,-0.0315349106,0.00330879408
111,4,0.0283870719,-0.0327559586,0.00463842839
111,5,0.027807747,-0.0340983865,0.0061005255
111,6,0.027170013,-0.0355742516,0.00770828134
111,7,0.0264679537,-0.0371968043,0.00947620631
111,8,0.0256950435,-0.0389806063,0.0114202562
111,9,0.0248440842,-0.0409416596,0.0135579762
111,10,0.0239071341,-0.0430975487,0.015908659
111,11,0.0228754304,-0.0454675963,0.0184935191
111,12,0.0217393012,-0.0480730335,0.021335884
111,13,0.0204880697,-0.0509371877,0.0244614046
111,14,0.019109946,-0.0540856878,0.0278982866
111,15,0.0175919081,-0.0575466892,0.0316775449
111,16,0.0159195682,-0.0613511206,0.0358332832
111,17,0.0140770253,-0.0655329547,0.0404030018
111,18,0.0120466992,-0.0701295046,0.0454279351
111,19,0.00980914683,-0.0751817482,0.050953424
111,20,0.00734285633,-0.0807346836,0.0570293243
111,21,0.0046240174,-0.0868377182,0.0637104558
111,22,0.00162626422,-0.093545094,0.0710570968
111,23,-0.00167961204,-0.100916353,0.0791355269
111,24,-0.00532598554,-0.109016846,0.0880186239
111,25,-0.00934875713,-0.117918288,0.0977865206
111,26,-0.01378776,-0.127699363,0.108527326
111,27,-0.0186872158,-0.138446389,0.120337919
111,28,-0.0240962475,-0.150254034,0.133324819
111,29,-0.0300694573,-0.163226107,0.147605146
111,30,-0.036667578,-0.177476408,0.163307673
111,31,-0.0439582088,-0.193129656,0.180573984
111,32,-0.0520166467,-0.210322503,0.199559747
111,33,-0.0609268272,-0.229204618,0.220436112
111,34,-0.0707823906,-0.249939874,0.243391246
111,35,-0.0816878909,-0.272707628,0.268632026
111,36,-0.0937601698,-0.297704091,0.296385893
111,37,-0.107129918,-0.325143815,0.326902888
111,38,-0.121943455,-0.355261277,0.360457894
111,39,-0.138364754,-0.388312582,0.3973531
111,40,-0.156577757,-0.424577266,0.437920697
111,41,-0.176789021,-0.464360221,0.482525851
111,42,-0.199230734,-0.507993712,0.531569961
111,43,-0.224164189,-0.5558395,0.585494239
111,44,-0.251883742,-0.608291045,0.644783638
111,45,-0.282721374,-0.665775778,0.709971166
111,46,-0.317051918,-0.728757406,0.781642618
111,47,-0.35529907,-0.797738218,0.860441771
111,48,-0.3979423,-0.873261351,0.947076079
111,49,-0.445524809,-0.955912919,1.04232292
111,50,-0.49866268,-1.04632396,1.14703646
111,51,-0.558055427,-1.14517205,1.26215513
111,52,-0.624498129,-1.25318246,1.38870989
111,53,-0.698895405,-1.37112864,1.52783321
111,54,-0.782277492,-1.49983186,1.68076896
111,55,-0.875818733,-1.64015964,1.84888319
111,56,-0.980858797,-1.79302258,2.03367595
111,57,-1.09892701,-1.95936925,2.2367942
111,58,-1.2317702,-2.14017836,2.4600459
111,59,-1.38138438,-2.33644771,2.70541543
111,60,-1.55005088,-2.54917887,2.97508037
111,61,-1.74037701,-2.77935657,3.27142984
111,62,-1.95534193,-3.02792158,3.59708438
111,63,-2.19834768,-3.29573545,3.95491772
111,64,-2.47327557,-3.58353533,4.34808026
111,65,-2.78454766,-3.89187679,4.78002469
111,66,-3.13719261,-4.22106231,5.25453362
111,67,-3.53691491,-4.5710528,5.77574958
111,68,-3.99016523,-4.94135952,6.34820729
111,69,-4.50420913,-5.33091379,6.97686844
111,70,-5.0871897,-5.73791223,7.66715905
111,71,-5.74817859,-6.1596363,8.42500949
111,72,-6.49720771,-6.59224618,9.25689706
111,73,-7.34527275,-7.03055159,10.1698914
111,74,-8.30429781,-7.46776543,11.1717024
111,75,-9.38705004,-7.89525075,12.2707303
111,76,-10.6069936,-8.30227697,13.476119
111,77,-11.9780751,-8.67580756,14.7978096
111,78,-13.5144382,-9.00034722,16.2465966
111,79,-15.2300741,-9.25788055,17.8341845
111,80,-17.1384253,-9.42793474,19.5732433
112,0,0.0344900309,-0.0302317698,0
112,1,0.0341233339,-0.0311621091,0.000999998957
112,2,0.0337195737,-0.0321849234,0.00209962216
112,3,0.0332750699,-0.0333094295,0.00330879434
112,4,0.0327857239,-0.0345457424,0.00463842891
112,5,0.0322470068,-0.0359049757,0.00610052639
112,6,0.0316539203,-0.0373993426,0.00770828276
112,7,0.0310009497,-0.0390422657,0.00947620846
112,8,0.0302820108,-0.0408484967,0.0114202593
112,9,0.0294903906,-0.0428342471,0.0135579806
112,10,0.0286186808,-0.0450173328,0.0159086651
112,11,0.0276587046,-0.0474173316,0.0184935273
112,12,0.0266014344,-0.0500557567,0.0213358949
112,13,0.0254369014,-0.0529562469,0.0244614189
112,14,0.0241540938,-0.056144775,0.0278983052
112,15,0.0227408445,-0.0596498763,0.0316775689
112,16,0.0211837056,-0.0635028999,0.035833314
112,17,0.0194678083,-0.0677382831,0.0404030409
112,18,0.017576707,-0.072393853,0.0454279846
112,19,0.015492205,-0.0775111561,0.0509534863
112,20,0.0131941596,-0.0831358206,0.0570294023
112,21,0.0106602648,-0.0893179511,0.0637105531
112,22,0.007865807,-0.096112563,0.0710572179
112,23,0.00478339206,-0.103580055,0.079135677
112,24,0.00138263881,-0.111786729,0.0880188096
112,25,-0.00237016506,-0.120805355,0.0977867498
112,26,-0.00651244989,-0.13071579,0.108527608
112,27,-0.0110857992,-0.141605654,0.120338266
112,28,-0.0161364404,-0.153571064,0.133325245
112,29,-0.0217157973,-0.16671744,0.147605668
112,30,-0.0278811157,-0.181160379,0.163308313
112,31,-0.0346961687,-0.197026602,0.180574766
112,32,-0.0422320564,-0.214454991,0.199560702
112,33,-0.050568112,-0.233597709,0.220437277
112,34,-0.0597929302,-0.254621416,0.243392666
112,35,-0.0700055344,-0.277708581,0.268633757
112,36,-0.0813167066,-0.303058905,0.296388
112,37,-0.0938505003,-0.330890849,0.326905451
112,38,-0.107745967,-0.361443275,0.360461011
112,39,-0.123159127,-0.394977214,0.397356888
112,40,-0.140265222,-0.431777742,0.437925298
112,41,-0.159261294,-0.472155985,0.482531437
112,42,-0.180369142,-0.516451234,0.531576741
112,43,-0.203838705,-0.565033182,0.585502465
112,44,-0.229951959,-0.618304249,0.644793616
112,45,-0.259027388,-0.676702003,0.709983265
112,46,-0.291425124,-0.740701631,0.781657286
112,47,-0.327552874,-0.810818452,0.860459548
112,48,-0.367872739,-0.887610393,0.94709762
112,49,-0.412909078,-0.971680397,1.04234902
112,50,-0.463257574,-1.06367866,1.14706807
112,51,-0.519595696,-1.16430462,1.26219341
112,52,-0.582694756,-1.27430847,1.38875624
112,53,-0.653433824,-1.39449223,1.52788934
112,54,-0.732815762,-1.5257098,1.68083691
112,55,-0.821985691,-1.66886613,1.84896545
112,56,-0.922252245,-1.82491476,2.03377551
112,57,-1.03511197,-1.99485359,2.23691469
112,58,-1.1622773,-2.17971804,2.46019171
112,59,-1.30570854,-2.38057114,2.70559187
112,60,-1.46765025,-2.59848958,2.97529387
112,61,-1.65067256,-2.83454459,3.27168815
112,62,-1.85771764,-3.0897766,3.5973969
112,63,-2.09215179,-3.36516197,3.9552958
112,64,-2.35782311,-3.66157001,4.34853764
112,65,-2.6591247,-3.97970836,4.78057796
112,66,-3.00106277,-4.32005421,5.25520288
112,67,-3.3893287,-4.68276877,5.77655912
112,68,-3.83037306,-5.0675924,6.34918647
112,69,-4.33147886,-5.47371744,6.97805278
112,70,-4.90082984,-5.89963664,7.66859151
112,71,-5.54756824,-6.34296542,8.42674199
112,72,-6.28183478,-6.80023779,9.25899242
112,73,-7.11478161,-7.26667819,10.1724256
112,74,-8.05854775,-7.73595432,11.1747671
112,75,-9.1261855,-8.19992106,12.2744368
112,76,-10.3315266,-8.64837046,13.4806015
112,77,-11.6889796,-9.06880962,14.8032304
112,78,-13.2132544,-9.4462937,16.2531521
112,79,-14.9190196,-9.76334627,17.8421122
112,80,-16.8205081,-10,19.5828302
113,0,0.0390622774,-0.0319429271,0
113,1,0.0387211745,-0.032882952,0.000999998982
113,2,0.0383455568,-0.033916433,0.00209962227
113,3,0.0379319976,-0.0350526843,0.00330879462
113,4,0.0374766775,-0.0363019294,0.00463842945
113,5,0.0369753743,-0.0376754021,0.00610052733
113,6,0.0364234269,-0.0391854484,0.00770828426
113,7,0.0358156915,-0.0408456374,0.00947621072
113,8,0.0351464916,-0.0426708822,0.0114202626
113,9,0.0344095624,-0.044677573,0.0135579852
113,10,0.0335979883,-0.0468837227,0.0159086714
113,11,0.0327041344,-0.0493091267,0.0184935359
113,12,0.0317195688,-0.0519755388,0.0213359064
113,13,0.0306349772,-0.0549068633,0.024461434
113,14,0.0294400681,-0.0581293667,0.0278983248
113,15,0.0281234656,-0.0616719091,0.0316775942
113,16,0.0266725917,-0.0655661988,0.0358333463
113,17,0.0250735341,-0.0698470706,0.040403082
113,18,0.0233108984,-0.0745527917,0.0454280365
113,19,0.0213676434,-0.0797253962,0.0509535516
113,20,0.0192248968,-0.0854110521,0.0570294841
113,21,0.0168617485,-0.0916604632,0.0637106553
113,22,0.0142550196,-0.0985293089,0.071057345
113,23,0.0113790023,-0.106078726,0.0791358346
113,24,0.00820516889,-0.114375833,0.0880190046
113,25,0.00470184388,-0.123494312,0.0977869905
113,26,0.000833835176,-0.133515031,0.108527905
113,27,-0.00343798145,-0.144526736,0.120338631
113,28,-0.00815713109,-0.156626798,0.133325693
113,29,-0.0133720691,-0.169922036,0.147606217
113,30,-0.0191367797,-0.184529604,0.163308984
113,31,-0.0255114539,-0.200577965,0.180575587
113,32,-0.0325632572,-0.218207945,0.199561705
113,33,-0.0403672022,-0.237573883,0.2204385
113,34,-0.049007139,-0.258844875,0.243394158
113,35,-0.0585768825,-0.282206121,0.268635574
113,36,-0.0691814973,-0.307860384,0.296390212
113,37,-0.0809387622,-0.336029566,0.326908142
113,38,-0.0939808441,-0.3669564,0.360464283
113,39,-0.108456211,-0.400906275,0.397360864
113,40,-0.124531823,-0.438169179,0.437930128
113,41,-0.142395643,-0.479061783,0.482537302
113,42,-0.162259518,-0.523929649,0.53158386
113,43,-0.18436249,-0.573149565,0.585511103
113,44,-0.208974599,-0.627131995,0.644804093
113,45,-0.236401269,-0.686323635,0.709995969
113,46,-0.266988349,-0.751210056,0.781672687
113,47,-0.301127937,-0.822318391,0.860478214
113,48,-0.33926509,-0.900220042,0.947120238
113,49,-0.381905574,-0.985533338,1.04237642
113,50,-0.429624814,-1.07892608,1.14710126
113,51,-0.483078234,-1.18111784,1.26223361
113,52,-0.543013197,-1.29288196,1.38880492
113,53,-0.610282803,-1.415047,1.52794827
113,54,-0.685861813,-1.54849745,1.68090826
113,55,-0.770865031,-1.69417346,1.84905181
113,56,-0.866568474,-1.85306922,2.03388005
113,57,-0.974433751,-2.02622956,2.23704121
113,58,-1.09613605,-2.2147442,2.46034482
113,59,-1.23359618,-2.41973906,2.70577714
113,60,-1.38901719,-2.6423637,2.97551804
113,61,-1.56492592,-2.88377391,3.27195937
113,62,-1.76422005,-3.14510825,3.59772504
113,63,-1.9902208,-3.42745696,3.95569278
113,64,-2.24673173,-3.73182161,4.34901788
113,65,-2.53810324,-4.05906328,4.7811589
113,66,-2.86930275,-4.40983701,5.25590561
113,67,-3.24598922,-4.78450991,5.77740913
113,68,-3.67459065,-5.18306004,6.35021461
113,69,-4.16238167,-5.60495344,6.97929634
113,70,-4.71755754,-6.04899653,7.67009558
113,71,-5.34929903,-6.51316232,8.42856111
113,72,-6.06782106,-6.99438955,9.26119253
113,73,-6.88439628,-7.4883566,10.1750864
113,74,-7.81134292,-7.98923456,11.1779851
113,75,-8.86196513,-8.48942861,12.2783286
113,76,-10.0504344,-8.97932175,13.485308
113,77,-11.3916023,-9.44704165,14.8089222
113,78,-12.9007389,-9.87827709,16.2600354
113,79,-14.5932012,-10.2561758,17.8504362
113,80,-16.4840436,-10.561357,19.5928964
114,0,0.0439415557,-0.0336270617,0
114,1,0.0436240994,-0.0345753336,0.000999999009
114,2,0.043274485,-0.0356178984,0.00209962239
114,3,0.0428895207,-0.0367641537,0.00330879491
114,4,0.0424656452,-0.0380244156,0.00463843001
114,5,0.0419989204,-0.0394100206,0.00610052831
114,6,0.0414849976,-0.0409334283,0.00770828582
114,7,0.0409190763,-0.042608333,0.00947621308
114,8,0.040295858,-0.0444497862,0.011420266
114,9,0.0396094929,-0.0464743309,0.01355799
114,10,0.0388535227,-0.048700149,0.0159086781
114,11,0.0380208144,-0.0511472223,0.0184935449
114,12,0.0371034888,-0.0538375108,0.0213359184
114,13,0.0360928392,-0.0567951469,0.0244614497
114,14,0.0349792421,-0.0600466493,0.0278983453
114,15,0.0337520566,-0.063621157,0.0316776206
114,16,0.0323995127,-0.0675506873,0.0358333801
114,17,0.0309085867,-0.071870417,0.0404031249
114,18,0.0292648616,-0.0766189922,0.0454280908
114,19,0.0274523712,-0.0818388671,0.0509536199
114,20,0.0254534251,-0.0875766756,0.0570295697
114,21,0.0232484133,-0.0938836386,0.063710762
114,22,0.0208155864,-0.100816009,0.0710574778
114,23,0.0181308093,-0.108435562,0.0791359993
114,24,0.0151672834,-0.116810127,0.0880192084
114,25,0.011895235,-0.126014171,0.097787242
114,26,0.00828156353,-0.136129444,0.108528215
114,27,0.00428944509,-0.147245668,0.120339011
114,28,-0.00012211567,-0.159461309,0.13332616
114,29,-0.00499879194,-0.172884402,0.14760679
114,30,-0.0103915083,-0.187633463,0.163309686
114,31,-0.0163570906,-0.203838476,0.180576445
114,32,-0.0229590041,-0.221641974,0.199562753
114,33,-0.0302681917,-0.241200204,0.220439779
114,34,-0.0383640283,-0.262684403,0.243395717
114,35,-0.0473354078,-0.286282178,0.268637473
114,36,-0.0572819833,-0.312198997,0.296392523
114,37,-0.0683155839,-0.340659807,0.326910954
114,38,-0.0805618343,-0.371910775,0.360467703
114,39,-0.0941620106,-0.406221163,0.39736502
114,40,-0.109275166,-0.44388534,0.437935176
114,41,-0.126080575,-0.485224934,0.482543431
114,42,-0.144780531,-0.530591128,0.531591299
114,43,-0.165603583,-0.580367088,0.585520129
114,44,-0.188808243,-0.634970531,0.644815041
114,45,-0.214687269,-0.694856416,0.710009245
114,46,-0.243572609,-0.760519732,0.78168878
114,47,-0.2758411,-0.832498376,0.860497719
114,48,-0.311921055,-0.911376068,0.947143873
114,49,-0.352299884,-0.997785254,1.04240506
114,50,-0.397532895,-1.09240994,1.14713594
114,51,-0.448253485,-1.19598835,1.26227562
114,52,-0.505184925,-1.30931531,1.38885579
114,53,-0.569153988,-1.43324414,1.52800986
114,54,-0.641106719,-1.568688,1.68098281
114,55,-0.72212664,-1.71662019,1.84914206
114,56,-0.813455779,-1.87807337,2.03398928
114,57,-0.916518904,-2.05413704,2.23717341
114,58,-1.0329514,-2.24595286,2.4605048
114,59,-1.16463129,-2.45470725,2.70597073
114,60,-1.31371578,-2.6816203,2.97575228
114,61,-1.48268304,-2.92793012,3.27224279
114,62,-1.67437941,-3.19487142,3.59806793
114,63,-1.89207267,-3.48364682,3.9561076
114,64,-2.13951144,-3.79538924,4.3495197
114,65,-2.42099095,-4.13111328,4.78176595
114,66,-2.74142473,-4.49165329,5.25663992
114,67,-3.10642142,-4.8775855,5.77829735
114,68,-3.52236537,-5.28913145,6.35128896
114,69,-3.99649847,-5.72603973,6.98059579
114,70,-4.53699962,-6.18744347,7.67166726
114,71,-5.1530568,-6.67169136,8.430462
114,72,-5.85492483,-7.17615118,9.26349153
114,73,-6.65396022,-7.69698699,10.1778668
114,74,-7.56262262,-8.22891352,11.1813478
114,75,-8.59443104,-8.76493585,12.2823953
114,76,-9.7638629,-9.29608739,13.4902261
114,77,-11.0861852,-9.81118532,14.8148698
114,78,-12.5772112,-10.296629,16.267228
114,79,-14.2529832,-10.7362726,17.8591343
114,80,-16.1293922,-11.1114047,19.6034151
115,0,0.0491325629,-0.0352824628,0
115,1,0.0488370257,-0.0362377931,0.000999999036
115,2,0.0485115175,-0.0372881341,0.00209962251
115,3,0.048153064,-0.0384429545,0.0033087952
115,4,0.0477583438,-0.0397126502,0.0046384306
115,5,0.0473236826,-0.041108646,0.00610052933
115,6,0.046845022,-0.0426434989,0.00770828745
115,7,0.0463178806,-0.0443310111,0.00947621554
115,8,0.045737311,-0.0461863531,0.0114202696
115,9,0.0450978499,-0.0482261996,0.0135579951
115,10,0.0443934637,-0.0504688777,0.015908685
115,11,0.0436174868,-0.0529345303,0.0184935543
115,12,0.0427625542,-0.055645295,0.0213359308
115,13,0.0418205248,-0.0586255008,0.0244614661
115,14,0.0407823974,-0.0619018842,0.0278983666
115,15,0.0396382155,-0.0655038254,0.031677648
115,16,0.0383769625,-0.0694636083,0.0358334152
115,17,0.0369864432,-0.0738167059,0.0404031696
115,18,0.0354531523,-0.0786020922,0.0454281473
115,19,0.0337621268,-0.0838625855,0.0509536909
115,20,0.0318967802,-0.0896452236,0.0570296586
115,21,0.029838717,-0.0960016761,0.0637108731
115,22,0.0275675248,-0.102988695,0.0710576159
115,23,0.0250605391,-0.11066861,0.0791361707
115,24,0.0222925805,-0.119109867,0.0880194204
115,25,0.019235657,-0.128387623,0.0977875037
115,26,0.0158586294,-0.138584393,0.108528537
115,27,0.0121268326,-0.149790755,0.120339408
115,28,0.00800164782,-0.16210613,0.133326647
115,29,0.00344001807,-0.175639621,0.147607386
115,30,-0.00160610065,-0.190510939,0.163310415
115,31,-0.00719036273,-0.206851408,0.180577337
115,32,-0.013372741,-0.224805058,0.199563842
115,33,-0.0202203325,-0.244529824,0.220441109
115,34,-0.0278082767,-0.266198836,0.243397338
115,35,-0.0362208024,-0.29000183,0.268639448
115,36,-0.0455524242,-0.316146677,0.296394928
115,37,-0.0559093105,-0.344861031,0.32691388
115,38,-0.0674108502,-0.376394119,0.36047126
115,39,-0.0801914484,-0.411018667,0.397369343
115,40,-0.0944025884,-0.449032965,0.437940427
115,41,-0.1102152,-0.490763096,0.482549808
115,42,-0.127822388,-0.5365653,0.531599038
115,43,-0.147442566,-0.586828504,0.585529519
115,44,-0.169323083,-0.641976995,0.64482643
115,45,-0.193744391,-0.702473233,0.710023055
115,46,-0.221024877,-0.768820793,0.781705522
115,47,-0.251526433,-0.841567409,0.86051801
115,48,-0.285660907,-0.921308097,0.94716846
115,49,-0.323897567,-1.0086883,1.04243484
115,50,-0.366771743,-1.104407,1.14717203
115,51,-0.414894832,-1.2092197,1.26231931
115,52,-0.468965896,-1.32394121,1.3889087
115,53,-0.529785085,-1.44944804,1.52807392
115,54,-0.598269186,-1.58668021,1.68106037
115,55,-0.675469607,-1.73664229,1.84923595
115,56,-0.762593174,-1.90040337,2.03410292
115,57,-0.861026138,-2.07909541,2.23731094
115,58,-0.972361837,-2.27390975,2.46067123
115,59,-1.09843251,-2.4860909,2.70617213
115,60,-1.24134576,-2.71692705,2.97599597
115,61,-1.40352618,-2.96773623,3.27253763
115,62,-1.5877627,-3.23984699,3.59842464
115,63,-1.79726199,-3.53457228,3.95653915
115,64,-2.03570844,-3.85317473,4.35004176
115,65,-2.30733063,-4.19682146,4.78239748
115,66,-2.61697437,-4.5665261,5.25740383
115,67,-2.97018142,-4.96307535,5.77922138
115,68,-3.37327288,-5.38693743,6.35240662
115,69,-3.83343487,-5.83814924,6.98194763
115,70,-4.35880333,-6.31617964,7.6733023
115,71,-4.95854316,-6.81976624,8.43243952
115,72,-5.6429152,-7.34672446,9.26588322
115,73,-6.42332281,-7.89372908,10.1807594
115,74,-7.3123277,-8.45607122,11.184846
115,75,-8.32362347,-9.02739755,12.286626
115,76,-9.47195432,-9.59944329,13.4953425
115,77,-10.7729676,-10.1617768,14.8210572
115,78,-12.2429917,-10.7015793,16.2747106
115,79,-13.8987379,-11.2034908,17.8681831
115,80,-15.7569337,-11.6495539,19.6143578
116,0,0.054640093,-0.0369072699,0
116,1,0.0543649426,-0.0378686701,0.000999999064
116,2,0.0540618573,-0.0389256996,0.00209962263
116,3,0.0537280656,-0.0400878883,0.00330879551
116,4,0.0533604697,-0.041365701,0.00463843121
116,5,0.052955641,-0.0427706385,0.00610053038
116,6,0.0525097916,-0.0443153423,0.00770828913
116,7,0.0520187381,-0.0460137075,0.00947621808
116,8,0.0514778604,-0.0478810079,0.0114202733
116,9,0.0508820556,-0.0499340318,0.0135580003
116,10,0.0502256868,-0.0521912322,0.0159086922
116,11,0.0495025247,-0.0546728912,0.018493564
116,12,0.0487056844,-0.0574013004,0.0213359437
116,13,0.0478275534,-0.0604009596,0.0244614831
116,14,0.0468597118,-0.0636987938,0.0278983887
116,15,0.0457928431,-0.0673243926,0.0316776765
116,16,0.0446166351,-0.0713102719,0.0358334516
116,17,0.0433196681,-0.0756921616,0.0404032159
116,18,0.0418892901,-0.0805093215,0.0454282058
116,19,0.0403114777,-0.0858048864,0.0509537645
116,20,0.0385706786,-0.0916262465,0.0570297508
116,21,0.0366496365,-0.0980254626,0.0637109882
116,22,0.0345291928,-0.105059723,0.071057759
116,23,0.0321880641,-0.11279184,0.0791363482
116,24,0.029602592,-0.121290802,0.08801964
116,25,0.02674646,-0.130632369,0.0977877748
116,26,0.0235903741,-0.140899725,0.108528871
116,27,0.0201017026,-0.152184204,0.120339818
116,28,0.016244067,-0.164586063,0.13332715
116,29,0.0119768793,-0.178215348,0.147608004
116,30,0.00725481683,-0.193192824,0.163311172
116,31,0.00202722482,-0.209650995,0.180578262
116,32,-0.00376256223,-0.227735223,0.199564972
116,33,-0.0101779944,-0.247604933,0.220442486
116,34,-0.0172901886,-0.269434938,0.243399018
116,35,-0.0251789365,-0.29341687,0.268641495
116,36,-0.033933857,-0.31976074,0.296397419
116,37,-0.0436557156,-0.348696623,0.326916911
116,38,-0.0544579371,-0.380476485,0.360474945
116,39,-0.0664683425,-0.41537616,0.397373822
116,40,-0.0798311434,-0.453697468,0.437945868
116,41,-0.0947092386,-0.495770506,0.482556413
116,42,-0.111286858,-0.541956088,0.531607056
116,43,-0.129772609,-0.592648365,0.585539247
116,44,-0.150403,-0.648277593,0.644838229
116,45,-0.173446501,-0.709313072,0.710037363
116,46,-0.199208243,-0.776266224,0.781722867
116,47,-0.22803546,-0.849693808,0.860539032
116,48,-0.260323784,-0.930201232,0.947193933
116,49,-0.29652454,-1.01844593,1.0424657
116,50,-0.337153204,-1.11514075,1.14720941
116,51,-0.382799209,-1.22105726,1.26236459
116,52,-0.434137314,-1.33702892,1.38896352
116,53,-0.491940787,-1.46395391,1.5281403
116,54,-0.55709669,-1.60279751,1.68114073
116,55,-0.630623586,-1.7545938,1.84933321
116,56,-0.713692032,-1.92044633,2.03422065
116,57,-0.807648277,-2.10152747,2.23745342
116,58,-0.914041615,-2.29907598,2.46084366
116,59,-1.03465589,-2.51439212,2.70638077
116,60,-1.17154565,-2.74882969,2.97624843
116,61,-1.3270776,-3.00378409,3.27284309
116,62,-1.50397774,-3.28067516,3.5987942
116,63,-1.70538482,-3.5809237,3.95698624
116,64,-1.93491045,-3.90591977,4.35058262
116,65,-2.19670619,-4.25698119,4.78305174
116,66,-2.49553743,-4.63529959,5.25819525
116,67,-2.8368638,-5.04187188,5.78017868
116,68,-3.22692485,-5.47741403,6.35356453
116,69,-3.67282931,-5.94225428,6.98334815
116,70,-4.18264487,-6.43620278,7.67499622
116,71,-4.76548414,-6.95839515,8.43448825
116,72,-5.43158071,-7.50710791,9.26836104
116,73,-6.19234763,-8.07954568,10.1837561
116,74,-7.06040817,-8.67160205,11.1884702
116,75,-8.04958752,-9.27759966,12.291009
116,76,-9.17485288,-9.89001959,13.5006431
116,77,-10.4521896,-10.499236,14.8274675
116,78,-11.8984037,-11.0932781,16.2824627
116,79,-13.5308467,-11.6576482,17.8775578
116,80,-15.3670668,-12.1752286,19.6256946
117,0,0.060469008,-0.0384994747,0
117,1,0.060212883,-0.0394661175,0.000999999093
117,2,0.0599307254,-0.0405289248,0.00209962276
117,3,0.0596199531,-0.0416974797,0.00330879584
117,4,0.059277677,-0.0429823065,0.00463843184
117,5,0.0589006988,-0.0443949722,0.00610053147
117,6,0.0584854835,-0.0459481913,0.00770829087
117,7,0.0580281264,-0.04765594,0.00947622071
117,8,0.0575243138,-0.0495335812,0.0114202771
117,9,0.0569692806,-0.0515980023,0.0135580057
117,10,0.0563577609,-0.0538677658,0.0159086996
117,11,0.0556839344,-0.0563632747,0.018493574
117,12,0.0549413661,-0.0591069549,0.021335957
117,13,0.0541229388,-0.0621234544,0.0244615006
117,14,0.0532207779,-0.065439863,0.0278984114
117,15,0.0522261675,-0.0690859526,0.0316777058
117,16,0.0511294562,-0.0730944414,0.0358334892
117,17,0.0499199524,-0.0775012841,0.0404032636
117,18,0.0485858058,-0.0823459896,0.0454282661
117,19,0.0471138758,-0.0876719701,0.0509538405
117,20,0.0454895831,-0.0935269239,0.057029846
117,21,0.0436967428,-0.0999632548,0.0637111069
117,22,0.0417173769,-0.107038532,0.0710579067
117,23,0.0395315033,-0.114815997,0.0791365314
117,24,0.0371168973,-0.123365109,0.0880198666
117,25,0.0344488231,-0.132762159,0.0977880545
117,26,0.0314997295,-0.143090925,0.108529215
117,27,0.0282389063,-0.154443402,0.120340242
117,28,0.0246320945,-0.166920592,0.133327671
117,29,0.020641044,-0.18063337,0.147608641
117,30,0.0162230118,-0.195703436,0.163311952
117,31,0.0113301902,-0.212264344,0.180579216
117,32,0.00590905638,-0.230462634,0.199566137
117,33,-0.000100369307,-0.250459063,0.220443908
117,34,-0.006765371,-0.272429943,0.243400751
117,35,-0.0141615057,-0.2965686,0.268643606
117,36,-0.0223737123,-0.323086962,0.29639999
117,37,-0.0314975826,-0.352217274,0.326920038
117,38,-0.04164082,-0.384213968,0.360478748
117,39,-0.0529249156,-0.419355675,0.397378443
117,40,-0.0654870763,-0.457947404,0.437951482
117,41,-0.0794824454,-0.500322884,0.48256323
117,42,-0.0950866631,-0.546847084,0.53161533
117,43,-0.112498821,-0.597918902,0.585549285
117,44,-0.131944878,-0.653974042,0.644850406
117,45,-0.153681604,-0.715488056,0.710052128
117,46,-0.178001154,-0.782979567,0.781740766
117,47,-0.205236358,-0.857013629,0.860560726
117,48,-0.235766855,-0.938205238,0.947220221
117,49,-0.270026208,-1.02722292,1.04249755
117,50,-0.308510159,-1.12479239,1.14724798
117,51,-0.351786207,-1.23170019,1.2624113
117,52,-0.400504729,-1.34879716,1.38902009
117,53,-0.45541189,-1.47700183,1.52820879
117,54,-0.51736462,-1.61730322,1.68122365
117,55,-0.587347987,-1.77076324,1.84943359
117,56,-0.66649534,-1.9385181,2.03434214
117,57,-0.756111616,-2.12177859,2.23760046
117,58,-0.857700286,-2.32182872,2.4610216
117,59,-0.972994447,-2.54002215,2.70659609
117,60,-1.10399258,-2.7777758,2.97650896
117,61,-1.25299959,-3.03655978,3.27315831
117,62,-1.4226736,-3.31788247,3.59917558
117,63,-1.61607925,-3.6232697,3.95744762
117,64,-1.83674773,-3.95423626,4.35114077
117,65,-2.08874406,-4.312248,4.78372692
117,66,-2.37674163,-4.69867236,5.25901198
117,67,-2.70610382,-5.11471478,5.78116658
117,68,-3.08297167,-5.56133829,6.35475946
117,69,-3.51435624,-6.0391631,6.98479345
117,70,-4.00823297,-6.54834334,7.67674429
117,71,-4.57363402,-7.08841795,8.43660248
117,72,-5.22073328,-7.6581336,9.27091807
117,73,-5.96091646,-8.25523858,10.1868486
117,74,-6.80682702,-8.87624896,11.1922103
117,75,-7.77237662,-9.51619109,12.2955321
117,76,-8.87270764,-10.168329,13.5061131
117,77,-10.1240949,-10.8238908,14.8340827
117,78,-11.5437756,-11.4718139,16.2904626
117,79,-13.1497007,-12.0985364,17.8872322
117,80,-14.9602091,-12.6878657,19.6373938
118,0,0.0666242052,-0.0400569251,0
118,1,0.066385894,-0.0410281131,0.000999999124
118,2,0.0661233332,-0.0420959307,0.00209962289
118,3,0.0658341185,-0.043270007,0.00330879616
118,4,0.0655155565,-0.0445609183,0.00463843249
118,5,0.0651646647,-0.045980289,0.00610053259
118,6,0.0647781458,-0.0475408974,0.00770829265
118,7,0.0643523566,-0.04925679,0.00947622341
118,8,0.0638832715,-0.051143408,0.011420281
118,9,0.0633664422,-0.0532177248,0.0135580112
118,10,0.0627969518,-0.0554983984,0.0159087072
118,11,0.0621693644,-0.0580059377,0.0184935843
118,12,0.061477668,-0.0607628857,0.0213359707
118,13,0.0607152113,-0.0637940202,0.0244615186
118,14,0.0598746328,-0.0671265749,0.0278984348
118,15,0.0589477817,-0.0707904814,0.031677736
118,16,0.0579256293,-0.0748186353,0.0358335278
118,17,0.0567981695,-0.079247188,0.0404033127
118,18,0.0555543079,-0.0841158672,0.0454283282
118,19,0.0541817367,-0.0894683286,0.0509539186
118,20,0.0526667941,-0.0953525413,0.0570299438
118,21,0.0509943069,-0.101821211,0.063711229
118,22,0.0491474126,-0.108932243,0.0710580586
118,23,0.0471073589,-0.116749253,0.0791367198
118,24,0.0448532777,-0.125342121,0.0880200996
118,25,0.0423619296,-0.134787606,0.0977883421
118,26,0.0396074145,-0.14517001,0.10852957
118,27,0.0365608446,-0.156581914,0.120340677
118,28,0.0331899727,-0.169124978,0.133328205
118,29,0.0294587701,-0.182910819,0.147609297
118,30,0.0253269475,-0.198061964,0.163312754
118,31,0.0207494084,-0.214712903,0.180580197
118,32,0.0156756264,-0.233011229,0.199567335
118,33,0.0100489348,-0.253118888,0.22044537
118,34,0.00380571374,-0.275213534,0.243402534
118,35,-0.00312553931,-0.299490013,0.268645778
118,36,-0.0108252754,-0.326161974,0.296402633
118,37,-0.0193841166,-0.355463619,0.326923254
118,38,-0.0289042604,-0.387651602,0.360482658
118,39,-0.0395010948,-0.423007085,0.397383195
118,40,-0.0513050592,-0.461837964,0.437957254
118,41,-0.0644637879,-0.504481271,0.482570239
118,42,-0.079144585,-0.551305752,0.531623836
118,43,-0.0955372834,-0.602714641,0.585559607
118,44,-0.113857551,-0.659148621,0.644862925
118,45,-0.134350715,-0.721088983,0.710067309
118,46,-0.157296199,-0.789060965,0.78175917
118,47,-0.183012657,-0.863637273,0.86058303
118,48,-0.211863938,-0.945441762,0.947247248
118,49,-0.244266004,-1.03515325,1.04253029
118,50,-0.280694969,-1.13350941,1.14728764
118,51,-0.32169643,-1.24131071,1.26245934
118,52,-0.367896317,-1.35942432,1.38907826
118,53,-0.420013496,-1.48878779,1.52827922
118,54,-0.478874402,-1.63041252,1.68130891
118,55,-0.545430045,-1.78538668,1.84953679
118,56,-0.620775728,-1.95487742,2.03446705
118,57,-0.706173908,-2.14013203,2.23775163
118,58,-0.80308066,-2.34247767,2.46120455
118,59,-0.913176247,-2.56331908,2.70681747
118,60,-1.03840035,-2.80413381,2.97677683
118,61,-1.18099258,-3.06646394,3.27348241
118,62,-1.34353879,-3.35190352,3.59956768
118,63,-1.5290239,-3.66208034,3.95792199
118,64,-1.7408917,-3.99863071,4.35171463
118,65,-1.98311205,-4.36316537,4.78442111
118,66,-2.26025575,-4.75722445,5.25985169
118,67,-2.57757692,-5.18221917,5.7821823
118,68,-2.94110232,-5.63935732,6.35598803
118,69,-3.35772635,-6.1295498,6.98627942
118,70,-3.8353094,-6.65329476,7.67854157
118,71,-4.38277628,-7.21053665,8.43877622
118,72,-5.01020949,-7.8004973,9.27354707
118,73,-5.72893076,-8.42147784,10.1900282
118,74,-6.55156187,-9.07063133,11.1960556
118,75,-7.49205414,-9.74370942,12.3001825
118,76,-8.56567398,-10.4347897,13.5117372
118,77,-9.78893164,-11.1359957,14.840884
118,78,-11.1794409,-11.8372278,16.2986877
118,79,-12.7557005,-12.5259289,17.8971788
118,80,-14.5367961,-13.1869163,19.6494223
119,0,0.0731105839,-0.0415773292,0
119,1,0.0728890055,-0.0425524709,0.000999999154
119,2,0.0726448544,-0.0436246477,0.00209962303
119,3,0.0723758929,-0.0448035288,0.0033087965
119,4,0.0720796123,-0.0460997356,0.00463843315
119,5,0.0717532331,-0.0475249431,0.00610053374
119,6,0.0713936819,-0.049091985,0.00770829448
119,7,0.0709975617,-0.0508149696,0.00947622618
119,8,0.0705611184,-0.0527094061,0.0114202851
119,9,0.0700802023,-0.0547923437,0.0135580169
119,10,0.0695502258,-0.0570825239,0.015908715
119,11,0.068966115,-0.0596005483,0.0184935948
119,12,0.0683222572,-0.0623690625,0.0213359847
119,13,0.0676124408,-0.0654129583,0.024461537
119,14,0.0668297885,-0.0687595957,0.0278984588
119,15,0.0659666834,-0.0724390466,0.0316777669
119,16,0.0650146848,-0.0764843624,0.0358335674
119,17,0.0639644349,-0.0809318677,0.040403363
119,18,0.062805554,-0.0858214829,0.0454283918
119,19,0.0615265219,-0.0911970781,0.0509539985
119,20,0.0601145458,-0.0971068611,0.057030044
119,21,0.0585554107,-0.103603804,0.063711354
119,22,0.0568333113,-0.11074611,0.0710582142
119,23,0.0549306616,-0.118597725,0.0791369127
119,24,0.0528278812,-0.127228902,0.0880203384
119,25,0.0505031518,-0.136716814,0.0977886367
119,26,0.0479321432,-0.147146228,0.108529933
119,27,0.0450877012,-0.158610248,0.120341124
119,28,0.0419394945,-0.171211119,0.133328753
119,29,0.038453612,-0.185061116,0.147609968
119,30,0.0345921058,-0.200283507,0.163313576
119,31,0.0303124695,-0.217013619,0.180581202
119,32,0.0255670427,-0.235399987,0.199568562
119,33,0.0203023317,-0.255605622,0.220446868
119,34,0.0144582305,-0.277809384,0.24340436
119,35,0.00796713045,-0.302207488,0.268648002
119,36,0.000752897143,-0.329015134,0.296405341
119,37,-0.00727030335,-0.35846829,0.326926549
119,38,-0.0161993546,-0.390825622,0.360486664
119,39,-0.0261437442,-0.426370587,0.397388064
119,40,-0.0372273547,-0.465413708,0.437963168
119,41,-0.0495905308,-0.508295019,0.482577419
119,42,-0.0633924667,-0.555386717,0.531632552
119,43,-0.0788139659,-0.607096001,0.585570181
119,44,-0.0960606368,-0.663868123,0.644875751
119,45,-0.115366593,-0.726189646,0.710082861
119,46,-0.136998743,-0.794591903,0.781778024
119,47,-0.161261771,-0.86965467,0.860605881
119,48,-0.188503916,-0.952010007,0.947274937
119,49,-0.219123683,-1.04234628,1.04256384
119,50,-0.253577654,-1.1414123,1.14732828
119,51,-0.292389555,-1.25002157,1.26250855
119,52,-0.336160812,-1.36905648,1.38913785
119,53,-0.385582818,-1.49947248,1.52835137
119,54,-0.441451198,-1.64230202,1.68139625
119,55,-0.504682397,-1.79865807,1.84964252
119,56,-0.576332931,-1.96973708,2.03459502
119,57,-0.657621742,-2.15682101,2.23790651
119,58,-0.749956099,-2.36127811,2.46139198
119,59,-0.854961565,-2.58456195,2.70704428
119,60,-0.974516594,-2.82820818,2.97705126
119,61,-1.11079236,-3.09382811,3.27381444
119,62,-1.26629845,-3.3830984,3.5999694
119,63,-1.44393506,-3.69774558,3.95840798
119,64,-1.64705224,-4.03952396,4.35230254
119,65,-1.87951685,-4.41018549,4.7851323
119,66,-2.14578734,-4.81143923,5.26071198
119,67,-2.45099663,-5.24489837,5.78322289
119,68,-2.80104257,-5.71201198,6.35724669
119,69,-3.20268505,-6.21397856,6.9878018
119,70,-3.66364797,-6.75163818,7.68038287
119,71,-4.1927229,-7.32534008,8.44100321
119,72,-4.79987029,-7.93478294,9.27624047
119,73,-5.4963117,-8.57882552,10.1932856
119,74,-6.29460526,-9.25526746,11.1999951
119,75,-7.20869384,-9.96060158,12.3049469
119,76,-8.25391405,-10.6897433,13.517499
119,77,-9.44695284,-11.435747,14.847852
119,78,-10.8057387,-12.1895242,16.3071142
119,79,-12.3492566,-12.9395874,17.9073692
119,80,-14.0972815,-13.671846,19.6617455
120,0,0.0799330101,-0.0430582614,0
120,1,0.0797271972,-0.0440368519,0.000999999186
120,2,0.0795003934,-0.045112832,0.00209962317
120,3,0.0792505183,-0.0462959059,0.00330879685
120,4,0.0789752372,-0.0475967347,0.00463843383
120,5,0.0786719626,-0.0490270373,0.00610053491
120,6,0.0783378323,-0.0505996963,0.00770829635
120,7,0.0779696824,-0.0523288741,0.009476229
120,8,0.0775640149,-0.0542301398,0.0114202892
120,9,0.0771169628,-0.0563206087,0.0135580226
120,10,0.0766242495,-0.0586190959,0.015908723
120,11,0.076081144,-0.0611462844,0.0184936056
120,12,0.0754824112,-0.0639249101,0.0213359991
120,13,0.0748222557,-0.066979965,0.0244615558
120,14,0.074094259,-0.0703389204,0.0278984833
120,15,0.0732913096,-0.0740319717,0.0316777985
120,16,0.0724055244,-0.0780923078,0.0358336078
120,17,0.0714281601,-0.0825564059,0.0404034143
120,18,0.0703495149,-0.0874643567,0.0454284567
120,19,0.0691588165,-0.0928602196,0.0509540802
120,20,0.0678440969,-0.098792414,0.0570301463
120,21,0.0663920519,-0.105314148,0.0637114817
120,22,0.0647878809,-0.112483887,0.071058373
120,23,0.0630151081,-0.120365872,0.0791371097
120,24,0.0610553785,-0.129030687,0.0880205821
120,25,0.0588882284,-0.138555871,0.0977889376
120,26,0.0564908241,-0.149026609,0.108530303
120,27,0.0538376663,-0.160536467,0.120341579
120,28,0.0509002536,-0.173188214,0.133329312
120,29,0.0476466999,-0.187094712,0.147610654
120,30,0.0440412984,-0.202379896,0.163314415
120,31,0.0400440247,-0.219179838,0.180582228
120,32,0.0356099679,-0.237643922,0.199569816
120,33,0.0306886819,-0.257936115,0.220448397
120,34,0.0252234408,-0.280236365,0.243406224
120,35,0.0191503861,-0.30474212,0.268650273
120,36,0.0123975476,-0.331669985,0.296408106
120,37,0.00488371706,-0.361257525,0.326929913
120,38,-0.00348284669,-0.393765231,0.360490754
120,39,-0.0128059107,-0.429478649,0.397393034
120,40,-0.0232029899,-0.468710691,0.437969206
120,41,-0.0348073349,-0.511804136,0.48258475
120,42,-0.0477702312,-0.559134334,0.53164145
120,43,-0.0622636587,-0.611112122,0.585580977
120,44,-0.0784833722,-0.668186947,0.644888846
120,45,-0.0966524734,-0.730850227,0.71009874
120,46,-0.117025555,-0.799638925,0.781797273
120,47,-0.139893511,-0.875139351,0.860629212
120,48,-0.165589131,-0.95799118,0.947303207
120,49,-0.194493595,-1.04889165,1.04259809
120,50,-0.227044038,-1.14859997,1.14736976
120,51,-0.263742343,-1.25794178,1.26255879
120,52,-0.30516538,-1.37781376,1.38919869
120,53,-0.35197692,-1.50918816,1.52842503
120,54,-0.404941495,-1.65311726,1.68148543
120,55,-0.464940534,-1.81073743,1.84975047
120,56,-0.532991109,-1.98327284,2.03472568
120,57,-0.610267721,-2.17203837,2.23806464
120,58,-0.698127575,-2.37844137,2.46158334
120,59,-0.798139867,-2.60398202,2.70727584
120,60,-0.912119638,-2.85025154,2.97733145
120,61,-1.04216682,-3.11892769,3.27415345
120,62,-1.19071114,-3.41176666,3.60037954
120,63,-1.36056348,-3.73059023,3.95890416
120,64,-1.55497448,-4.07726701,4.35290279
120,65,-1.77770081,-4.45368603,4.78585841
120,66,-2.03307966,-4.86172094,5.26159031
120,67,-2.32611173,-5.30318234,5.78428532
120,68,-2.66255236,-5.77975592,6.35853175
120,69,-3.04901028,-6.29292328,6.98935612
120,70,-3.49305252,-6.84386234,7.6822628
120,71,-4.00331282,-7.43332407,8.44327692
120,72,-4.58959979,-8.06148242,9.27899038
120,73,-5.26299942,-8.72775495,10.1966114
120,74,-6.03596422,-9.4305928,11.2040173
120,75,-6.92237975,-10.1672406,12.3098112
120,76,-7.93759684,-10.9334699,13.5233817
120,77,-9.09841644,-11.7232946,14.8549662
120,78,-10.4230137,-12.52868,16.3157175
120,79,-11.9307886,-13.339267,17.9177733
120,80,-13.6421356,-14.1421356,19.6743272
121,0,0.0870962782,-0.0444971697,0
121,1,0.0869053628,-0.0454787754,0.000999999218
121,2,0.0866949528,-0.0465580812,0.00209962331
121,3,0.0864631168,-0.047744822,0.0033087972
121,4,0.0862076847,-0.0490496939,0.00463843452
121,5,0.0859262509,-0.0504844543,0.0061005361
121,6,0.0856161535,-0.0520620288,0.00770829826
121,7,0.085274449,-0.0537966272,0.00947623187
121,8,0.0848978828,-0.0557038712,0.0114202933
121,9,0.0844828555,-0.0578009346,0.0135580285
121,10,0.0840253857,-0.060106697,0.0159087311
121,11,0.0835210676,-0.0626419133,0.0184936165
121,12,0.0829650246,-0.065429399,0.0213360136
121,13,0.0823518564,-0.0684942344,0.024461575
121,14,0.0816755802,-0.0718639889,0.0278985082
121,15,0.0809295648,-0.0755689672,0.0316778306
121,16,0.080106457,-0.0796424794,0.0358336489
121,17,0.0791980981,-0.084121138,0.0404034666
121,18,0.0781954311,-0.0890451843,0.0454285227
121,19,0.0770883955,-0.0944588455,0.0509541633
121,20,0.0758658092,-0.100410728,0.0570302504
121,21,0.0745152356,-0.10695425,0.0637116117
121,22,0.0730228327,-0.11414811,0.0710585346
121,23,0.0713731835,-0.122056812,0.0791373102
121,24,0.0695491036,-0.130751232,0.0880208301
121,25,0.0675314234,-0.140309239,0.0977892437
121,26,0.0652987406,-0.150816387,0.10853068
121,27,0.0628271397,-0.162366658,0.120342043
121,28,0.0600898727,-0.175063288,0.133329881
121,29,0.0570569952,-0.189019668,0.147611351
121,30,0.0536949519,-0.204360325,0.163315269
121,31,0.0499661032,-0.221222007,0.180583272
121,32,0.0458281837,-0.239754858,0.199571091
121,33,0.0412336829,-0.260123708,0.220449953
121,34,0.0361291346,-0.282509488,0.243408121
121,35,0.0304543025,-0.30711076,0.268652584
121,36,0.0241412435,-0.334145399,0.29641092
121,37,0.0171132301,-0.363852424,0.326933335
121,38,0.00928351011,-0.396493985,0.360494916
121,39,0.00055387556,-0.432357526,0.397398092
121,40,-0.00918698914,-0.471758143,0.43797535
121,41,-0.0200654161,-0.515041124,0.48259221
121,42,-0.0322249621,-0.56258471,0.531650504
121,43,-0.0458289667,-0.614803076,0.585591963
121,44,-0.0610635156,-0.67214953,0.644902171
121,45,-0.0781408809,-0.735119968,0.710114898
121,46,-0.0973035129,-0.804256553,0.781816861
121,47,-0.118828681,-0.880151652,0.860652952
121,48,-0.143033868,-0.963452002,0.947331974
121,49,-0.170283044,-1.05486311,1.04263294
121,50,-0.200993977,-1.15515385,1.14741198
121,51,-0.235646732,-1.26516123,1.26260992
121,52,-0.274793578,-1.38579533,1.3892606
121,53,-0.319070529,-1.51804416,1.52849999
121,54,-0.369210774,-1.66297865,1.68157618
121,55,-0.426060326,-1.82175728,1.84986032
121,56,-0.490596222,-1.99563044,2.03485863
121,57,-0.563947696,-2.18594419,2.23822555
121,58,-0.647420769,-2.39414309,2.46177806
121,59,-0.742526769,-2.62177169,2.70751146
121,60,-0.851015369,-2.87047432,2.97761655
121,61,-0.974912731,-3.14199239,3.2744984
121,62,-1.11656546,-3.43815841,3.60079688
121,63,-1.27869105,-3.76088588,3.95940906
121,64,-1.46443548,-4.11215371,4.35351358
121,65,-1.6774387,-4.49398364,4.78659728
121,66,-1.92190852,-4.908409,5.26248407
121,67,-2.2027032,-5.35743259,5.7853664
121,68,-2.52542297,-5.84297113,6.35983939
121,69,-2.89650981,-6.36678355,6.99093773
121,70,-3.32335468,-6.93037992,7.68417575
121,71,-3.81440994,-7.53490765,8.44559056
121,72,-4.37930377,-8.18101178,9.28178859
121,73,-5.02895184,-8.86866632,10.1999956
121,74,-5.77565951,-9.5969747,11.2081101
121,75,-6.63320571,-10.3639389,12.3147609
121,76,-7.61689792,-11.1661995,13.5293677
121,77,-8.74358518,-11.9987521,14.8622053
121,78,-10.0316156,-12.8546515,16.324472
121,79,-11.5007251,-13.7247199,17.9283601
121,80,-13.171846,-14.5972815,19.6871299
122,0,0.0946050723,-0.0458913846,0
122,1,0.0944282725,-0.0468756307,0.00099999925
122,2,0.0942333976,-0.0479578493,0.00209962345
122,3,0.0940186574,-0.0491478027,0.00330879755
122,4,0.0937820383,-0.0504562171,0.00463843521
122,5,0.0935213071,-0.0518948843,0.00610053731
122,6,0.0932339924,-0.0534767674,0.00770830018
122,7,0.0929173603,-0.055216118,0.00947623479
122,8,0.0925683872,-0.0571286045,0.0114202976
122,9,0.0921837285,-0.0592314518,0.0135580345
122,10,0.0917596833,-0.0615435968,0.0159087393
122,11,0.0912921554,-0.0640858575,0.0184936276
122,12,0.0907766093,-0.0668811197,0.0213360284
122,13,0.0902080208,-0.0699545419,0.0244615944
122,14,0.0895808221,-0.0733337803,0.0278985335
122,15,0.0888888398,-0.077049236,0.0316778632
122,16,0.0881252256,-0.0811343266,0.0358336905
122,17,0.0872823782,-0.0856257846,0.0404035196
122,18,0.086351856,-0.0905639845,0.0454285897
122,19,0.0853242779,-0.0959933028,0.0509542476
122,20,0.0841892124,-0.101962512,0.057030356
122,21,0.0829350519,-0.108525216,0.0637117434
122,22,0.081548871,-0.115740323,0.0710586986
122,23,0.0800162661,-0.12367257,0.0791375135
122,24,0.0783211734,-0.132393092,0.0880210816
122,25,0.0764456634,-0.141980056,0.0977895542
122,26,0.0743697065,-0.152519343,0.108531063
122,27,0.0720709075,-0.164105309,0.120342513
122,28,0.0695242025,-0.176841608,0.133330459
122,29,0.0667015142,-0.190842105,0.147612059
122,30,0.0635713581,-0.206231862,0.163316135
122,31,0.0600983925,-0.223148231,0.180584331
122,32,0.0562429037,-0.241742043,0.199572384
122,33,0.051960216,-0.262178911,0.220451531
122,34,0.0472000155,-0.284640648,0.243410045
122,35,0.0419055726,-0.309326829,0.268654928
122,36,0.0360128485,-0.336456483,0.296413773
122,37,0.0294494663,-0.366269946,0.326936807
122,38,0.0221335253,-0.399030879,0.360499137
122,39,0.0139722315,-0.435028463,0.397403222
122,40,0.0048603175,-0.474579784,0.437981581
122,41,-0.00532178715,-0.51803243,0.482599776
122,42,-0.0167100725,-0.565767294,0.531659687
122,43,-0.029459402,-0.618201618,0.585603105
122,44,-0.0437463579,-0.675792268,0.644915685
122,45,-0.059772545,-0.739039272,0.710131285
122,46,-0.0777684293,-0.808489604,0.781836727
122,47,-0.0979978006,-0.884741241,0.860677029
122,48,-0.120762965,-0.968447484,0.94736115
122,49,-0.146410789,-1.06032152,1.04266829
122,50,-0.17533974,-1.16114127,1.14745479
122,51,-0.20800809,-1.27175435,1.26266177
122,52,-0.244943469,-1.39308338,1.38932339
122,53,-0.286754015,-1.52613119,1.52857601
122,54,-0.334141348,-1.67198624,1.68166821
122,55,-0.387915709,-1.83182785,1.84997172
122,56,-0.449013576,-2.00693121,2.03499348
122,57,-0.518518175,-2.19867192,2.23838874
122,58,-0.597683333,-2.40852982,2.46197555
122,59,-0.687961173,-2.63809171,2.70775044
122,60,-0.791034235,-2.88905256,2.97790571
122,61,-0.908852632,-3.16321456,3.27484826
122,62,-1.04367693,-3.46248336,3.60122016
122,63,-1.19812747,-3.78886053,3.95992114
122,64,-1.37524087,-4.14443108,4.35413306
122,65,-1.57853441,-4.53134478,4.78734665
122,66,-1.81207898,-4.95178945,5.26339053
122,67,-2.08058106,-5.40795421,5.78646286
122,68,-2.38947402,-5.90198044,6.36116562
122,69,-2.74501852,-6.43589758,6.99254183
122,70,-3.15441135,-7.01154067,7.6861159
122,71,-3.62590107,-7.63044644,8.4479371
122,72,-4.16890786,-8.29372433,9.28462658
122,73,-4.79414334,-9.0018994,10.2034279
122,74,-5.51372463,-9.75472435,11.2122611
122,75,-6.34127472,-10.5509595,12.3197811
122,76,-7.29199907,-11.3881214,13.5354388
122,77,-8.38272631,-12.2622038,14.8695473
122,78,-9.63189945,-13.1673799,16.3333509
122,79,-11.0595034,-14.0956986,17.9390975
122,80,-12.6869163,-15.0367961,19.7001146
123,0,0.102463925,-0.0472381294,0
123,1,0.102300534,-0.0482246901,0.000999999283
123,2,0.102120418,-0.0493094628,0.0020996236
123,3,0.10192192,-0.0505022334,0.00330879791
123,4,0.101703178,-0.0518137552,0.00463843592
123,5,0.10146212,-0.0532558498,0.00610053853
123,6,0.101196458,-0.0548415135,0.00770830213
123,7,0.100903657,-0.0565850351,0.00947623774
123,8,0.100580914,-0.0585021236,0.0114203019
123,9,0.100225127,-0.0606100495,0.0135580405
123,10,0.0998328622,-0.0629277999,0.0159087476
123,11,0.0994003193,-0.0654762488,0.0184936388
123,12,0.098923288,-0.0682783442,0.0213360433
123,13,0.0983971032,-0.0713593135,0.024461614
123,14,0.0978165933,-0.0747468899,0.027898559
123,15,0.0971760222,-0.07847156,0.0316778961
123,16,0.0964690241,-0.0825668368,0.0358337327
123,17,0.0956885308,-0.0870695587,0.0404035732
123,18,0.094826689,-0.092020219,0.0454286575
123,19,0.0938747681,-0.0974633265,0.0509543328
123,20,0.0928230552,-0.103447802,0.0570304627
123,21,0.091660737,-0.110027415,0.0637118767
123,22,0.090375767,-0.117261259,0.0710588643
123,23,0.0889547132,-0.125214278,0.0791377191
123,24,0.0873825881,-0.133957844,0.0880213359
123,25,0.0856426533,-0.143570383,0.097789868
123,26,0.0837161989,-0.154138075,0.108531449
123,27,0.0815822924,-0.165755606,0.120342989
123,28,0.079217492,-0.17852701,0.133331042
123,29,0.0765955201,-0.192566573,0.147612774
123,30,0.0736868902,-0.207999842,0.163317011
123,31,0.0704584801,-0.224964713,0.180585401
123,32,0.0668730431,-0.243612638,0.199573692
123,33,0.062888648,-0.264109931,0.220453127
123,34,0.0584580356,-0.286639213,0.24341199
123,35,0.0535278794,-0.311400971,0.268657298
123,36,0.0480379344,-0.338615284,0.296416658
123,37,0.0419200571,-0.368523688,0.326940316
123,38,0.0350970737,-0.40139122,0.360503404
123,39,0.0274814746,-0.437508644,0.397408408
123,40,0.0189739039,-0.477194871,0.43798788
123,41,0.00946141152,-0.520799592,0.482607425
123,42,-0.00118457124,-0.568706137,0.53166897
123,43,-0.0131105798,-0.621334569,0.585614369
123,44,-0.0264838416,-0.679145035,0.644929347
123,45,-0.0414954413,-0.742641374,0.710147852
123,46,-0.0583640016,-0.812375012,0.78185681
123,47,-0.0773399648,-0.888949131,0.86070137
123,48,-0.0987105769,-0.973023122,0.947390644
123,49,-0.122805695,-1.06531733,1.04270402
123,50,-0.15000455,-1.16661809,1.14749807
123,51,-0.180743642,-1.27778297,1.26271419
123,52,-0.215525931,-1.39974628,1.38938686
123,53,-0.254931569,-1.53352479,1.52865286
123,54,-0.299630411,-1.68022345,1.68176125
123,55,-0.350396606,-1.84104119,1.85008434
123,56,-0.408125601,-2.01727661,2.03512979
123,57,-0.473853955,-2.21033324,2.23855372
123,58,-0.548782396,-2.42172438,2.4621752
123,59,-0.634302637,-2.65307693,2.70799203
123,60,-0.7320285,-2.90613406,2.97819803
123,61,-0.84383199,-3.18275592,3.27520194
123,62,-0.971884985,-3.48491804,3.60164806
123,63,-1.1187073,-3.8147063,3.96043881
123,64,-1.28722188,-4.17430754,4.3547593
123,65,-1.48081787,-4.56599466,4.7881042
123,66,-1.70342239,-4.99210433,5.2643069
123,67,-1.95958145,-5.45500572,5.78757129
123,68,-2.2545507,-5.95705782,6.36250633
123,69,-2.59439582,-6.50055278,6.99416346
123,70,-2.98610236,-7.08764223,7.68807724
123,71,-3.43769382,-7.7202434,8.45030927
123,72,-3.95835588,-8.39992132,9.28749558
123,73,-4.55856334,-9.1277439,10.2068977
123,74,-5.25020484,-9.90410657,11.2164575
123,75,-6.04669825,-10.7285246,12.324856
123,76,-6.9630878,-11.5993922,13.5415762
123,77,-8.01611134,-12.5137115,14.8769696
123,78,-9.22422476,-13.4667956,16.3423268
123,79,-10.607569,-14.4519588,17.9499522
123,80,-12.1878657,-15.4602091,19.7132411
124,0,0.110677173,-0.0485345325,0
124,1,0.110526549,-0.0495231229,0.000999999316
124,2,0.110360487,-0.050610136,0.00209962374
124,3,0.110177459,-0.0518053783,0.00330879827
124,4,0.109975743,-0.0531196268,0.00463843663
124,5,0.109753426,-0.0545647294,0.00610053976
124,6,0.10950839,-0.0561537121,0.0077083041
124,7,0.109238294,-0.057900896,0.00947624071
124,8,0.108940544,-0.059822026,0.0114203062
124,9,0.108612269,-0.061934413,0.0135580466
124,10,0.108250293,-0.0642570886,0.015908756
124,11,0.107851097,-0.066810976,0.0184936501
124,12,0.107410782,-0.0696190784,0.0213360584
124,13,0.106925026,-0.0727066843,0.0244616338
124,14,0.106389038,-0.0761015948,0.0278985847
124,15,0.105797498,-0.0798343724,0.0316779293
124,16,0.105144506,-0.0839386146,0.0358337751
124,17,0.104423501,-0.0884512542,0.0404036271
124,18,0.103627197,-0.0934128898,0.0454287257
124,19,0.102747485,-0.0988681478,0.0509544187
124,20,0.101775343,-0.104866081,0.0570305703
124,21,0.100700721,-0.111460606,0.0637120109
124,22,0.0995124153,-0.118710982,0.0710590313
124,23,0.0981979297,-0.12668234,0.0791379262
124,24,0.0967433116,-0.135446259,0.0880215921
124,25,0.0951329697,-0.145081401,0.0977901843
124,26,0.0933494659,-0.155674211,0.108531839
124,27,0.0913732783,-0.167319674,0.120343467
124,28,0.0891825308,-0.180122161,0.13333163
124,29,0.0867526845,-0.194196342,0.147613495
124,30,0.084056185,-0.209668195,0.163317893
124,31,0.0810620585,-0.22667611,0.18058648
124,32,0.0777354492,-0.245372098,0.199575009
124,33,0.0740370881,-0.265923111,0.220454734
124,34,0.0699226827,-0.288512495,0.24341395
124,35,0.0653422158,-0.313341572,0.268659685
124,36,0.0602391363,-0.34063137,0.296419564
124,37,0.0545494275,-0.370624518,0.326943852
124,38,0.0482005311,-0.403587309,0.360507704
124,39,0.0411101035,-0.439811951,0.397413633
124,40,0.0331845774,-0.479619026,0.437994227
124,41,0.0243174953,-0.523360154,0.482615132
124,42,0.0143875782,-0.571420901,0.531678324
124,43,0.00325648491,-0.624223926,0.585625718
124,44,-0.00923379155,-0.682232395,0.644943114
124,45,-0.0232639487,-0.745953672,0.710164545
124,46,-0.0390408938,-0.8159433,0.781877047
124,47,-0.056801841,-0.89280928,0.860725897
124,48,-0.0768190825,-0.977216663,0.947420364
124,49,-0.0994055504,-1.06989245,1.04274002
124,50,-0.124921301,-1.17163083,1.14754169
124,51,-0.153781081,-1.28329862,1.26276701
124,52,-0.18646315,-1.40584114,1.38945082
124,53,-0.223519585,-1.54028816,1.52873031
124,54,-0.265588295,-1.68776012,1.681855
124,55,-0.313407056,-1.84947445,1.85019783
124,56,-0.367829861,-2.02675175,2.03526715
124,57,-0.429846009,-2.22102199,2.23871996
124,58,-0.500602319,-2.43383007,2.46237637
124,59,-0.581429009,-2.66684093,2.70823547
124,60,-0.673869757,-2.92184346,2.97849259
124,61,-0.779716602,-3.200753,3.27555833
124,62,-0.901050337,-3.50561166,3.60207924
124,63,-1.04028718,-3.8385858,3.96096043
124,64,-1.20023247,-4.20195973,4.35539033
124,65,-1.38414226,-4.59812432,4.78886755
124,66,-1.59579353,-5.02955928,5.26523027
124,67,-1.83956388,-5.49880708,5.7886882
124,68,-2.1205211,-6.0084367,6.36385729
124,69,-2.44452313,-6.56099441,6.99579747
124,70,-2.81832823,-7.15893897,7.69005357
124,71,-3.24971461,-7.80455781,8.45269957
124,72,-3.74760811,-8.49986081,9.29038649
124,73,-4.32221504,-9.246448,10.210394
124,74,-4.98515614,-10.0453478,11.2206859
124,75,-5.7495956,-10.8968227,12.3299697
124,76,-6.63035698,-11.8001418,13.5477605
124,77,-7.6440157,-12.7533189,14.8844485
124,78,-8.80895559,-13.752822,16.3513713
124,79,-10.1453751,-14.7932608,17.9608898
124,80,-11.6752286,-15.8670668,19.7264679
125,0,0.119248916,-0.0497776409,0
125,1,0.119110474,-0.0507680108,0.000999999349
125,2,0.118957824,-0.0518569884,0.00209962389
125,3,0.11878956,-0.0530543985,0.00330879864
125,4,0.118604095,-0.0543710391,0.00463843735
125,5,0.118399666,-0.0558187812,0.00610054099
125,6,0.118174323,-0.0574106766,0.00770830607
125,7,0.117925905,-0.0591610751,0.00947624369
125,8,0.11765202,-0.0610857537,0.0114203105
125,9,0.11735002,-0.0632020585,0.0135580527
125,10,0.117016973,-0.0655290604,0.0159087644
125,11,0.116649631,-0.0680877264,0.0184936615
125,12,0.116244392,-0.0709011082,0.0213360735
125,13,0.115797266,-0.0739945486,0.0244616537
125,14,0.115303824,-0.0773959088,0.0278986106
125,15,0.114759149,-0.0811358186,0.0316779626
125,16,0.114157782,-0.0852479504,0.0358338178
125,17,0.113493656,-0.0897693208,0.0404036814
125,18,0.112760025,-0.0947406218,0.0454287943
125,19,0.111949381,-0.100206585,0.0509545049
125,20,0.111053365,-0.106216379,0.0570306783
125,21,0.11006266,-0.112824054,0.0637121457
125,22,0.108966877,-0.120089016,0.071059199
125,23,0.10775442,-0.128076561,0.0791381342
125,24,0.106412334,-0.136858455,0.0880218495
125,25,0.104926136,-0.146513571,0.0977905019
125,26,0.103279614,-0.157128591,0.10853223
125,27,0.101454612,-0.168798768,0.120343949
125,28,0.0994307656,-0.181628776,0.13333222
125,29,0.0971852207,-0.19573363,0.147614218
125,30,0.0946922947,-0.211239698,0.163318779
125,31,0.0919230977,-0.228285813,0.180587563
125,32,0.0888450952,-0.247024491,0.199576332
125,33,0.0854216058,-0.267623262,0.220456349
125,34,0.0816112242,-0.29026613,0.243415918
125,35,0.0773671566,-0.315155171,0.268662083
125,36,0.072636455,-0.342512277,0.296422484
125,37,0.0673591334,-0.372581073,0.326947404
125,38,0.0614671469,-0.405628994,0.360512022
125,39,0.054883211,-0.441949571,0.397418881
125,40,0.047519435,-0.481864911,0.438000602
125,41,0.0392757379,-0.525728403,0.482622872
125,42,0.0300380112,-0.573927663,0.531687719
125,43,0.0196759858,-0.626887739,0.585637117
125,44,0.00804075308,-0.685074579,0.64495694
125,45,-0.00503811788,-0.748998798,0.710181311
125,46,-0.0197559359,-0.819219744,0.781897371
125,47,-0.0363367956,-0.896349883,0.86075053
125,48,-0.0550381322,-0.981059516,0.947450213
125,49,-0.0761560326,-1.07408183,1.04277619
125,50,-0.100031432,-1.17621831,1.14758549
125,51,-0.127057344,-1.28834444,1.26282006
125,52,-0.157687306,-1.41141579,1.38951506
125,53,-0.192445236,-1.54647431,1.52880808
125,54,-0.231936944,-1.69465498,1.68194916
125,55,-0.276863574,-1.85719256,1.85031181
125,56,-0.328037296,-2.03542841,2.0354051
125,57,-0.386399611,-2.23081735,2.23888692
125,58,-0.453042706,-2.44493417,2.46257842
125,59,-0.529234326,-2.67947975,2.70847996
125,60,-0.616446721,-2.93628633,2.97878842
125,61,-0.716390282,-3.21732156,3.27591627
125,62,-0.831052548,-3.52469086,3.60251229
125,63,-0.962743342,-3.86063724,3.96148433
125,64,-1.11414684,-4.22753792,4.35602411
125,65,-1.28838141,-4.62789656,4.78963422
125,66,-1.48906813,-5.06432974,5.26615766
125,67,-1.72040874,-5.53954623,5.78980996
125,68,-1.98727381,-6.05631682,6.36521413
125,69,-2.29530163,-6.61743268,6.9974386
125,70,-2.65100804,-7.22564921,7.69203851
125,71,-3.06190682,-7.88361252,8.45510028
125,72,-3.53663973,-8.59376483,9.29329
125,73,-4.08511406,-9.35822532,10.2139055
125,74,-4.71864433,-10.1786425,11.2249327
125,75,-5.45009317,-11.0560151,12.3351058
125,76,-6.29400433,-11.9904784,13.5539718
125,77,-7.26671846,-12.981056,14.89196
125,78,-8.38646013,-14.025378,16.3604552
125,79,-9.67338241,-15.1193716,17.971875
125,80,-11.1495539,-16.2569337,19.7397524
126,0,0.128182964,-0.050964436,0
126,1,0.128056169,-0.0519563644,0.000999999383
126,2,0.127916343,-0.0530470628,0.00209962403
126,3,0.127762197,-0.0542463723,0.003308799
126,4,0.127592274,-0.0555651091,0.00463843806
126,5,0.127404955,-0.0570151647,0.00610054223
126,6,0.127198449,-0.0586096137,0.00770830805
126,7,0.126970769,-0.0603628313,0.00947624667
126,8,0.126719716,-0.0622906224,0.0114203148
126,9,0.126442857,-0.0644103643,0.0135580588
126,10,0.126137495,-0.0667411628,0.0159087728
126,11,0.125800639,-0.0693040234,0.0184936729
126,12,0.125428978,-0.0721220407,0.0213360887
126,13,0.125018834,-0.0752206055,0.0244616736
126,14,0.124566129,-0.0786276322,0.0278986365
126,15,0.124066334,-0.0823738102,0.031677996
126,16,0.123514416,-0.0864928784,0.0358338605
126,17,0.122904779,-0.0910219275,0.0404037356
126,18,0.1222312,-0.0960017326,0.0454288629
126,19,0.121486748,-0.101477118,0.0509545912
126,20,0.120663704,-0.107497359,0.0570307865
126,21,0.119753459,-0.114116618,0.0637122807
126,22,0.118746408,-0.121394437,0.0710593669
126,23,0.117631825,-0.129396258,0.0791383424
126,24,0.11639772,-0.138194015,0.0880221071
126,25,0.115030678,-0.147866767,0.0977908199
126,26,0.113515679,-0.15850141,0.108532622
126,27,0.111835882,-0.170193437,0.12034443
126,28,0.109972394,-0.183047795,0.133332812
126,29,0.107903992,-0.197179807,0.147614943
126,30,0.105606811,-0.212716192,0.163319666
126,31,0.103053986,-0.229796184,0.180588648
126,32,0.100215241,-0.248572754,0.199577657
126,33,0.0970564125,-0.269213954,0.220457965
126,34,0.0935389106,-0.291904383,0.243417889
126,35,0.0896190868,-0.316846801,0.268664484
126,36,0.0852475133,-0.344263888,0.296425406
126,37,0.0803681464,-0.374400168,0.326950959
126,38,0.0749173618,-0.407524124,0.360516345
126,39,0.0688228363,-0.443930488,0.397424135
126,40,0.0620022536,-0.483942763,0.438006984
126,41,0.054361803,-0.527915956,0.482630621
126,42,0.0457944374,-0.576239566,0.531697124
126,43,0.0361778486,-0.629340834,0.585648528
126,44,0.0253721146,-0.687688268,0.644970781
126,45,0.0132169601,-0.751795479,0.710198094
126,46,-0.000471431918,-0.822225328,0.781917717
126,47,-0.0159041369,-0.89959441,0.860775189
126,48,-0.0333238222,-0.984577892,0.947480093
126,49,-0.0530098032,-1.0779147,1.04281239
126,50,-0.0752839442,-1.18041311,1.14762934
126,51,-0.10051755,-1.29295667,1.26287316
126,52,-0.129139416,-1.41651048,1.38957937
126,53,-0.161645231,-1.55212793,1.52888594
126,54,-0.198608566,-1.70095757,1.68204342
126,55,-0.240693711,-1.86425041,1.8504259
126,56,-0.288670673,-2.0433673,2.0355432
126,57,-0.343432686,-2.23978643,2.23905405
126,58,-0.406016648,-2.45511074,2.46278068
126,59,-0.477626955,-2.69107502,2.70872471
126,60,-0.559663267,-2.94955244,2.97908457
126,61,-0.653752812,-3.23256019,3.27627457
126,62,-0.761787904,-3.54226365,3.60294579
126,63,-0.885969434,-3.88097859,3.96200878
126,64,-1.02885714,-4.25117061,4.35665854
126,65,-1.19342756,-4.65545072,4.79040168
126,66,-1.38314048,-5.09656614,5.26708601
126,67,-1.602015,-5.57738451,5.7909329
126,68,-1.85471573,-6.10086995,6.36657238
126,69,-2.14665018,-6.6700486,6.99908144
126,70,-2.48407756,-7.28796129,7.69402551
126,71,-2.87422909,-7.95760007,8.45750348
126,72,-3.32543939,-8.68182549,9.29619652
126,73,-3.84728734,-9.46326077,10.2174207
126,74,-4.45074408,-10.3041591,11.229184
126,75,-5.14832388,-11.2062401,12.3402471
126,76,-5.95423207,-12.1704928,13.5601895
126,77,-6.88450199,-13.1969423,14.8994794
126,78,-7.95711041,-14.2843811,16.3695485
126,79,-9.19205863,-15.4300662,17.9828717
126,80,-10.6114047,-16.6293922,19.7530507
127,0,0.137482796,-0.0520918506,0
127,1,0.137367156,-0.0530851412,0.000999999416
127,2,0.137239613,-0.0541773443,0.00209962418
127,3,0.13709899,-0.0553783148,0.00330879936
127,4,0.136943957,-0.0566988851,0.00463843878
127,5,0.136773031,-0.0581509648,0.00610054346
127,6,0.136584574,-0.0597476485,0.00770831002
127,7,0.136376768,-0.0615033335,0.00947624965
127,8,0.136147599,-0.0634338495,0.0114203192
127,9,0.135894839,-0.0655566015,0.0135580649
127,10,0.135616015,-0.0678907255,0.0159087812
127,11,0.13530839,-0.0704572615,0.0184936842
127,12,0.134968925,-0.0732793416,0.0213361038
127,13,0.134594249,-0.076382399,0.0244616934
127,14,0.134180619,-0.0797943954,0.0278986623
127,15,0.133723879,-0.0835460726,0.0316780293
127,16,0.133219406,-0.0876712283,0.0358339031
127,17,0.132662061,-0.0922070192,0.0404037898
127,18,0.132046123,-0.0971942939,0.0454289313
127,19,0.131365219,-0.102677959,0.0509546774
127,20,0.130612247,-0.108707383,0.0570308944
127,21,0.129779282,-0.115336833,0.0637124153
127,22,0.128857479,-0.122625965,0.0710595344
127,23,0.12783695,-0.130640357,0.0791385502
127,24,0.12670664,-0.139452088,0.0880223641
127,25,0.12545417,-0.149140388,0.0977911371
127,26,0.12406567,-0.159792341,0.108533013
127,27,0.122525583,-0.171503656,0.120344911
127,28,0.120816437,-0.184379524,0.133333401
127,29,0.118918597,-0.198535544,0.147615666
127,30,0.116809965,-0.214098753,0.163320551
127,31,0.114465646,-0.231208743,0.180589729
127,32,0.111857563,-0.250018898,0.199578978
127,33,0.108954011,-0.270697737,0.220459577
127,34,0.105719146,-0.293430402,0.243419855
127,35,0.102112394,-0.318420269,0.268666879
127,36,0.0980877709,-0.34589073,0.296428321
127,37,0.0935930949,-0.376087133,0.326954506
127,38,0.0885690764,-0.409278907,0.360520658
127,39,0.0829482639,-0.445761882,0.397429376
127,40,0.0766538216,-0.485860834,0.438013351
127,41,0.0695981117,-0.529932251,0.482638351
127,42,0.0616810479,-0.578367353,0.531706507
127,43,0.0527881806,-0.631595393,0.585659913
127,44,0.042788471,-0.690087231,0.64498459
127,45,0.0315316979,-0.754359236,0.710214838
127,46,0.0188454369,-0.824977507,0.781938016
127,47,0.00453153887,-0.902562451,0.860799791
127,48,-0.0116379793,-0.987793733,0.947509904
127,49,-0.0299257303,-1.0814156,1.0428485
127,50,-0.0506345579,-1.18424262,1.14767309
127,51,-0.0741140802,-1.29716583,1.26292614
127,52,-0.100768337,-1.42115924,1.38964352
127,53,-0.131064728,-1.55728685,1.52896362
127,54,-0.165544466,-1.7067099,1.68213745
127,55,-0.204834787,-1.87069461,1.85053973
127,56,-0.24966324,-2.05062006,2.03568098
127,57,-0.300874363,-2.24798638,2.2392208
127,58,-0.359449181,-2.46442294,2.46298247
127,59,-0.426527954,-2.70169641,2.70896889
127,60,-0.503436703,-2.96171854,2.97938002
127,61,-0.591718122,-3.24655324,3.27663205
127,62,-0.693167516,-3.55842256,3.60337827
127,63,-0.809874534,-3.8997111,3.962532
127,64,-0.944271507,-4.27296816,4.3572915
127,65,-1.09918928,-4.68090669,4.79116736
127,66,-1.2779215,-5.12639804,5.2680122
127,67,-1.48429824,-5.61246114,5.79205321
127,68,-1.72277012,-6.1422445,6.36792747
127,69,-1.99850345,-6.7189989,7.00072045
127,70,-2.31748748,-7.34603852,7.69600787
127,71,-2.68665377,-8.0266877,8.45990108
127,72,-3.1140078,-8.76420987,9.29909627
127,73,-3.60877198,-9.56171533,10.2209277
127,74,-4.18153814,-10.4220438,11.2334253
127,75,-4.84442652,-11.3476175,12.3453765
127,76,-5.61124642,-12.3402619,13.5663927
127,77,-6.4976517,-13.4009899,14.9069812
127,78,-7.521282,-14.5297483,16.3786206
127,79,-8.70187802,-15.7251284,17.9938427
127,80,-10.061357,-16.9840436,19.7663179
128,0,0.147151506,-0.0531567881,0
128,1,0.147046565,-0.054151266,0.000999999449
128,2,0.146930806,-0.0552447808,0.00209962433
128,3,0.146803158,-0.0564471998,0.00330879972
128,4,0.14666241,-0.0577693694,0.00463843949
128,5,0.146507216,-0.0592232151,0.00610054469
128,6,0.146336081,-0.0608218488,0.00770831198
128,7,0.146147349,-0.0625796874,0.00947625261
128,8,0.145939186,-0.0645125826,0.0114203235
128,9,0.14570956,-0.0666379632,0.013558071
128,10,0.145456218,-0.0689749923,0.0159087895
128,11,0.145176661,-0.0715447396,0.0184936955
128,12,0.144868117,-0.074370371,0.0213361188
128,13,0.144527508,-0.0774773565,0.0244617132
128,14,0.144151417,-0.0808936995,0.027898688
128,15,0.143736044,-0.0846501883,0.0316780624
128,16,0.143277167,-0.0887806725,0.0358339454
128,17,0.142770083,-0.0933223668,0.0404038436
128,18,0.142209558,-0.0983161851,0.0454289994
128,19,0.141589759,-0.103807107,0.050954763
128,20,0.140904179,-0.109844583,0.0570310016
128,21,0.140145557,-0.116482972,0.0637125492
128,22,0.139305779,-0.123782036,0.0710597009
128,23,0.138375774,-0.131807467,0.0791387567
128,24,0.137345391,-0.14063148,0.0880226196
128,25,0.136203256,-0.150333452,0.0977914525
128,26,0.134936618,-0.161000637,0.108533401
128,27,0.13353116,-0.172728936,0.120345388
128,28,0.131970799,-0.185623759,0.133333988
128,29,0.130237441,-0.199800954,0.147616384
128,30,0.128310708,-0.215387839,0.16332143
128,31,0.126167627,-0.232524332,0.180590805
128,32,0.123782266,-0.251364183,0.199580292
128,33,0.12112532,-0.272076339,0.220461181
128,34,0.118163628,-0.294846424,0.243421809
128,35,0.114859627,-0.319878376,0.26866926
128,36,0.111170704,-0.347396231,0.29643122
128,37,0.107048465,-0.377646081,0.326958033
128,38,0.102437877,-0.410898215,0.360524946
128,39,0.0972762766,-0.447449462,0.397434587
128,40,0.0914922212,-0.487625757,0.438019681
128,41,0.0850041559,-0.531784936,0.482646037
128,42,0.0777188621,-0.580319797,0.531715836
128,43,0.0695296542,-0.63366143,0.585671231
128,44,0.0603142807,-0.692282853,0.644998318
128,45,0.0499324792,-0.756702965,0.710231485
128,46,0.038223126,-0.827490844,0.781958197
128,47,0.025000911,-0.905270408,0.86082425
128,48,0.0100524569,-0.99072547,0.947539542
128,49,-0.0068682128,-1.08460519,1.04288441
128,50,-0.0260449696,-1.18772998,1.14771658
128,51,-0.0478057693,-1.30099779,1.26297882
128,52,-0.0725298891,-1.42539091,1.38970731
128,53,-0.100656391,-1.5619832,1.52904085
128,54,-0.132694023,-1.71194774,1.68223095
128,55,-0.169232798,-1.8765649,1.85065291
128,56,-0.210957536,-2.05723081,2.03581796
128,57,-0.258663706,-2.25546609,2.23938658
128,58,-0.313275934,-2.47292486,2.46318309
128,59,-0.375869635,-2.7114037,2.70921165
128,60,-0.44769625,-2.97285059,2.97967376
128,61,-0.530212698,-3.25937333,3.27698745
128,62,-0.625115655,-3.57324733,3.60380826
128,63,-0.734381428,-3.91692209,3.96305219
128,64,-0.860312222,-4.29302595,4.35792079
128,65,-1.0055897,-4.70436818,4.7919286
128,66,-1.1733368,-5.1539377,5.26893303
128,67,-1.36718882,-5.64489693,5.79316704
128,68,-1.59137481,-6.1805695,6.36927471
128,69,-1.85081025,-6.76442001,7.00234997
128,70,-2.15120189,-7.40002338,7.69797877
128,71,-2.49916549,-8.09102158,8.4622848
128,72,-2.9023566,-8.84106428,9.30197924
128,73,-3.36961426,-9.65373015,10.2244144
128,74,-3.91111648,-10.5324249,11.2376421
128,75,-4.53854521,-11.4802521,12.3504761
128,76,-5.26525728,-12.4998518,13.57256
128,77,-6.10645573,-13.5932049,14.9144396
128,78,-7.07935372,-14.7613985,16.3876402
128,79,-8.20332099,-16.0043524,18.0047502
128,80,-9.5,-17.3205081,19.7795084
129,0,0.157191755,-0.0541561427,0
129,1,0.15709709,-0.0551516514,0.000999999481
129,2,0.15699265,-0.0562463054,0.00209962447
129,3,0.156877467,-0.0574499825,0.00330880008
129,4,0.156750445,-0.0587735417,0.00463844019
129,5,0.156610366,-0.0602289219,0.00610054591
129,6,0.156455876,-0.0618292507,0.00770831392
129,7,0.156285477,-0.063588962,0.00947625555
129,8,0.156097505,-0.0655239262,0.0114203277
129,9,0.155890119,-0.0676515936,0.013558077
129,10,0.155661275,-0.0699911507,0.0159087978
129,11,0.155408707,-0.0725636935,0.0184937067
129,12,0.155129899,-0.0753924171,0.0213361336
129,13,0.154822057,-0.0785028242,0.0244617327
129,14,0.154482076,-0.0819229547,0.0278987134
129,15,0.154106505,-0.0856836378,0.0316780952
129,16,0.153691502,-0.0898187686,0.0358339874
129,17,0.153232793,-0.0943656131,0.040403897
129,18,0.152725612,-0.0993651427,0.0454290668
129,19,0.152164647,-0.104862402,0.0509548478
129,20,0.151543971,-0.110906912,0.0570311079
129,21,0.150856961,-0.117553116,0.0637126818
129,22,0.150096218,-0.124860866,0.0710598658
129,23,0.149253458,-0.132895959,0.0791389613
129,24,0.14831941,-0.141730726,0.0880228728
129,25,0.147283675,-0.151444679,0.097791765
129,26,0.146134588,-0.16212522,0.108533786
129,27,0.144859044,-0.173868425,0.120345861
129,28,0.143442304,-0.186779895,0.133334569
129,29,0.14186778,-0.200975702,0.147617096
129,30,0.14011677,-0.216583416,0.163322302
129,31,0.138168177,-0.233743245,0.180591871
129,32,0.135998163,-0.252609271,0.199581593
129,33,0.133579769,-0.27335082,0.220462769
129,34,0.130882463,-0.296153955,0.243423746
129,35,0.127871626,-0.321223117,0.268671618
129,36,0.124507955,-0.348782923,0.296434091
129,37,0.120746772,-0.379080138,0.326961526
129,38,0.116537227,-0.41238583,0.360529194
129,39,0.111821369,-0.448997734,0.397439749
129,40,0.106533066,-0.489242837,0.438025951
129,41,0.100596764,-0.533480202,0.482653651
129,42,0.093926024,-0.582104061,0.531725077
129,43,0.0864218355,-0.635547185,0.585682444
129,44,0.0779706449,-0.69428456,0.645011918
129,45,0.0684420596,-0.758837404,0.710247977
129,46,0.0576861693,-0.829777524,0.781978189
129,47,0.0455304208,-0.907732063,0.86084848
129,48,0.0317759673,-0.993388651,0.947568902
129,49,0.0161934044,-1.08750098,1.04291998
129,50,-0.00148221568,-1.19089482,1.14775966
129,51,-0.0215572134,-1.30447455,1.263031
129,52,-0.0443861019,-1.4292301,1.38977049
129,53,-0.0703795664,-1.56624449,1.52911735
129,54,-0.100013802,-1.71670174,1.68232356
129,55,-0.133841445,-1.88189541,1.85076502
129,56,-0.172504358,-2.06323746,2.03595365
129,57,-0.216748602,-2.26226765,2.23955081
129,58,-0.267441939,-2.48066316,2.46338184
129,59,-0.325594301,-2.72024852,2.70945215
129,60,-0.392381702,-2.98300557,2.97996476
129,61,-0.469174165,-3.27108327,3.27733953
129,62,-0.557568269,-3.58680705,3.60423422
129,63,-0.659425071,-3.93268736,3.96356751
129,64,-0.776914168,-4.31142683,4.3585442
129,65,-0.912564831,-4.72592546,4.79268273
129,66,-1.06932514,-5.179283,5.26984525
129,67,-1.25063023,-5.67479733,5.79427046
129,68,-1.46048063,-6.21595779,6.37060935
129,69,-1.70353195,-6.8064315,7.00396425
129,70,-1.98519677,-7.45004096,7.69993122
129,71,-2.31175985,-8.15073034,8.46464623
129,72,-2.69050711,-8.91251773,9.30483523
129,73,-3.12986867,-9.73942991,10.2278685
129,74,-3.63957559,-10.6354161,11.2418195
129,75,-4.2308288,-11.6042362,12.3555281
129,76,-4.91647779,-12.6493198,13.5786697
129,77,-5.71120463,-13.7735905,14.9218282
129,78,-6.63170734,-14.9792537,16.3965755
129,79,-7.69687373,-16.2675427,18.0155557
129,80,-8.92793474,-17.6384253,19.7925755
130,0,0.167605717,-0.0550868218,0
130,1,0.167520933,-0.0560832207,0.000999999514
130,2,0.167427378,-0.0571788588,0.00209962461
130,3,0.167324183,-0.0583836231,0.00330880044
130,4,0.167210364,-0.0597083833,0.00463844088
130,5,0.167084826,-0.0611650903,0.00610054711
130,6,0.166946351,-0.0627668849,0.00770831583
130,7,0.16679359,-0.064528216,0.00947625844
130,8,0.166625048,-0.0664649706,0.0114203319
130,9,0.166439066,-0.0685946172,0.0135580829
130,10,0.166233802,-0.070936363,0.0159088059
130,11,0.166007215,-0.0735113269,0.0184937177
130,12,0.165757037,-0.0763427294,0.0213361483
130,13,0.165480747,-0.0794561019,0.024461752
130,14,0.165175544,-0.0828795163,0.0278987385
130,15,0.164838311,-0.0866438373,0.0316781275
130,16,0.164465578,-0.0907830001,0.0358340288
130,17,0.164053482,-0.0953343157,0.0404039496
130,18,0.163597712,-0.100338806,0.0454291334
130,19,0.163093463,-0.105841571,0.0509549315
130,20,0.162535365,-0.111892198,0.0570312127
130,21,0.16191742,-0.1185452,0.0637128127
130,22,0.161232916,-0.125860511,0.0710600287
130,23,0.160474341,-0.133904019,0.0791391633
130,24,0.159633272,-0.14274816,0.0880231226
130,25,0.158700263,-0.152472563,0.0977920733
130,26,0.157664704,-0.163164763,0.108534166
130,27,0.156514667,-0.174920988,0.120346328
130,28,0.155236729,-0.187847012,0.133335142
130,29,0.153815764,-0.202059104,0.147617799
130,30,0.152234711,-0.217685061,0.163323162
130,31,0.150474301,-0.234865347,0.180592922
130,32,0.148512748,-0.253754342,0.199582878
130,33,0.146325386,-0.274521712,0.220464336
130,34,0.143884257,-0.297353911,0.243425656
130,35,0.141157631,-0.322455833,0.268673946
130,36,0.138109452,-0.350052618,0.296436925
130,37,0.134698695,-0.380391636,0.326964974
130,38,0.130878624,-0.413744658,0.360533386
130,39,0.126595925,-0.450410235,0.397444844
130,40,0.121789705,-0.490716307,0.43803214
130,41,0.116390327,-0.535023051,0.482661165
130,42,0.110318054,-0.583726,0.531734198
130,43,0.103481464,-0.637259449,0.58569351
130,44,0.0957756197,-0.696100182,0.645025341
130,45,0.0870799115,-0.760771527,0.710264253
130,46,0.0772555606,-0.831847786,0.78199792
130,47,0.0661426912,-0.909959054,0.860872394
130,48,0.053556915,-0.995796454,0.94759788
130,49,0.0392853364,-1.09011783,1.04295508
130,50,0.0230818825,-1.1937539,1.14780219
130,51,0.00466183761,-1.30761494,1.2630825
130,52,-0.0163045518,-1.43269794,1.38983286
130,53,-0.0401995647,-1.57009433,1.52919286
130,54,-0.0674667716,-1.7209983,1.68241497
130,55,-0.0986212998,-1.88671558,1.85087567
130,56,-0.134261854,-2.06867283,2.03608758
130,57,-0.17508479,-2.26842752,2.23971289
130,58,-0.221900588,-2.48767831,2.46357798
130,59,-0.275653131,-2.7282757,2.7096895
130,60,-0.337442243,-2.9922331,2.98025195
130,61,-0.408550039,-3.28173783,3.27768701
130,62,-0.490471677,-3.59916203,3.60465462
130,63,-0.58495122,-3.94707313,3.96407611
130,64,-0.694023403,-4.32824332,4.35915946
130,65,-0.820062161,-4.74565764,4.793427
130,66,-0.965836912,-5.20251982,5.27074555
130,67,-1.13457764,-5.70225511,5.79535946
130,68,-1.33004995,-6.24850878,6.37192656
130,69,-1.55664115,-6.84513895,7.00555744
130,70,-1.81945876,-7.49620194,7.70185818
130,71,-2.12444227,-8.20592803,8.46697681
130,72,-2.47848936,-8.97868488,9.30765392
130,73,-2.88959701,-9.81892573,10.2312775
130,74,-3.36701772,-10.7311186,11.2459422
130,75,-3.92143038,-11.7196525,12.3605141
130,76,-4.56512392,-12.7887167,13.5846995
130,77,-5.31219106,-13.9421477,14.9291203
130,78,-6.17872722,-15.1832397,16.405394
130,79,-7.18302771,-16.5145157,18.0262201
130,80,-8.3457738,-17.9374548,19.8054719
131,0,0.178395026,-0.0559457691,0
131,1,0.178319753,-0.0569429317,0.000999999545
131,2,0.178236675,-0.0580394141,0.00209962475
131,3,0.178145022,-0.0592451116,0.00330880078
131,4,0.178043915,-0.0605709028,0.00463844156
131,5,0.177932378,-0.0620287492,0.00610054829
131,6,0.177809325,-0.063631803,0.00770831772
131,7,0.177673553,-0.0653945259,0.00947626129
131,8,0.177523726,-0.0673328193,0.0114203361
131,9,0.177358362,-0.0694641677,0.0135580887
131,10,0.177175817,-0.0718077959,0.015908814
131,11,0.176974266,-0.0743848428,0.0184937285
131,12,0.176751678,-0.0772185511,0.0213361627
131,13,0.1765058,-0.0803344769,0.024461771
131,14,0.176234123,-0.0837607199,0.0278987631
131,15,0.175933855,-0.0875281759,0.0316781593
131,16,0.175601885,-0.091670815,0.0358340695
131,17,0.175234748,-0.0962259872,0.0404040013
131,18,0.174828576,-0.101234758,0.0454291988
131,19,0.174379052,-0.106742279,0.0509550138
131,20,0.173881351,-0.11279819,0.0570313158
131,21,0.173330078,-0.119457069,0.0637129414
131,22,0.172719192,-0.126778921,0.0710601887
131,23,0.172041926,-0.134829714,0.0791393618
131,24,0.171290688,-0.143681974,0.0880233682
131,25,0.170456954,-0.153415436,0.0977923764
131,26,0.169531144,-0.164117752,0.108534539
131,27,0.168502479,-0.175885282,0.120346787
131,28,0.167358816,-0.188823955,0.133335705
131,29,0.16608646,-0.203050214,0.14761849
131,30,0.164669949,-0.218692056,0.163324008
131,31,0.163091804,-0.235890173,0.180593956
131,32,0.161332244,-0.254799209,0.199584141
131,33,0.159368851,-0.275589134,0.220465877
131,34,0.15717619,-0.29844675,0.243427535
131,35,0.154725367,-0.323577356,0.268676235
131,36,0.151983515,-0.35120656,0.296439711
131,37,0.148913199,-0.381582273,0.326968363
131,38,0.145471732,-0.414976897,0.360537507
131,39,0.14161037,-0.45168972,0.397449853
131,40,0.137273387,-0.492049537,0.438038224
131,41,0.13239699,-0.536417529,0.482668553
131,42,0.126908062,-0.585190405,0.531743164
131,43,0.120722695,-0.638803842,0.585704389
131,44,0.113744482,-0.697736249,0.645038536
131,45,0.10586252,-0.762512874,0.710280253
131,46,0.0969490811,-0.833710285,0.782017317
131,47,0.0868568899,-0.911961262,0.860895902
131,48,0.0754159454,-0.99796012,0.947626366
131,49,0.0624297988,-1.09246849,1.04298959
131,50,0.0476712009,-1.19632163,1.14784399
131,51,0.0308770077,-1.3104352,1.26313313
131,52,0.0117422139,-1.43581265,1.38989416
131,53,-0.0100870339,-1.5735532,1.52926708
131,54,-0.0350216227,-1.72486034,1.68250483
131,55,-0.0635390629,-1.89105102,1.85098444
131,56,-0.0961947237,-2.07356547,2.03621923
131,57,-0.133634996,-2.27397752,2.23987223
131,58,-0.176612712,-2.49400567,2.46377081
131,59,-0.226005197,-2.7355245,2.70992283
131,60,-0.282835403,-3.00057666,2.98053428
131,61,-0.348296626,-3.29138506,3.2780286
131,62,-0.423781399,-3.61036528,3.6050679
131,63,-0.510915223,-3.96013773,3.96457608
131,64,-0.611595904,-4.34353939,4.3597643
131,65,-0.728039357,-4.76363458,4.79415866
131,66,-0.862832829,-5.22372417,5.27163059
131,67,-1.01899661,-5.72735247,5.79642999
131,68,-1.20005538,-6.27831075,6.37322144
131,69,-1.4101204,-6.88063626,7.00712363
131,70,-1.65398391,-7.53860502,7.70375246
131,71,-1.93722683,-8.25671662,8.46926788
131,72,-2.26634108,-9.0396686,9.31042483
131,73,-2.64886757,-9.89231754,10.2346286
131,74,-3.09355026,-10.8196238,11.2499951
131,75,-3.61050668,-11.8265755,12.3654155
131,76,-4.21141409,-12.9180887,13.5906271
131,77,-4.90970945,-14.0988769,14.9362888
131,78,-5.72080003,-15.3732876,16.414063
131,79,-6.66227928,-16.7450995,18.0367036
131,80,-7.7541406,-18.2172765,19.8181496
132,0,0.189560724,-0.0567299898,0
132,1,0.189494612,-0.0577278016,0.000999999576
132,2,0.189421628,-0.0588250023,0.00209962489
132,3,0.189341094,-0.0600314937,0.00330880112
132,4,0.189252236,-0.0613581624,0.00463844223
132,5,0.189154191,-0.0628169788,0.00610054944
132,6,0.189046001,-0.0644211049,0.00770831956
132,7,0.188926603,-0.0661850135,0.00947626407
132,8,0.188794817,-0.0681246182,0.0114203401
132,9,0.188649332,-0.0702574171,0.0135580944
132,10,0.188488693,-0.0726026506,0.0159088218
132,11,0.188311284,-0.0751814745,0.0184937391
132,12,0.188115307,-0.0780171506,0.0213361769
132,13,0.187898765,-0.0811352565,0.0244617895
132,14,0.187659433,-0.0845639156,0.0278987873
132,15,0.187394833,-0.0883340508,0.0316781905
132,16,0.187102204,-0.0924796621,0.0358341093
132,17,0.186778466,-0.0970381336,0.040404052
132,18,0.186420179,-0.102050569,0.0454292628
132,19,0.186023502,-0.107562162,0.0509550944
132,20,0.185584139,-0.113622602,0.0570314168
132,21,0.18509728,-0.120286521,0.0637130673
132,22,0.184557537,-0.127613985,0.0710603454
132,23,0.183958867,-0.135671035,0.0791395561
132,24,0.183294487,-0.144530274,0.0880236086
132,25,0.182556773,-0.154271528,0.0977926732
132,26,0.181737147,-0.164982552,0.108534905
132,27,0.18082595,-0.176759824,0.120347237
132,28,0.179812288,-0.189709407,0.133336257
132,29,0.178683866,-0.203947897,0.147619166
132,30,0.177426785,-0.219603466,0.163324835
132,31,0.176025317,-0.236817011,0.180594968
132,32,0.174461643,-0.255743407,0.199585377
132,33,0.17271555,-0.276552892,0.220467385
132,34,0.170764079,-0.299432578,0.243429374
132,35,0.168581117,-0.324588122,0.268678475
132,36,0.166136933,-0.352245549,0.296442439
132,37,0.163397625,-0.382653252,0.326971681
132,38,0.160324493,-0.416084197,0.360541542
132,39,0.156873299,-0.452838327,0.397454756
132,40,0.152993412,-0.493245207,0.43804418
132,41,0.148626813,-0.537666916,0.482675784
132,42,0.143706932,-0.58650122,0.531751941
132,43,0.1381573,-0.640185038,0.585715038
132,44,0.131889962,-0.699198246,0.645051453
132,45,0.124803641,-0.764067822,0.710295916
132,46,0.116781585,-0.835372384,0.782036305
132,47,0.107689044,-0.913747147,0.860918916
132,48,0.097370334,-0.999889315,0.947654252
132,49,0.0856453901,-1.09456397,1.04302338
132,50,0.0723057345,-1.19861047,1.14788491
132,51,0.0571097568,-1.31294941,1.26318269
132,52,0.0397771825,-1.43859015,1.38995418
132,53,0.0199825928,-1.57663897,1.52933974
132,54,-0.00265217117,-1.7283079,1.6825928
132,55,-0.0285669124,-1.89492419,1.85109092
132,56,-0.058273515,-2.07794048,2.03634812
132,57,-0.0923681798,-2.27894566,2.24002821
132,58,-0.131545765,-2.49967644,2.46395957
132,59,-0.176616591,-2.74202959,2.71015124
132,60,-0.228526126,-3.00807469,2.98081066
132,61,-0.288378031,-3.30006755,3.278363
132,62,-0.357461129,-3.62046382,3.60547246
132,63,-0.437280928,-3.97193294,3.96506552
132,64,-0.529596437,-4.3573719,4.36035639
132,65,-0.636463095,-4.77991853,4.7948749
132,66,-0.76028277,-5.24296386,5.27249699
132,67,-0.903861852,-5.75016288,5.79747798
132,68,-1.07047861,-6.30544277,6.37448904
132,69,-1.26396105,-6.91300776,7.00865682
132,70,-1.48877664,-7.57733905,7.70560685
132,71,-1.75013527,-8.30318819,8.47151069
132,72,-2.05410677,-9.09556199,9.31313737
132,73,-2.40775434,-9.95969621,10.2379092
132,74,-2.819285,-10.9010152,11.2539626
132,75,-3.2982176,-11.925074,12.3702137
132,76,-3.85556874,-13.0374785,13.5964298
132,77,-4.50405565,-14.2437793,14.9433063
132,78,-5.25831434,-15.5493343,16.4225494
132,79,-6.13512918,-16.9591349,18.0469664
132,80,-7.15366865,-18.4775907,19.8305604
133,0,0.201103206,-0.0574365758,0
133,1,0.201045924,-0.0584349334,0.000999999607
133,2,0.200982669,-0.059532738,0.00209962502
133,3,0.200912854,-0.0607398973,0.00330880145
133,4,0.200835804,-0.0620673045,0.00463844288
133,5,0.200750769,-0.0635269374,0.00610055057
133,6,0.200656912,-0.0651319666,0.00770832136
133,7,0.200553306,-0.066896874,0.00947626679
133,8,0.200438921,-0.0688375838,0.0114203441
133,9,0.200312612,-0.0709716058,0.0135581
133,10,0.200173108,-0.0733181932,0.0159088295
133,11,0.200018994,-0.0758985165,0.0184937495
133,12,0.199848699,-0.0787358538,0.0213361906
133,13,0.199660473,-0.0818558009,0.0244618076
133,14,0.199452366,-0.0852865017,0.0278988108
133,15,0.199222205,-0.0890589019,0.0316782208
133,16,0.198967567,-0.0932070276,0.0358341481
133,17,0.198685747,-0.0977682916,0.0404041014
133,18,0.198373722,-0.10278383,0.0454293252
133,19,0.198028111,-0.108298875,0.0509551729
133,20,0.197645132,-0.114363155,0.0570315151
133,21,0.197220544,-0.121031352,0.0637131901
133,22,0.196749595,-0.128363584,0.0710604981
133,23,0.196226948,-0.136425951,0.0791397455
133,24,0.195646605,-0.145291128,0.0880238429
133,25,0.195001821,-0.155039017,0.0977929624
133,26,0.194284995,-0.165757464,0.108535261
133,27,0.19348756,-0.177543049,0.120347675
133,28,0.192599846,-0.190501949,0.133336795
133,29,0.191610921,-0.204750897,0.147619825
133,30,0.190508416,-0.220418218,0.163325642
133,31,0.18927832,-0.237644985,0.180595955
133,32,0.187904736,-0.256586278,0.199586582
133,33,0.186369611,-0.277412568,0.220468855
133,34,0.184652416,-0.300311243,0.243431166
133,35,0.182729774,-0.325488275,0.268680658
133,36,0.180575035,-0.353170053,0.296445097
133,37,0.178157774,-0.383605401,0.326974915
133,38,0.175443219,-0.417067781,0.360545474
133,39,0.172391576,-0.45385772,0.397459534
133,40,0.168957244,-0.494305464,0.438049984
133,41,0.16508791,-0.538773894,0.482682831
133,42,0.16072348,-0.587661718,0.531760494
133,43,0.155794846,-0.641406965,0.585725416
133,44,0.150222434,-0.700490823,0.645064042
133,45,0.143914518,-0.765441821,0.71031118
133,46,0.136765243,-0.836840419,0.78205481
133,47,0.128652313,-0.915324019,0.860941344
133,48,0.119434289,-1.00159243,0.947681428
133,49,0.108947427,-1.09641384,1.0430563
133,50,0.0970019659,-1.20063134,1.14792479
133,51,0.0833777859,-1.31516995,1.26323099
133,52,0.0678193196,-1.4410444,1.39001266
133,53,0.0500295823,-1.57936739,1.52941056
133,54,0.0296631738,-1.73135872,1.68267853
133,55,0.00631807072,-1.89835497,1.85119469
133,56,-0.0204740008,-2.08182012,2.03647372
133,57,-0.0512588572,-2.28335679,2.24018022
133,58,-0.0866731007,-2.50471836,2.46414353
133,59,-0.12745965,-2.74782183,2.71037385
133,60,-0.174485944,-3.01476151,2.98108001
133,61,-0.22876528,-3.30782331,3.27868889
133,62,-0.291481795,-3.6294997,3.60586674
133,63,-0.364019714,-3.98250517,3.96554251
133,64,-0.447997543,-4.36979191,4.36093342
133,65,-0.545308015,-4.79456545,4.79557293
133,66,-0.658164684,-5.26029998,5.27334134
133,67,-0.789156188,-5.77075265,5.79849931
133,68,-0.941309319,-6.32997635,6.37572439
133,69,-1.11816216,-6.9423299,7.01015101
133,70,-1.32384867,-7.61248477,7.70741406
133,71,-1.56319608,-8.34542665,8.47369645
133,72,-1.84183682,-9.14645027,9.31578091
133,73,-2.1663362,-10.0211452,10.2411064
133,74,-2.54433752,-10.9753702,11.2578292
133,75,-2.98472563,-12.0152121,12.3748899
133,76,-3.49780989,-13.1469269,13.602085
133,77,-4.09552658,-14.3768575,14.9501452
133,78,-4.79166029,-15.7113229,16.43082
133,79,-5.60208208,-17.1564756,18.056968
133,80,-6.54500096,-18.7181185,19.8426554
134,0,0.213022164,-0.0580627323,0
134,1,0.212973395,-0.0590615419,0.000999999636
134,2,0.212919522,-0.060159847,0.00209962515
134,3,0.212860045,-0.06136756,0.00330880177
134,4,0.212794385,-0.0626955796,0.00463844351
134,5,0.212721899,-0.06415589,0.00610055166
134,6,0.21264187,-0.0657616686,0.0077083231
134,7,0.212553501,-0.0675274054,0.00947626942
134,8,0.212455907,-0.0694690331,0.0114203479
134,9,0.212348105,-0.0716040714,0.0135581054
134,10,0.212229,-0.0739517845,0.0159088369
134,11,0.212097375,-0.076533355,0.0184937595
134,12,0.211951875,-0.0793720749,0.021336204
134,13,0.211790992,-0.0824935551,0.0244618252
134,14,0.211613041,-0.085925957,0.0278988337
134,15,0.211416148,-0.0897002456,0.0316782502
134,16,0.211198215,-0.0938504687,0.0358341858
134,17,0.210956902,-0.0984140639,0.0404041492
134,18,0.21068959,-0.103432195,0.0454293857
134,19,0.210393347,-0.108950125,0.050955249
134,20,0.210064888,-0.115017619,0.0570316105
134,21,0.20970053,-0.121689397,0.0637133091
134,22,0.209296135,-0.129025625,0.0710606462
134,23,0.208847056,-0.137092454,0.0791399292
134,24,0.20834806,-0.145962617,0.0880240701
134,25,0.207793258,-0.155716083,0.0977932429
134,26,0.207176004,-0.166440776,0.108535606
134,27,0.206488798,-0.178233362,0.1203481
134,28,0.205723162,-0.191200122,0.133337316
134,29,0.204869501,-0.2054579,0.147620464
134,30,0.203916943,-0.221135158,0.163326424
134,31,0.202853155,-0.238373119,0.180596911
134,32,0.201664128,-0.257327041,0.19958775
134,33,0.200333927,-0.278167601,0.220470281
134,34,0.198844409,-0.301082423,0.243432904
134,35,0.197174886,-0.326277754,0.268682776
134,36,0.195301737,-0.353980305,0.296447674
134,37,0.193197964,-0.384439274,0.326978051
134,38,0.190832665,-0.41792856,0.360549287
134,39,0.188170427,-0.454749203,0.397464168
134,40,0.18517062,-0.495232049,0.438055613
134,41,0.181786567,-0.539740687,0.482689667
134,42,0.177964582,-0.588674655,0.53176879
134,43,0.173642848,-0.642472969,0.585735482
134,44,0.168750097,-0.701617977,0.64507625
134,45,0.163204078,-0.76663959,0.710325985
134,46,0.156909761,-0.838119906,0.782072757
134,47,0.149757228,-0.916698277,0.860963095
134,48,0.141619219,-1.00307684,0.947707785
134,49,0.13234824,-1.09802657,1.04308823
134,50,0.12177319,-1.20239387,1.14796347
134,51,0.109695395,-1.31710779,1.26327783
134,52,0.0958839628,-1.44318783,1.39006939
134,53,0.0800703316,-1.58175251,1.52947924
134,54,0.0619418783,-1.7340286,1.68276167
134,55,0.0411344133,-1.90136114,1.85129534
134,56,0.0172233754,-2.08522435,2.03659554
134,57,-0.0102865033,-2.28723326,2.24032765
134,58,-0.0419733249,-2.50915635,2.46432194
134,59,-0.0785122583,-2.75292904,2.71058974
134,60,-0.120692235,-3.02066805,2.98134123
134,61,-0.169435533,-3.31468669,3.27900495
134,62,-0.22582073,-3.63751097,3.60624913
134,63,-0.291109603,-3.99189646,3.96600512
134,64,-0.366778618,-4.38084572,4.36149306
134,65,-0.45455577,-4.80762617,4.79624991
134,66,-0.556463621,-5.27578809,5.27416024
134,67,-0.674869532,-5.78918224,5.79948985
134,68,-0.812544178,-6.3519768,6.3769225
134,69,-0.972729585,-6.96867266,7.01160016
134,70,-1.15921806,-7.64411634,7.70916679
134,71,-1.37644351,-8.38350932,8.47581631
134,72,-1.62958671,-9.19241226,9.31834475
134,73,-1.9246962,-10.0767423,10.2442071
134,74,-2.26882654,-11.0427609,11.2615792
134,75,-2.67019535,-12.0970503,12.3794251
134,76,-3.13836072,-13.2464737,13.6075696
134,77,-3.68441981,-14.4981166,14.956778
134,78,-4.32122918,-15.859204,16.4388412
134,79,-5.06364611,-17.3369884,18.0666682
134,80,-5.92878931,-18.9386026,19.8543857
135,0,0.225316534,-0.0586058047,0
135,1,0.225275974,-0.0596049815,0.000999999664
135,2,0.225231152,-0.0607036933,0.00209962528
135,3,0.225181646,-0.0619118563,0.00330880208
135,4,0.225126975,-0.0632403739,0.00463844412
135,5,0.225066598,-0.0647012354,0.00610055271
135,6,0.224999912,-0.0663076241,0.00770832478
135,7,0.224926249,-0.0680740363,0.00947627196
135,8,0.224844863,-0.070016412,0.0114203516
135,9,0.224754926,-0.0721522788,0.0135581106
135,10,0.224655517,-0.0745009101,0.0159088441
135,11,0.224545607,-0.0770834986,0.0184937692
135,12,0.224424054,-0.0799233475,0.0213362169
135,13,0.224289581,-0.0830460807,0.0244618421
135,14,0.224140765,-0.0864798736,0.0278988557
135,15,0.223976016,-0.0902557075,0.0316782786
135,16,0.223793556,-0.0944076485,0.0358342221
135,17,0.223591398,-0.0989731543,0.0404041954
135,18,0.223367315,-0.103993413,0.0454294441
135,19,0.223118812,-0.109513711,0.0509553225
135,20,0.222843089,-0.115583846,0.0570317025
135,21,0.222537002,-0.122258571,0.063713424
135,22,0.222197016,-0.129598088,0.0710607891
135,23,0.221819152,-0.137668595,0.0791401064
135,24,0.221398926,-0.146542872,0.0880242894
135,25,0.220931281,-0.156300947,0.0977935135
135,26,0.220410505,-0.167030807,0.10853594
135,27,0.219830139,-0.178829194,0.120348509
135,28,0.219182872,-0.191802472,0.133337819
135,29,0.218460416,-0.206067587,0.147621081
135,30,0.217653365,-0.22175311,0.163327179
135,31,0.21675103,-0.2390004,0.180597834
135,32,0.215741252,-0.257964862,0.199588877
135,33,0.214610177,-0.278817351,0.220471656
135,34,0.213342004,-0.301745694,0.243434581
135,35,0.211918687,-0.326956377,0.268684819
135,36,0.21031959,-0.354676387,0.296450161
135,37,0.208521087,-0.385155246,0.326981077
135,38,0.20649609,-0.418667233,0.360552966
135,39,0.204213513,-0.455513831,0.397468639
135,40,0.201637631,-0.496026412,0.438061044
135,41,0.198727339,-0.54056918,0.482696261
135,42,0.195435294,-0.589542402,0.531776794
135,43,0.191706896,-0.643385954,0.585745193
135,44,0.187479112,-0.702583207,0.645088029
135,45,0.182679096,-0.767665283,0.710340267
135,46,0.177222563,-0.839215726,0.782090071
135,47,0.171011904,-0.917875607,0.86098408
135,48,0.163933961,-1.00434912,0.947733214
135,49,0.155857429,-1.09940971,1.04311904
135,50,0.146629802,-1.20390673,1.14800079
135,51,0.136073801,-1.31877277,1.26332302
135,52,0.123983169,-1.44503164,1.39012411
135,53,0.11011775,-1.58380699,1.52954549
135,54,0.0941977022,-1.73633184,1.68284188
135,55,0.0758967068,-1.9039588,1.85139243
135,56,0.0548339959,-2.08817122,2.03671306
135,57,0.0305649864,-2.29059531,2.24046988
135,58,0.00257028436,-2.51301309,2.46449406
135,59,-0.0297572281,-2.7573765,2.71079802
135,60,-0.0671275524,-3.02582248,2.98159325
135,61,-0.110371368,-3.32068902,3.27930987
135,62,-0.160460913,-3.64453238,3.60661804
135,63,-0.218534472,-4.00014525,3.96645142
135,64,-0.285925081,-4.39057575,4.36203296
135,65,-0.364194156,-4.81914734,4.79690302
135,66,-0.455170837,-5.28947928,5.27495027
135,67,-0.560997993,-5.80550732,5.80044547
135,68,-0.684185931,-6.37150443,6.37807838
135,69,-0.827674993,-6.99210079,7.01299821
135,70,-0.994908403,-7.67230254,7.71085773
135,71,-1.18991681,-8.41750819,8.47786144
135,72,-1.41741621,-9.23352167,9.3208182
135,73,-1.68292087,-10.1265603,10.2471985
135,74,-1.99287328,-11.103256,11.265197
135,75,-2.35479284,-12.1706472,12.3838004
135,76,-2.77744507,-13.3361585,13.6128609
135,77,-3.27103319,-14.6075647,14.963177
135,78,-3.84741305,-15.9929352,16.4465796
135,79,-4.52033233,-17.5005537,18.0760263
135,80,-5.30569355,-19.1388067,19.8657026
136,0,0.237984437,-0.0590633061,0
136,1,0.237951797,-0.060062773,0.000999999691
136,2,0.237915704,-0.0611618062,0.0020996254
136,3,0.23787582,-0.0623703252,0.00330880238
136,4,0.237831752,-0.0636992371,0.00463844471
136,5,0.23778306,-0.0651605352,0.00610055372
136,6,0.237729252,-0.0667674074,0.00770832639
136,7,0.237669783,-0.0685343551,0.0094762744
136,8,0.237604043,-0.0704773243,0.0114203551
136,9,0.237531355,-0.0726138491,0.0135581156
136,10,0.237450963,-0.07496321,0.0159088509
136,11,0.237362026,-0.0775466079,0.0184937785
136,12,0.237263602,-0.0803873553,0.0213362292
136,13,0.237154643,-0.0835110863,0.0244618583
136,14,0.237033977,-0.086945988,0.0278988768
136,15,0.236900292,-0.0907230548,0.0316783058
136,16,0.236752119,-0.0948763675,0.035834257
136,17,0.236587815,-0.0994434006,0.0404042397
136,18,0.236405534,-0.104465361,0.0454295001
136,19,0.236203205,-0.109987557,0.050955393
136,20,0.2359785,-0.116059809,0.0570317908
136,21,0.235728801,-0.1227369,0.0637135341
136,22,0.235451157,-0.130079063,0.0710609261
136,23,0.235142243,-0.13815253,0.0791402764
136,24,0.234798304,-0.147030124,0.0880244996
136,25,0.234415097,-0.156791919,0.097793773
136,26,0.23398782,-0.167525957,0.108536259
136,27,0.233511032,-0.179329041,0.120348903
136,28,0.232978562,-0.192307608,0.133338302
136,29,0.232383401,-0.206578683,0.147621672
136,30,0.231717578,-0.222270936,0.163327903
136,31,0.230972018,-0.239525832,0.180598719
136,32,0.230136373,-0.258498908,0.199589958
136,33,0.229198834,-0.279361164,0.220472976
136,34,0.228145902,-0.302300601,0.24343619
136,35,0.226962127,-0.327523905,0.268686778
136,36,0.225629811,-0.355258302,0.296452546
136,37,0.224128648,-0.385753587,0.326983979
136,38,0.222435315,-0.419284364,0.360556494
136,39,0.22052299,-0.456152497,0.397472927
136,40,0.218360796,-0.496689807,0.438066253
136,41,0.215913138,-0.541261029,0.482702585
136,42,0.213138945,-0.590267057,0.53178447
136,43,0.209990769,-0.644148511,0.585754507
136,44,0.20641374,-0.703389646,0.645099326
136,45,0.202344339,-0.768522636,0.710353966
136,46,0.197708959,-0.84013228,0.782106678
136,47,0.192422219,-0.918861149,0.861004208
136,48,0.186384995,-1.00541523,0.947757603
136,49,0.179482096,-1.10057013,1.04314859
136,50,0.171579552,-1.20517777,1.14803658
136,51,0.162521416,-1.32017389,1.26336637
136,52,0.152126027,-1.44658603,1.3901766
136,53,0.140181602,-1.5855424,1.52960905
136,54,0.126441073,-1.73828152,1.68291882
136,55,0.110616016,-1.90616268,1.85148556
136,56,0.0923695139,-2.09067733,2.03682578
136,57,0.0713077791,-2.29346155,2.24060631
136,58,0.0469702998,-2.5163094,2.46465916
136,59,0.0188182679,-2.76118751,2.71099779
136,60,-0.0137790197,-3.03025078,2.98183498
136,61,-0.0515601358,-3.3258592,3.27960234
136,62,-0.0953902833,-3.65059605,3.60697188
136,63,-0.146283321,-4.00728711,3.9668795
136,64,-0.205427608,-4.3990213,4.36255081
136,65,-0.274216319,-4.82917224,4.79752946
136,66,-0.354282972,-5.30142104,5.27570803
136,67,-0.447543026,-5.81977973,5.80136205
136,68,-0.556242548,-6.38861549,6.37918704
136,69,-0.683015067,-7.01267487,7.01433916
136,70,-0.830947897,-7.6971079,7.7124796
136,71,-1.00365937,-8.44749101,8.47982303
136,72,-1.2053886,-9.26984817,9.32319063
136,73,-1.44109946,-10.1706689,10.2500678
136,74,-1.71660086,-11.1569214,11.2686671
136,75,-2.03868518,-12.2360598,12.3879969
136,76,-2.41528702,-13.4160215,13.617936
136,77,-2.85566439,-14.7052135,14.9693146
136,78,-3.37060429,-16.1124825,16.4540019
136,79,-3.97265423,-17.6470657,18.0850023
136,80,-4.6763809,-19.3185165,19.8765572
137,0,0.251023133,-0.0594329435,0
137,1,0.25099813,-0.0604326306,0.000999999717
137,2,0.250970459,-0.0615319081,0.00209962551
137,3,0.250939857,-0.062740698,0.00330880266
137,4,0.250906019,-0.06406991,0.00463844526
137,5,0.250868602,-0.0655315406,0.00610055468
137,6,0.250827223,-0.0671387814,0.00770832793
137,7,0.250781454,-0.0689061378,0.00947627672
137,8,0.250730818,-0.0708495603,0.0114203585
137,9,0.250674783,-0.072986588,0.0135581203
137,10,0.250612755,-0.0753365071,0.0159088575
137,11,0.250544071,-0.0779205249,0.0184937873
137,12,0.250467988,-0.0807619611,0.021336241
137,13,0.250383678,-0.0838864579,0.0244618738
137,14,0.250290211,-0.0873222116,0.0278988969
137,15,0.250186546,-0.0911002267,0.0316783318
137,16,0.250071515,-0.0952545958,0.0358342902
137,17,0.249943807,-0.0998228067,0.0404042819
137,18,0.249801948,-0.104846081,0.0454295535
137,19,0.24964428,-0.110369744,0.0509554601
137,20,0.249468933,-0.116443637,0.0570318749
137,21,0.2492738,-0.123122563,0.0637136391
137,22,0.249056502,-0.130466781,0.0710610567
137,23,0.24881435,-0.138542553,0.0791404384
137,24,0.248544299,-0.147422734,0.0880247
137,25,0.2482429,-0.157187436,0.0977940203
137,26,0.24790624,-0.167924744,0.108536564
137,27,0.247529874,-0.179731512,0.120349277
137,28,0.247108745,-0.192714236,0.133338761
137,29,0.246637097,-0.206990008,0.147622236
137,30,0.246108363,-0.222687574,0.163328593
137,31,0.24551505,-0.239948492,0.180599563
137,32,0.24484859,-0.258928401,0.199590989
137,33,0.244099176,-0.279798427,0.220474233
137,34,0.243255573,-0.302746711,0.243437722
137,35,0.242304886,-0.327980109,0.268688645
137,36,0.241232307,-0.355726041,0.29645482
137,37,0.240020801,-0.386234534,0.326986744
137,38,0.238650756,-0.419780463,0.360559857
137,39,0.237099561,-0.456666012,0.397477014
137,40,0.235341125,-0.497223379,0.438071217
137,41,0.233345302,-0.541817747,0.482708613
137,42,0.231077227,-0.590850542,0.531791786
137,43,0.228496536,-0.644763015,0.585763383
137,44,0.225556448,-0.704040172,0.645110092
137,45,0.222202701,-0.769215084,0.710367021
137,46,0.218372287,-0.840873622,0.782122504
137,47,0.213991982,-0.91965964,0.861023389
137,48,0.208976619,-1.00628067,0.947780845
137,49,0.20322705,-1.10151416,1.04317675
137,50,0.196627768,-1.20621428,1.14807069
137,51,0.189044104,-1.32131945,1.26340767
137,52,0.180318933,-1.44786046,1.39022662
137,53,0.17026881,-1.58696947,1.52966961
137,54,0.158679423,-1.73988978,1.68299213
137,55,0.145300246,-1.90798646,1.85157431
137,56,0.129838255,-2.09275807,2.0369332
137,57,0.111950541,-2.29584928,2.24073631
137,58,0.0912356175,-2.51906467,2.46481648
137,59,0.067223205,-2.76438375,2.71118817
137,60,0.0393622153,-3.03397716,2.98206533
137,61,0.00700662779,-3.33022423,3.27988105
137,62,-0.0306011137,-3.65573195,3.60730907
137,63,-0.0743496114,-4.01335532,3.96728743
137,64,-0.125281433,-4.40621917,4.36304431
137,65,-0.184620024,-4.83774146,4.79812643
137,66,-0.253801294,-5.31165794,5.27643015
137,67,-0.334510655,-5.83204822,5.80223552
137,68,-0.428726434,-6.40336298,6.38024355
137,69,-0.538770684,-7.0304521,7.01561704
137,70,-0.667368614,-7.71859353,7.71402517
137,71,-0.817717975,-8.47352217,8.48169235
137,72,-0.993569957,-9.3014583,9.32545145
137,73,-1.19932332,-10.2091347,10.2528021
137,74,-1.44013365,-11.203821,11.2719739
137,75,-1.72203989,-12.2933444,12.3919961
137,76,-2.05211034,-13.4861044,13.6227725
137,77,-2.43861049,-14.7910788,14.9751634
137,78,-2.89119515,-16.2178196,16.4610751
137,79,-3.42112725,-17.7764327,18.093556
137,80,-4.04152526,-19.4775396,19.8869011
138,0,0.264428959,-0.0597126445,0
138,1,0.264411321,-0.0607124887,0.000999999742
138,2,0.264391772,-0.0618119408,0.00209962562
138,3,0.264370123,-0.0630209243,0.00330880293
138,4,0.264346154,-0.0643503511,0.00463844579
138,5,0.264319616,-0.0658122201,0.00610055559
138,6,0.26429023,-0.0674197254,0.00770832938
138,7,0.264257683,-0.0691873755,0.00947627892
138,8,0.264221625,-0.071131124,0.0114203617
138,9,0.264181666,-0.0732685139,0.0135581248
138,10,0.264137367,-0.0756188357,0.0159088637
138,11,0.26408824,-0.0782033013,0.0184937957
138,12,0.264033734,-0.0810452358,0.0213362521
138,13,0.263973232,-0.0841702875,0.0244618885
138,14,0.263906042,-0.0876066595,0.027898916
138,15,0.263831385,-0.0913853641,0.0316783564
138,16,0.263748386,-0.0955405027,0.0358343216
138,17,0.263656055,-0.100109573,0.0404043219
138,18,0.263553281,-0.105133808,0.045429604
138,19,0.263438805,-0.110658547,0.0509555236
138,20,0.263311205,-0.116733645,0.0570319545
138,21,0.263168873,-0.123413921,0.0637137384
138,22,0.263009984,-0.130759656,0.0710611802
138,23,0.262832469,-0.138837132,0.0791405916
138,24,0.262633978,-0.147719231,0.0880248896
138,25,0.262411835,-0.157486094,0.0977942543
138,26,0.262162997,-0.168225841,0.108536852
138,27,0.261883989,-0.180035364,0.120349632
138,28,0.261570847,-0.193021206,0.133339196
138,29,0.261219039,-0.207300511,0.147622769
138,30,0.260823376,-0.223002088,0.163329246
138,31,0.260377913,-0.240267565,0.180600361
138,32,0.259875826,-0.259252667,0.199591963
138,33,0.25930928,-0.280128616,0.220475422
138,34,0.25866926,-0.303083671,0.243439172
138,35,0.257945386,-0.32832482,0.268690412
138,36,0.257125693,-0.356079642,0.29645697
138,37,0.25619637,-0.386598353,0.32698936
138,38,0.255141463,-0.420156047,0.360563038
138,39,0.253942518,-0.457055172,0.397480879
138,40,0.252578171,-0.497628235,0.438075913
138,41,0.251023662,-0.542240786,0.482714314
138,42,0.249250267,-0.59129469,0.531798706
138,43,0.247224636,-0.645231721,0.58577178
138,44,0.24490801,-0.704537508,0.645120277
138,45,0.242255306,-0.769745869,0.710379371
138,46,0.239214043,-0.841443569,0.782137476
138,47,0.235723076,-0.920275539,0.861041534
138,48,0.231711116,-1.0069506,0.947802833
138,49,0.227094985,-1.10224776,1.04320338
138,50,0.221777568,-1.20702308,1.14810295
138,51,0.215645401,-1.32221724,1.26344675
138,52,0.208565842,-1.4488638,1.39027394
138,53,0.200383736,-1.58809826,1.5297269
138,54,0.190917492,-1.74116798,1.68306149
138,55,0.179954477,-1.90944301,1.85165827
138,56,0.16724558,-2.09442792,2.03703482
138,57,0.152498833,-2.29777476,2.2408593
138,58,0.135371887,-2.52129715,2.46496532
138,59,0.115463171,-2.76698564,2.71136827
138,60,0.0923014827,-3.03702444,2.98228325
138,61,0.0653337372,-3.33380953,3.28014471
138,62,0.0339105609,-3.6599684,3.60762807
138,63,-0.00273066001,-4.0183813,3.96767334
138,64,-0.0454857109,-4.41220417,4.36351116
138,65,-0.0954069803,-4.84489342,4.79869117
138,66,-0.153730994,-5.32023228,5.27711328
138,67,-0.221910751,-5.84235913,5.80306183
138,68,-0.301653685,-6.41579737,6.38124303
138,69,-0.394966179,-7.04548706,7.01682593
138,70,-0.504205739,-7.73681791,7.71548731
138,71,-0.632142067,-8.4956635,8.48346075
138,72,-0.782028465,-9.32841624,9.32759023
138,73,-0.9576852,-10.2420225,10.2553887
138,74,-1.16359666,-11.2440174,11.2751022
138,75,-1.40502436,-12.3425573,12.3957794
138,76,-1.68813806,-13.5464502,13.6273478
138,77,-2.0201675,-14.8651808,14.9806966
138,78,-2.40957734,-16.3089287,16.4677665
138,79,-2.86626818,-17.8885767,18.1016479
138,80,-3.40180644,-19.6157056,19.8966867
139,0,0.27819728,-0.0599005829,0
139,1,0.278186744,-0.0609005272,0.000999999765
139,2,0.278175025,-0.0620000907,0.00209962572
139,3,0.27816201,-0.0632091981,0.00330880318
139,4,0.27814756,-0.0645387627,0.00463844628
139,5,0.278131515,-0.0660007849,0.00610055645
139,6,0.278113698,-0.0676084605,0.00770833075
139,7,0.278093907,-0.0693763001,0.00947628098
139,8,0.278071916,-0.0713202595,0.0114203647
139,9,0.278047471,-0.0734578843,0.013558129
139,10,0.278020286,-0.0758084678,0.0159088695
139,11,0.277990039,-0.0783932253,0.0184938035
139,12,0.277956365,-0.0812354853,0.0213362626
139,13,0.277918855,-0.0843609006,0.0244619022
139,14,0.277877046,-0.0877976788,0.0278989338
139,15,0.277830414,-0.0915768379,0.0316783794
139,16,0.277778365,-0.0957324853,0.0358343511
139,17,0.277720226,-0.100302126,0.0404043593
139,18,0.277655235,-0.105327,0.0454296514
139,19,0.277582524,-0.110852458,0.0509555832
139,20,0.277501105,-0.116928363,0.0570320291
139,21,0.277409854,-0.123609549,0.0637138316
139,22,0.277307489,-0.130956308,0.0710612961
139,23,0.277192545,-0.13903494,0.0791407353
139,24,0.277063346,-0.147918346,0.0880250674
139,25,0.276917976,-0.157686689,0.0977944738
139,26,0.276754236,-0.168428112,0.108537123
139,27,0.276569605,-0.18023954,0.120349964
139,28,0.276361183,-0.193227545,0.133339605
139,29,0.276125638,-0.207509315,0.147623269
139,30,0.275859129,-0.223213704,0.163329858
139,31,0.275557229,-0.240482395,0.18060111
139,32,0.275214829,-0.259471176,0.199592878
139,33,0.274826024,-0.280351345,0.220476538
139,34,0.274383984,-0.303311248,0.243440532
139,35,0.273880801,-0.328557978,0.268692069
139,36,0.273307309,-0.356319238,0.296458987
139,37,0.272652875,-0.386845389,0.326991815
139,38,0.271905148,-0.4204117,0.360566022
139,39,0.271049779,-0.457320821,0.397484506
139,40,0.270070071,-0.497905507,0.438080318
139,41,0.268946588,-0.5425316,0.482719663
139,42,0.267656685,-0.591601312,0.531805199
139,43,0.266173957,-0.645556836,0.585779657
139,44,0.264467592,-0.7048843,0.645129832
139,45,0.262501616,-0.770118126,0.710390957
139,46,0.260233995,-0.8418458,0.782151521
139,47,0.257615586,-0.920713125,0.861058557
139,48,0.2545889,-1.00742998,0.94782346
139,49,0.25108665,-1.10277663,1.04322837
139,50,0.247030034,-1.20761069,1.14813322
139,51,0.242326726,-1.32287471,1.26348341
139,52,0.236868496,-1.4496045,1.39031833
139,53,0.230528424,-1.58893836,1.52978065
139,54,0.223157602,-1.74212698,1.68312656
139,55,0.214581264,-1.91054454,1.85173704
139,56,0.204594217,-2.09570063,2.03713015
139,57,0.192955471,-2.29925346,2.24097468
139,58,0.179381901,-2.52302419,2.46510494
139,59,0.163540791,-2.76901262,2.71153723
139,60,0.145041046,-3.03941434,2.98248769
139,61,0.123422848,-3.33663935,3.28039206
139,62,0.0981454683,-3.66333241,3.60792732
139,63,0.0685729215,-4.02239505,3.96803538
139,64,0.033957076,-4.41700957,4.36394913
139,65,-0.00658222347,-4.85066488,4.79922097
139,66,-0.0540805421,-5.32718455,5.27775415
139,67,-0.10975636,-5.85075684,5.80383703
139,68,-0.175043404,-6.42596711,6.38218067
139,69,-0.25162864,-7.05783224,7.01796003
139,70,-0.341496869,-7.7518374,7.716859
139,71,-0.446983067,-8.51397479,8.48511976
139,72,-0.57083372,-9.35078433,9.32959669
139,73,-0.716278646,-10.2693959,10.2578154
139,74,-0.887114995,-11.2775726,11.278037
139,75,-1.08780533,-12.383755,12.3993286
139,76,-1.32359196,-13.5971042,13.6316401
139,77,-1.60062995,-14.9275443,14.9858874
139,78,-1.92614153,-16.3858006,16.4740439
139,79,-2.30859471,-17.9834341,18.1092392
139,80,-2.75790947,-19.7328666,19.9058669
140,0,0.292322442,-0.0599952025,0
140,1,0.292318748,-0.0609951955,0.000999999786
140,2,0.292314577,-0.0620948136,0.00209962581
140,3,0.292309885,-0.0633039821,0.00330880342
140,4,0.29230461,-0.064633615,0.00463844674
140,5,0.292298683,-0.0660957135,0.00610055724
140,6,0.292292022,-0.0677034745,0.00770833201
140,7,0.292284534,-0.0694714096,0.0094762829
140,8,0.292276112,-0.071415476,0.0114203674
140,9,0.292266635,-0.0735532206,0.013558133
140,10,0.292255962,-0.0759039385,0.0159088749
140,11,0.292243934,-0.0784888467,0.0184938108
140,12,0.292230368,-0.0813312761,0.0213362723
140,13,0.292215055,-0.0844568818,0.024461915
140,14,0.292197753,-0.0878938743,0.0278989504
140,15,0.292178185,-0.0916732748,0.0316784008
140,16,0.292156033,-0.0958291946,0.0358343784
140,17,0.29213093,-0.100399143,0.0404043941
140,18,0.292102453,-0.105424365,0.0454296954
140,19,0.292070113,-0.110950216,0.0509556386
140,20,0.292033347,-0.117026568,0.0570320985
140,21,0.291991501,-0.123708261,0.0637139182
140,22,0.291943821,-0.131055598,0.0710614038
140,23,0.29188943,-0.139134887,0.0791408689
140,24,0.291827313,-0.148019043,0.0880252326
140,25,0.29175629,-0.157788241,0.0977946777
140,26,0.291674991,-0.168530645,0.108537374
140,27,0.291581824,-0.180343196,0.120350273
140,28,0.291474932,-0.193332493,0.133339984
140,29,0.291352155,-0.207615748,0.147623734
140,30,0.291210974,-0.223321848,0.163330427
140,31,0.291048451,-0.240592514,0.180601805
140,32,0.290861156,-0.25958358,0.199593727
140,33,0.29064508,-0.280466396,0.220477574
140,34,0.290395542,-0.303429373,0.243441796
140,35,0.290107063,-0.328679678,0.268693608
140,36,0.289773232,-0.356445104,0.296460861
140,37,0.289386544,-0.386976117,0.326994095
140,38,0.288938206,-0.420548115,0.360568795
140,39,0.288417914,-0.4574639,0.397487875
140,40,0.287813585,-0.49805641,0.438084411
140,41,0.287111044,-0.542691704,0.482724633
140,42,0.286293658,-0.59177226,0.531811231
140,43,0.285341899,-0.645740585,0.585786976
140,44,0.284232832,-0.70508319,0.645138709
140,45,0.282939514,-0.770334956,0.710401721
140,46,0.281430283,-0.842083928,0.78216457
140,47,0.279667916,-0.920976583,0.861074372
140,48,0.277608644,-1.00772361,0.947842623
140,49,0.275200987,-1.10310629,1.04325159
140,50,0.272384382,-1.20798342,1.14816134
140,51,0.269087555,-1.32329902,1.26351747
140,52,0.265226624,-1.45009072,1.39035957
140,53,0.260702833,-1.58949898,1.52983058
140,54,0.255399907,-1.7427772,1.68318701
140,55,0.24918091,-1.91130281,1.85181021
140,56,0.241884557,-2.09658945,2.03721872
140,57,0.233320852,-2.30030026,2.24108187
140,58,0.223265952,-2.52426247,2.46523466
140,59,0.211456109,-2.77048336,2.7116942
140,60,0.19758052,-3.04116775,2.98267762
140,61,0.181272906,-3.33873701,3.28062186
140,62,0.16210158,-3.66584994,3.60820535
140,63,0.139557738,-4.02542546,3.96837173
140,64,0.113041661,-4.42066739,4.36435602
140,65,0.0818464596,-4.85509129,4.79971319
140,66,0.0451389139,-5.33255381,5.27834955
140,67,0.00193692249,-5.85728429,5.80455722
140,68,-0.048917056,-6.43391908,6.38305178
140,69,-0.108787254,-7.06753855,7.01901366
140,70,-0.179281356,-7.7637068,7.71813336
140,71,-0.26229371,-8.52851436,8.48666105
140,72,-0.360056102,-9.3686236,9.33146078
140,73,-0.475197354,-10.291317,10.2600698
140,74,-0.610813232,-11.3045482,11.2807635
140,75,-0.770548356,-12.4169947,12.402626
140,76,-0.958692059,-13.6381139,13.6356278
140,77,-1.18029041,-14.9781987,14.9907099
140,78,-1.44127694,-16.4484345,16.4798759
140,79,-1.74862484,-18.0609554,18.1162919
140,80,-2.11052384,-19.8288972,19.9143957
141,0,0.306797715,-0.0599952394,0
141,1,0.306800612,-0.060995235,0.000999999806
141,2,0.306803712,-0.0620948567,0.0020996259
141,3,0.306807038,-0.0633040299,0.00330880363
141,4,0.306810606,-0.0646336687,0.00463844716
141,5,0.30681443,-0.0660957745,0.00610055797
141,6,0.306818522,-0.0677035445,0.00770833318
141,7,0.306822894,-0.0694714906,0.00947628465
141,8,0.306827555,-0.0714155704,0.01142037
141,9,0.30683251,-0.0735533313,0.0135581366
141,10,0.306837762,-0.0759040688,0.0159088798
141,11,0.30684331,-0.0784890007,0.0184938175
141,12,0.306849144,-0.0813314586,0.0213362812
141,13,0.306855249,-0.0844570984,0.0244619267
141,14,0.3068616,-0.0878941319,0.0278989657
141,15,0.306868159,-0.0916735815,0.0316784204
141,16,0.306874876,-0.0958295599,0.0358344036
141,17,0.306881678,-0.100399578,0.0404044261
141,18,0.306888475,-0.105424885,0.0454297358
141,19,0.306895146,-0.110950836,0.0509556894
141,20,0.306901538,-0.117027307,0.0570321622
141,21,0.306907459,-0.123709143,0.0637139977
141,22,0.306912665,-0.131056649,0.0710615027
141,23,0.306916855,-0.139136141,0.0791409915
141,24,0.306919656,-0.148020539,0.0880253844
141,25,0.306920609,-0.157790027,0.097794865
141,26,0.306919152,-0.168532776,0.108537604
141,27,0.306914599,-0.180345739,0.120350556
141,28,0.306906115,-0.193335527,0.133340332
141,29,0.306892687,-0.207619369,0.147624161
141,30,0.306873089,-0.223326171,0.163330949
141,31,0.306845842,-0.240597677,0.180602444
141,32,0.306809164,-0.259589746,0.199594507
141,33,0.306760909,-0.280473763,0.220478526
141,34,0.306698503,-0.303438176,0.243442957
141,35,0.306618857,-0.328690202,0.268695022
141,36,0.306518274,-0.35645769,0.296462583
141,37,0.306392328,-0.386991177,0.326996189
141,38,0.306235733,-0.420566142,0.360571341
141,39,0.306042177,-0.457485491,0.39749097
141,40,0.305804131,-0.498082282,0.43808817
141,41,0.305512622,-0.542722726,0.482729197
141,42,0.305156962,-0.591809478,0.53181677
141,43,0.304724433,-0.645785267,0.585793697
141,44,0.304199902,-0.70513687,0.645146861
141,45,0.303565385,-0.770399492,0.710411606
141,46,0.302799508,-0.842161574,0.782176554
141,47,0.30187689,-0.921070075,0.861088896
141,48,0.300767397,-1.00783628,0.947860223
141,49,0.299435274,-1.10324217,1.04327291
141,50,0.297838106,-1.20814745,1.14818717
141,51,0.295925597,-1.32349721,1.26354875
141,52,0.293638126,-1.45033041,1.39039745
141,53,0.290905035,-1.58978913,1.52987644
141,54,0.287642616,-1.74312878,1.68324253
141,55,0.283751717,-1.91172925,1.85187742
141,56,0.279114929,-2.09710722,2.03730006
141,57,0.273593252,-2.30092956,2.24118031
141,58,0.267022157,-2.52502815,2.46535379
141,59,0.259206945,-2.77141597,2.71183836
141,60,0.249917249,-3.04230491,2.98285205
141,61,0.238880555,-3.34012509,3.28083291
141,62,0.225774548,-3.66754617,3.60846068
141,63,0.210218078,-4.02750054,3.96868063
141,64,0.191760493,-4.42320872,4.36472971
141,65,0.169869057,-4.85820707,4.80016523
141,66,0.143914103,-5.33637806,5.27889636
141,67,0.113151525,-5.86198322,5.80521863
141,68,0.0767021291,-6.43969898,6.3838518
141,69,0.0335272976,-7.07465565,7.0199813
141,70,-0.0175996892,-7.77247967,7.71930371
141,71,-0.0781274312,-8.53933932,8.48807655
141,72,-0.149766176,-9.3819941,9.33317274
141,73,-0.234534609,-10.3078478,10.2621403
141,74,-0.334814888,-11.3250056,11.2832675
141,75,-0.453417298,-12.4423347,12.4056543
141,76,-0.593656189,-13.6695293,13.6392901
141,77,-0.759439048,-15.0171784,14.9951388
141,78,-0.955370883,-16.496838,16.4852319
141,79,-1.1868764,-18.1211052,18.122769
141,80,-1.46034281,-19.9036945,19.9222285
142,0,0.321615254,-0.0598997424,0
142,1,0.321624496,-0.0608996995,0.000999999823
142,2,0.321634597,-0.0619992792,0.00209962598
142,3,0.321645644,-0.0632084066,0.00330880383
142,4,0.321657727,-0.0645379954,0.00463844754
142,5,0.321670943,-0.0660000468,0.00610055863
142,6,0.321685395,-0.0676077575,0.00770833423
142,7,0.321701194,-0.0693756389,0.00947628625
142,8,0.321718461,-0.0713196483,0.0114203723
142,9,0.321737327,-0.0734573326,0.0135581398
142,10,0.321757931,-0.0758079869,0.0159088843
142,11,0.321780423,-0.0783928284,0.0184938236
142,12,0.321804964,-0.0812351882,0.0213362893
142,13,0.321831728,-0.0843607218,0.0244619373
142,14,0.321860896,-0.0877976404,0.0278989795
142,15,0.321892666,-0.0915769659,0.0316784382
142,16,0.321927243,-0.0957328106,0.0358344264
142,17,0.321964845,-0.100302685,0.0404044551
142,18,0.322005702,-0.105327837,0.0454297724
142,19,0.322050052,-0.110853623,0.0509557355
142,20,0.322098141,-0.116929918,0.0570322199
142,21,0.322150223,-0.123611566,0.0637140697
142,22,0.322206555,-0.130958874,0.0710615922
142,23,0.322267395,-0.139038158,0.0791411026
142,24,0.322332996,-0.147922338,0.0880255218
142,25,0.322403602,-0.157691599,0.0977950346
142,26,0.32247944,-0.168434115,0.108537813
142,27,0.32256071,-0.180246842,0.120350813
142,28,0.322647573,-0.193236393,0.133340647
142,29,0.322740141,-0.207520004,0.147624547
142,30,0.322838455,-0.223226584,0.163331422
142,31,0.322942463,-0.240497888,0.180603022
142,32,0.323051999,-0.259489785,0.199595214
142,33,0.323166748,-0.280373672,0.220479389
142,34,0.323286204,-0.303338016,0.243444008
142,35,0.323409629,-0.328590054,0.268696303
142,36,0.323535994,-0.356357662,0.296464142
142,37,0.323663909,-0.38689141,0.326998085
142,38,0.323791541,-0.420466821,0.360573647
142,39,0.323916518,-0.457386853,0.397493772
142,40,0.324035808,-0.497984629,0.438091574
142,41,0.324145576,-0.542626441,0.48273333
142,42,0.324241017,-0.591715047,0.531821787
142,43,0.32431615,-0.645693299,0.585799783
142,44,0.324363575,-0.705048132,0.645154244
142,45,0.324374184,-0.770314944,0.710420559
142,46,0.324336817,-0.842082414,0.782187406
142,47,0.324237848,-0.920997799,0.86110205
142,48,0.324060693,-1.00777275,0.947876161
142,49,0.323785234,-1.10318971,1.04329222
142,50,0.323387117,-1.20810893,1.14821056
142,51,0.322836934,-1.32347623,1.26357708
142,52,0.322099242,-1.45033141,1.39043175
142,53,0.321131402,-1.58981764,1.52991797
142,54,0.319882199,-1.74319166,1.68329281
142,55,0.318290206,-1.91183503,1.85193828
142,56,0.316281847,-2.09726649,2.03737373
142,57,0.313769095,-2.30115547,2.24126946
142,58,0.31064675,-2.52533703,2.46546168
142,59,0.306789212,-2.77182812,2.71196891
142,60,0.302046656,-3.04284557,2.98301001
142,61,0.296240512,-3.34082565,3.28102404
142,62,0.289158112,-3.66844569,3.60869192
142,63,0.280546349,-4.02864763,3.96896038
142,64,0.27010419,-4.42466392,4.36506812
142,65,0.257473815,-4.86004582,4.8005746
142,66,0.242230139,-5.33869441,5.27939155
142,67,0.223868433,-5.86489447,5.80581762
142,68,0.201789704,-6.44335151,6.38457631
142,69,0.175283411,-7.07923223,7.02085761
142,70,0.143507078,-7.7782086,7.7203636
142,71,0.105462208,-8.54650593,8.48935844
142,72,0.059965886,-9.39095516,9.33472311
142,73,0.00561727205,-10.3190496,10.2640153
142,74,-0.059241894,-11.3390066,11.2855352
142,75,-0.13657383,-12.4598341,12.4083967
142,76,-0.22869952,-13.6914026,13.6426067
142,77,-0.338363219,-15.0445226,14.9991497
142,78,-0.468808323,-16.5310274,16.4900824
142,79,-0.623866537,-18.1638623,18.1286347
142,80,-0.808062585,-19.9571785,19.9293219
143,0,0.336766052,-0.0597080905,0
143,1,0.336781397,-0.0607079726,0.000999999839
143,2,0.336798234,-0.0618074699,0.00209962605
143,3,0.336816712,-0.0630165067,0.003308804
143,4,0.336836992,-0.0643459959,0.00463844788
143,5,0.336859248,-0.0658079378,0.00610055922
143,6,0.336883673,-0.0674155282,0.00770833517
143,7,0.336910476,-0.0691832775,0.00947628766
143,8,0.336939885,-0.0711271418,0.0114203744
143,9,0.336972149,-0.0732646667,0.0135581427
143,10,0.337007542,-0.0756151458,0.0159088883
143,11,0.337046362,-0.078199795,0.018493829
143,12,0.337088933,-0.0810419437,0.0213362965
143,13,0.33713561,-0.0841672455,0.0244619467
143,14,0.337186778,-0.0876039097,0.0278989918
143,15,0.33724286,-0.091382956,0.0316784541
143,16,0.337304312,-0.0955384944,0.0358344466
143,17,0.337371631,-0.100108033,0.0404044808
143,18,0.337445359,-0.105132816,0.045429805
143,19,0.337526082,-0.110658199,0.0509557765
143,20,0.337614435,-0.116734051,0.0570322712
143,21,0.337711107,-0.123415215,0.0637141337
143,22,0.33781684,-0.130761993,0.0710616719
143,23,0.337932437,-0.138840696,0.0791412015
143,24,0.338058762,-0.147724242,0.0880256441
143,25,0.338196745,-0.15749281,0.0977951856
143,26,0.33834738,-0.16823457,0.108537999
143,27,0.338511734,-0.180046471,0.120351042
143,28,0.338690944,-0.193035124,0.133340928
143,29,0.338886219,-0.207317756,0.147624891
143,30,0.33909884,-0.223023274,0.163331844
143,31,0.339330156,-0.240293425,0.180603537
143,32,0.339581585,-0.259284074,0.199595843
143,33,0.339854605,-0.280166612,0.220480156
143,34,0.340150746,-0.303129503,0.243444943
143,35,0.34047158,-0.328379981,0.268697442
143,36,0.3408187,-0.356145918,0.296465529
143,37,0.341193706,-0.386677887,0.326999773
143,38,0.341598171,-0.42025141,0.360575699
143,39,0.342033607,-0.457169453,0.397496266
143,40,0.342501421,-0.497765149,0.438094603
143,41,0.343002856,-0.542404809,0.482737009
143,42,0.343538923,-0.591491213,0.531826251
143,43,0.344110308,-0.645467251,0.5858052
143,44,0.344717269,-0.704819906,0.645160814
143,45,0.345359501,-0.770084641,0.710428526
143,46,0.346035971,-0.841850224,0.782197065
143,47,0.346744724,-0.920764027,0.861113756
143,48,0.347482641,-1.00753785,0.947890346
143,49,0.348245145,-1.10295435,1.04330941
143,50,0.349025856,-1.20787401,1.14823137
143,51,0.34981616,-1.32324298,1.26360228
143,52,0.350604702,-1.4501015,1.39046228
143,53,0.351376773,-1.58959326,1.52995493
143,54,0.352113571,-1.74297568,1.68333755
143,55,0.352791323,-1.91163119,1.85199244
143,56,0.35338023,-2.09707963,2.03743928
143,57,0.3538432,-2.30099184,2.2413488
143,58,0.35413435,-2.52520461,2.4655577
143,59,0.354197204,-2.77173717,2.71208509
143,60,0.353962553,-3.04280912,2.9831506
143,61,0.353345907,-3.34086033,3.28119413
143,62,0.352244454,-3.6685726,3.6088977
143,63,0.350533457,-4.02889355,3.96920933
143,64,0.348061957,-4.42506277,4.36536929
143,65,0.344647678,-4.86064054,4.80093892
143,66,0.34007098,-5.33953931,5.27983225
143,67,0.334067674,-5.86605815,5.80635068
143,68,0.326320507,-6.44492063,6.38522108
143,69,0.316449073,-7.08131617,7.02163747
143,70,0.303997853,-7.7809454,7.72130684
143,71,0.288422047,-8.55006972,8.49049926
143,72,0.269070818,-9.39556552,9.33610286
143,73,0.245167448,-10.3249834,10.265684
143,74,0.215785885,-11.346613,11.2875533
143,75,0.179823005,-12.4695531,12.4108374
143,76,0.135965849,-13.7037888,13.6455583
143,77,0.0826529215,-15.0602751,15.0027192
143,78,0.0180285136,-16.5510272,16.494399
143,79,-0.060111191,-18.1892195,18.1338549
143,80,-0.154381656,-19.9892917,19.9356347
144,0,0.352239897,-0.0594200082,0
144,1,0.35226111,-0.060419783,0.000999999853
144,2,0.352284424,-0.0615191621,0.00209962611
144,3,0.352310048,-0.0627280686,0.00330880415
144,4,0.352338211,-0.0640574144,0.00463844818
144,5,0.352369166,-0.0655191982,0.00610055973
144,6,0.352403187,-0.0671266145,0.00770833599
144,7,0.352440578,-0.0688941719,0.0094762889
144,8,0.352481672,-0.0708378248,0.0114203762
144,9,0.352526835,-0.0729751168,0.0135581452
144,10,0.352576467,-0.0753253393,0.0159088918
144,11,0.35263101,-0.0779097057,0.0184938337
144,12,0.352690947,-0.0807515428,0.0213363027
144,13,0.352756808,-0.0838765011,0.0244619549
144,14,0.352829176,-0.0873127866,0.0278990025
144,15,0.35290869,-0.0910914155,0.0316784678
144,16,0.35299605,-0.0952464937,0.0358344643
144,17,0.353092026,-0.0998155248,0.0404045033
144,18,0.35319746,-0.104839749,0.0454298333
144,19,0.353313278,-0.110364514,0.0509558121
144,20,0.353440492,-0.116439686,0.0570323159
144,21,0.353580212,-0.123120098,0.0637141895
144,22,0.353733655,-0.130466048,0.0710617413
144,23,0.353902154,-0.138543837,0.0791412875
144,24,0.354087167,-0.147426374,0.0880257505
144,25,0.354290292,-0.157193828,0.0977953169
144,26,0.354513275,-0.167934358,0.108538161
144,27,0.354758027,-0.179744902,0.120351241
144,28,0.355026639,-0.192732056,0.133341172
144,29,0.355321393,-0.207013034,0.14762519
144,30,0.355644782,-0.222716724,0.16333221
144,31,0.355999531,-0.239984857,0.180603985
144,32,0.356388607,-0.258973277,0.19959639
144,33,0.35681525,-0.279853353,0.220480823
144,34,0.357282988,-0.302813525,0.243445757
144,35,0.35779566,-0.328060999,0.268698434
144,36,0.358357445,-0.35582362,0.296466736
144,37,0.358972883,-0.386351926,0.327001242
144,38,0.359646901,-0.419921407,0.360577484
144,39,0.360384845,-0.456834988,0.397498436
144,40,0.361192501,-0.497425764,0.438097239
144,41,0.36207613,-0.542059996,0.482740209
144,42,0.36304249,-0.591140421,0.531830136
144,43,0.364098868,-0.645109875,0.585809914
144,44,0.365253102,-0.704455286,0.645166531
144,45,0.366513611,-0.769712062,0.710435458
144,46,0.367889409,-0.841468912,0.782205468
144,47,0.369390124,-0.920373149,0.861123941
144,48,0.371026008,-1.00713652,0.947902688
144,49,0.372807938,-1.10254161,1.04332436
144,50,0.374747407,-1.20744888,1.14824949
144,51,0.376856501,-1.32280443,1.26362422
144,52,0.379147856,-1.44964847,1.39048884
144,53,0.3816346,-1.5891247,1.52998709
144,54,0.384330256,-1.7424906,1.68337649
144,55,0.387248622,-1.91112866,1.85203957
144,56,0.390403604,-2.09655888,2.03749632
144,57,0.393808995,-2.30045234,2.24141784
144,58,0.397478196,-2.52464621,2.46564124
144,59,0.401423858,-2.77116019,2.71218618
144,60,0.405657426,-3.04221465,2.98327291
144,61,0.410188581,-3.3402504,3.28134212
144,62,0.415024535,-3.66795061,3.60907675
144,63,0.420169166,-4.02826467,3.96942595
144,64,0.425621954,-4.42443457,4.36563134
144,65,0.431376683,-4.8600237,4.80125592
144,66,0.437419853,-5.3389486,5.2802157
144,67,0.443728751,-5.86551374,5.8068145
144,68,0.450269119,-6.44444963,6.38578209
144,69,0.456992331,-7.0809547,7.02231603
144,70,0.463831985,-7.78074121,7.72212755
144,71,0.470699811,-8.55008557,8.49149188
144,72,0.477480742,-9.39588342,9.33730338
144,73,0.484027015,-10.3257101,10.2671359
144,74,0.490151094,-11.3478868,11.2893092
144,75,0.495617213,-12.4715529,12.412961
144,76,0.500131273,-13.7067451,13.6481264
144,77,0.503328787,-15.0644844,15.005825
144,78,0.504760513,-16.5568699,16.4981549
144,79,0.50387535,-18.1971832,18.138397
144,80,0.5,-20,19.9411274
145,0,0.368025338,-0.0590355771,0
145,1,0.368052189,-0.0600352164,0.000999999864
145,2,0.368081727,-0.0611344459,0.00209962616
145,3,0.368114218,-0.0623431874,0.00330880428
145,4,0.36814996,-0.0636723511,0.00463844843
145,5,0.368189275,-0.0651339341,0.00610056016
145,6,0.368232523,-0.0667411289,0.00770833667
145,7,0.368280097,-0.068508442,0.00947628994
145,8,0.368332431,-0.0704518252,0.0114203777
145,9,0.368390002,-0.0725888195,0.0135581474
145,10,0.368453335,-0.0749387135,0.0159088947
145,11,0.36852301,-0.0775227173,0.0184938377
145,12,0.368599662,-0.0803641539,0.021336308
145,13,0.368683994,-0.08348867,0.0244619619
145,14,0.368776777,-0.086924467,0.0278990115
145,15,0.368878861,-0.0907025561,0.0316784795
145,16,0.368991185,-0.0948570376,0.0358344791
145,17,0.369114778,-0.0994254091,0.0404045222
145,18,0.369250778,-0.104448904,0.0454298572
145,19,0.369400438,-0.109972862,0.0509558422
145,20,0.369565137,-0.116047141,0.0570323536
145,21,0.369746396,-0.122726565,0.0637142365
145,22,0.369945893,-0.130071419,0.0710617998
145,23,0.370165474,-0.138147995,0.0791413601
145,24,0.370407179,-0.147029187,0.0880258403
145,25,0.370673256,-0.156795151,0.0977954278
145,26,0.370966185,-0.167534026,0.108538298
145,27,0.371288701,-0.179342734,0.120351409
145,28,0.371643824,-0.192327849,0.133341378
145,29,0.372034889,-0.20660656,0.147625443
145,30,0.372465575,-0.22230773,0.163332519
145,31,0.372939949,-0.239573059,0.180604363
145,32,0.373462503,-0.258558358,0.199596851
145,33,0.374038202,-0.279434959,0.220481387
145,34,0.374672535,-0.302391255,0.243446444
145,35,0.375371572,-0.327634406,0.268699271
145,36,0.376142032,-0.355392201,0.296467754
145,37,0.376991349,-0.385915116,0.327002481
145,38,0.377927757,-0.41947857,0.360578991
145,39,0.378960379,-0.456385407,0.397500267
145,40,0.380099324,-0.49696863,0.438099464
145,41,0.381355808,-0.541594398,0.48274291
145,42,0.382742272,-0.590665328,0.531833414
145,43,0.38427253,-0.644624122,0.585813891
145,44,0.385961929,-0.703957555,0.645171356
145,45,0.38782753,-0.769200858,0.710441309
145,46,0.389888307,-0.840942541,0.782212561
145,47,0.392165386,-0.91982969,0.861132537
145,48,0.394682297,-1.00657379,0.947913104
145,49,0.397465274,-1.10195712,1.04333698
145,50,0.400543587,-1.20683981,1.14826477
145,51,0.403949919,-1.32216755,1.26364273
145,52,0.407720797,-1.44898011,1.39051125
145,53,0.411897085,-1.58842069,1.53001423
145,54,0.416524534,-1.74174614,1.68340934
145,55,0.421654422,-1.91033831,1.85207934
145,56,0.42734428,-2.09571638,2.03754446
145,57,0.433658716,-2.29955055,2.2414761
145,58,0.440670366,-2.52367695,2.46571175
145,59,0.448460984,-2.77011411,2.7122715
145,60,0.45712268,-3.041081,2.98337615
145,61,0.466759363,-3.3390169,3.28146703
145,62,0.477488377,-3.66660313,3.60922787
145,63,0.489442401,-4.02678704,3.96960877
145,64,0.502771635,-4.4228082,4.3658525
145,65,0.517646312,-4.85822728,4.80152345
145,66,0.534259615,-5.33695767,5.28053932
145,67,0.552831035,-5.8633002,5.80720595
145,68,0.573610265,-6.44198122,6.38625557
145,69,0.596881705,-7.07819441,7.02288872
145,70,0.622969686,-7.77764655,7.72282021
145,71,0.652244529,-8.54660778,8.49232963
145,72,0.685129587,-9.39196659,9.33831658
145,73,0.722109414,-10.3212901,10.2683613
145,74,0.763739274,-11.3428902,11.2907912
145,75,0.810656205,-12.4658956,12.4147532
145,76,0.863591891,-13.7003309,13.6502939
145,77,0.923387669,-15.0572031,15.0084462
145,78,0.991012011,-16.5485962,16.5013248
145,79,1.06758091,-18.1877737,18.1422304
145,80,1.15438166,-19.9892917,19.9457631
146,0,0.384109652,-0.0585552443,0
146,1,0.384141915,-0.0595547236,0.000999999874
146,2,0.384177429,-0.0606537763,0.0020996262
146,3,0.384216516,-0.0618623226,0.00330880438
146,4,0.384259536,-0.0631912707,0.00463844863
146,5,0.384306885,-0.0646526157,0.00610056051
146,6,0.384358998,-0.0662595476,0.00770833723
146,7,0.384416358,-0.0680265704,0.00947629078
146,8,0.384479495,-0.069969633,0.0114203789
146,9,0.384548995,-0.0721062732,0.0135581491
146,10,0.384625503,-0.0744557759,0.0159088971
146,11,0.384709731,-0.0770393471,0.0184938409
146,12,0.384802464,-0.0798803055,0.0213363122
146,13,0.384904567,-0.0830042926,0.0244619675
146,14,0.385016998,-0.0864395046,0.0278990188
146,15,0.385140811,-0.0902169462,0.0316784889
146,16,0.385277172,-0.094370711,0.0358344912
146,17,0.385427366,-0.0989382887,0.0404045375
146,18,0.385592816,-0.103960904,0.0454298765
146,19,0.385775091,-0.109483887,0.0509558665
146,20,0.385975929,-0.115557085,0.057032384
146,21,0.386197249,-0.12223531,0.0637142745
146,22,0.386441175,-0.129578833,0.0710618471
146,23,0.386710058,-0.13765393,0.0791414187
146,24,0.387006501,-0.146533478,0.0880259128
146,25,0.387333385,-0.156297614,0.0977955173
146,26,0.387693904,-0.167034455,0.108538408
146,27,0.388091601,-0.178840897,0.120351544
146,28,0.388530403,-0.191823487,0.133341544
146,29,0.389014672,-0.206099381,0.147625647
146,30,0.389549248,-0.221797408,0.163332769
146,31,0.390139514,-0.239059225,0.180604668
146,32,0.390791454,-0.258040596,0.199597224
146,33,0.391511724,-0.278912799,0.220481842
146,34,0.392307741,-0.301864169,0.243446999
146,35,0.393187765,-0.327101794,0.268699946
146,36,0.394161011,-0.354853384,0.296468577
146,37,0.395237765,-0.385369324,0.327003482
146,38,0.396429516,-0.418924926,0.360580208
146,39,0.397749109,-0.455822917,0.397501747
146,40,0.399210923,-0.496396159,0.438101261
146,41,0.400831062,-0.54101065,0.482745092
146,42,0.402627586,-0.590068822,0.531836062
146,43,0.404620765,-0.644013162,0.585817104
146,44,0.406833378,-0.703330197,0.645175253
146,45,0.409291047,-0.768554867,0.710446034
146,46,0.412022624,-0.840275347,0.78221829
146,47,0.41506064,-0.919138326,0.86113948
146,48,0.41844181,-1.00585483,0.947921517
146,49,0.422207627,-1.10120661,1.04334717
146,50,0.426405033,-1.20605315,1.14827712
146,51,0.431087207,-1.32133941,1.26365768
146,52,0.436314463,-1.44810429,1.39052936
146,53,0.44215529,-1.58748995,1.53003615
146,54,0.448687567,-1.74075204,1.68343588
146,55,0.455999953,-1.90927096,1.85211146
146,56,0.464193507,-2.0945642,2.03758335
146,57,0.473383572,-2.29829992,2.24152316
146,58,0.483701955,-2.52231185,2.46576869
146,59,0.495299465,-2.76861564,2.71234041
146,60,0.508348862,-3.03942683,2.98345953
146,61,0.523048299,-3.33718057,3.28156792
146,62,0.539625319,-3.66455327,3.60934993
146,63,0.558341525,-4.02448633,3.96975643
146,64,0.579498028,-4.42021219,4.36603114
146,65,0.603441796,-4.85528289,4.80173954
146,66,0.630573083,-5.3336014,5.28080071
146,67,0.661354102,-5.85945593,5.80752213
146,68,0.696319167,-6.43755754,6.38663801
146,69,0.736086556,-7.07308128,7.02335128
146,70,0.781372397,-7.77171128,7.72337968
146,71,0.833006913,-8.53969001,8.49300628
146,72,0.891953454,-9.3838722,9.33913495
146,73,0.959330784,-10.3117836,10.2693511
146,74,1.03643919,-11.3316854,11.2919882
146,75,1.1247911,-12.4526439,12.4162008
146,76,1.2261469,-13.6846073,13.6520446
146,77,1.342557,-15.0384882,15.0105634
146,78,1.47641108,-16.526254,16.5038852
146,79,1.63049582,-18.1610247,18.1453267
146,80,1.80806258,-19.9571785,19.9495075
147,0,0.400478812,-0.057979828,0
147,1,0.400516267,-0.0589791262,0.000999999881
147,2,0.400557515,-0.0600779786,0.00209962623
147,3,0.400602933,-0.0612863036,0.00330880445
147,4,0.40065294,-0.0626150072,0.00463844878
147,5,0.400708,-0.0640760821,0.00610056077
147,6,0.400768626,-0.0656827156,0.00770833765
147,7,0.400835385,-0.0674494085,0.00947629141
147,8,0.4009089,-0.0693921064,0.0114203798
147,9,0.400989861,-0.0715283434,0.0135581504
147,10,0.401079029,-0.0738774002,0.0159088989
147,11,0.401177245,-0.0764604781,0.0184938433
147,12,0.401285437,-0.0793008906,0.0213363155
147,13,0.401404631,-0.0824242735,0.0244619717
147,14,0.40153596,-0.0858588163,0.0278990242
147,15,0.401680678,-0.0896355166,0.0316784959
147,16,0.401840171,-0.0937884597,0.0358345002
147,17,0.402015973,-0.0983551263,0.040404549
147,18,0.40220978,-0.10337673,0.0454298911
147,19,0.402423473,-0.108898592,0.0509558848
147,20,0.402659134,-0.114970543,0.057032407
147,21,0.402919069,-0.121647383,0.0637143031
147,22,0.403205838,-0.128989366,0.0710618827
147,23,0.40352228,-0.137062749,0.0791414629
147,24,0.403871547,-0.145940389,0.0880259675
147,25,0.404257138,-0.155702398,0.0977955847
147,26,0.404682944,-0.166436867,0.108538491
147,27,0.405153293,-0.178240661,0.120351646
147,28,0.405673,-0.191220292,0.13334167
147,29,0.406247429,-0.205492878,0.147625801
147,30,0.406882559,-0.221187202,0.163332957
147,31,0.407585057,-0.238444868,0.180604898
147,32,0.40836237,-0.257421583,0.199597505
147,33,0.409222815,-0.278288557,0.220482185
147,34,0.410175696,-0.301234047,0.243447417
147,35,0.411231429,-0.326465053,0.268700456
147,36,0.412401683,-0.354209182,0.296469197
147,37,0.413699545,-0.384716699,0.327004236
147,38,0.415139713,-0.418262781,0.360581126
147,39,0.416738704,-0.455149994,0.397502861
147,40,0.418515101,-0.495711016,0.438102615
147,41,0.420489842,-0.540311633,0.482746736
147,42,0.422686536,-0.589354024,0.531838058
147,43,0.425131838,-0.643280387,0.585819525
147,44,0.427855882,-0.702576905,0.645178189
147,45,0.43089277,-0.767778122,0.710449595
147,46,0.434281147,-0.83947174,0.782222606
147,47,0.438064856,-0.918303897,0.861144712
147,48,0.442293704,-1.00498497,0.947927857
147,49,0.447024337,-1.10029593,1.04335485
147,50,0.452321272,-1.20509537,1.14828642
147,51,0.458258072,-1.32032716,1.26366895
147,52,0.464918725,-1.44702891,1.390543
147,53,0.472399242,-1.58634125,1.53005267
147,54,0.480809513,-1.73951802,1.68345588
147,55,0.490275471,-1.90793742,1.85213567
147,56,0.500941604,-2.09311435,2.03761265
147,57,0.512973894,-2.29671382,2.24155862
147,58,0.526563237,-2.52056579,2.46581161
147,59,0.54192943,-2.76668135,2.71239234
147,60,0.559325843,-3.03727057,2.98352237
147,61,0.579044856,-3.33476196,3.28164394
147,62,0.601424232,-3.66182386,3.6094419
147,63,0.626854563,-4.02138791,3.9698677
147,64,0.655787985,-4.41667465,4.36616575
147,65,0.688748376,-4.85122165,4.80190238
147,66,0.726343302,-5.32891417,5.28099768
147,67,0.769278013,-5.85401881,5.80776038
147,68,0.818371834,-6.4312201,6.38692619
147,69,0.874577383,-7.06566062,7.02369985
147,70,0.9390031,-7.76298454,7.72380127
147,71,1.01293965,-8.52938519,8.49351618
147,72,1.09789091,-9.3716567,9.33975163
147,73,1.19561024,-10.2972501,10.2700969
147,74,1.30814311,-11.3143342,11.2928902
147,75,1.43787696,-12.4318611,12.4172917
147,76,1.58759976,-13.6596373,13.6533638
147,77,1.76056854,-15.0084001,15.0121588
147,78,1.96058976,-16.489899,16.5058145
147,79,2.19211335,-18.1169832,18.1476599
147,80,2.46034281,-19.9036945,19.952329
148,0,0.417117465,-0.0573105185,0
148,1,0.417159898,-0.0583096177,0.000999999885
148,2,0.417206645,-0.0594082499,0.00209962625
148,3,0.417258134,-0.0606163315,0.00330880451
148,4,0.417314843,-0.061944766,0.00463844888
148,5,0.417377303,-0.0634055434,0.00610056095
148,6,0.417446099,-0.0650118478,0.00770833793
148,7,0.417521878,-0.066778177,0.00947629183
148,8,0.417605356,-0.0687204725,0.0114203804
148,9,0.417697322,-0.0708562644,0.0135581513
148,10,0.417798649,-0.0732048284,0.0159089001
148,11,0.417910302,-0.0757873609,0.0184938449
148,12,0.418033348,-0.0786271694,0.0213363176
148,13,0.418168967,-0.081749883,0.0244619745
148,14,0.418318464,-0.085183684,0.0278990279
148,15,0.418483284,-0.0889595618,0.0316785006
148,16,0.418665027,-0.0931115923,0.0358345062
148,17,0.418865467,-0.0976772459,0.0404045566
148,18,0.419086567,-0.102697725,0.0454299008
148,19,0.419330508,-0.108218336,0.050955897
148,20,0.419599706,-0.114288897,0.0570324222
148,21,0.419896846,-0.12096419,0.0637143221
148,22,0.420224908,-0.12830445,0.0710619063
148,23,0.420587208,-0.136375913,0.0791414922
148,24,0.42098743,-0.145251412,0.0880260037
148,25,0.421429677,-0.15501103,0.0977956295
148,26,0.421918519,-0.165742829,0.108538546
148,27,0.422459048,-0.177543636,0.120351714
148,28,0.423056948,-0.190519924,0.133341753
148,29,0.423718562,-0.204788763,0.147625903
148,30,0.42445098,-0.220478883,0.163333082
148,31,0.425262129,-0.237731828,0.180605051
148,32,0.426160888,-0.256703234,0.199597692
148,33,0.427157202,-0.277564231,0.220482412
148,34,0.42826223,-0.300502981,0.243447694
148,35,0.429488499,-0.325726378,0.268700793
148,36,0.430850093,-0.353461905,0.296469608
148,37,0.432362859,-0.383959681,0.327004736
148,38,0.434044649,-0.417494717,0.360581734
148,39,0.4359156,-0.454369384,0.3975036
148,40,0.437998446,-0.494916131,0.438103512
148,41,0.440318892,-0.539500478,0.482747826
148,42,0.44290603,-0.588524295,0.531839381
148,43,0.44579283,-0.642429413,0.58582113
148,44,0.449016704,-0.701701585,0.645180136
148,45,0.452620154,-0.76687485,0.710451956
148,46,0.456651527,-0.838536312,0.782225468
148,47,0.461165888,-0.917331405,0.861148181
148,48,0.466226036,-1.00396966,0.94793206
148,49,0.471903675,-1.09923107,1.04335994
148,50,0.478280781,-1.20397303,1.14829259
148,51,0.485451195,-1.319138,1.26367642
148,52,0.493522467,-1.44576191,1.39055205
148,53,0.502618011,-1.58498337,1.53006363
148,54,0.512879614,-1.73805379,1.68346914
148,55,0.524470366,-1.90634847,1.85215172
148,56,0.537578075,-2.09137878,2.03763207
148,57,0.552419256,-2.29480552,2.24158213
148,58,0.569243794,-2.5184535,2.46584006
148,59,0.588340398,-2.76432764,2.71242677
148,60,0.610042973,-3.03463046,2.98356402
148,61,0.634738086,-3.33178132,3.28169434
148,62,0.662873697,-3.65843742,3.60950288
148,63,0.694969396,-4.01751678,3.96994147
148,64,0.731628382,-4.41222332,4.36625499
148,65,0.773551514,-4.84607424,4.80201033
148,66,0.82155377,-5.32292986,5.28112826
148,67,0.87658355,-5.84702608,5.80791834
148,68,0.939745304,-6.42300976,6.38711725
148,69,1.01232606,-7.05597699,7.02393093
148,70,1.09582655,-7.75151467,7.72408076
148,71,1.19199766,-8.51574537,8.49385421
148,72,1.30288322,-9.35537573,9.34016047
148,73,1.43087011,-10.2777485,10.2705913
148,74,1.57874695,-11.2908982,11.2934882
148,75,1.74977295,-12.4036105,12.4180149
148,76,1.94775833,-13.6254852,13.6542384
148,77,2.17715852,-14.9670028,15.0132164
148,78,2.44318424,-16.4395934,16.5070936
148,79,2.75192996,-18.0557091,18.1492067
148,80,3.11052384,-19.8288972,19.9541995
149,0,0.434008913,-0.0565488767,0
149,1,0.434056116,-0.0575477619,0.000999999888
149,2,0.434108133,-0.0586461572,0.00209962626
149,3,0.434165442,-0.0598539767,0.00330880453
149,4,0.434228577,-0.0611821213,0.00463844893
149,5,0.434298132,-0.0626425781,0.00610056103
149,6,0.434374763,-0.0642485279,0.00770833806
149,7,0.434459196,-0.0660144647,0.00947629203
149,8,0.434552233,-0.067956326,0.0114203807
149,9,0.43465476,-0.070091637,0.0135581517
149,10,0.434767759,-0.0724396687,0.0159089006
149,11,0.434892314,-0.0750216114,0.0184938456
149,12,0.435029625,-0.0778607663,0.0213363186
149,13,0.435181021,-0.0809827553,0.0244619758
149,14,0.435347975,-0.0844157525,0.0278990296
149,15,0.435532115,-0.0881907382,0.0316785029
149,16,0.43573525,-0.0923417782,0.0358345091
149,17,0.435959384,-0.0969063314,0.0404045603
149,18,0.436206741,-0.101925587,0.0454299054
149,19,0.43647979,-0.107444837,0.0509559028
149,20,0.436781275,-0.113513884,0.0570324295
149,21,0.437114244,-0.120187489,0.0637143312
149,22,0.437482091,-0.127525867,0.0710619176
149,23,0.437888589,-0.135595231,0.0791415062
149,24,0.438337946,-0.144468384,0.0880260211
149,25,0.43883485,-0.154225382,0.0977956509
149,26,0.439384531,-0.164954248,0.108538572
149,27,0.439992832,-0.17675177,0.120351747
149,28,0.440666278,-0.189724374,0.133341793
149,29,0.441412174,-0.203989079,0.147625951
149,30,0.442238692,-0.219674552,0.163333141
149,31,0.443154997,-0.236922267,0.180605124
149,32,0.444171365,-0.255887781,0.199597781
149,33,0.445299341,-0.276742129,0.220482521
149,34,0.446551901,-0.299673367,0.243447827
149,35,0.447943649,-0.324888263,0.268700955
149,36,0.44949104,-0.352614155,0.296469805
149,37,0.451212634,-0.383100995,0.327004976
149,38,0.453129393,-0.416623596,0.360582025
149,39,0.455265017,-0.4534841,0.397503954
149,40,0.457646336,-0.494014688,0.438103942
149,41,0.460303759,-0.538580564,0.482748347
149,42,0.463271796,-0.587583229,0.531840013
149,43,0.466589659,-0.641464077,0.585821898
149,44,0.470301962,-0.700708348,0.645181068
149,45,0.474459523,-0.765849472,0.710453085
149,46,0.479120305,-0.837473833,0.782226837
149,47,0.484350503,-0.916226009,0.86114984
149,48,0.490225807,-1.00281452,0.94793407
149,49,0.496832874,-1.09801813,1.04336238
149,50,0.504271035,-1.20269279,1.14829554
149,51,0.512654293,-1.31777924,1.26367999
149,52,0.522113642,-1.44431132,1.39055638
149,53,0.532799779,-1.58342513,1.53006887
149,54,0.54488627,-1.73636908,1.68347548
149,55,0.55857324,-1.90451483,1.8521594
149,56,0.574091694,-2.08936937,2.03764137
149,57,0.591708565,-2.29258816,2.24159338
149,58,0.611732624,-2.51598959,2.46585367
149,59,0.634521384,-2.7615707,2.71244324
149,60,0.660489202,-3.03152449,2.98358395
149,61,0.690116754,-3.32825864,3.28171845
149,62,0.72396214,-3.65441613,3.60953206
149,63,0.762673901,-4.01289755,3.96997677
149,64,0.807006268,-4.40688547,4.36629768
149,65,0.85783705,-4.83987084,4.80206198
149,66,0.916188599,-5.31568173,5.28119074
149,67,0.983252385,-5.83851436,5.80799391
149,68,1.06041782,-6.4129666,6.38720865
149,69,1.14930603,-7.04407411,7.02404149
149,70,1.25180946,-7.73734907,7.72421448
149,71,1.37013824,-8.4988216,8.49401594
149,72,1.50687451,-9.33508383,9.34035607
149,73,1.66503601,-10.2533365,10.2708279
149,74,1.84815045,-11.261438,11.2937743
149,75,2.06034244,-12.3679552,12.4183609
149,76,2.30643495,-13.5822161,13.6546568
149,77,2.5920677,-14.9143632,15.0137225
149,78,2.92383496,-16.3754064,16.5077056
149,79,3.30944569,-17.9772751,18.1499467
149,80,3.75790947,-19.7328666,19.9550945
150,0,0.4511351,-0.0556968285,0
150,1,0.451186872,-0.0566954873,0.000999999887
150,2,0.451243937,-0.057793632,0.00209962626
150,3,0.451306822,-0.059001174,0.00330880453
150,4,0.451376114,-0.0603290116,0.00463844892
150,5,0.45145247,-0.0617891286,0.00610056102
150,6,0.451536612,-0.0633947024,0.00770833805
150,7,0.451629343,-0.0651602229,0.00947629201
150,8,0.451731547,-0.0671016233,0.0114203807
150,9,0.451844206,-0.0692364239,0.0135581516
150,10,0.451968403,-0.07158389,0.0159089006
150,11,0.45210534,-0.0741652057,0.0184938455
150,12,0.452256345,-0.0770036653,0.0213363185
150,13,0.452422891,-0.080124883,0.0244619757
150,14,0.452606611,-0.0835570241,0.0278990294
150,15,0.452809313,-0.087331059,0.0316785026
150,16,0.453033006,-0.0914810425,0.0358345088
150,17,0.453279919,-0.0960444208,0.0404045598
150,18,0.453552525,-0.101062369,0.0454299048
150,19,0.453853577,-0.106580164,0.0509559021
150,20,0.454186133,-0.112647589,0.0570324286
150,21,0.454553597,-0.119319385,0.0637143302
150,22,0.45495976,-0.126655746,0.0710619163
150,23,0.455408847,-0.134722855,0.0791415046
150,24,0.455905568,-0.143593488,0.0880260191
150,25,0.456455184,-0.153347663,0.0977956484
150,26,0.45706357,-0.164073368,0.108538569
150,27,0.457737296,-0.175867345,0.120351743
150,28,0.458483715,-0.188835968,0.133341788
150,29,0.459311064,-0.203096196,0.147625946
150,30,0.460228581,-0.218776629,0.163333135
150,31,0.461246634,-0.236018665,0.180605116
150,32,0.462376875,-0.254977767,0.199597771
150,33,0.463632411,-0.275824868,0.220482509
150,34,0.465028003,-0.298747902,0.243447812
150,35,0.466580295,-0.323953495,0.268700937
150,36,0.468308071,-0.351668822,0.296469783
150,37,0.470232561,-0.382143644,0.327004949
150,38,0.472377787,-0.415652549,0.360581992
150,39,0.474770962,-0.452497418,0.397503914
150,40,0.47744295,-0.493010124,0.438103893
150,41,0.480428807,-0.537555509,0.482748288
150,42,0.483768394,-0.586534649,0.531839942
150,43,0.487507094,-0.640388433,0.585821811
150,44,0.491696643,-0.699601507,0.645180962
150,45,0.496396095,-0.764706593,0.710452957
150,46,0.501672941,-0.836289238,0.782226682
150,47,0.507604411,-0.914993017,0.861149652
150,48,0.514278988,-1.00152526,0.947933843
150,49,0.521798175,-1.09666331,1.0433621
150,50,0.530278548,-1.2012614,1.1482952
150,51,0.539854156,-1.31625822,1.26367959
150,52,0.550679319,-1.44268516,1.39055589
150,53,0.562931894,-1.58167533,1.53006827
150,54,0.576817097,-1.73447356,1.68347476
150,55,0.592571963,-1.90244717,1.85215853
150,56,0.610470569,-2.08709789,2.03764031
150,57,0.630830142,-2.29007478,2.2415921
150,58,0.654018212,-2.51318847,2.46585213
150,59,0.680460988,-2.75842653,2.71244137
150,60,0.710653167,-3.02797038,2.98358169
150,61,0.745169434,-3.3242136,3.28171572
150,62,0.784677932,-3.64978183,3.60952875
150,63,0.829956057,-4.00755442,3.96997277
150,64,0.881908975,-4.40068786,4.36629285
150,65,0.941591319,-4.83264101,4.80205613
150,66,1.01023263,-5.3072024,5.28118366
150,67,1.08926719,-5.82851946,5.80798534
150,68,1.18036894,-6.40112984,6.38719829
150,69,1.2854924,-7.02999469,7.02402896
150,70,1.40692061,-7.72053403,7.72419933
150,71,1.54732117,-8.47866374,8.49399761
150,72,1.70981182,-9.31083434,9.3403339
150,73,1.89803698,-10.2240709,10.2708011
150,74,2.11625714,-11.2260134,11.2937418
150,75,2.36945295,-12.324958,12.4183217
150,76,2.66344637,-13.5298958,13.6546094
150,77,3.00504133,-14.8505508,15.0136651
150,78,3.40218665,-16.2974131,16.5076362
150,79,3.86416435,-17.8817663,18.1498628
150,80,4.40180644,-19.6157056,19.954993
151,0,0.468476606,-0.0547566563,0
151,1,0.468532751,-0.0557550789,0.000999999885
151,2,0.46859465,-0.0568529616,0.00209962625
151,3,0.468662875,-0.0580602137,0.0033088045
151,4,0.468738067,-0.0593877303,0.00463844886
151,5,0.468820938,-0.060847492,0.00610056092
151,6,0.468912279,-0.0624526723,0.00770833788
151,7,0.469012963,-0.0642177571,0.00947629176
151,8,0.469123956,-0.0661586748,0.0114203803
151,9,0.46924633,-0.0682929404,0.0135581511
151,10,0.469381269,-0.0706398135,0.0159088998
151,11,0.469530084,-0.0732204715,0.0184938446
151,12,0.469694231,-0.0760582014,0.0213363172
151,13,0.469875319,-0.0791786091,0.024461974
151,14,0.470075137,-0.0826098504,0.0278990273
151,15,0.470295668,-0.0863828854,0.0316784998
151,16,0.470539112,-0.090531757,0.0358345052
151,17,0.470807917,-0.0950938982,0.0404045553
151,18,0.471104799,-0.100110469,0.0454298991
151,19,0.471432783,-0.105626729,0.0509558949
151,20,0.471795233,-0.111692441,0.0570324196
151,21,0.472195898,-0.118362327,0.0637143189
151,22,0.472638957,-0.125696552,0.0710619022
151,23,0.473129069,-0.133761274,0.0791414871
151,24,0.47367144,-0.142629234,0.0880259975
151,25,0.474271883,-0.152380416,0.0977956218
151,26,0.474936903,-0.163102762,0.108538537
151,27,0.47567378,-0.174892966,0.120351703
151,28,0.476490672,-0.187857348,0.133341739
151,29,0.477396731,-0.202112801,0.147625885
151,30,0.478402232,-0.217787851,0.16333306
151,31,0.479518725,-0.23502381,0.180605025
151,32,0.480759206,-0.253976042,0.19959766
151,33,0.482138315,-0.274815363,0.220482373
151,34,0.483672564,-0.297729576,0.243447647
151,35,0.485380597,-0.322925149,0.268700735
151,36,0.48728349,-0.350629075,0.296469538
151,37,0.489405098,-0.381090902,0.327004651
151,38,0.491772454,-0.41458497,0.360581629
151,39,0.494416231,-0.451412864,0.397503474
151,40,0.497371276,-0.491906117,0.438103358
151,41,0.500677227,-0.536429162,0.482747639
151,42,0.504379229,-0.585382595,0.531839154
151,43,0.508528765,-0.639206739,0.585820855
151,44,0.513184619,-0.698385564,0.645179802
151,45,0.518413996,-0.763450993,0.710451551
151,46,0.524293828,-0.834987617,0.782224977
151,47,0.530912284,-0.913637876,0.861147585
151,48,0.538370541,-1.00010773,0.947931338
151,49,0.546784842,-1.0951729,1.04335907
151,50,0.556288895,-1.19968567,1.14829153
151,51,0.567036679,-1.31458235,1.26367514
151,52,0.579205716,-1.44089148,1.3905505
151,53,0.593000899,-1.57974277,1.53006175
151,54,0.608658963,-1.73237687,1.68346686
151,55,0.626453722,-1.90015608,1.85214897
151,56,0.646702191,-2.08457599,2.03762874
151,57,0.669771758,-2.28727824,2.24157809
151,58,0.696088585,-2.51006436,2.46583518
151,59,0.726147443,-2.75491085,2.71242086
151,60,0.760523246,-3.02398558,2.98355687
151,61,0.799884559,-3.3196655,3.28168569
151,62,0.845009442,-3.64455589,3.60949242
151,63,0.896804006,-4.00151108,3.96992882
151,64,0.956324179,-4.39365671,4.36623968
151,65,1.0248012,-4.8244137,4.80199181
151,66,1.10367151,-5.29752372,5.28110586
151,67,1.19461171,-5.81707636,5.80789124
151,68,1.29957958,-6.38753771,6.38708447
151,69,1.42086197,-7.01378036,7.02389128
151,70,1.56113084,-7.70111458,7.7240328
151,71,1.72350873,-8.45532024,8.49379621
151,72,1.91164513,-9.28267906,9.34009032
151,73,2.12980541,-10.1900066,10.2705065
151,74,2.38297433,-11.1846828,11.2933856
151,75,2.67697614,-12.2746806,12.4178908
151,76,3.01861369,-13.4685902,13.6540883
151,77,3.41582903,-14.7756375,15.013035
151,78,3.87788832,-16.2056949,16.5068741
151,79,4.41559372,-17.7692799,18.1489413
151,80,5.04152526,-19.4775396,19.9538786
152,0,0.486012645,-0.0537309878,0
152,1,0.486072975,-0.0547291662,0.000999999879
152,2,0.486139502,-0.0558267782,0.00209962622
152,3,0.48621284,-0.0570337304,0.00330880444
152,4,0.486293681,-0.058360915,0.00463844875
152,5,0.486382794,-0.0598203089,0.00610056072
152,6,0.486481031,-0.0614250818,0.00770833756
152,7,0.486589337,-0.0631897151,0.00947629128
152,8,0.486708756,-0.0651301325,0.0114203796
152,9,0.486840444,-0.0672638435,0.0135581501
152,10,0.486985683,-0.0696101014,0.0159088985
152,11,0.487145893,-0.0721900768,0.0184938428
152,12,0.487322648,-0.0750270489,0.0213363148
152,13,0.487517694,-0.0781466148,0.0244619708
152,14,0.487732967,-0.0815769208,0.0278990231
152,15,0.487970618,-0.0853489155,0.0316784945
152,16,0.488233036,-0.0894966296,0.0358344983
152,17,0.488522877,-0.0940574818,0.0404045466
152,18,0.488843095,-0.0990726164,0.0454298881
152,19,0.489196977,-0.104587274,0.050955881
152,20,0.489588186,-0.110651199,0.0570324022
152,21,0.490020804,-0.117319087,0.0637142972
152,22,0.490499386,-0.124651079,0.0710618752
152,23,0.491029017,-0.1327133,0.0791414536
152,24,0.491615379,-0.14157846,0.0880259561
152,25,0.492264828,-0.151326499,0.0977955706
152,26,0.49298448,-0.162045316,0.108538474
152,27,0.493782308,-0.173831554,0.120351625
152,28,0.494667257,-0.186791469,0.133341644
152,29,0.495649371,-0.201041887,0.147625769
152,30,0.49673994,-0.216711254,0.163332918
152,31,0.497951669,-0.233940787,0.18060485
152,32,0.49929887,-0.252885744,0.199597447
152,33,0.500797687,-0.273716816,0.220482113
152,34,0.502466349,-0.296621658,0.24344733
152,35,0.504325464,-0.321806571,0.268700349
152,36,0.50639836,-0.349498347,0.296469068
152,37,0.508711472,-0.379946301,0.327004079
152,38,0.5112948,-0.4134245,0.360580934
152,39,0.514182425,-0.450234207,0.397502628
152,40,0.517413118,-0.490706574,0.438102331
152,41,0.521031041,-0.535205588,0.482746392
152,42,0.525086557,-0.584131313,0.53183764
152,43,0.529637177,-0.637923442,0.585819019
152,44,0.534748657,-0.697065197,0.645177575
152,45,0.540496273,-0.762087609,0.71044885
152,46,0.546966305,-0.833574206,0.782221704
152,47,0.55425777,-0.912166153,0.861143618
152,48,0.562484437,-0.99856789,0.947926531
152,49,0.571777181,-1.0935533,1.04335324
152,50,0.582286732,-1.19797246,1.14828448
152,51,0.594186877,-1.31275902,1.26366659
152,52,0.607678219,-1.43893834,1.39054015
152,53,0.622992554,-1.57763621,1.53004922
152,54,0.640398007,-1.73008858,1.6834517
152,55,0.660205032,-1.89765203,1.85213061
152,56,0.682773446,-2.08181519,2.03760652
152,57,0.70852066,-2.2842112,2.2415512
152,58,0.737931324,-2.50663123,2.46580263
152,59,0.771568633,-2.75103911,2.71238148
152,60,0.810087573,-3.01958714,2.98350922
152,61,0.854250445,-3.31463324,3.28162804
152,62,0.904945058,-3.63875925,3.60942267
152,63,0.963206058,-3.99479065,3.96984443
152,64,1.03023991,-4.38581757,4.3661376
152,65,1.10745414,-4.81521709,4.80186832
152,66,1.19649164,-5.28667672,5.28095649
152,67,1.29927073,-5.80421907,5.80771055
152,68,1.41803203,-6.37222734,6.38686592
152,69,1.55539325,-6.99547145,7.02362695
152,70,1.71441307,-7.67913435,7.72371309
152,71,1.89866565,-8.42883798,8.49340954
152,72,2.11232726,-9.2506681,9.33962266
152,73,2.36027692,-10.151197,10.2699409
152,74,2.64821293,-11.1375028,11.2927015
152,75,2.98278757,-12.2171837,12.4170635
152,76,3.3717621,-13.3983651,13.6530879
152,77,3.82418464,-14.689697,15.0118251
152,78,4.35059313,-16.1003384,16.505411
152,79,4.96324576,-17.6399253,18.1471719
152,80,5.6763809,-19.3185165,19.9517389
153,0,0.503721071,-0.0526227816,0
153,1,0.503785406,-0.0536207098,0.000999999871
153,2,0.503856363,-0.0547180443,0.00209962619
153,3,0.503934597,-0.055924689,0.00330880435
153,4,0.504020848,-0.0572515329,0.00463844858
153,5,0.50411594,-0.0587105493,0.00610056042
153,6,0.504220785,-0.0603149039,0.00770833709
153,7,0.504336394,-0.0620790737,0.00947629057
153,8,0.504463888,-0.064018977,0.0114203786
153,9,0.504604506,-0.0661521178,0.0135581487
153,10,0.504759623,-0.0684977429,0.0159088965
153,11,0.504930763,-0.0710770159,0.01849384
153,12,0.505119615,-0.0739132078,0.0213363112
153,13,0.505328056,-0.0770319066,0.0244619661
153,14,0.505558166,-0.0804612483,0.0278990169
153,15,0.505812258,-0.0842321701,0.0316784865
153,16,0.506092902,-0.0883786896,0.0358344881
153,17,0.506402958,-0.0929382106,0.0404045336
153,18,0.506745608,-0.0979518607,0.0454298717
153,19,0.507124395,-0.103464861,0.0509558604
153,20,0.507543271,-0.109526936,0.0570323764
153,21,0.508006642,-0.116192754,0.063714265
153,22,0.508519427,-0.12352243,0.0710618352
153,23,0.509087124,-0.131582058,0.079141404
153,24,0.509715882,-0.140444307,0.0880258946
153,25,0.510412583,-0.150189079,0.0977954948
153,26,0.511184939,-0.160904223,0.10853838
153,27,0.5120416,-0.172686326,0.12035151
153,28,0.512992276,-0.185641581,0.133341503
153,29,0.514047885,-0.19988674,0.147625596
153,30,0.515220708,-0.215550162,0.163332706
153,31,0.51652458,-0.232772965,0.180604592
153,32,0.517975104,-0.251710293,0.199597131
153,33,0.519589895,-0.272532701,0.220481727
153,34,0.521388869,-0.295427687,0.243446859
153,35,0.52339456,-0.32060137,0.268699777
153,36,0.52563251,-0.348280326,0.296468371
153,37,0.528131693,-0.378713619,0.32700323
153,38,0.530925025,-0.412175018,0.360579903
153,39,0.534049948,-0.448965439,0.397501375
153,40,0.537549102,-0.489415619,0.438100809
153,41,0.54147111,-0.533889058,0.482744544
153,42,0.545871491,-0.582785239,0.531835397
153,43,0.550813713,-0.636543167,0.585816297
153,44,0.556370427,-0.695645245,0.645174273
153,45,0.562624896,-0.760621524,0.710444846
153,46,0.569672663,-0.832054361,0.78221685
153,47,0.577623496,-0.910583521,0.861137735
153,48,0.586603657,-0.996911758,0.947919402
153,49,0.596758546,-1.09181093,1.04334461
153,50,0.608255797,-1.19612866,1.14827401
153,51,0.62128889,-1.31079568,1.26365393
153,52,0.636081379,-1.43683375,1.39052481
153,53,0.652891836,-1.57536434,1.53003064
153,54,0.672019638,-1.72761816,1.68342921
153,55,0.693811742,-1.89494537,1.85210339
153,56,0.718670622,-2.07882681,2.03757357
153,57,0.747063564,-2.28088611,2.24151133
153,58,0.779533564,-2.50290279,2.46575438
153,59,0.816712086,-2.74682641,2.71232309
153,60,0.859334032,-3.01479178,2.98343858
153,61,0.908255267,-3.30913528,3.28154256
153,62,0.964473164,-3.6324123,3.60931925
153,63,1.02915067,-3.98741569,3.96971932
153,64,1.1036445,-4.37719533,4.36598624
153,65,1.18953808,-4.80507858,4.80168523
153,66,1.2886802,-5.27469148,5.28073501
153,67,1.40323003,-5.78998053,5.80744266
153,68,1.53570983,-6.35523466,6.38654189
153,69,1.68906632,-6.97510694,7.02323503
153,70,1.86674213,-7.65463536,7.72323907
153,71,2.07275894,-8.39926206,8.49283622
153,72,2.31181372,-9.21484963,9.33892927
153,73,2.58939019,-10.1076935,10.2691023
153,74,2.91188725,-11.0845283,11.2916873
153,75,3.28676644,-12.1525264,12.415837
153,76,3.72272065,-13.3192859,13.6516046
153,77,4.22986592,-14.5928045,15.0100313
153,78,4.81995823,-15.9814358,16.5032417
153,79,5.50663665,-17.4938233,18.1445485
153,80,6.30569355,-19.1388067,19.9485664
154,0,0.521578394,-0.0514353113,0
154,1,0.521646563,-0.052432985,0.000999999861
154,2,0.521721761,-0.053530037,0.00209962614
154,3,0.521804683,-0.0547363686,0.00330880424
154,4,0.521896115,-0.0560628653,0.00463844835
154,5,0.521996934,-0.057521497,0.00610056003
154,6,0.522108111,-0.0591254252,0.00770833647
154,7,0.52223072,-0.0608891219,0.00947628962
154,8,0.522365955,-0.0628285007,0.0114203772
154,9,0.522515136,-0.0649610593,0.0135581467
154,10,0.522679726,-0.0673060381,0.0159088938
154,11,0.522861352,-0.0698845933,0.0184938365
154,12,0.523061813,-0.0727199874,0.0213363064
154,13,0.523283111,-0.0758377992,0.0244619598
154,14,0.523527466,-0.079266154,0.0278990087
154,15,0.523797349,-0.0830359771,0.031678476
154,16,0.524095505,-0.0871812723,0.0358344746
154,17,0.52442499,-0.0917394282,0.0404045164
154,18,0.524789207,-0.0967515551,0.04542985
154,19,0.525191949,-0.102262854,0.0509558331
154,20,0.525637445,-0.108323027,0.0570323422
154,21,0.526130418,-0.114986717,0.0637142223
154,22,0.526676142,-0.122314009,0.0710617821
154,23,0.527280516,-0.130370964,0.0791413381
154,24,0.52795014,-0.139230212,0.0880258131
154,25,0.528692411,-0.148971612,0.0977953942
154,26,0.529515621,-0.15968296,0.108538256
154,27,0.53042908,-0.171460786,0.120351358
154,28,0.531443247,-0.184411216,0.133341316
154,29,0.532569891,-0.198650921,0.147625366
154,30,0.533822263,-0.214308172,0.163332425
154,31,0.535215305,-0.231523982,0.180604248
154,32,0.536765882,-0.250453369,0.199596711
154,33,0.538493055,-0.271266749,0.220481216
154,34,0.540418388,-0.294151451,0.243446236
154,35,0.542566314,-0.319313397,0.268699017
154,36,0.544964545,-0.346978936,0.296467446
154,37,0.547644554,-0.377396862,0.327002105
154,38,0.550642129,-0.410840624,0.360578535
154,39,0.553998021,-0.447610764,0.397499713
154,40,0.557758683,-0.488037575,0.43809879
154,41,0.561977143,-0.532484028,0.482742092
154,42,0.56671401,-0.581348984,0.531832421
154,43,0.572038639,-0.6350707,0.585812686
154,44,0.578030501,-0.694130691,0.645169894
154,45,0.584780764,-0.759057947,0.710439536
154,46,0.592394147,-0.830433551,0.782210412
154,47,0.600991073,-0.90889574,0.861129932
154,48,0.610710196,-0.995145431,0.947909948
154,49,0.621711333,-1.08995227,1.04333315
154,50,0.634178909,-1.19416121,1.14826014
154,51,0.648325975,-1.30869973,1.26363712
154,52,0.66439891,-1.43458569,1.39050446
154,53,0.682682929,-1.57293579,1.53000601
154,54,0.703508523,-1.72497495,1.68339939
154,55,0.72725901,-1.89204628,1.85206729
154,56,0.754379374,-2.07562199,2.03752988
154,57,0.785386629,-2.27731518,2.24145845
154,58,0.820881957,-2.49889245,2.46569038
154,59,0.861564933,-2.74228752,2.71224565
154,60,0.908250202,-3.00961575,2.98334487
154,61,0.961887007,-3.30318958,3.28142918
154,62,1.02358207,-3.62553487,3.60918208
154,63,1.09462637,-3.97940807,3.96955338
154,64,1.17652652,-4.36781411,4.36578549
154,65,1.27104139,-4.79402472,4.80144239
154,66,1.38022495,-5.26159712,5.28044127
154,67,1.50647624,-5.77439256,5.80708735
154,68,1.65259766,-6.33659429,6.38611212
154,69,1.82186269,-6.95272429,7.0227152
154,70,2.01809463,-7.62765797,7.72261035
154,71,2.24575772,-8.36663567,8.4920758
154,72,2.51006244,-9.17526972,9.33800959
154,73,2.81708668,-10.0595451,10.26799
154,74,3.17391465,-11.0258118,11.2903422
154,75,3.58879528,-12.0807659,12.4142102
154,76,4.07132184,-13.231417,13.6496372
154,77,4.63263419,-14.4850364,15.007652
154,78,5.28564454,-15.8490838,16.5003644
154,79,6.04528689,-17.3311062,18.1410689
154,80,6.92878931,-18.9386026,19.9443586
155,0,0.5395598,-0.0501721483,0
155,1,0.53963164,-0.0511695643,0.000999999848
155,2,0.539710899,-0.0522663304,0.00209962609
155,3,0.539798311,-0.0534723448,0.00330880409
155,4,0.539894709,-0.0547984899,0.00463844807
155,5,0.540001016,-0.0562567317,0.00610055954
155,6,0.540118261,-0.0578602274,0.00770833569
155,7,0.540247582,-0.0596234444,0.00947628845
155,8,0.54039024,-0.0615622908,0.0114203755
155,9,0.540547633,-0.0636942584,0.0135581443
155,10,0.540721314,-0.0660385809,0.0159088905
155,11,0.540913001,-0.0686164066,0.018493832
155,12,0.541124606,-0.0714509898,0.0213363004
155,13,0.54135825,-0.0745678994,0.0244619519
155,14,0.541616289,-0.0779952497,0.0278989985
155,15,0.541901343,-0.0817639539,0.0316784628
155,16,0.54221633,-0.0859080016,0.0358344578
155,17,0.542564495,-0.0904647658,0.040404495
155,18,0.542949456,-0.0954753385,0.0454298229
155,19,0.543375245,-0.100984901,0.0509557991
155,20,0.543846366,-0.10704313,0.0570322995
155,21,0.544367844,-0.113704644,0.0637141691
155,22,0.5449453,-0.121029497,0.0710617159
155,23,0.545585022,-0.129083713,0.079141256
155,24,0.546294053,-0.137939886,0.0880257116
155,25,0.547080287,-0.147677824,0.0977952689
155,26,0.547952584,-0.158385275,0.108538102
155,27,0.548920896,-0.170158704,0.120351168
155,28,0.549996414,-0.183104166,0.133341083
155,29,0.551191739,-0.197338253,0.147625081
155,30,0.552521072,-0.212989139,0.163332076
155,31,0.554000436,-0.230197725,0.180603821
155,32,0.555647933,-0.249118902,0.199596189
155,33,0.55748404,-0.269922933,0.220480579
155,34,0.559531942,-0.292796972,0.243445459
155,35,0.561817933,-0.317946734,0.268698071
155,36,0.564371859,-0.345598324,0.296466294
155,37,0.56722765,-0.376000248,0.327000704
155,38,0.570423922,-0.40942562,0.360576831
155,39,0.574004685,-0.446174579,0.397497642
155,40,0.578020154,-0.486576946,0.438096275
155,41,0.582527702,-0.530995129,0.482739038
155,42,0.587592962,-0.579827316,0.531828715
155,43,0.59329111,-0.63351097,0.585808189
155,44,0.59970836,-0.692526649,0.64516444
155,45,0.606943705,-0.7574022,0.710432922
155,46,0.615110951,-0.828717336,0.782202394
155,47,0.624341085,-0.907108644,0.861120215
155,48,0.634785048,-0.993275058,0.947898173
155,49,0.646616968,-1.08798382,1.04331889
155,50,0.660037948,-1.192077,1.14824286
155,51,0.675280486,-1.30647855,1.2636162
155,52,0.69261366,-1.43220207,1.39047912
155,53,0.712349193,-1.57035909,1.52997533
155,54,0.734848551,-1.72216818,1.68336224
155,55,0.760531268,-1.88896477,1.85202232
155,56,0.789884689,-2.07221163,2.03747546
155,57,0.823475401,-2.27351032,2.24139258
155,58,0.86196261,-2.49461328,2.46561068
155,59,0.906113836,-2.73743682,2.7121492
155,60,0.956823282,-3.0040749,2.98322817
155,61,1.01513336,-3.29681358,3.28128798
155,62,1.08225991,-3.6181462,3.60901125
155,63,1.15962165,-3.97078901,3.96934671
155,64,1.24887466,-4.35769724,4.36553548
155,65,1.35195271,-4.78208113,4.80113995
155,66,1.47111414,-5.24742171,5.28007542
155,67,1.60899669,-5.75748578,5.80664482
155,68,1.76868112,-6.31633944,6.38557686
155,69,1.95376509,-6.92835938,7.0220678
155,70,2.16844865,-7.59824065,7.72182731
155,71,2.41763291,-8.33099994,8.49112875
155,72,2.70703348,-9.13197213,9.33686419
155,73,3.04331025,-10.0067985,10.2666048
155,74,3.43421518,-10.9614035,11.2886668
155,75,3.88875946,-12.0019576,12.4121841
155,76,4.41740116,-13.1348218,13.6471869
155,77,5.0322539,-14.3664701,15.0046888
155,78,5.74731639,-15.7033843,16.4967809
155,79,6.57872134,-17.1519176,18.1367354
155,80,7.54500096,-18.7181185,19.939118
156,0,0.557639179,-0.0488371427,0
156,1,0.557714535,-0.0498342992,0.000999999832
156,2,0.557797686,-0.0509307771,0.00209962602
156,3,0.557889403,-0.0521364717,0.00330880392
156,4,0.55799056,-0.0534622621,0.00463844773
156,5,0.55810213,-0.0549201104,0.00610055896
156,6,0.558225195,-0.0565231696,0.00770833476
156,7,0.558360954,-0.0582859023,0.00947628704
156,8,0.558510734,-0.0602242109,0.0114203735
156,9,0.55867601,-0.0623555813,0.0135581414
156,10,0.558858416,-0.0646992401,0.0159088865
156,11,0.559059766,-0.0672763281,0.0184938266
156,12,0.559282074,-0.0701100905,0.0213362933
156,13,0.559527579,-0.0732260865,0.0244619426
156,14,0.559798768,-0.0766524194,0.0278989864
156,15,0.560098408,-0.0804199894,0.0316784471
156,16,0.56042958,-0.0845627721,0.0358344377
156,17,0.560795714,-0.0891181238,0.0404044695
156,18,0.561200637,-0.0941271184,0.0454297906
156,19,0.561648615,-0.0996349157,0.0509557584
156,20,0.562144413,-0.105691169,0.0570322486
156,21,0.562693355,-0.112350468,0.0637141055
156,22,0.563301397,-0.119672837,0.0710616368
156,23,0.563975206,-0.127724262,0.0791411579
156,24,0.564722255,-0.136577296,0.0880255902
156,25,0.565550925,-0.146311701,0.0977951191
156,26,0.566470627,-0.157015168,0.108537917
156,27,0.567491941,-0.168784098,0.120350941
156,28,0.568626774,-0.181724474,0.133340804
156,29,0.569888538,-0.195952801,0.147624739
156,30,0.571292362,-0.211597153,0.163331658
156,31,0.57285533,-0.228798317,0.18060331
156,32,0.574596756,-0.247711048,0.199595565
156,33,0.576538504,-0.268505451,0.220479818
156,34,0.578705351,-0.291368494,0.243444531
156,35,0.581125416,-0.316505673,0.26869694
156,36,0.583830646,-0.344142839,0.296464917
156,37,0.586857386,-0.374528195,0.326999029
156,38,0.590247036,-0.407934497,0.360574794
156,39,0.594046817,-0.444661462,0.397495167
156,40,0.598310652,-0.485038407,0.438093268
156,41,0.603100203,-0.529427144,0.482735388
156,42,0.608486066,-0.578225151,0.531824284
156,43,0.614549166,-0.631869037,0.585802813
156,44,0.621382387,-0.690838345,0.645157919
156,45,0.629092468,-0.755659701,0.710425015
156,46,0.637802213,-0.826911354,0.782192808
156,47,0.647653079,-0.905228125,0.861108597
156,48,0.658808195,-0.991306817,0.947884095
156,49,0.671455892,-1.0859121,1.04330183
156,50,0.685813834,-1.18988293,1.1482222
156,51,0.702133846,-1.30413948,1.26359118
156,52,0.720707578,-1.42969073,1.39044882
156,53,0.741873123,-1.56764263,1.52993864
156,54,0.766022784,-1.71920692,1.68331784
156,55,0.793612162,-1.88571066,1.85196857
156,56,0.825170814,-2.06860642,2.03741039
156,57,0.861314738,-2.26948319,2.24131384
156,58,0.902761003,-2.49007802,2.46551539
156,59,0.950344892,-2.73228829,2.71203389
156,60,1.00503998,-2.99818459,2.98308864
156,61,1.06798163,-3.29002421,3.28111917
156,62,1.14049452,-3.61026491,3.60880701
156,63,1.22412477,-3.96157899,3.96909962
156,64,1.32067752,-4.34686725,4.36523657
156,65,1.43226073,-4.76927252,4.80077837
156,66,1.56133626,-5.23219224,5.27963804
156,67,1.71077914,-5.73928955,5.80611577
156,68,1.88394649,-6.29450193,6.38493694
156,69,2.08475714,-6.90204642,7.0212938
156,70,2.31778345,-7.56642004,7.72089117
156,71,2.58835689,-8.29239381,8.48999652
156,72,2.90268863,-9.08499821,9.33549483
156,73,3.26800674,-9.94949766,10.2649487
156,74,3.69271105,-10.891351,11.2866639
156,75,4.1865467,-11.9161544,12.4097618
156,76,4.76079658,-13.0295625,13.6442575
156,77,5.42849216,-14.2371837,15.0011462
156,78,6.20464123,-15.5444435,16.4924967
156,79,7.10646915,-16.9564122,18.1315545
156,80,8.15366865,-18.4775907,19.9328528
157,0,0.575789165,-0.047434405,0
157,1,0.575867892,-0.048431301,0.000999999814
157,2,0.575954776,-0.0495274894,0.00209962594
157,3,0.576050621,-0.0507328626,0.00330880372
157,4,0.576156344,-0.0520582966,0.00463844734
157,5,0.576272964,-0.0535157494,0.00610055828
157,6,0.576401616,-0.0551183696,0.00770833368
157,7,0.576543555,-0.0568806148,0.00947628541
157,8,0.576700175,-0.0588183821,0.0114203711
157,9,0.576873022,-0.0609491511,0.0135581381
157,10,0.577063811,-0.0632921413,0.0159088819
157,11,0.577274446,-0.0658684857,0.0184938204
157,12,0.577507042,-0.0687014206,0.021336285
157,13,0.577763952,-0.0718164951,0.0244619317
157,14,0.578047788,-0.075241801,0.0278989722
157,15,0.57836146,-0.0790082256,0.0316784288
157,16,0.578708208,-0.0831497299,0.0358344143
157,17,0.579091643,-0.0877036537,0.0404044398
157,18,0.57951579,-0.0927110516,0.0454297531
157,19,0.579985144,-0.098217062,0.0509557112
157,20,0.580504726,-0.104271313,0.0570321894
157,21,0.581080148,-0.110928368,0.0637140316
157,22,0.581717693,-0.118248215,0.0710615449
157,23,0.582424396,-0.126296808,0.079141044
157,24,0.58320815,-0.135146653,0.0880254492
157,25,0.584077808,-0.144877464,0.0977949451
157,26,0.585043322,-0.155576874,0.108537703
157,27,0.586115885,-0.167341221,0.120350678
157,28,0.5873081,-0.180276409,0.133340481
157,29,0.588634175,-0.194498855,0.147624343
157,30,0.590110147,-0.21013653,0.163331173
157,31,0.591754137,-0.2273301,0.180602717
157,32,0.593586647,-0.246234179,0.199594841
157,33,0.595630902,-0.267018707,0.220478933
157,34,0.597913242,-0.289870458,0.243443453
157,35,0.600463578,-0.314994703,0.268695627
157,36,0.603315922,-0.342617021,0.296463318
157,37,0.606508995,-0.3729853,0.326997084
157,38,0.61008694,-0.406371919,0.360572429
157,39,0.614100138,-0.443076152,0.397492292
157,40,0.618606172,-0.483426786,0.438089776
157,41,0.623670933,-0.527785003,0.482731148
157,42,0.629369919,-0.576547529,0.531819138
157,43,0.635789738,-0.630150075,0.585796569
157,44,0.643029871,-0.689071106,0.645150345
157,45,0.651204719,-0.753835954,0.710415832
157,46,0.660446002,-0.825021309,0.782181676
157,47,0.670905552,-0.903260119,0.861095105
157,48,0.682758586,-0.989246916,0.947867745
157,49,0.696207529,-1.08374363,1.04328203
157,50,0.711486493,-1.18758587,1.14819821
157,51,0.728866509,-1.30168978,1.26356212
157,52,0.748661665,-1.42705942,1.39041364
157,53,0.771236295,-1.56479472,1.52989604
157,54,0.797013394,-1.71610008,1.68326626
157,55,0.826484482,-1.88229358,1.85190614
157,56,0.860221174,-2.06481678,2.03733483
157,57,0.898888717,-2.26524514,2.24122239
157,58,0.943261875,-2.48529909,2.46540471
157,59,0.994243512,-2.7268555,2.71189997
157,60,1.05288637,-2.99195973,2.9829266
157,61,1.12041854,-3.28283783,3.28092312
157,62,1.19827324,-3.60190901,3.60856982
157,63,1.28812364,-3.9517978,3.96881266
157,64,1.39192341,-4.33534586,4.36488943
157,65,1.51195403,-4.75562264,4.80035844
157,66,1.65087979,-5.21593462,5.27913008
157,67,1.81181151,-5.719832,5.80550134
157,68,1.99838039,-6.27111209,6.38419375
157,69,2.21482302,-6.87381796,7.02039489
157,70,2.46607911,-7.53223079,7.71980395
157,71,2.75790308,-8.25085403,8.48868156
157,72,3.09699097,-9.03438684,9.33390447
157,73,3.49112349,-9.88768406,10.2630253
157,74,3.94932616,-10.8156992,11.2843378
157,75,4.48204652,-11.8234069,12.4069486
157,76,5.10134795,-12.9156998,13.6408554
157,77,5.82111814,-14.097256,14.9970318
157,78,6.65728918,-15.372372,16.4875212
157,79,7.6280638,-16.7447555,18.1255375
157,80,8.7541406,-18.2172765,19.9255764
158,0,0.593981175,-0.0459682871,0
158,1,0.594063139,-0.0469649222,0.000999999793
158,2,0.594153605,-0.0480608206,0.00209962585
158,3,0.594253415,-0.049265872,0.0033088035
158,4,0.594363523,-0.0505909486,0.0046384469
158,5,0.594484996,-0.0520480048,0.00610055751
158,6,0.594619015,-0.0536501846,0.00770833245
158,7,0.594766894,-0.0554119408,0.00947628355
158,8,0.594930089,-0.0573491648,0.0114203684
158,9,0.595110215,-0.0594793298,0.0135581343
158,10,0.595309066,-0.0618216485,0.0159088767
158,11,0.595528632,-0.0643972455,0.0184938133
158,12,0.595771129,-0.0672293483,0.0213362756
158,13,0.596039014,-0.0703434957,0.0244619193
158,14,0.596335027,-0.073767768,0.0278989561
158,15,0.596662212,-0.0775330393,0.0316784081
158,16,0.597023966,-0.0816732556,0.0358343878
158,17,0.597424071,-0.0862257398,0.040404406
158,18,0.59786675,-0.0912315271,0.0454297104
158,19,0.598356717,-0.096735734,0.0509556575
158,20,0.598899242,-0.102787963,0.0570321222
158,21,0.599500219,-0.109442749,0.0637139477
158,22,0.600166247,-0.116760047,0.0710614406
158,23,0.600904723,-0.124805771,0.0791409145
158,24,0.601723943,-0.133652385,0.0880252891
158,25,0.602633227,-0.143379552,0.0977947474
158,26,0.603643052,-0.154074847,0.10853746
158,27,0.604765208,-0.165834538,0.120350378
158,28,0.60601298,-0.178764452,0.133340113
158,29,0.607401355,-0.192980914,0.147623893
158,30,0.608947258,-0.208611787,0.163330621
158,31,0.610669827,-0.225797614,0.180602043
158,32,0.612590727,-0.244692861,0.199594017
158,33,0.614734519,-0.265467298,0.220477928
158,34,0.617129076,-0.288307498,0.243442228
158,35,0.619806071,-0.313418493,0.268694134
158,36,0.622801546,-0.341025583,0.296461501
158,37,0.626156561,-0.371376326,0.326994874
158,38,0.629917955,-0.40474271,0.360569741
158,39,0.63413923,-0.441423539,0.397489026
158,40,0.638881572,-0.48174705,0.438085809
158,41,0.64421505,-0.526073763,0.48272633
158,42,0.650219999,-0.574799612,0.53181329
158,43,0.656988647,-0.628359365,0.585789475
158,44,0.664626995,-0.68723035,0.64514174
158,45,0.673257033,-0.751936534,0.710405397
158,46,0.683019306,-0.823052965,0.782169026
158,47,0.694075929,-0.901210601,0.861079773
158,48,0.706614109,-0.987101575,0.947849167
158,49,0.720850259,-1.0814849,1.04325952
158,50,0.73703482,-1.18519266,1.14817095
158,51,0.755457907,-1.29913669,1.2635291
158,52,0.776455923,-1.4243158,1.39037366
158,53,0.800419301,-1.56182352,1.52984763
158,54,0.827801585,-1.71285642,1.68320766
158,55,0.85913007,-1.87872296,1.8518352
158,56,0.895018268,-2.06085291,2.03724897
158,57,0.936180518,-2.26080725,2.24111847
158,58,0.983449098,-2.48028854,2.46527896
158,59,1.03779427,-2.72115166,2.7117478
158,60,1.10034774,-2.98541476,2.98274248
158,61,1.17243007,-3.27527031,3.28070034
158,62,1.25558273,-3.59309591,3.60830029
158,63,1.35160552,-3.94146455,3.96848659
158,64,1.46260011,-4.32315398,4.36449497
158,65,1.59102072,-4.74115437,4.79988127
158,66,1.7397329,-5.19867373,5.27855287
158,67,1.91208156,-5.69914005,5.80480315
158,68,2.11196944,-6.24619887,6.38334925
158,69,2.34394713,-6.84370488,7.01937345
158,70,2.61331606,-7.49570565,7.71856853
158,71,2.92624548,-8.20641513,8.48718737
158,72,3.28990432,-8.98017441,9.33209734
158,73,3.71260877,-9.82139631,10.2608397
158,74,4.20398544,-10.7344902,11.2816946
158,75,4.77514955,-11.7237632,12.403752
158,76,5.43889634,-12.7932927,13.6369895
158,77,6.20990251,-13.9467664,14.9923567
158,78,7.10493259,-15.1872847,16.4818674
158,79,8.14304296,-16.5171239,18.1187003
158,80,9.3457738,-17.9374548,19.9173082
159,0,0.612185471,-0.0444433649,0
159,1,0.612270545,-0.0454397394,0.00099999977
159,2,0.612364456,-0.0465353479,0.00209962574
159,3,0.612468077,-0.0477400773,0.00330880324
159,4,0.612582403,-0.0490647965,0.0046384464
159,5,0.612708542,-0.0505214557,0.00610055665
159,6,0.612847726,-0.0521231948,0.00770833108
159,7,0.613001321,-0.0538844613,0.00947628148
159,8,0.613170843,-0.0558211409,0.0114203654
159,9,0.613357977,-0.0579507007,0.0135581301
159,10,0.61356459,-0.060292346,0.0159088709
159,11,0.61379276,-0.0628671936,0.0184938054
159,12,0.614044793,-0.0656984615,0.0213362651
159,13,0.614323256,-0.0688116783,0.0244619055
159,14,0.614631005,-0.0722349125,0.0278989381
159,15,0.614971219,-0.0759990249,0.0316783849
159,16,0.615347444,-0.0801379464,0.0358343581
159,17,0.615763633,-0.0846889826,0.0404043683
159,18,0.616224196,-0.089693149,0.0454296628
159,19,0.616734064,-0.0951955395,0.0509555975
159,20,0.617298747,-0.101245731,0.0570320471
159,21,0.617924413,-0.107898229,0.063713854
159,22,0.618617969,-0.115212954,0.071061324
159,23,0.619387164,-0.123255782,0.0791407699
159,24,0.620240692,-0.132099132,0.0880251102
159,25,0.621188324,-0.141822614,0.0977945266
159,26,0.622241049,-0.152513742,0.108537188
159,27,0.623411243,-0.164268717,0.120350044
159,28,0.624712857,-0.177193284,0.133339703
159,29,0.62616164,-0.191403672,0.147623389
159,30,0.627775387,-0.207027636,0.163330005
159,31,0.62957423,-0.224205588,0.180601289
159,32,0.631580979,-0.243091845,0.199593097
159,33,0.633821503,-0.263855999,0.220476806
159,34,0.63632518,-0.286684415,0.243440859
159,35,0.639125416,-0.311781879,0.268692467
159,36,0.642260248,-0.339373401,0.296459472
159,37,0.645773037,-0.369706194,0.326992405
159,38,0.64971328,-0.403051838,0.360566739
159,39,0.654137551,-0.439708654,0.397485378
159,40,0.659110594,-0.480004297,0.438081377
159,41,0.664706596,-0.5242986,0.482720949
159,42,0.671010673,-0.572986669,0.531806759
159,43,0.678120604,-0.626502282,0.58578155
159,44,0.686148842,-0.685321577,0.645132128
159,45,0.695224883,-0.749967088,0.710393742
159,46,0.705498016,-0.821012133,0.782154897
159,47,0.717140547,-0.899085581,0.861062649
159,48,0.730351569,-0.984877032,0.947828417
159,49,0.745361377,-1.07914243,1.04323438
159,50,0.76243663,-1.18271011,1.1481405
159,51,0.781886404,-1.29648737,1.26349222
159,52,0.804069284,-1.42146745,1.390329
159,53,0.829401669,-1.55873709,1.52979357
159,54,0.858367509,-1.70948453,1.6831422
159,55,0.891529721,-1.87500802,1.85175597
159,56,0.92954356,-2.05672477,2.03715307
159,57,0.973172289,-2.25618031,2.24100241
159,58,1.02330553,-2.47505813,2.4651385
159,59,1.08098075,-2.71518958,2.71157784
159,60,1.14740839,-2.97856373,2.98253682
159,61,1.22400125,-3.26733703,3.28045151
159,62,1.31240872,-3.58384246,3.60799925
159,63,1.41455682,-3.93059771,3.9681224
159,64,1.5326946,-4.31031182,4.36405439
159,65,1.66944817,-4.7258897,4.79934831
159,66,1.8278831,-5.18043344,5.27790818
159,67,2.01157651,-5.67723945,5.80402334
159,68,2.22469985,-6.21978984,6.38240603
159,69,2.47211357,-6.8117365,7.0182326
159,70,2.75947467,-7.4568755,7.71718868
159,71,3.09335815,-8.15910948,8.48551849
159,72,3.48139275,-8.92239485,9.33007893
159,73,3.93241121,-9.75067038,10.2583986
159,74,4.45661428,-10.6477634,11.2787423
159,75,5.06574691,-11.6172691,12.4001817
159,76,5.77328339,-12.6623991,13.6326717
159,77,6.59461678,-13.7857945,14.987135
159,78,7.5472456,-14.9893012,16.4755526
159,79,8.65094847,-16.2737046,18.1110638
159,80,9.92793474,-17.6384253,19.9080733
160,0,0.630371215,-0.0428644219,0
160,1,0.630459282,-0.0438605362,0.000999999745
160,2,0.630556509,-0.0449558553,0.00209962563
160,3,0.630663801,-0.0461602632,0.00330880297
160,4,0.630782189,-0.0474846253,0.00463844585
160,5,0.630912824,-0.0489408879,0.00610055571
160,6,0.631056983,-0.0505421863,0.00770832956
160,7,0.631216087,-0.052302963,0.00947627919
160,8,0.631391709,-0.0542390982,0.0114203621
160,9,0.631585598,-0.0563680524,0.0135581254
160,10,0.631799697,-0.0587090237,0.0159088644
160,11,0.632036164,-0.0612831206,0.0184937967
160,12,0.632297398,-0.064113552,0.0213362535
160,13,0.632586068,-0.0672258361,0.0244618903
160,14,0.632905145,-0.0706480293,0.0278989183
160,15,0.633257939,-0.0744109792,0.0316783594
160,16,0.633648141,-0.078548601,0.0358343255
160,17,0.634079866,-0.083098183,0.0404043268
160,18,0.634557713,-0.0881007206,0.0454296103
160,19,0.635086817,-0.0936012851,0.0509555315
160,20,0.635672927,-0.0996494271,0.0570319644
160,21,0.636322474,-0.106299622,0.0637137508
160,22,0.63704267,-0.113611755,0.0710611956
160,23,0.637841603,-0.121651664,0.0791406106
160,24,0.638728357,-0.130491721,0.0880249132
160,25,0.639713141,-0.140211483,0.0977942834
160,26,0.640807448,-0.150898403,0.108536888
160,27,0.642024225,-0.16264861,0.120349676
160,28,0.643378076,-0.175567765,0.133339251
160,29,0.644885493,-0.189772002,0.147622835
160,30,0.646565125,-0.205388963,0.163329327
160,31,0.648438081,-0.222558925,0.18060046
160,32,0.650528288,-0.241436053,0.199592084
160,33,0.652862902,-0.262189753,0.22047557
160,34,0.655472781,-0.285006177,0.243439352
160,35,0.658393033,-0.310089857,0.268690631
160,36,0.661663657,-0.337665502,0.296457237
160,37,0.665330278,-0.367979968,0.326989686
160,38,0.669445013,-0.401304414,0.360563433
160,39,0.674067462,-0.437936655,0.39748136
160,40,0.679265876,-0.478203748,0.438076496
160,41,0.685118511,-0.522464805,0.482715023
160,42,0.691715204,-0.571114073,0.531799567
160,43,0.699159217,-0.624584296,0.585772823
160,44,0.707569386,-0.683350368,0.645121543
160,45,0.717082636,-0.747933327,0.710380906
160,46,0.727856913,-0.818904679,0.782139336
160,47,0.740074624,-0.896891102,0.86104379
160,48,0.75394665,-0.982579539,0.947805565
160,49,0.769717059,-1.0767227,1.0432067
160,50,0.787668614,-1.180145,1.14810696
160,51,0.808129231,-1.29374893,1.26345161
160,52,0.831479545,-1.41852187,1.39027982
160,53,0.858161785,-1.55554338,1.52973402
160,54,0.888690165,-1.7059929,1.68307011
160,55,0.923663073,-1.87115786,1.85166871
160,56,0.963777347,-2.05244215,2.03704745
160,57,1.00984501,-2.2513749,2.24087458
160,58,1.06281285,-2.46961934,2.46498382
160,59,1.12378534,-2.70898178,2.71139066
160,60,1.19405146,-2.9714203,2.98231033
160,61,1.27511594,-3.25905294,3.28017748
160,62,1.36873579,-3.57416504,3.60766771
160,63,1.47696278,-3.91921517,3.96772131
160,64,1.60219274,-4.29683891,4.36356918
160,65,1.7472227,-4.70984989,4.79876136
160,66,1.91531691,-5.16123675,5.27719819
160,67,2.11028263,-5.6541549,5.80316454
160,68,2.336557,-6.19191134,6.38136725
160,69,2.59930574,-6.77794063,7.01697618
160,70,2.90453469,-7.4157695,7.71566904
160,71,3.25921471,-8.10896742,8.48368055
160,72,3.67141997,-8.86107972,9.32785605
160,73,4.15047913,-9.67553966,10.2557102
160,74,4.70713779,-10.5555554,11.275491
160,75,5.35372948,-11.5039678,12.3962496
160,76,6.10435056,-12.523075,13.6279165
160,77,6.97503264,-13.6144209,14.9813843
160,78,7.98390365,-14.7785451,16.4685982
160,79,9.15132625,-16.0146957,18.1026536
160,80,10.5,-17.3205081,19.897903
161,0,0.648506539,-0.0412364349,0
161,1,0.648597493,-0.0422322897,0.000999999717
161,2,0.648697919,-0.0433273201,0.00209962551
161,3,0.648808752,-0.0445314072,0.00330880266
161,4,0.64893106,-0.0458554128,0.00463844526
161,5,0.649066032,-0.0473112793,0.00610055468
161,6,0.649214994,-0.0489121375,0.00770832792
161,7,0.649379415,-0.050672425,0.00947627671
161,8,0.649560926,-0.052608016,0.0114203585
161,9,0.649761339,-0.0547363646,0.0135581203
161,10,0.649982669,-0.0570766617,0.0159088574
161,11,0.650227152,-0.0596500076,0.0184937873
161,12,0.650497277,-0.0624796018,0.0213362409
161,13,0.650795812,-0.0655909519,0.0244618737
161,14,0.65112584,-0.0690121024,0.0278988968
161,15,0.651490799,-0.072773887,0.0316783316
161,16,0.651894519,-0.0769102058,0.03583429
161,17,0.652341277,-0.081458329,0.0404042817
161,18,0.652835849,-0.086459232,0.0454295532
161,19,0.653383576,-0.0919579627,0.0509554597
161,20,0.653990434,-0.0980040453,0.0570318744
161,21,0.654663115,-0.104651924,0.0637136384
161,22,0.655409125,-0.111961451,0.0710610558
161,23,0.656236886,-0.119998422,0.0791404373
161,24,0.657155858,-0.128835161,0.0880246987
161,25,0.658176684,-0.138551174,0.0977940187
161,26,0.659311346,-0.149233849,0.108536562
161,27,0.66057335,-0.160979243,0.120349275
161,28,0.661977939,-0.173892931,0.133338758
161,29,0.663542334,-0.188090949,0.147622232
161,30,0.665286019,-0.203700822,0.163328589
161,31,0.667231062,-0.220862692,0.180599557
161,32,0.669402488,-0.239730564,0.199590982
161,33,0.671828715,-0.260473658,0.220474225
161,34,0.674542053,-0.283277902,0.243437712
161,35,0.677579286,-0.308347567,0.268688633
161,36,0.680982341,-0.335907054,0.296454805
161,37,0.684799075,-0.36620285,0.326986726
161,38,0.689084182,-0.399505677,0.360559835
161,39,0.693900247,-0.436112829,0.397476987
161,40,0.699318981,-0.47635074,0.438071185
161,41,0.705422653,-0.520577778,0.482708573
161,42,0.712305763,-0.569187296,0.531791738
161,43,0.720076995,-0.622610964,0.585763325
161,44,0.728861496,-0.681322384,0.645110023
161,45,0.738803542,-0.74584103,0.710366937
161,46,0.750069654,-0.816736522,0.782122401
161,47,0.762852245,-0.894633248,0.861023264
161,48,0.777373889,-0.980215375,0.947780694
161,49,0.79389232,-1.07423223,1.04317656
161,50,0.812706288,-1.17750411,1.14807046
161,51,0.834162425,-1.29092846,1.26340741
161,52,0.858663292,-1.41548652,1.39022629
161,53,0.886676807,-1.55225028,1.52966922
161,54,0.918747303,-1.70238991,1.68299166
161,55,0.955508487,-1.86718143,1.85157374
161,56,0.997698626,-2.04801468,2.0369325
161,57,1.04617833,-2.24640141,2.24073547
161,58,1.10195138,-2.46398344,2.46481546
161,59,1.16618906,-2.70254052,2.71118694
161,60,1.24025865,-2.96399783,2.98206384
161,61,1.32575656,-3.25043263,3.27987924
161,62,1.42454707,-3.56407962,3.60730689
161,63,1.53880721,-3.90733438,3.96728479
161,64,1.67107891,-4.28275426,4.36304111
161,65,1.82432917,-4.69305556,4.79812256
161,66,2.00201942,-5.1411059,5.27642547
161,67,2.20818487,-5.62991023,5.80222986
161,68,2.44752499,-6.16258865,6.3802367
161,69,2.72550584,-6.74234381,7.01560875
161,70,3.04847476,-7.37241522,7.71401515
161,71,3.42378772,-8.0560174,8.48168023
161,72,3.85994872,-8.79625845,9.3254368
161,73,4.36675995,-9.59603513,10.2527843
161,74,4.95548017,-10.4579005,11.2719525
161,75,5.6389872,-11.3839005,12.3919702
161,76,6.43193843,-12.3753757,13.6227411
161,77,7.35092133,-13.432727,14.9751255
161,78,8.414583,-14.555145,16.4610293
161,79,9.64372622,-15.740306,18.0935005
161,80,11.061357,-16.9840436,19.8868341
162,0,0.66655863,-0.0395645617,0
162,1,0.666652373,-0.0405601578,0.000999999687
162,2,0.66675589,-0.0416549002,0.00209962538
162,3,0.666870145,-0.0428586672,0.00330880234
162,4,0.666996241,-0.0441823171,0.00463844462
162,5,0.667135408,-0.0456377882,0.00610055357
162,6,0.667289014,-0.047238207,0.00770832615
162,7,0.667458576,-0.0489980057,0.00947627403
162,8,0.667645784,-0.050933053,0.0114203546
162,9,0.66785251,-0.0530607965,0.0135581148
162,10,0.668080835,-0.0554004196,0.0159088499
162,11,0.668333076,-0.0579730144,0.0184937771
162,12,0.668611807,-0.0608017711,0.0213362273
162,13,0.668919893,-0.0639121864,0.0244618559
162,14,0.669260527,-0.0673322929,0.0278988736
162,15,0.669637268,-0.0710929106,0.0316783017
162,16,0.670054085,-0.0752279236,0.0358342517
162,17,0.67051541,-0.0797745845,0.040404233
162,18,0.671026195,-0.084773848,0.0454294916
162,19,0.671591978,-0.0902707387,0.0509553823
162,20,0.672218959,-0.0963147539,0.0570317774
162,21,0.672914084,-0.102960307,0.0637135174
162,22,0.673685145,-0.110267214,0.0710609053
162,23,0.674540889,-0.118301229,0.0791402506
162,24,0.675491148,-0.127134631,0.0880244677
162,25,0.676546986,-0.136846868,0.0977937336
162,26,0.677720864,-0.147525266,0.108536211
162,27,0.679026835,-0.159265806,0.120348843
162,28,0.680480768,-0.172173978,0.133338228
162,29,0.682100598,-0.186365716,0.147621582
162,30,0.68390663,-0.201968426,0.163327793
162,31,0.685921868,-0.219122112,0.180598585
162,32,0.688172417,-0.237980615,0.199589794
162,33,0.690687937,-0.258712962,0.220472775
162,34,0.693502163,-0.281504855,0.243435945
162,35,0.696653525,-0.306560296,0.268686481
162,36,0.700185851,-0.334103367,0.296452184
162,37,0.704149192,-0.364380177,0.326983538
162,38,0.708600782,-0.397660997,0.360555959
162,39,0.713606149,-0.434242584,0.397472276
162,40,0.719240416,-0.474450729,0.438065462
162,41,0.725589814,-0.51864303,0.482701625
162,42,0.732753448,-0.567211915,0.531783305
162,43,0.74084536,-0.620587942,0.585753093
162,44,0.749996938,-0.67924337,0.645097612
162,45,0.760359734,-0.743696053,0.710351887
162,46,0.772108759,-0.814513646,0.782104158
162,47,0.785446342,-0.892318159,0.861001153
162,48,0.800606649,-0.97779086,0.947753901
162,49,0.817860972,-1.07167755,1.0431441
162,50,0.837523937,-1.17479422,1.14803115
162,51,0.85996077,-1.28803305,1.26335979
162,52,0.885595823,-1.41236882,1.39016863
162,53,0.914922568,-1.54886562,1.5295994
162,54,0.948515311,-1.69868387,1.68290714
162,55,0.987042929,-1.8630876,1.85147143
162,56,1.03128495,-2.04345185,2.03680867
162,57,1.08215042,-2.2412701,2.2405856
162,58,1.14069992,-2.45816153,2.4646341
162,59,1.20817135,-2.69587785,2.71096747
162,60,1.28601006,-2.95630949,2.98179829
162,61,1.37590387,-3.24149049,3.27955795
162,62,1.47982396,-3.55360187,3.60691817
162,63,1.60007215,-3.89497245,3.96681453
162,64,1.73933575,-4.26807649,4.36247222
162,65,1.90075068,-4.67552688,4.79743438
162,66,2.08797395,-5.12006259,5.27559303
162,67,2.30526636,-5.60452858,5.80122294
162,68,2.55758616,-6.13184619,6.37901878
162,69,2.85069436,-6.70497152,7.01413564
162,70,3.19127189,-7.32683892,7.71223344
162,71,3.58704819,-8.00028628,8.47952531
162,72,4.04694021,-8.72795854,9.32283056
162,73,4.58119954,-9.51218558,10.2496323
162,74,5.20156404,-10.3548307,11.2681404
162,75,5.92140836,-11.2571063,12.38736
162,76,6.75588604,-12.219355,13.6171658
162,77,7.72205298,-13.2407952,14.968383
162,78,8.83896029,-14.3192341,16.4528754
162,79,10.1277023,-15.4507552,18.08364
162,80,11.6114047,-16.6293922,19.8749097
163,0,0.68449381,-0.0378541316,0
163,1,0.684590252,-0.0388494698,0.000999999655
163,2,0.684696762,-0.039943925,0.00209962524
163,3,0.684814332,-0.0411473725,0.00330880199
163,4,0.684944098,-0.0424706674,0.00463844393
163,5,0.685087327,-0.0439257439,0.00610055238
163,6,0.685245432,-0.0455257238,0.00770832426
163,7,0.685419978,-0.0472850344,0.00947627117
163,8,0.685612706,-0.0492195385,0.0114203504
163,9,0.685825549,-0.0513466773,0.013558109
163,10,0.686060657,-0.0536856267,0.0159088418
163,11,0.68632042,-0.0562574705,0.0184937662
163,12,0.686607496,-0.0590853894,0.0213362129
163,13,0.686924846,-0.0621948695,0.0244618368
163,14,0.687275769,-0.0656139311,0.0278988488
163,15,0.687663942,-0.0693733802,0.0316782698
163,16,0.68809347,-0.0735070853,0.0358342108
163,17,0.688568936,-0.0780522807,0.040404181
163,18,0.689095462,-0.0830499006,0.0454294259
163,19,0.68967878,-0.0885449457,0.0509552996
163,20,0.690325309,-0.0945868862,0.0570316739
163,21,0.691042241,-0.101230104,0.0637133882
163,22,0.69183765,-0.108534379,0.0710607446
163,23,0.6927206,-0.116565425,0.0791400512
163,24,0.693701286,-0.12539547,0.0880242211
163,25,0.694791182,-0.135103907,0.0977934292
163,26,0.696003221,-0.145777999,0.108535836
163,27,0.697351992,-0.157513649,0.120348382
163,28,0.698853974,-0.17041626,0.133337663
163,29,0.700527806,-0.184601662,0.147620889
163,30,0.702394593,-0.200197141,0.163326944
163,31,0.704478264,-0.217342559,0.180597547
163,32,0.706805982,-0.236191588,0.199588526
163,33,0.709408622,-0.256913061,0.220471228
163,34,0.712321327,-0.279692446,0.243434059
163,35,0.715584142,-0.30473347,0.268684183
163,36,0.719242767,-0.332259887,0.296449387
163,37,0.723349413,-0.36251742,0.326980135
163,38,0.727963816,-0.395775874,0.36055182
163,39,0.733154406,-0.432331455,0.397467247
163,40,0.738999671,-0.472509291,0.438059353
163,41,0.745589752,-0.516666186,0.482694207
163,42,0.753028304,-0.565193615,0.531774302
163,43,0.761434662,-0.618520984,0.585742169
163,44,0.770946386,-0.677119167,0.645084361
163,45,0.781722228,-0.741504337,0.71033582
163,46,0.793945605,-0.812242116,0.78208468
163,47,0.807828672,-0.88995204,0.860977546
163,48,0.823617087,-0.975312371,0.947725296
163,49,0.841595595,-1.06906524,1.04310945
163,50,0.862094579,-1.17202215,1.14798917
163,51,0.885497736,-1.2850698,1.26330895
163,52,0.91225108,-1.40917623,1.39010707
163,53,0.942873496,-1.54539725,1.52952486
163,54,0.977969121,-1.69488309,1.68281691
163,55,1.01824185,-1.85888523,1.8513622
163,56,1.06451231,-2.03876317,2.03667646
163,57,1.1177378,-2.23599118,2.2404256
163,58,1.17903554,-2.45216465,2.46444047
163,59,1.24970985,-2.68900579,2.71073317
163,60,1.33128392,-2.94836834,2.98151478
163,61,1.42553671,-3.23224077,3.27921493
163,62,1.53454589,-3.54274736,3.60650317
163,63,1.66073759,-3.88214634,3.96631246
163,64,1.80694376,-4.25282401,4.36186485
163,65,1.97646811,-4.65728375,4.79669965
163,66,2.17316161,-5.09812817,5.27470427
163,67,2.40150806,-5.57803263,5.80014791
163,68,2.66672066,-6.09970777,6.37771847
163,69,2.97484963,-6.66584843,7.01256289
163,70,3.33290094,-7.27906584,7.7103312
163,71,3.74896496,-7.9417996,8.47722463
163,72,4.23235349,-8.65620588,9.32004802
163,73,4.7937416,-9.42401797,10.2462671
163,74,5.44530973,-10.2463759,11.2640705
163,75,6.20087892,-11.1236227,12.382438
163,76,7.07603012,-12.0550664,13.6112133
163,77,8.08819602,-13.0387093,14.9611845
163,78,9.25671212,-14.0709508,16.44417
163,79,10.6028122,-15.1462741,18.0731124
163,80,12.1495539,-16.2569337,19.8621788
164,0,0.702277631,-0.0361106383,0
164,1,0.702376694,-0.0371057192,0.000999999622
164,2,0.702486108,-0.0381998877,0.00209962509
164,3,0.702606894,-0.0394030165,0.00330880162
164,4,0.702740221,-0.0407259569,0.00463844321
164,5,0.702887395,-0.0421806394,0.00610055113
164,6,0.703049867,-0.043780181,0.00770832226
164,7,0.703229251,-0.045539004,0.00947626815
164,8,0.703427339,-0.0474729653,0.011420346
164,9,0.703646124,-0.0495994996,0.0135581028
164,10,0.70388782,-0.0519377755,0.0159088333
164,11,0.704154889,-0.0545088682,0.0184937547
164,12,0.704450074,-0.0573359491,0.0213361975
164,13,0.704776426,-0.0604444933,0.0244618167
164,14,0.705137348,-0.0638625089,0.0278988226
164,15,0.705536634,-0.067620788,0.0316782359
164,16,0.705978519,-0.071753183,0.0358341675
164,17,0.706467735,-0.07629691,0.040404126
164,18,0.707009571,-0.0812928823,0.0454293564
164,19,0.707609947,-0.0867860767,0.0509552121
164,20,0.708275495,-0.0928259357,0.0570315642
164,21,0.70901365,-0.0994668097,0.0637132514
164,22,0.709832758,-0.106768442,0.0710605743
164,23,0.710742198,-0.114796504,0.0791398401
164,24,0.711752516,-0.123623175,0.0880239599
164,25,0.712875592,-0.133327792,0.0977931068
164,26,0.714124817,-0.14399755,0.108535439
164,27,0.715515304,-0.155728277,0.120347894
164,28,0.717064136,-0.168625285,0.133337063
164,29,0.718790637,-0.182804301,0.147620154
164,30,0.720716701,-0.198392485,0.163326045
164,31,0.722867161,-0.215529556,0.180596447
164,32,0.72527022,-0.234369017,0.199587183
164,33,0.727957952,-0.255079497,0.220469589
164,34,0.730966876,-0.277846229,0.243432061
164,35,0.734338633,-0.302872656,0.268681749
164,36,0.738120759,-0.330382201,0.296446424
164,37,0.742367596,-0.360620185,0.32697653
164,38,0.747141346,-0.393855941,0.360547437
164,39,0.752513296,-0.430385106,0.39746192
164,40,0.758565255,-0.470532129,0.438052883
164,41,0.765391225,-0.514652996,0.482686351
164,42,0.77309935,-0.5631382,0.531764766
164,43,0.781814199,-0.616415963,0.5857306
164,44,0.791679435,-0.674955726,0.645070328
164,45,0.802860931,-0.739271931,0.710318804
164,46,0.815550428,-0.809928093,0.782064051
164,47,0.829969816,-0.887541193,0.860952545
164,48,0.846376143,-0.972786374,0.947695001
164,49,0.8650675,-1.06640196,1.04307275
164,50,0.886389913,-1.1691948,1.14794471
164,51,0.910745423,-1.28204589,1.26325511
164,52,0.938601575,-1.40591624,1.39004187
164,53,0.970502529,-1.54185306,1.52944592
164,54,1.0070821,-1.69099593,1.68272134
164,55,1.04907905,-1.8545832,1.85124652
164,56,1.09735496,-2.03395813,2.03653645
164,57,1.1529152,-2.23057489,2.24025614
164,58,1.21693345,-2.44600389,2.4642354
164,59,1.29078025,-2.68193635,2.71048502
164,60,1.37605639,-2.94018746,2.98121452
164,61,1.4746317,-3.22269773,3.27885164
164,62,1.58868999,-3.53153167,3.60606365
164,63,1.72078115,-3.86887301,3.96578073
164,64,1.87388098,-4.23701524,4.3612216
164,65,2.05145987,-4.63834603,4.79592153
164,66,2.25756093,-5.0753239,5.27376303
164,67,2.49688829,-5.55044491,5.79900938
164,68,2.77490597,-6.06619694,6.37634135
164,69,3.0979473,-6.62499878,7.01089724
164,70,3.47333408,-7.22912052,7.70831662
164,71,3.90950424,-7.88058195,8.47478806
164,72,4.41614493,-8.58102511,9.31710114
164,73,5.00432703,-9.33155776,10.2427031
164,74,5.68663473,-10.1325647,11.2597603
164,75,6.47728191,-10.9834862,12.3772253
164,76,7.39220456,-11.882563,13.6049092
164,77,8.4491166,-12.8265549,14.9535607
164,78,9.66751468,-13.810439,16.4349504
164,79,11.0686177,-14.8271047,18.0619631
164,80,12.6752286,-15.8670668,19.8486959
165,0,0.719874983,-0.0343397353,0
165,1,0.719976593,-0.0353345592,0.000999999586
165,2,0.720088831,-0.0364284416,0.00209962493
165,3,0.720212745,-0.0376312521,0.00330880123
165,4,0.720349536,-0.0389538385,0.00463844244
165,5,0.720500545,-0.0404081272,0.00610054981
165,6,0.720667265,-0.0420072309,0.00770832015
165,7,0.720851356,-0.0437655665,0.00947626496
165,8,0.72105466,-0.0456989853,0.0114203414
165,9,0.721279226,-0.0478249152,0.0135580963
165,10,0.721527332,-0.0501625174,0.0159088243
165,11,0.721801513,-0.0527328589,0.0184937425
165,12,0.72210459,-0.0555591012,0.0213361814
165,13,0.722439705,-0.0586667087,0.0244617955
165,14,0.722810362,-0.0620836772,0.027898795
165,15,0.723220469,-0.0658407845,0.0316782004
165,16,0.723674389,-0.0699718671,0.035834122
165,17,0.724176997,-0.0745141226,0.0404040682
165,18,0.724733747,-0.0795084433,0.0454292832
165,19,0.725350744,-0.0849997818,0.0509551201
165,20,0.726034826,-0.0910375528,0.057031449
165,21,0.726793666,-0.0976760747,0.0637131075
165,22,0.72763588,-0.104975054,0.0710603954
165,23,0.728571148,-0.113000118,0.0791396182
165,24,0.729610366,-0.121823399,0.0880236853
165,25,0.730765808,-0.131524175,0.0977927679
165,26,0.732051315,-0.142189574,0.108535021
165,27,0.733482518,-0.153915347,0.12034738
165,28,0.735077084,-0.166806714,0.133336433
165,29,0.736855015,-0.180979295,0.147619382
165,30,0.738838977,-0.196560126,0.1633251
165,31,0.741054692,-0.213688778,0.180595291
165,32,0.743531384,-0.232518581,0.199585771
165,33,0.746302303,-0.253217959,0.220467867
165,34,0.749405327,-0.275971903,0.243429961
165,35,0.75288366,-0.30098357,0.26867919
165,36,0.75678665,-0.328476038,0.296443309
165,37,0.761170736,-0.358694223,0.32697274
165,38,0.766100547,-0.391906972,0.360542829
165,39,0.771650189,-0.428409342,0.39745632
165,40,0.777904748,-0.468525082,0.43804608
165,41,0.784962031,-0.512609342,0.482678092
165,42,0.79293462,-0.561051606,0.531754742
165,43,0.801952254,-0.614278878,0.585718437
165,44,0.812164626,-0.672759125,0.645055576
165,45,0.823744657,-0.737005004,0.710300915
165,46,0.836892329,-0.807577862,0.782042365
165,47,0.85183917,-0.885092037,0.860926261
165,48,0.868853522,-0.970219452,0.947663152
165,49,0.888246712,-1.0636945,1.04303416
165,50,0.910380289,-1.16631919,1.14789797
165,51,0.935674517,-1.2789686,1.2631985
165,52,0.964618334,-1.40259649,1.38997333
165,53,0.997781036,-1.53824107,1.52936293
165,54,1.03582597,-1.68703086,1.68262087
165,55,1.07952661,-1.85019053,1.85112491
165,56,1.12978532,-2.0290464,2.03638925
165,57,1.18765539,-2.22503161,2.24007799
165,58,1.25436677,-2.43969047,2.46401981
165,59,1.33135602,-2.67468173,2.71022414
165,60,1.42030134,-2.93178015,2.98089887
165,61,1.52316308,-3.21287587,3.27846972
165,62,1.64223086,-3.51997058,3.60560158
165,63,1.78017778,-3.85516967,3.96522173
165,64,1.9401227,-4.22066884,4.36054536
165,65,2.12570147,-4.61873385,4.7951035
165,66,2.34114747,-5.05167129,5.2727735
165,67,2.59138232,-5.5217881,5.79781245
165,68,2.88211654,-6.03133731,6.3748936
165,69,3.21995993,-6.58244671,7.00914615
165,70,3.61254041,-7.17702725,7.70619869
165,71,4.06862907,-7.81665738,8.4722265
165,72,4.59826771,-8.50244008,9.3140031
165,73,5.21289349,-9.23482939,10.2389563
165,74,5.92545311,-10.0134245,11.2552289
165,75,6.75049677,-10.836732,12.3717451
165,76,7.70423978,-11.701898,13.5982818
165,77,8.8045781,-12.60442,14.9455459
165,78,10.0710434,-13.5378484,16.4252579
165,79,11.5246844,-14.4935002,18.0502418
165,80,13.1878657,-15.4602091,19.8345213
166,0,0.737250196,-0.0325472333,0
166,1,0.737354288,-0.0335418006,0.000999999549
166,2,0.737469277,-0.034635397,0.00209962477
166,3,0.737596239,-0.0358378894,0.00330880083
166,4,0.737736405,-0.037160122,0.00463844165
166,5,0.737891152,-0.0386140172,0.00610054843
166,6,0.738062013,-0.040212683,0.00770831795
166,7,0.738250691,-0.0419705313,0.00947626164
166,8,0.738459078,-0.0439034075,0.0114203366
166,9,0.73868928,-0.0460287328,0.0135580895
166,10,0.738943635,-0.0483656611,0.015908815
166,11,0.73922475,-0.0509352507,0.0184937299
166,12,0.739535522,-0.0537606537,0.0213361645
166,13,0.739879182,-0.0568673235,0.0244617733
166,14,0.740259333,-0.0602832433,0.0278987662
166,15,0.740679994,-0.0640391769,0.0316781633
166,16,0.741145653,-0.0681689446,0.0358340745
166,17,0.741661327,-0.0727097254,0.0404040077
166,18,0.742232628,-0.0777023903,0.0454292069
166,19,0.742865842,-0.0831918677,0.050955024
166,20,0.743568013,-0.0892275441,0.0570313286
166,21,0.744347044,-0.0958637057,0.0637129573
166,22,0.745211813,-0.103160022,0.0710602085
166,23,0.7461723,-0.111182076,0.0791393864
166,24,0.74723974,-0.120001951,0.0880233986
166,25,0.748426795,-0.129698867,0.097792414
166,26,0.749747747,-0.140359883,0.108534585
166,27,0.751218731,-0.152080672,0.120346844
166,28,0.752857994,-0.164966362,0.133335775
166,29,0.754686198,-0.179132463,0.147618575
166,30,0.756726769,-0.194705887,0.163324112
166,31,0.7590063,-0.211826053,0.180594084
166,32,0.761555021,-0.230646116,0.199584297
166,33,0.764407337,-0.251334291,0.220466068
166,34,0.767602459,-0.274075323,0.243427768
166,35,0.771185134,-0.299072076,0.268676518
166,36,0.77520649,-0.326547279,0.296440057
166,37,0.77972503,-0.356745435,0.326968784
166,38,0.784807775,-0.389934893,0.360538018
166,39,0.790531611,-0.426410115,0.397450473
166,40,0.796984852,-0.466494139,0.438038978
166,41,0.804269064,-0.510541257,0.482669468
166,42,0.812501207,-0.558939919,0.531744275
166,43,0.821816126,-0.612115878,0.585705737
166,44,0.832369478,-0.670535591,0.645040171
166,45,0.844341154,-0.734709879,0.710282236
166,46,0.857939288,-0.805197857,0.782019721
166,47,0.873404958,-0.882611144,0.860898816
166,48,0.891017696,-0.967618341,0.947629896
166,49,0.911101954,-1.06094977,1.04299387
166,50,0.934034687,-1.16340248,1.14784917
166,51,0.960254252,-1.2758454,1.2631394
166,52,0.990270847,-1.39922476,1.38990176
166,53,1.02467876,-1.53456946,1.52927628
166,54,1.06417072,-1.68299655,1.68251597
166,55,1.10955475,-1.84571645,1.85099792
166,56,1.16177385,-2.02403785,2.03623555
166,57,1.22192907,-2.21937198,2.23989198
166,58,1.29130642,-2.4332359,2.46379471
166,59,1.37140832,-2.66725442,2.70995175
166,60,1.46399011,-2.92316002,2.98056927
166,61,1.57110243,-3.20279005,3.27807094
166,62,1.69514031,-3.50808034,3.60511912
166,63,1.83889949,-3.84105399,3.96463805
166,64,2.00564113,-4.20380398,4.35983926
166,65,2.19916521,-4.59846786,4.79424934
166,66,2.42389351,-5.02719236,5.27174028
166,67,2.68496208,-5.49208543,5.79656268
166,68,2.98832333,-5.99515295,6.37338192
166,69,3.34085658,-6.53821674,7.00731774
166,70,3.75048546,-7.12281046,7.70398724
166,71,4.22629894,-7.75004988,8.46955184
166,72,4.77867137,-8.4204743,9.31076826
166,73,5.41937486,-9.13385671,10.235044
166,74,6.16167502,-9.88898207,11.2504974
166,75,7.02039896,-10.6833954,12.366023
166,76,8.01196227,-11.5131256,13.5913618
166,77,9.15434073,-12.3723953,14.9371772
166,78,10.4669728,-13.2533353,16.4151375
166,79,11.9705822,-14.1457256,18.038003
166,80,13.6869163,-15.0367961,19.8197209
167,0,0.754367164,-0.0307390996,0
167,1,0.754473677,-0.0317334104,0.000999999511
167,2,0.754591352,-0.032826721,0.0020996246
167,3,0.754721289,-0.0340288954,0.00330880041
167,4,0.754864749,-0.0353507742,0.00463844082
167,5,0.755023146,-0.0368042758,0.006100547
167,6,0.755198049,-0.0384025036,0.00770831567
167,7,0.755391205,-0.0401598644,0.00947625819
167,8,0.755604555,-0.0420921977,0.0114203316
167,9,0.755840259,-0.044216918,0.0135580824
167,10,0.756100717,-0.0465531718,0.0159088052
167,11,0.756388602,-0.0491220088,0.0184937167
167,12,0.756706889,-0.0519465714,0.0213361471
167,13,0.757058895,-0.0550523021,0.0244617503
167,14,0.757448319,-0.0584671716,0.0278987363
167,15,0.757879288,-0.0622219294,0.0316781247
167,16,0.758356414,-0.0663503794,0.0358340252
167,17,0.758884852,-0.0708896821,0.0404039451
167,18,0.759470371,-0.0758806871,0.0454291276
167,19,0.760119431,-0.0813682981,0.0509549243
167,20,0.760839278,-0.0874018735,0.0570312038
167,21,0.761638042,-0.0940356667,0.0637128015
167,22,0.762524856,-0.10132931,0.0710600147
167,23,0.763509996,-0.109348342,0.079139146
167,24,0.764605028,-0.118164797,0.0880231012
167,25,0.765822992,-0.127857833,0.0977920469
167,26,0.767178606,-0.138514445,0.108534133
167,27,0.7686885,-0.150230223,0.120346288
167,28,0.770371486,-0.163110201,0.133335093
167,29,0.772248877,-0.177269783,0.147617739
167,30,0.774344843,-0.192835748,0.163323088
167,31,0.776686836,-0.209947368,0.180592832
167,32,0.77930607,-0.228757614,0.199582768
167,33,0.782238086,-0.249434495,0.220464202
167,34,0.785523409,-0.272162501,0.243425493
167,35,0.789208298,-0.2971442,0.268673747
167,36,0.793345637,-0.324601968,0.296436682
167,37,0.797995959,-0.354779883,0.326964678
167,38,0.803228643,-0.387945789,0.360533027
167,39,0.809123312,-0.424393543,0.397444407
167,40,0.815771464,-0.464445455,0.438031609
167,41,0.823278372,-0.50845494,0.482660521
167,42,0.831765316,-0.55680939,0.531733415
167,43,0.841372187,-0.609933283,0.585692561
167,44,0.852260533,-0.668291524,0.64502419
167,45,0.864617137,-0.732393052,0.710262856
167,46,0.8786582,-0.802794692,0.781996227
167,47,0.894634254,-0.880105269,0.860870343
167,48,0.912835917,-0.964989968,0.947595394
167,49,0.933600655,-1.05817493,1.04295207
167,50,0.957320707,-1.16045205,1.14779854
167,51,0.984452393,-1.27268396,1.26307808
167,52,1.01552703,-1.39580907,1.38982751
167,53,1.05116376,-1.53084668,1.52918638
167,54,1.09208455,-1.67890193,1.68240713
167,55,1.1391318,-1.84117048,1.85086618
167,56,1.19328899,-2.01894268,2.03607609
167,57,1.25570473,-2.21360698,2.23969899
167,58,1.32772098,-2.42665207,2.46356116
167,59,1.41090578,-2.65966738,2.70966914
167,60,1.5070914,-2.9143412,2.98022732
167,61,1.6184185,-3.19245573,3.27765721
167,62,1.74738712,-3.49587782,3.60461856
167,63,1.89691514,-3.82654437,3.96403248
167,64,2.07040513,-4.18644062,4.35910668
167,65,2.27181996,-4.57756957,4.79336315
167,66,2.50576772,-5.00191005,5.27066832
167,67,2.77759578,-5.46136102,5.79526604
167,68,3.09349355,-5.95766881,6.37181356
167,69,3.46060251,-6.49233414,7.00542077
167,70,3.88713092,-7.06649523,7.70169287
167,71,4.3824694,-7.68078387,8.46677688
167,72,4.95730144,-8.33515142,9.30741212
167,73,5.62370089,-9.02866352,10.230985
167,74,6.39520631,-9.75926395,11.2455886
167,75,7.28685946,-10.5235118,12.3600864
167,76,8.31519419,-11.3163007,13.5841822
167,77,9.49816116,-12.1305747,14.9284947
167,78,10.8549762,-12.9570622,16.4046375
167,79,12.405885,-13.7840573,18.0253052
167,80,14.171846,-14.5972815,19.8043656
168,0,0.771189461,-0.028921459,0
168,1,0.771298342,-0.0299155133,0.000999999471
168,2,0.771418642,-0.031008538,0.00209962443
168,3,0.771551487,-0.0322103942,0.00330879997
168,4,0.771698168,-0.0335319191,0.00463843997
168,5,0.771860132,-0.0349850269,0.00610054553
168,6,0.772038987,-0.0365828166,0.00770831332
168,7,0.772236522,-0.0383396895,0.00947625464
168,8,0.772454725,-0.0402714794,0.0114203264
168,9,0.772695808,-0.0423955942,0.0135580751
168,10,0.772962233,-0.0447311726,0.0159087952
168,11,0.773256738,-0.0472992561,0.0184937032
168,12,0.773582374,-0.0501229772,0.021336129
168,13,0.773942541,-0.0532277673,0.0244617267
168,14,0.774341033,-0.0566415847,0.0278987055
168,15,0.774782084,-0.0603951644,0.031678085
168,16,0.775270425,-0.0645222941,0.0358339744
168,17,0.775811347,-0.0690601153,0.0404038805
168,18,0.776410771,-0.0740494563,0.0454290459
168,19,0.777075333,-0.0795351958,0.0509548216
168,20,0.777812471,-0.085566664,0.057031075
168,21,0.778630539,-0.0921980815,0.0637126408
168,22,0.779538923,-0.099489042,0.0710598148
168,23,0.780548184,-0.107505042,0.079138898
168,24,0.781670215,-0.116318062,0.0880227944
168,25,0.782918429,-0.126007203,0.0977916683
168,26,0.784307969,-0.136659389,0.108533667
168,27,0.785855948,-0.148370131,0.120345715
168,28,0.787581737,-0.161244369,0.133334389
168,29,0.789507285,-0.175397394,0.147616876
168,30,0.791657495,-0.190955856,0.163322032
168,31,0.794060658,-0.208058873,0.180591541
168,32,0.796748959,-0.226859236,0.199581191
168,33,0.799759056,-0.247524739,0.220462277
168,34,0.803132759,-0.270239618,0.243423146
168,35,0.806917821,-0.295206139,0.268670888
168,36,0.81116885,-0.322646317,0.296433203
168,37,0.815948377,-0.352803802,0.326960445
168,38,0.821328104,-0.385945923,0.360527879
168,39,0.827390349,-0.422365921,0.397438152
168,40,0.834229747,-0.462385363,0.43802401
168,41,0.841955228,-0.506356772,0.482651294
168,42,0.850692337,-0.554666462,0.531722217
168,43,0.860585941,-0.607737604,0.585678973
168,44,0.871803411,-0.66603352,0.645007709
168,45,0.88453834,-0.730061223,0.710242872
168,46,0.899014911,-0.800375194,0.781972001
168,47,0.915493011,-0.877581391,0.860840981
168,48,0.93427424,-0.962341492,0.947559815
168,49,0.955708961,-1.05537734,1.04290897
168,50,0.980204575,-1.15747554,1.14774633
168,51,1.00823523,-1.26949222,1.26301485
168,52,1.04035323,-1.39235775,1.38975094
168,53,1.07720241,-1.52708151,1.52909367
168,54,1.11953382,-1.6747563,1.6822949
168,55,1.16822409,-1.83656252,1.85073032
168,56,1.224297,-2.01377153,2.03591165
168,57,1.2889486,-2.20774812,2.23949998
168,58,1.36357657,-2.41995147,2.46332032
168,59,1.44981439,-2.65193419,2.70937771
168,60,1.54957108,-2.90533854,2.97987469
168,61,1.66507703,-3.18188913,3.27723056
168,62,1.79893691,-3.48338077,3.60410238
168,63,1.9541902,-3.8116602,3.96340801
168,64,2.13438003,-4.16859984,4.35835125
168,65,2.34363084,-4.55606168,4.79244932
168,66,2.58673492,-4.97584858,5.26956291
168,67,2.86924766,-5.42964033,5.79392894
168,68,3.19759036,-5.9189112,6.37019626
168,69,3.57915883,-6.44482549,7.00346461
168,70,4.02243429,-7.0081078,7.69932691
168,71,4.53709181,-7.60888467,8.46391534
168,72,5.13409917,-8.2464958,9.30395127
168,73,5.82579694,-8.91927408,10.2267994
168,74,6.62594824,-9.62429721,11.2405265
168,75,7.54974454,-10.3571173,12.3539645
168,76,8.61375307,-11.1114805,13.5767787
168,77,9.83579233,-11.879056,14.9195413
168,78,11.2347258,-12.6491992,16.3938099
168,79,12.8301712,-13.4087837,18.0122113
168,80,14.6421356,-14.1421356,19.7885311
169,0,0.787680476,-0.0271005941,0
169,1,0.787791674,-0.0280943919,0.000999999431
169,2,0.787914543,-0.0291871306,0.00209962425
169,3,0.788050234,-0.0303886685,0.00330879953
169,4,0.788200069,-0.0317098393,0.0046384391
169,5,0.788365524,-0.0331625531,0.00610054402
169,6,0.788548247,-0.0347599042,0.00770831091
169,7,0.788750067,-0.0365162889,0.00947625099
169,8,0.78897302,-0.0384475349,0.0114203211
169,9,0.789219369,-0.0405710435,0.0135580677
169,10,0.789491634,-0.042905946,0.015908785
169,11,0.789792619,-0.0454732749,0.0184936893
169,12,0.790125447,-0.0482961534,0.0213361106
169,13,0.790493603,-0.0514000016,0.0244617024
169,14,0.790900971,-0.0548127651,0.0278986739
169,15,0.79135189,-0.0585651648,0.0316780443
169,16,0.79185121,-0.0626909716,0.0358339223
169,17,0.792404353,-0.0672273083,0.0404038142
169,18,0.79301739,-0.0722149815,0.0454289622
169,19,0.793697127,-0.0776988453,0.0509547162
169,20,0.794451193,-0.0837282009,0.057030943
169,21,0.795288161,-0.090357236,0.063712476
169,22,0.796217663,-0.0976455061,0.0710596098
169,23,0.797250541,-0.105658463,0.0791386438
169,24,0.798399009,-0.114468037,0.08802248
169,25,0.799676844,-0.124153269,0.0977912801
169,26,0.801099605,-0.134801012,0.108533189
169,27,0.802684883,-0.146506697,0.120345127
169,28,0.804452594,-0.159375168,0.133333667
169,29,0.806425312,-0.173521604,0.147615992
169,30,0.808628658,-0.189072524,0.163320949
169,31,0.81109175,-0.206166891,0.180590217
169,32,0.813847722,-0.224957314,0.199579574
169,33,0.816934331,-0.245611367,0.220460304
169,34,0.820394652,-0.268313031,0.243420741
169,35,0.824277904,-0.293264265,0.268667958
169,36,0.828640391,-0.320686721,0.296429635
169,37,0.83354661,-0.350823612,0.326956105
169,38,0.839070547,-0.383941745,0.360522602
169,39,0.845297176,-0.420333734,0.397431738
169,40,0.852324223,-0.460320394,0.43801622
169,41,0.860264222,-0.504253338,0.482641836
169,42,0.86924692,-0.552517783,0.531710736
169,43,0.879422101,-0.605535567,0.585665044
169,44,0.890962881,-0.663768399,0.644990813
169,45,0.904069584,-0.727721327,0.710222385
169,46,0.918974282,-0.797946431,0.781947165
169,47,0.93594612,-0.875046741,0.860810879
169,48,0.95529757,-0.959680344,0.94752334
169,49,0.977391777,-1.05256467,1.04286478
169,50,1.00265117,-1.15448091,1.1476928
169,51,1.0315676,-1.26627848,1.26295002
169,52,1.0647142,-1.38887951,1.38967244
169,53,1.10275936,-1.5232831,1.52899863
169,54,1.14648304,-1.6705694,1.68217984
169,55,1.19679596,-1.831903,1.85059104
169,56,1.25476203,-2.0085356,2.03574308
169,57,1.32162456,-2.20180749,2.23929595
169,58,1.39883678,-2.41314725,2.46307342
169,59,1.48809746,-2.64406922,2.70907894
169,60,1.59139212,-2.89616776,2.97951319
169,61,1.71104063,-3.17110751,3.27679317
169,62,1.84975195,-3.47060811,3.60357321
169,63,2.0106866,-3.79642213,3.96276782
169,64,2.19752744,-4.15030408,4.35757679
169,65,2.4145591,-4.53396843,4.79151246
169,66,2.66675592,-4.94903381,5.26842966
169,67,2.95987784,-5.39695056,5.79255816
169,68,3.3005727,-5.87890817,6.36853823
169,69,3.69648242,-6.39571912,7.00145918
169,70,4.15634881,-6.94767602,7.69690136
169,71,4.69011318,-7.53437911,8.46098173
169,72,5.30900138,-8.15453302,9.30040325
169,73,6.02558376,-8.80571365,10.2225084
169,74,6.85379731,-9.48410982,11.235337
169,75,7.80891551,-10.1842491,12.3476884
169,76,8.90745162,-10.8987241,13.5691886
169,77,10.1669833,-11.6179412,14.9103624
169,78,11.6058924,-12.329924,16.3827096
169,79,13.2430239,-13.0202055,17.9987876
169,80,15.0972815,-13.671846,19.7722978
170,0,0.803803544,-0.0252829463,0
170,1,0.803917011,-0.0262764874,0.000999999389
170,2,0.804042398,-0.0273689401,0.00209962406
170,3,0.804180877,-0.0285701596,0.00330879907
170,4,0.804333799,-0.0298909762,0.00463843821
170,5,0.804502674,-0.0313432958,0.00610054248
170,6,0.804689185,-0.0329402081,0.00770830845
170,7,0.804895203,-0.0346961043,0.00947624728
170,8,0.805122808,-0.0366268061,0.0114203157
170,9,0.805374315,-0.0387497081,0.0135580601
170,10,0.8056523,-0.0410839339,0.0159087745
170,11,0.805959631,-0.0436505077,0.0184936752
170,12,0.806299504,-0.0464725426,0.0213360917
170,13,0.806675484,-0.049575448,0.0244616776
170,14,0.807091545,-0.0529871564,0.0278986417
170,15,0.80755213,-0.0567383745,0.0316780028
170,16,0.808062202,-0.0608628565,0.0358338691
170,17,0.808627314,-0.0653977066,0.0404037467
170,18,0.809253684,-0.0703837093,0.0454288768
170,19,0.809948282,-0.0758656939,0.0509546088
170,20,0.810718928,-0.0818929328,0.0570308084
170,21,0.811574406,-0.0885195806,0.0637123081
170,22,0.812524591,-0.0958051542,0.0710594009
170,23,0.8135806,-0.103815061,0.0791383847
170,24,0.814754961,-0.11262118,0.0880221594
170,25,0.816061809,-0.122302491,0.0977908844
170,26,0.817517111,-0.132945778,0.108532701
170,27,0.819138925,-0.144646389,0.120344528
170,28,0.820947701,-0.157509073,0.133332932
170,29,0.822966626,-0.171648895,0.14761509
170,30,0.825222028,-0.187192244,0.163319846
170,31,0.827743834,-0.204277923,0.180588868
170,32,0.830566112,-0.223058358,0.199577926
170,33,0.833727694,-0.243700904,0.220458293
170,34,0.837272902,-0.266389283,0.243418289
170,35,0.841252392,-0.291325143,0.268664971
170,36,0.845724134,-0.318729768,0.296425999
170,37,0.850754562,-0.348845929,0.326951681
170,38,0.856419905,-0.381939905,0.360517223
170,39,0.862807753,-0.418303676,0.397425201
170,40,0.870018873,-0.458257291,0.438008279
170,41,0.87816935,-0.502151441,0.482632194
170,42,0.887393075,-0.550370227,0.531699033
170,43,0.897844678,-0.603334135,0.585650845
170,44,0.909702946,-0.66150323,0.644973591
170,45,0.923174851,-0.725380556,0.710201501
170,46,0.93850026,-0.795515749,0.781921847
170,47,0.955957473,-0.872508846,0.860780195
170,48,0.975869725,-0.957014265,0.947486159
170,49,0.998612816,-1.04974492,1.04281973
170,50,1.02462408,-1.15147646,1.14763824
170,51,1.05441292,-1.26305142,1.26288394
170,52,1.08857316,-1.38538344,1.38959242
170,53,1.12779757,-1.51946112,1.52890175
170,54,1.17289489,-1.6663515,1.68206255
170,55,1.22480975,-1.8272029,1.85044906
170,56,1.28464603,-2.00324674,2.03557123
170,57,1.35369411,-2.19579794,2.23908798
170,58,1.43346264,-2.40625341,2.46282174
170,59,1.52571549,-2.63608777,2.70877439
170,60,1.63251448,-2.88684567,2.97914468
170,61,1.75626872,-3.16012932,3.27634731
170,62,1.8997911,-3.4575801,3.60303378
170,63,2.06636265,-3.78085236,3.96211523
170,64,2.25980513,-4.13157753,4.35678733
170,65,2.48456197,-4.51131594,4.79055747
170,66,2.74578733,-4.92149365,5.26727446
170,67,3.04944214,-5.36332109,5.79116085
170,68,3.40239515,-5.83769005,6.3668481
170,69,3.81252574,-6.34504561,6.99941493
170,70,4.28882328,-6.88522995,7.69442885
170,71,4.84147609,-7.45729597,8.45799132
170,72,5.4819404,-8.05929037,9.29678653
170,73,6.22297749,-8.68800897,10.2181343
170,74,7.07864516,-9.33873115,11.230047
170,75,8.06422869,-10.0049465,12.3412908
170,76,9.19609768,-10.6780934,13.5614517
170,77,10.4914792,-11.3473372,14.9010057
170,78,11.968146,-11.9994223,16.3713944
170,79,13.644031,-12.6186353,17.9851039
170,80,15.5367961,-13.1869163,19.7557501
171,0,0.819522086,-0.0234751142,0
171,1,0.819637777,-0.0244683988,0.000999999347
171,2,0.819765629,-0.0255605655,0.00209962388
171,3,0.81990684,-0.0267614667,0.00330879862
171,4,0.820062787,-0.028081929,0.00463843731
171,5,0.820235014,-0.0295338545,0.00610054092
171,6,0.820425236,-0.0311303281,0.00770830596
171,7,0.820635366,-0.0328857358,0.00947624351
171,8,0.820867529,-0.0348158933,0.0114203102
171,9,0.821124088,-0.0369381886,0.0135580523
171,10,0.821407676,-0.0392717378,0.0159087639
171,11,0.821721225,-0.0418375563,0.0184936608
171,12,0.822067999,-0.0446587476,0.0213360726
171,13,0.822451642,-0.0477607096,0.0244616525
171,14,0.822876219,-0.0511713627,0.0278986091
171,15,0.823346271,-0.0549213986,0.0316779607
171,16,0.823866874,-0.0590445552,0.0358338153
171,17,0.824443709,-0.0635779175,0.0404036782
171,18,0.825083137,-0.0685622486,0.0454287903
171,19,0.825792292,-0.0740423524,0.0509544999
171,20,0.826579176,-0.0800674727,0.057030672
171,21,0.827452782,-0.0866917305,0.0637121378
171,22,0.828423223,-0.0939746044,0.0710591892
171,23,0.829501886,-0.101981458,0.0791381221
171,24,0.830701606,-0.110784115,0.0880218345
171,25,0.832036867,-0.120461499,0.0977904834
171,26,0.833524037,-0.131100322,0.108532207
171,27,0.835181632,-0.142795849,0.12034392
171,28,0.837030625,-0.155652733,0.133332186
171,29,0.839094807,-0.169785926,0.147614176
171,30,0.841401193,-0.185321681,0.163318727
171,31,0.843980506,-0.202398647,0.1805875
171,32,0.84686773,-0.221169063,0.199576255
171,33,0.850102754,-0.241800062,0.220456254
171,34,0.85373112,-0.264475105,0.243415803
171,35,0.857804896,-0.289395527,0.268661943
171,36,0.862383691,-0.316782241,0.296422313
171,37,0.867535837,-0.346877571,0.326947197
171,38,0.873339773,-0.379947263,0.36051177
171,39,0.879885655,-0.416282653,0.397418575
171,40,0.887277248,-0.456203019,0.43800023
171,41,0.895634129,-0.500058116,0.48262242
171,42,0.905094274,-0.548230913,0.531687171
171,43,0.915817085,-0.601140525,0.585636452
171,44,0.927986945,-0.659245346,0.644956133
171,45,0.941817385,-0.723046385,0.710180331
171,46,0.957555973,-0.79309079,0.781896184
171,47,0.975490057,-0.869975551,0.860749091
171,48,0.995953517,-0.954351342,0.947448469
171,49,1.01933468,-1.04692648,1.04277407
171,50,1.04608566,-1.14847091,1.14758293
171,51,1.07673325,-1.25982017,1.26281696
171,52,1.11189183,-1.38187918,1.38951131
171,53,1.15227838,-1.51562575,1.52880354
171,54,1.19873025,-1.66211346,1.68194366
171,55,1.25222582,-1.8224739,1.85030515
171,56,1.31390877,-1.99791755,2.03539704
171,57,1.38511641,-2.18973318,2.23887717
171,58,1.46741263,-2.39928491,2.46256662
171,59,1.56262622,-2.62800628,2.70846568
171,60,1.67289513,-2.87739032,2.97877114
171,61,1.80071746,-3.14897444,3.27589536
171,62,1.94900973,-3.4443186,3.60248699
171,63,2.12117298,-3.7649749,3.96145373
171,64,2.32116699,-4.11244639,4.35598709
171,65,2.55359264,-4.48813258,4.78958943
171,66,2.82378161,-4.89325845,5.26610349
171,67,3.13789211,-5.32878388,5.78974444
171,68,3.50300796,-5.79528987,6.36513487
171,69,3.9272369,-6.29283825,6.99734274
171,70,4.41980213,-6.82080226,7.69192256
171,71,4.99111872,-7.3776665,8.45496005
171,72,5.65284412,-7.96079738,9.2931204
171,73,6.41788971,-8.56618874,10.2137004
171,74,7.30037869,-9.18819243,11.2246847
171,75,8.31553543,-9.81925057,12.3348058
171,76,9.47949423,-10.4496536,13.553609
171,77,10.8090214,-11.0673562,14.8915213
171,78,12.3211554,-11.657888,16.3599246
171,79,14.0327859,-12.2043982,17.9712334
171,80,15.9602091,-12.6878657,19.7389764
172,0,0.834799752,-0.0216838502,0
172,1,0.834917622,-0.0226768786,0.000999999305
172,2,0.835047889,-0.0237687597,0.00209962369
172,3,0.835191776,-0.0249693429,0.00330879815
172,4,0.835350687,-0.0262894515,0.0046384364
172,5,0.835526195,-0.0277409833,0.00610053935
172,6,0.835720053,-0.0293370187,0.00770830345
172,7,0.83593421,-0.0310919384,0.00947623972
172,8,0.836170836,-0.0330215523,0.0114203047
172,9,0.836432344,-0.0351432416,0.0135580446
172,10,0.83672142,-0.0374761148,0.0159087532
172,11,0.837041056,-0.0400411788,0.0184936464
172,12,0.837394588,-0.0428615271,0.0213360534
172,13,0.837785735,-0.0459625468,0.0244616272
172,14,0.83821865,-0.0493721453,0.0278985762
172,15,0.838697972,-0.053121,0.0316779183
172,16,0.839228886,-0.0572428321,0.035833761
172,17,0.839817198,-0.0617747078,0.0404036092
172,18,0.840469411,-0.0667573682,0.045428703
172,19,0.841192815,-0.0722355922,0.0509543901
172,20,0.841995595,-0.0782585947,0.0570305345
172,21,0.842886947,-0.0848804634,0.0637119662
172,22,0.843877217,-0.0921606383,0.0710589757
172,23,0.844978054,-0.100164438,0.0791378573
172,24,0.846202595,-0.108963635,0.0880215069
172,25,0.847565667,-0.118637091,0.0977900791
172,26,0.849084029,-0.129271449,0.108531709
172,27,0.850776645,-0.14096189,0.120343308
172,28,0.852665002,-0.15381297,0.133331434
172,29,0.854773477,-0.167939528,0.147613255
172,30,0.857129766,-0.183467684,0.163317599
172,31,0.859765367,-0.200535926,0.180586121
172,32,0.862716163,-0.219296307,0.199574571
172,33,0.866023077,-0.239915741,0.220454199
172,34,0.869732848,-0.262577421,0.243413298
172,35,0.87389893,-0.287482372,0.268658891
172,36,0.878582539,-0.314851127,0.296418597
172,37,0.883853871,-0.344925566,0.326942676
172,38,0.889793532,-0.377970894,0.360506274
172,39,0.896494206,-0.414277799,0.397411895
172,40,0.904062598,-0.454164777,0.437992116
172,41,0.912621724,-0.497980639,0.482612568
172,42,0.922313575,-0.546107212,0.531675213
172,43,0.933302258,-0.59896222,0.585621943
172,44,0.94577767,-0.657002365,0.644938535
172,45,0.959959809,-0.720726591,0.710158992
172,46,0.976103843,-0.790679522,0.781870315
172,47,0.994506059,-0.867455048,0.860717738
172,48,1.01551086,-0.951700037,0.947410477
172,49,1.03951898,-1.04411811,1.04272805
172,50,1.06699714,-1.14547342,1.14752718
172,51,1.09848941,-1.25659434,1.26274944
172,52,1.13463053,-1.37837688,1.38942955
172,53,1.17616157,-1.51178777,1.52870454
172,54,1.22394829,-1.65786683,1.68182381
172,55,1.27900265,-1.81772842,1.85016008
172,56,1.34250798,-1.9925615,2.03522146
172,57,1.41584834,-2.18362788,2.23866466
172,58,1.50064271,-2.39225783,2.46230945
172,59,1.59878464,-2.6198424,2.70815449
172,60,1.71248805,-2.86782118,2.9783946
172,61,1.84433983,-3.13766436,3.27543978
172,62,1.99735981,-3.43084734,3.60193581
172,63,2.17506854,-3.7488158,3.96078692
172,64,2.38156305,-4.09293916,4.35518042
172,65,2.62160025,-4.46444925,4.78861362
172,66,2.90068701,-4.86436133,5.26492311
172,67,3.22517503,-5.29337388,5.78831666
172,68,3.60235707,-5.75174376,6.36340789
172,69,4.04055972,-6.23913352,6.99525392
172,70,4.54922558,-6.75442875,7.68939615
172,71,5.13897508,-7.29552489,8.45190444
172,72,5.82163621,-7.85908622,9.28942484
172,73,6.61022764,-8.44028405,10.209231
172,74,7.51888019,-9.03252717,11.2192793
172,75,8.56268228,-9.62720519,12.3282687
172,76,9.75743954,-10.2134736,13.5457033
172,77,11.1193474,-10.778116,14.8819607
172,78,12.6645888,-11.3055242,16.3483627
172,79,14.4088878,-11.7778317,17.9572514
172,80,16.3670668,-12.1752286,19.7220681
173,0,0.849600567,-0.0199160532,0
173,1,0.849720569,-0.0209088261,0.000999999263
173,2,0.849853201,-0.0220004224,0.00209962351
173,3,0.849999706,-0.0232006886,0.00330879769
173,4,0.850161517,-0.0245204444,0.00463843548
173,5,0.850340238,-0.0259715836,0.00610053777
173,6,0.850537653,-0.027567182,0.00770830093
173,7,0.850755752,-0.0293216151,0.00947623591
173,8,0.850996745,-0.0312506868,0.0114202992
173,9,0.851263095,-0.0333717718,0.0135580368
173,10,0.85155754,-0.0357039708,0.0159087424
173,11,0.851883133,-0.0382682823,0.0184936319
173,12,0.852243276,-0.04108779,0.0213360341
173,13,0.852641765,-0.0441878698,0.0244616019
173,14,0.853082837,-0.0475964165,0.0278985432
173,15,0.853571225,-0.0513440929,0.0316778757
173,16,0.854112226,-0.0554646039,0.0358337066
173,17,0.854711764,-0.0599949966,0.04040354
173,18,0.855376481,-0.0649759903,0.0454286156
173,19,0.856113821,-0.0704523389,0.0509542801
173,20,0.856932147,-0.0764732285,0.0570303967
173,21,0.857840854,-0.0830927134,0.0637117942
173,22,0.858850514,-0.0903701951,0.0710587617
173,23,0.859973035,-0.098370947,0.0791375919
173,24,0.861221846,-0.107166691,0.0880211786
173,25,0.862612111,-0.116836227,0.0977896738
173,26,0.864160972,-0.127466126,0.10853121
173,27,0.865887829,-0.139151489,0.120342694
173,28,0.867814672,-0.151996774,0.133330681
173,29,0.869966456,-0.166116706,0.147612331
173,30,0.872371534,-0.18163727,0.163316469
173,31,0.87506217,-0.198696798,0.180584739
173,32,0.878075122,-0.217447152,0.199572883
173,33,0.881452328,-0.238055025,0.22045214
173,34,0.885241701,-0.260703347,0.243410787
173,35,0.889498049,-0.285592824,0.268655832
173,36,0.894284163,-0.312943617,0.296414873
173,37,0.899672069,-0.34299715,0.326938145
173,38,0.905744499,-0.376018089,0.360500764
173,39,0.912596614,-0.412296468,0.397405199
173,40,0.92033801,-0.452149998,0.437983982
173,41,0.929095078,-0.495926537,0.482602692
173,42,0.939013762,-0.544006758,0.531663226
173,43,0.950262796,-0.59680698,0.585607399
173,44,0.963037502,-0.654782198,0.644920894
173,45,0.977564255,-0.718429265,0.710137601
173,46,0.994105717,-0.788290247,0.781844384
173,47,1.012967,-0.864955894,0.86068631
173,48,1.0345029,-0.949069206,0.947372395
173,49,1.05912642,-1.04132904,1.04268191
173,50,1.08731876,-1.14249364,1.14747129
173,51,1.11964107,-1.25338407,1.26268176
173,52,1.15674833,-1.37488726,1.38934759
173,53,1.19940548,-1.50795863,1.52860531
173,54,1.24850656,-1.65362389,1.68170368
173,55,1.30509692,-1.81297972,1.85001466
173,56,1.37039936,-1.987193,2.03504545
173,57,1.44584456,-2.17749777,2.23845164
173,58,1.53310641,-2.38518944,2.46205167
173,59,1.6341431,-2.61161517,2.70784255
173,60,1.75124436,-2.8581593,2.97801716
173,61,1.88708568,-3.12622238,3.27498311
173,62,2.04478993,-3.41719203,3.60138331
173,63,2.22799674,-3.73240344,3.96011851
173,64,2.44093958,-4.07308693,4.35437182
173,65,2.68853002,-4.44029974,4.78763548
173,66,2.97644779,-4.83483856,5.26373991
173,67,3.31123411,-5.25712941,5.78688547
173,68,3.70038434,-5.70709139,6.36167678
173,69,4.152434,-6.18397149,6.9931601
173,70,4.67702985,-6.68614876,7.68686369
173,71,5.28497524,-7.21090866,8.44884152
173,72,5.9882364,-7.75419207,9.28572043
173,73,6.79989445,-8.31032867,10.2047508
173,74,7.73402768,-8.87177138,11.213861
173,75,8.80551125,-9.42885697,12.321716
173,76,10.0297274,-9.96962581,13.5377787
173,77,11.4221915,-10.4797403,14.8723771
173,78,12.9981142,-10.9425426,16.3367731
173,79,14.7719419,-11.3392857,17.943236
173,80,16.7569337,-11.6495539,19.7051192
174,0,0.863889079,-0.0181787566,0
174,1,0.864011165,-0.0191712753,0.000999999221
174,2,0.864146108,-0.0202625881,0.00209962332
174,3,0.864295173,-0.0214625389,0.00330879723
174,4,0.864459819,-0.0227819437,0.00463843458
174,5,0.864641677,-0.0242326923,0.0061005362
174,6,0.864842569,-0.0258278559,0.00770829842
174,7,0.865064519,-0.0275818048,0.00947623212
174,8,0.86530978,-0.0295103371,0.0114202937
174,9,0.86558086,-0.0316308207,0.013558029
174,10,0.865880551,-0.0339623489,0.0159087318
174,11,0.866211963,-0.0365259116,0.0184936174
174,12,0.866578564,-0.0393445828,0.0213360149
174,13,0.866984225,-0.0424437273,0.0244615766
174,14,0.867433264,-0.0458512272,0.0278985103
174,15,0.867930509,-0.0495977312,0.0316778334
174,16,0.868481361,-0.0537169275,0.0358336524
174,17,0.869091863,-0.0582458442,0.0404034711
174,18,0.869768791,-0.0632251791,0.0454285284
174,19,0.870519741,-0.0686996612,0.0509541704
174,20,0.871353247,-0.0747184477,0.0570302593
174,21,0.8722789,-0.0813355598,0.0637116228
174,22,0.873307492,-0.0886103604,0.0710585485
174,23,0.874451183,-0.0966080785,0.0791373274
174,24,0.875723691,-0.105400384,0.0880208513
174,25,0.877140504,-0.115066016,0.0977892699
174,26,0.878719138,-0.125691476,0.108530713
174,27,0.880479423,-0.137371782,0.120342083
174,28,0.882443838,-0.150211295,0.13332993
174,29,0.884637898,-0.164324626,0.147611411
174,30,0.887090605,-0.179837626,0.163315342
174,31,0.889834966,-0.196888469,0.180583361
174,32,0.892908597,-0.21562883,0.1995712
174,33,0.896354429,-0.236225177,0.220450086
174,34,0.900221517,-0.258860178,0.243408284
174,35,0.904566001,-0.283734222,0.268652782
174,36,0.90945221,-0.311067092,0.296411161
174,37,0.914953961,-0.341099761,0.326933628
174,38,0.92115607,-0.37409635,0.360495273
174,39,0.928156125,-0.41034624,0.397398525
174,40,0.936066558,-0.450166348,0.437975876
174,41,0.945017074,-0.493903579,0.482592849
174,42,0.955157495,-0.54193744,0.531651279
174,43,0.966661104,-0.594682841,0.585592904
174,44,0.979728562,-0.65259305,0.644903312
174,45,0.994592518,-0.716162814,0.710116282
174,46,1.01152302,-0.785931611,0.781818538
174,47,1.03083388,-0.862487015,0.860654985
174,48,1.05289017,-0.94646811,0.947334437
174,49,1.07811699,-1.03856891,1.04263592
174,50,1.10700988,-1.13954169,1.14741559
174,51,1.14014693,-1.25020005,1.2626143
174,52,1.17820313,-1.37142168,1.3892659
174,53,1.22196717,-1.50415047,1.52850641
174,54,1.27236115,-1.64939767,1.68158395
174,55,1.33046366,-1.80824193,1.84986972
174,56,1.3975368,-1.98182743,2.03487002
174,57,1.47505769,-2.17135971,2.23823933
174,58,1.56475501,-2.3780983,2.46179474
174,59,1.66865145,-2.60334512,2.70753164
174,60,1.78911243,-2.84842742,2.97764097
174,61,1.92890188,-3.11467371,3.27452794
174,62,2.0912455,-3.40338064,3.60083262
174,63,2.27990157,-3.71576867,3.9594523
174,64,2.49923925,-4.05292358,4.35356589
174,65,2.75432345,-4.41572093,4.78666055
174,66,3.05100434,-4.80472981,5.26256061
174,67,3.39600867,-5.22009245,5.78545899
174,68,3.79702781,-5.66137631,6.35995137
174,69,4.26279577,-6.12739618,6.99107318
174,70,4.80314755,-6.61600548,7.68433958
174,71,5.42904576,-7.12385897,8.4457887
174,72,6.15256094,-7.64615345,9.28202823
174,73,6.98678969,-8.17635933,10.2002854
174,74,7.94569531,-8.70596387,11.2084606
174,75,9.0438602,-9.22425555,12.3151848
174,76,10.2961476,-9.71818704,13.5298803
174,77,11.7172848,-10.1723589,14.8628252
174,78,13.3213995,-10.5691644,16.3252217
174,79,15.1215603,-10.8891226,17.9292668
174,80,17.1293922,-11.1114047,19.6882263
175,0,0.877630509,-0.0164791108,0
175,1,0.877754629,-0.0174713772,0.000999999179
175,2,0.877891826,-0.0185624089,0.00209962314
175,3,0.878043386,-0.0197620467,0.00330879677
175,4,0.878210796,-0.0210811033,0.00463843368
175,5,0.878395715,-0.0225314643,0.00610053464
175,6,0.878599996,-0.0241261965,0.00770829593
175,7,0.878825701,-0.025879665,0.00947622836
175,8,0.879075123,-0.0278076621,0.0114202882
175,9,0.879350815,-0.029927549,0.0135580213
175,10,0.879655619,-0.0322584117,0.0159087212
175,11,0.879992704,-0.0348212315,0.0184936031
175,12,0.880365602,-0.0376390727,0.0213359958
175,13,0.880778253,-0.0407372891,0.0244615516
175,14,0.881235058,-0.0441437505,0.0278984778
175,15,0.881740935,-0.0478890911,0.0316777914
175,16,0.882301387,-0.0520069828,0.0358335986
175,17,0.882922575,-0.056534435,0.0404034028
175,18,0.883611402,-0.0615121239,0.045428442
175,19,0.884375615,-0.0669847537,0.0509540618
175,20,0.885223913,-0.073001453,0.0570301232
175,21,0.886166077,-0.0796162102,0.0637114529
175,22,0.887213115,-0.0868883498,0.0710583371
175,23,0.888377434,-0.0948830565,0.0791370653
175,24,0.889673028,-0.103671948,0.0880205271
175,25,0.891115705,-0.113333706,0.0977888697
175,26,0.892723346,-0.123954759,0.10853022
175,27,0.894516195,-0.135630043,0.120341476
175,28,0.896517211,-0.148463823,0.133329186
175,29,0.898752456,-0.162570598,0.147610499
175,30,0.901251563,-0.178076085,0.163314226
175,31,0.904048264,-0.195118299,0.180581996
175,32,0.907181013,-0.213848729,0.199569533
175,33,0.910693705,-0.234433621,0.220448052
175,34,0.914636518,-0.257055378,0.243405803
175,35,0.919066886,-0.281914076,0.268649761
175,36,0.924050644,-0.309229118,0.296407482
175,37,0.929663359,-0.339241026,0.326929153
175,38,0.935991884,-0.372213377,0.360489831
175,39,0.943136186,-0.408434897,0.397391912
175,40,0.951211471,-0.448221712,0.437967843
175,41,0.960350692,-0.491919765,0.482583096
175,42,0.970707476,-0.5399074,0.531639441
175,43,0.982459571,-0.592598104,0.58557854
175,44,0.995812882,-0.650443414,0.64488589
175,45,1.01100623,-0.713935953,0.710095156
175,46,1.02831693,-0.783612596,0.781792928
175,47,1.04806738,-0.860057708,0.860623945
175,48,1.07063275,-0.943906418,0.947296826
175,49,1.09645014,-1.03584785,1.04259036
175,50,1.12602922,-1.13662819,1.1473604
175,51,1.15996486,-1.24705352,1.26254745
175,52,1.19895191,-1.36799212,1.38918496
175,53,1.24380259,-1.50037609,1.5284084
175,54,1.29546689,-1.64520202,1.6814653
175,55,1.35505645,-1.80353007,1.8497261
175,56,1.42387252,-1.97648121,2.03469619
175,57,1.50343849,-2.16523176,2.23802895
175,58,1.59553771,-2.37100436,2.46154014
175,59,1.70225724,-2.59505434,2.70722357
175,60,1.8260381,-2.83865008,2.9772682
175,61,1.96973255,-3.10304562,3.27407692
175,62,2.13666892,-3.38944346,3.60028696
175,63,2.3307238,-3.69894503,3.95879216
175,64,2.55640138,-4.03248602,4.3527673
175,65,2.81891853,-4.39075308,4.78569451
175,66,3.12429353,-4.77407845,5.26139204
175,67,3.47943451,-5.18230898,5.7840455
175,68,3.89222206,-5.61464623,6.35824168
175,69,4.37157777,-6.06945583,6.98900526
175,70,4.92750815,-6.54404627,7.68183845
175,71,5.57111019,-7.03442091,8.44276368
175,72,6.31452313,-7.53501235,9.27836965
175,73,7.17080986,-8.0384158,10.1958607
175,74,8.15375385,-8.5351462,11.2031094
175,75,9.27756325,-9.01345361,12.3087132
175,76,10.5564859,-9.45923809,13.5220538
175,77,12.0043557,-9.85610813,14.8533603
175,78,13.6341131,-10.18562,16.3137755
175,79,15.4573621,-10.4277168,17.9154248
175,80,17.4840436,-10.561357,19.6714872
176,0,0.890790903,-0.0148243592,0
176,1,0.890916999,-0.0158163763,0.000999999138
176,2,0.891056387,-0.01690713,0.00209962295
176,3,0.891210375,-0.0181064585,0.00330879632
176,4,0.891380472,-0.0194251707,0.00463843279
176,5,0.891568367,-0.0208751487,0.00610053311
176,6,0.891775945,-0.0224694544,0.00770829348
176,7,0.8920053,-0.024222448,0.00947622466
176,8,0.892258767,-0.0261499159,0.0114202829
176,9,0.892538942,-0.028269213,0.0135580138
176,10,0.892848718,-0.0305994178,0.0159087107
176,11,0.893191318,-0.033161503,0.018493589
176,12,0.893570335,-0.0359785237,0.0213359771
176,13,0.89398978,-0.0390758227,0.0244615269
176,14,0.894454133,-0.0424812573,0.0278984457
176,15,0.894968401,-0.0462254476,0.03167775
176,16,0.895538184,-0.0503420494,0.0358335457
176,17,0.896169756,-0.0548680535,0.0404033355
176,18,0.896870147,-0.0598441149,0.045428357
176,19,0.897647248,-0.0653149131,0.0509539548
176,20,0.89850992,-0.0713295486,0.0570299891
176,21,0.899468129,-0.0779419769,0.0637112856
176,22,0.900533091,-0.0852114849,0.071058129
176,23,0.901717452,-0.0932032132,0.0791368071
176,24,0.903035477,-0.101988729,0.0880202077
176,25,0.904503284,-0.111646653,0.0977884755
176,26,0.906139108,-0.122263345,0.108529734
176,27,0.907963598,-0.133933661,0.120340879
176,28,0.910000176,-0.14676177,0.133328453
176,29,0.912275438,-0.160862056,0.147609601
176,30,0.914819631,-0.176360106,0.163313126
176,31,0.917667191,-0.193393777,0.180580652
176,32,0.920857388,-0.212114373,0.199567891
176,33,0.924435059,-0.23268792,0.220446048
176,34,0.928451471,-0.255296556,0.24340336
176,35,0.932965322,-0.280140045,0.268646785
176,36,0.938043916,-0.307437415,0.296403859
176,37,0.943764527,-0.337428737,0.326924746
176,38,0.950215997,-0.370377045,0.360484472
176,39,0.957500615,-0.406570412,0.397385399
176,40,0.965736302,-0.446324172,0.437959931
176,41,0.975059189,-0.48998331,0.482573489
176,42,0.98562663,-0.537925002,0.531627782
176,43,0.997620745,-0.590561316,0.585564394
176,44,1.01125259,-0.648342048,0.644868731
176,45,1.02676704,-0.711757692,0.710074349
176,46,1.04444857,-0.781342503,0.781767704
176,47,1.064628,-0.857677621,0.860593375
176,48,1.08769049,-0.941394187,0.947259782
176,49,1.11408494,-1.03317638,1.04254548
176,50,1.14433502,-1.13376427,1.14730604
176,51,1.17905217,-1.24395628,1.26248162
176,52,1.21895092,-1.36461114,1.38910523
176,53,1.26486682,-1.49664905,1.52831188
176,54,1.31777757,-1.64105158,1.68134845
176,55,1.37882767,-1.79886009,1.84958465
176,56,1.44935734,-1.97117183,2.03452498
176,57,1.53093611,-2.15913317,2.23782175
176,58,1.62540186,-2.36392891,2.46128939
176,59,1.73490596,-2.58676651,2.70692014
176,60,1.86196493,-2.82885366,2.97690106
176,61,2.0095193,-3.09136754,3.27363271
176,62,2.1809999,-3.37541321,3.59974953
176,63,2.38040136,-3.68196884,3.95814199
176,64,2.61236224,-4.01181432,4.35198076
176,65,2.88225014,-4.36543997,4.78474305
176,66,3.19624906,-4.74293174,5.26024113
176,67,3.56144433,-5.14382915,5.78265336
176,68,3.98589867,-5.56695323,6.3565578
176,69,4.47870994,-6.01020315,6.98696858
176,70,5.05003855,-6.47032285,7.67937509
176,71,5.71108974,-6.94264356,8.43978434
176,72,6.47403394,-7.42081433,9.27476632
176,73,7.35184902,-7.89654093,10.1915027
176,74,8.35807128,-8.35936275,11.197839
176,75,9.5064513,-8.79650684,12.3023393
176,76,10.8105249,-9.19286389,13.5143454
176,77,12.2831301,-9.53113036,14.8440383
176,78,13.9359241,-9.79214905,16.3025022
176,79,15.7789743,-9.95545545,17.9017918
176,80,17.8205081,-10,19.6550008
177,0,0.903337276,-0.0132218077,0
177,1,0.903465288,-0.0142135794,0.000999999097
177,2,0.903606799,-0.0153040596,0.00209962278
177,3,0.903763138,-0.0165030835,0.00330879588
177,4,0.903935839,-0.0178214569,0.00463843192
177,5,0.904126617,-0.0192710577,0.00610053161
177,6,0.904337387,-0.0208649437,0.00770829109
177,7,0.904570279,-0.0226174698,0.00947622104
177,8,0.904827665,-0.024544417,0.0114202776
177,9,0.905112183,-0.0266631335,0.0135580063
177,10,0.905426774,-0.0289926906,0.0159087005
177,11,0.905774716,-0.0315540528,0.0184935752
177,12,0.90615966,-0.0343702658,0.0213359587
177,13,0.906585687,-0.0374666616,0.0244615028
177,14,0.907057351,-0.0408710855,0.0278984143
177,15,0.907579744,-0.0446141435,0.0316777095
177,16,0.908158564,-0.0487294754,0.0358334939
177,17,0.908800192,-0.0532540539,0.0404032696
177,18,0.909511783,-0.0582285129,0.0454282737
177,19,0.910301365,-0.0636975077,0.05095385
177,20,0.911177957,-0.069710111,0.0570298579
177,21,0.912151703,-0.076320246,0.0637111218
177,22,0.913234023,-0.0835871624,0.0710579253
177,23,0.914437792,-0.0915759575,0.0791365545
177,24,0.915777539,-0.100358148,0.0880198951
177,25,0.917269682,-0.110012296,0.0977880897
177,26,0.918932798,-0.120624693,0.108529259
177,27,0.920787929,-0.132290113,0.120340295
177,28,0.922858948,-0.145112632,0.133327736
177,29,0.925172968,-0.159206523,0.147608722
177,30,0.927760829,-0.174697242,0.16331205
177,31,0.930657654,-0.19172249,0.180579336
177,32,0.933903504,-0.210433388,0.199566284
177,33,0.93754413,-0.230995743,0.220444087
177,34,0.941631859,-0.253591433,0.24340097
177,35,0.946226618,-0.278419912,0.268643872
177,36,0.951397139,-0.305699834,0.296400314
177,37,0.957222357,-0.335670822,0.326920432
177,38,0.963793056,-0.368595374,0.360479227
177,39,0.971213787,-0.40476091,0.397379025
177,40,0.979605121,-0.444481979,0.437952189
177,41,0.989106291,-0.488102609,0.482564088
177,42,0.999878294,-0.535998814,0.531616371
177,43,1.01210753,-0.58858124,0.585550549
177,44,1.02601011,-0.646297948,0.644851939
177,45,1.04183684,-0.709637298,0.710053987
177,46,1.0598792,-0.779130923,0.78174302
177,47,1.08047633,-0.855356724,0.860563457
177,48,1.10402322,-0.938941835,0.94722353
177,49,1.13098038,-1.03056547,1.04250156
177,50,1.16188529,-1.13096149,1.14725284
177,51,1.1973658,-1.24092062,1.26241719
177,52,1.2381559,-1.36129194,1.38902722
177,53,1.28511429,-1.49298354,1.52821742
177,54,1.33924617,-1.63696178,1.68123409
177,55,1.40172872,-1.79424885,1.84944623
177,56,1.47394094,-1.9659178,2.03435743
177,57,1.55749835,-2.1530844,2.23761897
177,58,1.6542933,-2.3568947,2.461044
177,59,1.76654136,-2.57850695,2.7066232
177,60,1.89683451,-2.81906644,2.97654176
177,61,2.04820157,-3.07967103,3.27319799
177,62,2.22417578,-3.36132516,3.59922358
177,63,2.4288696,-3.66487931,3.9575057
177,64,2.66705543,-3.99095177,4.35121103
177,65,2.94425041,-4.33982903,4.78381192
177,66,3.26680189,-4.71134094,5.25911479
177,67,3.64196816,-5.10470743,5.78129094
177,68,4.07798679,-5.51835397,6.35490989
177,69,4.58412002,-5.94969546,6.98497538
177,70,5.17066376,-6.39489135,7.67696434
177,71,5.8489039,-6.8485801,8.43686863
177,72,6.63100279,-7.30360849,9.27123995
177,73,7.52979948,-7.7507805,10.1872379
177,74,8.55851345,-8.1786604,11.1926811
177,75,9.7303526,-8.57347365,12.2961015
177,76,11.0580444,-8.91915328,13.5068017
177,77,12.5533323,-9.19757432,14.8349154
177,78,14.2265033,-9.38900075,16.2914696
177,79,16.0860317,-9.47273728,17.88845
177,80,18.1384253,-9.42793474,19.6388665
178,0,0.915237765,-0.0116787865,0
178,1,0.915367624,-0.0126703179,0.000999999058
178,2,0.915511184,-0.0137605302,0.0020996226
178,3,0.915669791,-0.014959256,0.00330879545
178,4,0.915845003,-0.0162772976,0.00463843108
178,5,0.916038562,-0.0177265292,0.00610053015
178,6,0.916252411,-0.0193200042,0.00770828876
178,7,0.916488714,-0.0210720726,0.00947621752
178,8,0.916749879,-0.0229985097,0.0114202725
178,9,0.917038586,-0.0251166577,0.0135579991
178,10,0.917357822,-0.0274455806,0.0159086906
178,11,0.917710914,-0.0300062348,0.0184935618
178,12,0.918101575,-0.0328216567,0.0213359409
178,13,0.918533948,-0.0359171681,0.0244614793
178,14,0.919012662,-0.039320602,0.0278983838
178,15,0.919542891,-0.043062551,0.0316776702
178,16,0.920130426,-0.0471766391,0.0358334436
178,17,0.920781753,-0.0516998212,0.0404032056
178,18,0.921504144,-0.0566727104,0.0454281928
178,19,0.922305762,-0.0621399386,0.0509537482
178,20,0.923195778,-0.0681505509,0.0570297304
178,21,0.924184507,-0.074758439,0.0637109627
178,22,0.925283567,-0.0820228159,0.0710577273
178,23,0.926506053,-0.0900087364,0.0791363089
178,24,0.92786675,-0.0987876677,0.0880195913
178,25,0.929382366,-0.108438114,0.0977877147
178,26,0.931071806,-0.1190463,0.108528797
178,27,0.932956495,-0.13070692,0.120339727
178,28,0.935060739,-0.143523957,0.133327039
178,29,0.937412151,-0.157611576,0.147607867
178,30,0.940042146,-0.173095101,0.163311004
178,31,0.942986513,-0.190112084,0.180578057
178,32,0.946286075,-0.208813463,0.199564722
178,33,0.949987472,-0.229364829,0.220442181
178,34,0.954144056,-0.251947805,0.243398646
178,35,0.958816948,-0.276761536,0.268641041
178,36,0.964076264,-0.304024308,0.296396867
178,37,0.970002555,-0.333975304,0.326916239
178,38,0.97668849,-0.366876486,0.360474129
178,39,0.984240821,-0.403014632,0.397372829
178,40,0.992782699,-0.442703508,0.437944663
178,41,1.00245638,-0.486286195,0.48255495
178,42,1.01342642,-0.534137551,0.53160528
178,43,1.02588341,-0.58666681,0.585537092
178,44,1.04004836,-0.644320301,0.644835616
178,45,1.05617793,-0.707584258,0.710034193
178,46,1.07457048,-0.776987692,0.781719025
178,47,1.09557327,-0.853105263,0.860534375
178,48,1.11959096,-0.936560093,0.947188291
178,49,1.14709552,-1.0280264,1.04245887
178,50,1.17863806,-1.12823183,1.14720113
178,51,1.2148626,-1.23795934,1.26235456
178,52,1.25652241,-1.35804825,1.38895138
178,53,1.30449911,-1.4893944,1.5281256
178,54,1.35982519,-1.63294876,1.68112293
178,55,1.42371033,-1.78971402,1.84931167
178,56,1.49757214,-1.96073861,2.03419457
178,57,1.58307203,-2.14710707,2.23742186
178,58,1.68215664,-2.34992577,2.46080547
178,59,1.79710575,-2.57030255,2.70633456
178,60,1.93058684,-2.80931852,2.97619251
178,61,2.08571698,-3.06798986,3.27277542
178,62,2.26613191,-3.34721705,3.59871234
178,63,2.47606176,-3.6477185,3.95688721
178,64,2.72041233,-3.96994501,4.35046281
178,65,3.00484921,-4.31397139,4.78290681
178,66,3.33588079,-4.67936141,5.25801995
178,67,3.720934,-5.06500272,5.77996663
178,68,4.16841374,-5.4689097,6.35330805
178,69,4.68773427,-5.8879947,6.98303792
178,70,5.28930758,-6.31781236,7.674621
178,71,5.9844713,-6.75228768,8.43403444
178,72,6.78533827,-7.18344723,9.26781217
178,73,7.70455257,-7.60118293,10.1830923
178,74,8.75494471,-7.99308826,11.1876674
178,75,9.94909325,-8.34441488,12.2900381
178,76,11.2988217,-8.63819875,13.4994689
178,77,12.8146846,-8.85559476,14.8260475
178,78,14.5055229,-8.97643338,16.2807455
178,79,16.3781782,-8.97997305,17.8754812
178,80,18.4374548,-8.8457738,19.6231834
179,0,0.926461773,-0.0102026045,0
179,1,0.926593406,-0.0111939021,0.00099999902
179,2,0.92673893,-0.0122838538,0.00209962244
179,3,0.926899713,-0.0134822894,0.00330879503
179,4,0.927077334,-0.0148000082,0.00463843026
179,5,0.92727356,-0.0162488804,0.00610052874
179,6,0.927490364,-0.0178419554,0.00770828651
179,7,0.927729939,-0.0195935783,0.00947621412
179,8,0.927994729,-0.0215195192,0.0114202676
179,9,0.928287454,-0.0236371138,0.0135579922
179,10,0.928611145,-0.0259654194,0.015908681
179,11,0.928969179,-0.0285253844,0.0184935489
179,12,0.929365325,-0.0313400364,0.0213359236
179,13,0.929803787,-0.0344346867,0.0244614567
179,14,0.930289265,-0.0378371569,0.0278983543
179,15,0.930827011,-0.0415780261,0.0316776322
179,16,0.931422907,-0.0456909032,0.035833395
179,17,0.932083539,-0.0502127255,0.0404031438
179,18,0.932816293,-0.0551840861,0.0454281147
179,19,0.93362946,-0.0606495937,0.05095365
179,20,0.934532357,-0.0666582667,0.0570296073
179,21,0.935535465,-0.073263966,0.0637108091
179,22,0.936650589,-0.0805258688,0.0710575363
179,23,0.937891039,-0.0885089884,0.0791360719
179,24,0.939271844,-0.0972847435,0.0880192982
179,25,0.940809989,-0.106931582,0.0977873528
179,26,0.942524702,-0.117535663,0.108528351
179,27,0.944437768,-0.129191603,0.120339179
179,28,0.946573915,-0.142003294,0.133326366
179,29,0.948961237,-0.156084794,0.147607042
179,30,0.951631704,-0.171561301,0.163309995
179,31,0.954621743,-0.188570217,0.180576823
179,32,0.957972918,-0.207262302,0.199563214
179,33,0.961732724,-0.227802936,0.220440342
179,34,0.965955504,-0.25037349,0.243396403
179,35,0.970703533,-0.275172807,0.268638309
179,36,0.976048268,-0.302418811,0.296393542
179,37,0.982071825,-0.332350248,0.326912193
179,38,0.988868697,-0.365228556,0.360469209
179,39,0.996547776,-0.401339877,0.397366851
179,40,1.00523472,-0.440997207,0.4379374
179,41,1.01507472,-0.484542687,0.482546132
179,42,1.02623581,-0.532350032,0.531594577
179,43,1.03891263,-0.584827076,0.585524106
179,44,1.05333103,-0.64241843,0.644819864
179,45,1.06975334,-0.705608213,0.710015093
179,46,1.08848466,-0.774922827,0.78169587
179,47,1.10988025,-0.850933702,0.860506312
179,48,1.13435423,-0.934259946,0.947154286
179,49,1.16238986,-1.02557078,1.04241767
179,50,1.19455165,-1.12558763,1.14715123
179,51,1.23149962,-1.2350856,1.26229412
179,52,1.27400605,-1.35489425,1.3888782
179,53,1.32297531,-1.48589704,1.52803699
179,54,1.37946695,-1.62902933,1.68101566
179,55,1.44472293,-1.78527409,1.84918182
179,56,1.52019933,-1.95565471,2.03403741
179,57,1.60760326,-2.14122389,2.23723165
179,58,1.70893567,-2.34304751,2.46057529
179,59,1.82654046,-2.56218175,2.70605602
179,60,1.96316069,-2.79964183,2.97585548
179,61,2.12200181,-3.05635987,3.27236765
179,62,2.3068021,-3.33312911,3.598219
179,63,2.52190942,-3.63053136,3.95629037
179,64,2.77236261,-3.94884388,4.3497408
179,65,3.06397469,-4.28792186,4.78203341
179,66,3.40341289,-4.64705259,5.25696344
179,67,3.7982684,-5.02477832,5.77868868
179,68,4.2571057,-5.41868625,6.3517623
179,69,4.78947816,-5.82516738,6.98116831
179,70,5.40589349,-6.23915076,7.67235971
179,71,6.11771049,-6.65382721,8.4312995
179,72,6.93694902,-7.06038597,9.26450443
179,73,7.87599943,-7.44779883,10.1790919
179,74,8.94722862,-7.80269713,11.1828293
179,75,10.1624978,-8.10939327,12.284187
179,76,11.5326319,-8.35009602,13.4923929
179,77,13.0669086,-8.50535224,14.8174902
179,78,14.7726575,-8.55471432,16.270397
179,79,16.6550666,-8.47758503,17.8629666
179,80,18.7172765,-8.2541406,19.6080494
180,0,0.936980112,-0.00880049716,0
180,1,0.937113434,-0.00979156896,0.000999998984
180,2,0.937260831,-0.0108812688,0.00209962228
180,3,0.937423688,-0.0120794242,0.00330879464
180,4,0.937603605,-0.013396831,0.00463842948
180,5,0.937802374,-0.0148453561,0.00610052739
180,6,0.938021994,-0.0164380446,0.00770828436
180,7,0.938264688,-0.0181892371,0.00947621087
180,8,0.938532934,-0.0201146982,0.0114202628
180,9,0.93882949,-0.0222317581,0.0135579855
180,10,0.939157429,-0.0245594671,0.0159086719
180,11,0.939520174,-0.0271187661,0.0184935365
180,12,0.939921548,-0.0299326737,0.0213359071
180,13,0.940365816,-0.0330264917,0.024461435
180,14,0.940857743,-0.0364280301,0.0278983261
180,15,0.941402659,-0.0401678553,0.0316775959
180,16,0.942006528,-0.0442795615,0.0358333485
180,17,0.942676034,-0.0488000688,0.0404030847
180,18,0.943418671,-0.0537699509,0.04542804
180,19,0.944242853,-0.0592337942,0.0509535559
180,20,0.945158038,-0.0652405911,0.0570294895
180,21,0.946174863,-0.0718441726,0.063710662
180,22,0.947305314,-0.0791036811,0.0710573534
180,23,0.948562906,-0.0870840896,0.079135845
180,24,0.949962901,-0.09585677,0.0880190175
180,25,0.951522551,-0.105500115,0.0977870064
180,26,0.953261388,-0.11610022,0.108527924
180,27,0.955201551,-0.127751626,0.120338655
180,28,0.957368165,-0.140558136,0.133325722
180,29,0.959789789,-0.154633705,0.147606253
180,30,0.962498923,-0.170103408,0.163309028
180,31,0.965532611,-0.187104499,0.180575641
180,32,0.968933126,-0.205787566,0.199561771
180,33,0.972748786,-0.226317784,0.220438581
180,34,0.977034891,-0.248876274,0.243394257
180,35,0.981854824,-0.273661586,0.268635694
180,36,0.987281338,-0.300891289,0.296390358
180,37,0.993398058,-0.330803703,0.32690832
180,38,1.00030124,-0.36365975,0.360464499
180,39,1.00810185,-0.399744947,0.397361127
180,40,1.01692797,-0.439371532,0.437930447
180,41,1.02692765,-0.482880725,0.48253769
180,42,1.03827227,-0.530645109,0.53158433
180,43,1.05116045,-0.583071139,0.585511673
180,44,1.06582272,-0.640601726,0.644804785
180,45,1.08252697,-0.703718896,0.709996808
180,46,1.10158487,-0.772946461,0.781673704
180,47,1.1233595,-0.84885264,0.860479447
180,48,1.14827428,-0.932052549,0.947121732
180,49,1.17682354,-1.02321043,1.04237823
180,50,1.20958499,-1.12304146,1.14710345
180,51,1.24723439,-1.23231293,1.26223627
180,52,1.29056287,-1.35184453,1.38880814
180,53,1.34049724,-1.4825073,1.52795216
180,54,1.39812393,-1.62522086,1.68091297
180,55,1.46471697,-1.7809482,1.84905751
180,56,1.54177074,-1.95068732,2.03388695
180,57,1.63103794,-2.13545855,2.23704956
180,58,1.73457373,-2.33628643,2.46035493
180,59,1.85478621,-2.55417436,2.70578937
180,60,1.99449408,-2.79006997,2.97553284
180,61,2.15699137,-3.04481892,3.27197728
180,62,2.34611912,-3.3191039,3.59774671
180,63,2.56634299,-3.61336557,3.95571899
180,64,2.8228347,-3.92770147,4.34904959
180,65,3.12155382,-4.26173889,4.78119726
180,66,3.46932427,-4.61447793,5.25595201
180,67,3.87389711,-4.98410183,5.77746526
180,68,4.34398842,-5.36775396,6.3502825
180,69,4.88927717,-5.76128444,6.97937845
180,70,5.52034538,-6.1589755,7.6701949
180,71,6.24854084,-6.55326304,8.42868123
180,72,7.08574458,-6.93448267,9.26133781
180,73,8.04403177,-7.29068045,10.1752621
180,74,9.13522859,-7.60753884,11.1781976
180,75,10.3703896,-7.86847282,12.2785856
180,76,11.7592487,-8.05494351,13.4856188
180,77,13.3097247,-8.14701277,14.809298
180,78,15.0275842,-8.12411981,16.2604899
180,79,16.9163594,-7.96600679,17.8509858
180,80,18.9775907,-7.65366865,19.5935611
181,0,0.946765137,-0.00747956737,0
181,1,0.946900056,-0.00847042286,0.00099999895
181,2,0.947049225,-0.00955988155,0.00209962213
181,3,0.947214044,-0.0107577684,0.00330879426
181,4,0.947396133,-0.0120748763,0.00463842874
181,5,0.947597308,-0.0135230688,0.00610052611
181,6,0.947819592,-0.015115387,0.00770828231
181,7,0.948065237,-0.016866167,0.00947620778
181,8,0.948336754,-0.0187911685,0.0114202583
181,9,0.948636935,-0.0209077159,0.0135579792
181,10,0.948968893,-0.023234853,0.0159086632
181,11,0.949336097,-0.0257935134,0.0184935247
181,12,0.94974242,-0.0286067075,0.0213358915
181,13,0.950192183,-0.0316997273,0.0244614144
181,14,0.950690215,-0.0351003723,0.0278982994
181,15,0.951241918,-0.0388391963,0.0316775614
181,16,0.951853336,-0.0429497791,0.0358333043
181,17,0.952531245,-0.0474690249,0.0404030286
181,18,0.953283242,-0.0524374885,0.045427969
181,19,0.954117858,-0.0578997345,0.0509534667
181,20,0.955044682,-0.0639047306,0.0570293777
181,21,0.956074504,-0.0705062788,0.0637105225
181,22,0.957219479,-0.0777634882,0.0710571798
181,23,0.958493318,-0.0857412928,0.0791356298
181,24,0.959911504,-0.0945110191,0.0880187512
181,25,0.961491545,-0.104151007,0.0977866777
181,26,0.963253263,-0.114747289,0.10852752
181,27,0.965219129,-0.126394336,0.120338157
181,28,0.967414655,-0.139195863,0.133325111
181,29,0.969868838,-0.153265725,0.147605504
181,30,0.972614689,-0.168728877,0.163308111
181,31,0.975689837,-0.185722433,0.18057452
181,32,0.979137237,-0.204396811,0.199560402
181,33,0.983005996,-0.224916987,0.22043691
181,34,0.987352328,-0.247463843,0.243392219
181,35,0.992240683,-0.272235639,0.268633212
181,36,0.997745058,-0.299449602,0.296387337
181,37,1.00395053,-0.329343634,0.326904644
181,38,1.01095506,-0.362178154,0.36046003
181,39,1.0188716,-0.39823807,0.397355695
181,40,1.02783057,-0.437834878,0.43792385
181,41,1.0379828,-0.481308892,0.482529679
181,42,1.04950291,-0.52903159,0.531574607
181,43,1.06259338,-0.581408068,0.585499876
181,44,1.07748928,-0.638879563,0.644790475
181,45,1.09446391,-0.701926038,0.709979457
181,46,1.11383536,-0.771068746,0.781652669
181,47,1.13597435,-0.846872729,0.860453953
181,48,1.16131338,-0.929949138,0.94709084
181,49,1.19035767,-1.02095726,1.04234081
181,50,1.22369788,-1.12060606,1.14705812
181,51,1.2620253,-1.22965501,1.26218136
181,52,1.30614961,-1.34891394,1.38874165
181,53,1.35701988,-1.4792414,1.52787167
181,54,1.41574915,-1.62154115,1.68081552
181,55,1.48364334,-1.77675605,1.84893955
181,56,1.56223492,-1.94585835,2.03374417
181,57,1.6533221,-2.12983555,2.23687677
181,58,1.75901419,-2.32967011,2.46014582
181,59,1.88178357,-2.54631146,2.70553634
181,60,2.02452474,-2.78063805,2.97522667
181,61,2.19062057,-3.0334067,3.27160684
181,62,2.38401517,-3.3051862,3.59729853
181,63,2.60929226,-3.59627143,3.9551768
181,64,2.87175639,-3.90657385,4.34839367
181,65,3.17751301,-4.23548436,4.78040381
181,66,3.53354062,-4.58170473,5.25499222
181,67,3.94774579,-4.94304504,5.77630431
181,68,4.42898796,-5.31618745,6.34887826
181,69,4.98705762,-5.69642101,6.97767999
181,70,5.63258851,-6.0773593,7.66814063
181,71,6.37688339,-6.45066248,8.42619667
181,72,7.23163622,-6.80579725,9.25833288
181,73,8.20854265,-7.12988095,10.1716279
181,74,9.31880847,-7.4076655,11.1738025
181,75,10.5725915,-7.62171803,12.2732702
181,76,11.9784442,-7.75284177,13.4791905
181,77,13.5428527,-7.78074746,14.8015241
181,78,15.2699829,-7.68493475,16.2510887
181,79,17.1617293,-7.44568288,17.8396169
181,80,19.2181185,-7.04500096,19.5798126
182,0,0.95579088,-0.00624672081,0
182,1,0.955927298,-0.00723737117,0.000999998917
182,2,0.956078127,-0.00832660111,0.00209962198
182,3,0.956244785,-0.00952423325,0.00330879391
182,4,0.956428911,-0.0108410577,0.00463842805
182,5,0.956632342,-0.0122889346,0.00610052491
182,6,0.956857123,-0.0138809013,0.00770828039
182,7,0.957105537,-0.0156312899,0.00947620488
182,8,0.95738012,-0.0175558552,0.0114202541
182,9,0.957683701,-0.0196719161,0.0135579733
182,10,0.95801943,-0.0219985103,0.015908655
182,11,0.958390818,-0.0245565644,0.0184935137
182,12,0.958801785,-0.0273690809,0.0213358768
182,13,0.959256704,-0.0304613427,0.0244613951
182,14,0.959760467,-0.033861139,0.0278982742
182,15,0.96031854,-0.0375990116,0.031677529
182,16,0.960937046,-0.0417085271,0.0358332629
182,17,0.961622846,-0.0462265737,0.0404029759
182,18,0.962383634,-0.0511936886,0.0454279024
182,19,0.963228051,-0.0566544158,0.0509533828
182,20,0.964165812,-0.062657699,0.0570292727
182,21,0.965207848,-0.0692573128,0.0637103914
182,22,0.966366476,-0.0765123341,0.0710570167
182,23,0.967655591,-0.0844876597,0.0791354275
182,24,0.969090887,-0.0932545729,0.0880185009
182,25,0.970690113,-0.102891363,0.0977863688
182,26,0.972473365,-0.113484003,0.108527139
182,27,0.974463432,-0.125126893,0.120337689
182,28,0.976686187,-0.137923667,0.133324537
182,29,0.979171049,-0.151988083,0.1476048
182,30,0.981951512,-0.167444981,0.16330725
182,31,0.985065763,-0.184431339,0.180573467
182,32,0.988557405,-0.203097414,0.199559115
182,33,0.992476295,-0.223607986,0.22043534
182,34,0.996879524,-0.246143707,0.243390305
182,35,1.00183256,-0.270902561,0.268630881
182,36,1.00741059,-0.298101439,0.296384498
182,37,1.01370008,-0.32797784,0.326901191
182,38,1.02080062,-0.360791696,0.360455831
182,39,1.02882709,-0.396827321,0.397350592
182,40,1.03791216,-0.43639549,0.437917651
182,41,1.04820932,-0.479835635,0.482522152
182,42,1.05989633,-0.527518153,0.531565471
182,43,1.07317939,-0.579846811,0.585488792
182,44,1.088298,-0.637261209,0.644777031
182,45,1.10553068,-0.70023928,0.709963154
182,46,1.12520179,-0.769299762,0.781632906
182,47,1.14768947,-0.845004562,0.86043
182,48,1.17343514,-0.927960917,0.947061815
182,49,1.20295462,-1.0188232,1.04230564
182,50,1.23685135,-1.11829422,1.14701553
182,51,1.27583184,-1.22712565,1.26212978
182,52,1.32072412,-1.34611747,1.38867919
182,53,1.37249921,-1.47611573,1.52779604
182,54,1.43229656,-1.6180083,1.68072396
182,55,1.50145373,-1.7727177,1.84882872
182,56,1.58154112,-1.94119023,2.03361003
182,57,1.67440235,-2.12438008,2.23671442
182,58,1.78220087,-2.32322694,2.45994935
182,59,1.90747343,-2.53862521,2.70529859
182,60,2.05319058,-2.77138252,2.974939
182,61,2.22282436,-3.02216453,3.27125879
182,62,2.42042242,-3.29142279,3.59687744
182,63,2.65068693,-3.57930163,3.95466737
182,64,2.91905543,-3.88551993,4.3477774
182,65,3.23177868,-4.20922342,4.77965832
182,66,3.59598789,-4.54880395,5.25409044
182,67,4.01974071,-4.90168364,5.77521352
182,68,4.51203148,-5.26406534,6.34755889
182,69,5.08274746,-5.63065602,6.97608419
182,70,5.74255028,-5.99437815,7.66621051
182,71,6.50266174,-6.34609522,8.42386226
182,72,7.37453778,-6.6743908,9.25550956
182,73,8.36942718,-6.96545352,10.1682133
182,74,9.49783309,-7.20312853,11.1696729
182,75,10.7689258,-7.3691931,12.268276
182,76,12.1899893,-7.44389281,13.4731508
182,77,13.7660119,-7.4067321,14.79422
182,78,15.4995364,-7.23745247,16.2422557
182,79,17.390859,-6.91706855,17.828935
182,80,19.4386026,-6.42878931,19.5668951
183,0,0.964033178,-0.00510859701,0
183,1,0.964170984,-0.00609905511,0.000999998887
183,2,0.964323353,-0.0071880706,0.00209962185
183,3,0.964491717,-0.00838546393,0.00330879358
183,4,0.964677733,-0.00970202254,0.0046384274
183,5,0.964883256,-0.0111496034,0.00610052379
183,6,0.965110356,-0.0127412406,0.00770827861
183,7,0.965361337,-0.0144912619,0.00947620219
183,8,0.965638768,-0.0164154179,0.0114202502
183,9,0.965945505,-0.0185310222,0.0135579677
183,10,0.966284734,-0.0208571067,0.0159086474
183,11,0.966660007,-0.0234145917,0.0184935034
183,12,0.967075286,-0.0262264718,0.0213358631
183,13,0.967534996,-0.0293180217,0.0244613771
183,14,0.968044082,-0.0327170206,0.0278982509
183,15,0.968608076,-0.0364539993,0.0316774989
183,16,0.969233171,-0.0405625114,0.0358332243
183,17,0.969926307,-0.0450794306,0.0404029269
183,18,0.97069527,-0.0500452771,0.0454278404
183,19,0.971548805,-0.0555045754,0.050953305
183,20,0.972496743,-0.0615062467,0.0570291751
183,21,0.973550148,-0.0681040393,0.0637102696
183,22,0.974721489,-0.0753569999,0.0710568652
183,23,0.976024835,-0.08332999,0.0791352396
183,24,0.977476075,-0.0920942516,0.0880182685
183,25,0.979093186,-0.101728026,0.0977860819
183,26,0.980896523,-0.112317229,0.108526786
183,27,0.982909172,-0.123956196,0.120337254
183,28,0.985157351,-0.136748482,0.133324003
183,29,0.987670871,-0.150807751,0.147604146
183,30,0.990483685,-0.166258736,0.163306449
183,31,0.993634508,-0.183238282,0.180572488
183,32,0.997167557,-0.201896494,0.19955792
183,33,1.0011334,-0.222397966,0.220433882
183,34,1.00558996,-0.244923127,0.243388527
183,35,1.01060367,-0.269669696,0.268628715
183,36,1.01625086,-0.296854242,0.296381861
183,37,1.02261931,-0.326713877,0.326897983
183,38,1.02981018,-0.359508061,0.36045193
183,39,1.03794017,-0.395520537,0.397345852
183,40,1.04714413,-0.43506138,0.437911892
183,41,1.05757808,-0.478469169,0.48251516
183,42,1.06942283,-0.526113252,0.531556985
183,43,1.08288816,-0.578396101,0.585478495
183,44,1.09821783,-0.635755721,0.644764542
183,45,1.11569545,-0.698668063,0.70994801
183,46,1.13565142,-0.767649401,0.781614547
183,47,1.15847115,-0.843258565,0.860407749
183,48,1.18460472,-0.926098938,0.947034854
183,49,1.21457835,-1.01682006,1.04227298
183,50,1.24900794,-1.11611861,1.14697596
183,51,1.28861503,-1.22473856,1.26208186
183,52,1.33424567,-1.34347008,1.38862116
183,53,1.3868926,-1.47314674,1.52772579
183,54,1.44772139,-1.61464048,1.68063891
183,55,1.51810104,-1.76885342,1.84872577
183,56,1.59963971,-1.93670568,2.03348542
183,57,1.69422633,-2.11911776,2.23656361
183,58,1.80407851,-2.31698592,2.45976685
183,59,1.9317975,-2.53114855,2.70507775
183,60,2.0804302,-2.76234089,2.97467179
183,61,2.25353831,-3.01113512,3.27093548
183,62,2.45527357,-3.27786214,3.59648629
183,63,2.69045718,-3.56251096,3.95419415
183,64,2.96466005,-3.86460117,4.34720494
183,65,3.28427791,-4.18302419,4.77896582
183,66,3.65659291,-4.51584987,5.25325278
183,67,4.08980943,-4.86009693,5.77420028
183,68,4.59304796,-5.21146993,6.34633332
183,69,5.17627706,-5.56407183,6.97460183
183,70,5.85016115,-5.91011079,7.66441762
183,71,6.62580291,-6.23963266,8.42169382
183,72,7.51436645,-6.54032483,9.25288697
183,73,8.52658313,-6.79745043,10.1650415
183,74,9.67216867,-6.99397769,11.165837
183,75,10.9592146,-7.11096094,12.2636369
183,76,12.3936536,-7.12819943,13.4675405
183,77,13.978921,-7.02514679,14.7874352
183,78,15.715931,-6.78197451,16.2340507
183,79,17.6034425,-6.38062948,17.8190126
183,80,19.6388067,-5.80569355,19.5548959
184,0,0.971469786,-0.00407149721,0
184,1,0.971608863,-0.00506177761,0.00099999886
184,2,0.971762642,-0.00615059486,0.00209962173
184,3,0.971932568,-0.00734776737,0.00330879328
184,4,0.972120313,-0.0086640801,0.00463842681
184,5,0.972327753,-0.0101113872,0.00610052277
184,6,0.972556976,-0.0117027194,0.00770827698
184,7,0.972810311,-0.0134524008,0.00947619972
184,8,0.973090351,-0.0153761778,0.0114202466
184,9,0.973399981,-0.0174913594,0.0135579627
184,10,0.97374242,-0.019816972,0.0159086404
184,11,0.974121256,-0.0223739296,0.018493494
184,12,0.974540491,-0.0251852201,0.0213358506
184,13,0.975004597,-0.02827611,0.0244613607
184,14,0.97551857,-0.0316743695,0.0278982295
184,15,0.976087999,-0.0354105191,0.0316774713
184,16,0.976719145,-0.0395181002,0.035833189
184,17,0.977419021,-0.044033973,0.040402882
184,18,0.978195499,-0.0489986417,0.0454277837
184,19,0.979057418,-0.0544566126,0.0509532336
184,20,0.980014717,-0.0604567858,0.0570290857
184,21,0.981078584,-0.0670528851,0.063710158
184,22,0.982261631,-0.0743039288,0.0710567264
184,23,0.983578085,-0.0822747452,0.0791350674
184,24,0.985044021,-0.0910365375,0.0880180554
184,25,0.986677624,-0.100667502,0.097785819
184,26,0.988499494,-0.111253501,0.108526462
184,27,0.990532994,-0.122888807,0.120336856
184,28,0.992804663,-0.135676902,0.133323514
184,29,0.995344683,-0.149731363,0.147603547
184,30,0.998187432,-0.165176818,0.163305716
184,31,1.00137213,-0.18214999,0.180571591
184,32,1.00494356,-0.200800836,0.199556825
184,33,1.00895296,-0.221293776,0.220432545
184,34,1.01345905,-0.243809027,0.243386898
184,35,1.01852918,-0.268544054,0.268626729
184,36,1.02424072,-0.295715121,0.296379444
184,37,1.03068275,-0.325558967,0.326895042
184,38,1.03795789,-0.358334603,0.360448355
184,39,1.0461846,-0.394325223,0.397341507
184,40,1.05549977,-0.433840231,0.437906615
184,41,1.06606189,-0.477217383,0.482508752
184,42,1.07805465,-0.524825015,0.531549208
184,43,1.09169129,-0.577064349,0.585469059
184,44,1.10721967,-0.634371841,0.644753096
184,45,1.12492831,-0.697221517,0.709934131
184,46,1.14515348,-0.76612725,0.781597721
184,47,1.16828761,-0.841644865,0.860387356
184,48,1.19478922,-0.924373971,0.947010143
184,49,1.22519467,-1.01495935,1.04224304
184,50,1.26013207,-1.11409166,1.1469397
184,51,1.30033769,-1.22250724,1.26203794
184,52,1.34667533,-1.34098655,1.38856798
184,53,1.40015915,-1.47035073,1.5276614
184,54,1.46198058,-1.6114558,1.68056096
184,55,1.53353982,-1.76518347,1.84863142
184,56,1.61648264,-1.93242751,2.03337121
184,57,1.71274317,-2.11407441,2.23642539
184,58,1.82459324,-2.31097645,2.45959958
184,59,1.95469877,-2.52391502,2.70487535
184,60,2.10618341,-2.75355149,2.97442688
184,61,2.28269908,-3.00036225,3.27063916
184,62,2.48850233,-3.26455418,3.59612778
184,63,2.72853423,-3.54595604,3.95376044
184,64,3.00849959,-3.84388124,4.34668026
184,65,3.33493904,-4.15695742,4.77833113
184,66,3.71528408,-4.4829198,5.25248503
184,67,4.15788149,-4.81836746,5.77327161
184,68,4.67196893,-5.15848675,6.34521004
184,69,5.26758003,-5.49675367,6.9732432
184,70,5.95535535,-5.8246381,7.66277436
184,71,6.74623806,-6.13134712,8.41970636
184,72,7.65104346,-6.40366024,9.25048326
184,73,8.6799115,-6.62592193,10.1621345
184,74,9.84168308,-6.78025994,11.1623212
184,75,11.1432801,-6.8470822,12.259385
184,76,12.5892055,-6.80586448,13.4623984
184,77,14.1812981,-6.63617557,14.7812167
184,78,15.9188563,-6.31881051,16.2265305
184,79,17.7991846,-5.83684148,17.8099183
184,80,19.8185165,-5.1763809,19.5438982
185,0,0.978080489,-0.00314131109,0
185,1,0.978220711,-0.00413143,0.000999998835
185,2,0.978375759,-0.00522006703,0.00209962162
185,3,0.978547093,-0.00641703876,0.003308793
185,4,0.978736398,-0.00773312785,0.00463842628
185,5,0.978945566,-0.00918018584,0.00610052185
185,6,0.979176705,-0.0107712404,0.00770827551
185,7,0.979432163,-0.0125206125,0.00947619749
185,8,0.979714557,-0.0144440444,0.0114202434
185,9,0.980026799,-0.0165588408,0.0135579581
185,10,0.980372137,-0.0188840233,0.0159086342
185,11,0.980754191,-0.0214405003,0.0184934856
185,12,0.981177002,-0.024251253,0.0213358393
185,13,0.981645081,-0.0273415409,0.0244613459
185,14,0.982163474,-0.0307391256,0.0278982102
185,15,0.982737822,-0.034474518,0.0316774464
185,16,0.983374445,-0.0385812488,0.0358331572
185,17,0.984080425,-0.0430961652,0.0404028415
185,18,0.984863711,-0.0480597569,0.0454277325
185,19,0.98573323,-0.0535165133,0.0509531692
185,20,0.98669902,-0.0595153151,0.057029005
185,21,0.987772384,-0.0661098633,0.0637100574
185,22,0.988966061,-0.0733591498,0.0710566012
185,23,0.990294428,-0.0813279724,0.0791349121
185,24,0.991773729,-0.0900874981,0.0880178633
185,25,0.993422343,-0.0997158808,0.0977855818
185,26,0.995261095,-0.110298935,0.10852617
185,27,0.997313604,-0.121930872,0.120336497
185,28,0.999606707,-0.134715107,0.133323074
185,29,1.00217093,-0.148765135,0.147603007
185,30,1.00504105,-0.164205487,0.163305054
185,31,1.00825675,-0.181172772,0.180570783
185,32,1.01186335,-0.199816807,0.199555837
185,33,1.01591272,-0.220301846,0.22043134
185,34,1.02046431,-0.24280791,0.243385428
185,35,1.02558632,-0.267532223,0.268624939
185,36,1.03135715,-0.294690759,0.296377265
185,37,1.03786706,-0.324519906,0.326892391
185,38,1.04522006,-0.357278249,0.360445131
185,39,1.05353626,-0.393248457,0.397337589
185,40,1.06295454,-0.432739297,0.437901855
185,41,1.0736357,-0.476087737,0.482502973
185,42,1.08576619,-0.523661142,0.531542193
185,43,1.09956255,-0.575859534,0.585460548
185,44,1.11527659,-0.633117877,0.644742773
185,45,1.13320154,-0.69590834,0.709921613
185,46,1.15367934,-0.764742468,0.781582547
185,47,1.17710921,-0.840173165,0.860368965
185,48,1.20395787,-0.922796362,0.946987857
185,49,1.23477156,-1.01325218,1.04221604
185,50,1.27019031,-1.1122254,1.146907
185,51,1.3109648,-1.22044482,1.26199834
185,52,1.35797629,-1.33868129,1.38852002
185,53,1.41226007,-1.46774366,1.52760333
185,54,1.47503314,-1.6084721,1.68049066
185,55,1.54772667,-1.76172788,1.84854632
185,56,1.63202384,-1.92837837,2.03326822
185,57,1.72990392,-2.10927581,2.23630073
185,58,1.84369301,-2.30522797,2.45944873
185,59,1.97612198,-2.5169584,2.70469281
185,60,2.13039167,-2.74505311,2.974206
185,61,2.31024492,-2.98989046,3.27037192
185,62,2.52004401,-3.25154989,3.59580447
185,63,2.76485084,-3.52969494,3.9533693
185,64,3.050505,-3.82342568,4.34620708
185,65,3.38369218,-4.13109612,4.77775873
185,66,3.77199189,-4.45009363,5.25179264
185,67,4.22388902,-4.77658058,5.7724341
185,68,4.74872913,-5.10520411,6.34419703
185,69,5.35659388,-5.42878916,6.97201793
185,70,6.05807171,-5.7380424,7.66129241
185,71,6.86390327,-6.02131099,8.417914
185,72,7.78449469,-6.26445631,9.24831551
185,73,8.82931688,-6.45091507,10.1595127
185,74,10.006246,-6.56201825,11.1591505
185,75,11.3209438,-6.57761431,12.2555504
185,76,12.7764115,-6.47699023,13.4577611
185,77,14.3728603,-6.24000614,14.7756086
185,78,16.108005,-5.84827809,16.2197485
185,79,17.9778014,-5.28619032,17.8017167
185,80,19.9775396,-4.54152526,19.53398
186,0,0.983847203,-0.00232344383,0
186,1,0.983988436,-0.00331341906,0.000999998813
186,2,0.984144606,-0.00440189568,0.00209962152
186,3,0.984317183,-0.0055986886,0.00330879276
186,4,0.984507867,-0.00691457846,0.00463842581
186,5,0.984718563,-0.00836141443,0.00610052103
186,6,0.984951396,-0.00995222155,0.0077082742
186,7,0.985208733,-0.0117013176,0.00947619552
186,8,0.985493211,-0.0136244416,0.0114202405
186,9,0.985807767,-0.0157388942,0.0135579541
186,10,0.986155673,-0.0180636926,0.0159086286
186,11,0.98654058,-0.02061974,0.0184934781
186,12,0.986966561,-0.023430012,0.0213358294
186,13,0.987438167,-0.0265197613,0.0244613327
186,14,0.987960483,-0.029916742,0.0278981931
186,15,0.988539201,-0.0336514564,0.0316774244
186,16,0.989180693,-0.0377574251,0.0358331291
186,17,0.989892103,-0.0422714838,0.0404028058
186,18,0.990681449,-0.047234109,0.0454276873
186,19,0.991557738,-0.0526897748,0.0509531123
186,20,0.992531098,-0.058687344,0.0570289337
186,21,0.993612935,-0.0652804971,0.0637099684
186,22,0.994816105,-0.0725282018,0.0710564905
186,23,0.996155119,-0.0804952277,0.0791347748
186,24,0.997646377,-0.0892527092,0.0880176935
186,25,0.999308435,-0.0988787612,0.0977853722
186,26,1.00116232,-0.109459153,0.108525912
186,27,1.00323189,-0.121088042,0.12033618
186,28,1.00554426,-0.133868781,0.133322684
186,29,1.00813026,-0.147914789,0.147602529
186,30,1.01102504,-0.163350506,0.16330447
186,31,1.01426871,-0.180312436,0.180570068
186,32,1.01790709,-0.198950267,0.199554964
186,33,1.02199263,-0.2194281,0.220430274
186,34,1.02658547,-0.241925771,0.243384129
186,35,1.03175459,-0.266640279,0.268623357
186,36,1.03757937,-0.293787328,0.296375339
186,37,1.04415113,-0.323602978,0.326890047
186,38,1.05157524,-0.356345408,0.360442281
186,39,1.05997336,-0.392296797,0.397334126
186,40,1.0694862,-0.431765306,0.437897648
186,41,1.08027677,-0.475087157,0.482497865
186,42,1.09253416,-0.522628795,0.531535994
186,43,1.10647804,-0.574789096,0.585453026
186,44,1.122364,-0.632001596,0.644733649
186,45,1.14048978,-0.694736681,0.70991055
186,46,1.16120277,-0.763503656,0.781569135
186,47,1.18490875,-0.838852606,0.86035271
186,48,1.21208237,-0.921375895,0.94696816
186,49,1.24327946,-1.01170912,1.04219218
186,50,1.27915167,-1.11053129,1.14687809
186,51,1.32046381,-1.21856384,1.26196333
186,52,1.36811422,-1.33656817,1.38847763
186,53,1.42315903,-1.46534096,1.527552
186,54,1.48684053,-1.60570666,1.68042853
186,55,1.56062058,-1.75850621,1.84847111
186,56,1.6462196,-1.92458052,2.03317718
186,57,1.74566195,-2.1047474,2.23619056
186,58,1.86132809,-2.29976975,2.4593154
186,59,1.99601412,-2.5103124,2.70453147
186,60,2.15299863,-2.73688467,2.97401079
186,61,2.33611619,-2.97976467,3.27013573
186,62,2.54983593,-3.23890097,3.59551871
186,63,2.79934183,-3.51378677,3.95302358
186,64,3.09060937,-3.80330148,4.34578886
186,65,3.4304698,-4.10551517,4.77725282
186,66,3.82664953,-4.41745349,5.25118067
186,67,4.28776735,-4.73482403,5.77169386
186,68,4.82326715,-5.05171256,6.34330167
186,69,5.44326071,-5.3602676,6.97093497
186,70,6.15825426,-5.65040672,7.65998258
186,71,6.9787401,-5.90959579,8.41632981
186,72,7.91465113,-6.1227696,9.24639953
186,73,8.97470771,-6.27247252,10.1571955
186,74,10.1657289,-6.33929044,11.1563481
186,75,11.4920268,-6.30261046,12.2521613
186,76,12.955036,-6.14167777,13.4536624
186,77,14.5533238,-5.83682964,14.7706519
186,78,16.2830735,-5.37070289,16.2137542
186,79,18.1390211,-4.7291715,17.7944677
186,80,20.1157056,-3.90180644,19.5252138
187,0,0.988754065,-0.0016227458,0
187,1,0.988897339,-0.00261242777,0.000999998794
187,2,0.989055762,-0.00370057871,0.00209962144
187,3,0.989230825,-0.00489701037,0.00330879256
187,4,0.989424252,-0.00621249957,0.0046384254
187,5,0.989637976,-0.00765889117,0.00610052033
187,6,0.98987415,-0.00924920532,0.00770827308
187,7,0.990135175,-0.0109977544,0.00947619383
187,8,0.990423725,-0.012920271,0.0114202381
187,9,0.990742775,-0.0150340492,0.0135579506
187,10,0.991095646,-0.0173580981,0.0159086238
187,11,0.991486038,-0.0199133122,0.0184934716
187,12,0.99191808,-0.0227226572,0.0213358208
187,13,0.992396385,-0.0258113745,0.0244613215
187,14,0.992926108,-0.0292072056,0.0278981784
187,15,0.993513018,-0.0329406382,0.0316774054
187,16,0.994163575,-0.0370451766,0.0358331048
187,17,0.994885021,-0.0415576379,0.040402775
187,18,0.99568548,-0.0465184775,0.0454276483
187,19,0.996574082,-0.0519721449,0.0509530633
187,20,0.997561093,-0.0579674753,0.0570288724
187,21,0.998658071,-0.0645581173,0.0637098918
187,22,0.999878045,-0.071803002,0.0710563952
187,23,1.00123572,-0.0797668569,0.0791346566
187,24,1.00274772,-0.0885207675,0.0880175473
187,25,1.00443285,-0.0981427925,0.0977851917
187,26,1.00631242,-0.108718635,0.108525689
187,27,1.0084106,-0.120342378,0.120335906
187,28,1.01075486,-0.133117284,0.133322348
187,29,1.01337647,-0.147156667,0.147602118
187,30,1.01631105,-0.162584848,0.163303966
187,31,1.01959923,-0.179538184,0.180569452
187,32,1.02328747,-0.198166196,0.199554212
187,33,1.02742893,-0.218632783,0.220429357
187,34,1.03208456,-0.241117543,0.243383011
187,35,1.03732433,-0.265817191,0.268621994
187,36,1.04322868,-0.292947091,0.29637368
187,37,1.04989025,-0.322742895,0.326888029
187,38,1.05741588,-0.355462292,0.360439828
187,39,1.06592898,-0.391386867,0.397331144
187,40,1.07557232,-0.430824061,0.437894026
187,41,1.0865113,-0.47410922,0.482493467
187,42,1.09893787,-0.521607715,0.531530656
187,43,1.11307504,-0.573717107,0.585446549
187,44,1.12918237,-0.630869311,0.644725793
187,45,1.14756235,-0.693532705,0.709901024
187,46,1.16856801,-0.7622141,0.781557586
187,47,1.19261187,-0.837460468,0.860338713
187,48,1.22017667,-0.919860271,0.9469512
187,49,1.25182799,-1.0100442,1.04217163
187,50,1.28822917,-1.10868504,1.1468532
187,51,1.33015916,-1.21649637,1.26193319
187,52,1.37853341,-1.33422953,1.38844113
187,53,1.43442872,-1.46266834,1.52750781
187,54,1.49911242,-1.60262074,1.68037503
187,55,1.5740767,-1.75490636,1.84840635
187,56,1.6610787,-1.92033854,2.0330988
187,57,1.7621871,-2.09969932,2.23609569
187,58,1.8798357,-2.293705,2.45920059
187,59,2.01688456,-2.50295974,2.70439255
187,60,2.17668827,-2.72789359,2.97384269
187,61,2.36317095,-2.96868119,3.26993235
187,62,2.58090565,-3.22513617,3.59527265
187,63,2.83519455,-3.4965762,3.95272591
187,64,3.13214379,-3.78165337,4.34542875
187,65,3.47872291,-4.0781455,4.7768172
187,66,3.88279498,-4.38270615,5.25065373
187,67,4.35309802,-4.690576,5.77105648
187,68,4.89915339,-4.995266,6.34253072
187,69,5.53107335,-5.28823511,6.97000249
187,70,6.25924125,-5.55860223,7.65885475
187,71,7.09384714,-5.79295134,8.41496574
187,72,8.0442837,-5.9753067,9.24474977
187,73,9.11844435,-6.08736255,10.1552003
187,74,10.3220148,-6.10903719,11.153935
187,75,11.6578977,-6.01937389,12.249243
187,76,13.125938,-5.79772908,13.4501332
187,77,14.7230948,-5.42508828,14.7663839
187,78,16.4441248,-4.8852683,16.2085928
187,79,18.2827147,-4.16574439,17.788226
187,80,20.2328666,-3.25790947,19.5176656
188,0,0.992787514,-0.00104344657,0
188,1,0.992944691,-0.00203101576,0.000999998778
188,2,0.993118407,-0.00311683026,0.00209962137
188,3,0.99331029,-0.00431067978,0.00330879239
188,4,0.993522216,-0.00562331566,0.00463842506
188,5,0.993756285,-0.00706655417,0.00610051975
188,6,0.994014836,-0.00865338357,0.00770827215
188,7,0.994300473,-0.0103980807,0.00947619242
188,8,0.994616092,-0.0123163386,0.011420236
188,9,0.994964916,-0.0144254071,0.0135579478
188,10,0.995350535,-0.0167442463,0.0159086199
188,11,0.995776946,-0.0192936957,0.0184934662
188,12,0.996248607,-0.0220966597,0.0213358136
188,13,0.99677049,-0.0251783112,0.0244613121
188,14,0.997348149,-0.028566315,0.0278981662
188,15,0.997987788,-0.0322910732,0.0316773897
188,16,0.998696349,-0.0363859936,0.0358330847
188,17,0.999481601,-0.0408877857,0.0404027494
188,18,1.00035225,-0.0458367834,0.045427616
188,19,1.00131808,-0.0512773001,0.0509530226
188,20,1.00239004,-0.0572580173,0.0570288214
188,21,1.00358048,-0.0638324105,0.0637098281
188,22,1.0049033,-0.0710592155,0.071056316
188,23,1.00637412,-0.0790029388,0.0791345584
188,24,1.00801063,-0.0877344157,0.0880174258
188,25,1.00983276,-0.0973314213,0.0977850418
188,26,1.01186309,-0.107879337,0.108525505
188,27,1.0141272,-0.119471879,0.120335679
188,28,1.01665409,-0.132211892,0.13332207
188,29,1.01947671,-0.146212214,0.147601776
188,30,1.02263256,-0.161596623,0.163303548
188,31,1.02616434,-0.17850085,0.180568941
188,32,1.03012078,-0.197073703,0.199553587
188,33,1.03455757,-0.217478258,0.220428595
188,34,1.03953845,-0.239893165,0.243382081
188,35,1.04513644,-0.264514047,0.268620862
188,36,1.05143542,-0.291555004,0.296372302
188,37,1.05853177,-0.321250223,0.326886352
188,38,1.06653654,-0.353855693,0.360437789
188,39,1.07557775,-0.389651021,0.397328666
188,40,1.08580331,-0.428941337,0.437891017
188,41,1.09738435,-0.472059287,0.482489813
188,42,1.11051914,-0.519367079,0.531526221
188,43,1.12543778,-0.571258554,0.585441168
188,44,1.14240771,-0.628161243,0.644719266
188,45,1.1617402,-0.690538348,0.70989311
188,46,1.18379809,-0.758890544,0.781547992
188,47,1.20900494,-0.833757515,0.860327085
188,48,1.2378558,-0.915719033,0.94693711
188,49,1.27093009,-1.0053954,1.04215456
188,50,1.30890677,-1.10344694,1.14683253
188,51,1.35258232,-1.21057222,1.26190815
188,52,1.40289205,-1.32750447,1.38841081
188,53,1.46093515,-1.45500553,1.5274711
188,54,1.52800434,-1.59385662,1.68033058
188,55,1.60562052,-1.7448447,1.84835254
188,56,1.69557334,-1.90874311,2.03303368
188,57,1.7999682,-2.08628464,2.23601688
188,58,1.92128033,-2.27812482,2.45910522
188,59,2.06241611,-2.48479252,2.70427713
188,60,2.22678166,-2.70662439,2.97370305
188,61,2.41835742,-2.94367884,3.26976339
188,62,2.64177675,-3.19562481,3.59506823
188,63,2.90240419,-3.46159995,3.95247861
188,64,3.2064066,-3.74003284,4.34512958
188,65,3.56080661,-4.02842513,4.7764553
188,66,3.97350311,-4.32309182,5.25021596
188,67,4.45323824,-4.61886351,5.77052696
188,68,5.00948527,-4.90876295,6.34189023
188,69,5.65222863,-5.18368222,6.96922781
188,70,6.39160987,-5.43210428,7.65791777
188,71,7.23742471,-5.63993372,8.4138325
188,72,8.19848214,-5.7905187,9.24337919
188,73,9.28187766,-5.86495117,10.1535427
188,74,10.4922855,-5.84271168,11.1519303
188,75,11.831424,-5.70266828,12.2468186
188,76,13.2978677,-5.42434704,13.4472012
188,77,14.8873485,-4.98928592,14.7628381
188,78,16.5935855,-4.38220706,16.2043048
188,79,18.4095445,-3.59174039,17.7830405
188,80,20.3288972,-2.61052384,19.5113948
189,0,0.995936358,-0.000589095231,0
189,1,0.996161477,-0.00156342517,0.000999998766
189,2,0.996409882,-0.00263462318,0.00209962132
189,3,0.996683873,-0.00381234308,0.00330879225
189,4,0.996986065,-0.00510718107,0.0046384248
189,5,0.997319366,-0.00653078046,0.00610051929
189,6,0.997687007,-0.00809593725,0.00770827142
189,7,0.998092567,-0.00981671486,0.00947619131
189,8,0.998540018,-0.0117085695,0.0114202344
189,9,0.999033763,-0.0137884879,0.0135579455
189,10,0.999578687,-0.0160751381,0.0159086167
189,11,1.00018021,-0.0185890348,0.018493462
189,12,1.00084436,-0.0213527215,0.021335808
189,13,1.00157783,-0.0243909696,0.0244613047
189,14,1.00238805,-0.0277309966,0.0278981566
189,15,1.0032833,-0.0314027064,0.0316773773
189,16,1.0042728,-0.0354389516,0.0358330688
189,17,1.00536682,-0.0398758215,0.0404027292
189,18,1.00657681,-0.0447529579,0.0454275905
189,19,1.00791554,-0.0501139004,0.0509529905
189,20,1.0093973,-0.0560064648,0.0570287812
189,21,1.01103804,-0.0624831569,0.063709778
189,22,1.01285563,-0.0696016257,0.0710562536
189,23,1.01487007,-0.0774251578,0.079134481
189,24,1.01710381,-0.0860232184,0.0880173301
189,25,1.01958203,-0.0954720416,0.0977849236
189,26,1.02233305,-0.105855274,0.108525359
189,27,1.02538872,-0.117264676,0.1203355
189,28,1.02878494,-0.129800885,0.13332185
189,29,1.03256219,-0.143574246,0.147601507
189,30,1.0367662,-0.158705715,0.163303219
189,31,1.04144869,-0.175327828,0.180568538
189,32,1.04666822,-0.193585768,0.199553095
189,33,1.05249124,-0.213638494,0.220427994
189,34,1.05899317,-0.235659977,0.243381349
189,35,1.06625984,-0.259840511,0.26861997
189,36,1.07438899,-0.286388118,0.296371216
189,37,1.08349215,-0.315530052,0.326885031
189,38,1.09369674,-0.347514375,0.360436183
189,39,1.10514857,-0.382611622,0.397326714
189,40,1.11801478,-0.421116533,0.437888645
189,41,1.13248723,-0.463349834,0.482486934
189,42,1.14878653,-0.509660047,0.531522726
189,43,1.16716672,-0.560425284,0.585436928
189,44,1.18792084,-0.616054983,0.644714123
189,45,1.21138737,-0.676991515,0.709886873
189,46,1.23795794,-0.743711561,0.781540431
189,47,1.26808632,-0.81672715,0.860317922
189,48,1.30229904,-0.896586177,0.946926007
189,49,1.34120789,-0.983872198,1.04214111
189,50,1.38552471,-1.0792032,1.14681623
189,51,1.43607865,-1.18322899,1.26188841
189,52,1.49383667,-1.29662671,1.38838691
189,53,1.5599274,-1.42009382,1.52744216
189,54,1.63566921,-1.5543378,1.68029556
189,55,1.72260289,-1.70006141,1.84831014
189,56,1.82252956,-1.85794231,2.03298236
189,57,1.93755436,-2.02860519,2.23595477
189,58,2.07013637,-2.21258438,2.45903006
189,59,2.22314479,-2.41027422,2.70418618
189,60,2.39992116,-2.62186397,2.973593
189,61,2.60434666,-2.84725349,3.26963024
189,62,2.84091207,-3.08594515,3.59490714
189,63,3.11478668,-3.33690741,3.95228372
189,64,3.43187982,-3.59840535,4.34489382
189,65,3.79888552,-3.8677944,4.77617011
189,66,4.22329674,-4.14127626,5.24987098
189,67,4.71337132,-4.41362013,5.77010967
189,68,5.27802708,-4.67786063,6.34138549
189,69,5.92664148,-4.92499508,6.96861732
189,70,6.66873248,-5.14371853,7.65717939
189,71,7.51350719,-5.32025269,8.41293945
189,72,8.46928555,-5.4383409,9.24229911
189,73,9.54284097,-5.47948736,10.1522364
189,74,10.7387444,-5.4235043,11.1503506
189,75,12.0588428,-5.2493865,12.244908
189,76,13.502027,-4.93645584,13.4448907
189,77,15.064424,-4.46562562,14.7600439
189,78,16.7400729,-3.82055696,16.2009256
189,79,18.5220267,-2.98845858,17.7789541
189,80,20.4036945,-1.96034281,19.5064531
190,0,0.998191831,-0.000262508932,0
190,1,0.998619124,-0.00116662087,0.000999998757
190,2,0.99908972,-0.00216045665,0.00209962128
190,3,0.999607917,-0.00325296172,0.00330879215
190,4,1.00017851,-0.00445393904,0.00463842461
190,5,1.00080681,-0.00577415339,0.00610051895
190,6,1.00149867,-0.00722542969,0.00770827089
190,7,1.00226056,-0.00882075838,0.00947619051
190,8,1.00309962,-0.0105744103,0.0114202333
190,9,1.00402374,-0.0125020622,0.0135579438
190,10,1.00504162,-0.0146209345,0.0159086145
190,11,1.00616288,-0.0169499415,0.018493459
190,12,1.00739814,-0.0195098572,0.0213358039
190,13,1.00875914,-0.0223234949,0.0244612993
190,14,1.01025887,-0.025415906,0.0278981497
190,15,1.01191167,-0.0288145959,0.0316773684
190,16,1.01373343,-0.0325497611,0.0358330574
190,17,1.01574173,-0.036654548,0.0404027146
190,18,1.01795602,-0.0411653359,0.0454275721
190,19,1.02039786,-0.0461220464,0.0509529673
190,20,1.02309115,-0.0515684802,0.0570287522
190,21,1.02606237,-0.0575526858,0.0637097418
190,22,1.02934092,-0.0641273602,0.0710562086
190,23,1.03295942,-0.071350286,0.0791344252
190,24,1.03695412,-0.0792848065,0.0880172609
190,25,1.04136529,-0.0880003424,0.0977848383
190,26,1.04623773,-0.0975729519,0.108525254
190,27,1.05162131,-0.108085939,0.120335371
190,28,1.05757158,-0.119630509,0.133321691
190,29,1.06415043,-0.13230648,0.147601313
190,30,1.07142696,-0.146223051,0.16330298
190,31,1.07947828,-0.161499615,0.180568247
190,32,1.08839061,-0.178266653,0.199552739
190,33,1.09826039,-0.196666666,0.22042756
190,34,1.1091956,-0.216855184,0.24338082
190,35,1.1213173,-0.239001824,0.268619326
190,36,1.13476134,-0.26329141,0.296370432
190,37,1.14968031,-0.289925144,0.326884077
190,38,1.16624584,-0.319121814,0.360435023
190,39,1.18465118,-0.351119043,0.397325304
190,40,1.2051142,-0.386174546,0.437886933
190,41,1.22788079,-0.424567373,0.482484854
190,42,1.25322886,-0.466599126,0.531520202
190,43,1.28147288,-0.512595074,0.585433865
190,44,1.31296917,-0.562905145,0.644710409
190,45,1.34812197,-0.6179047,0.709882369
190,46,1.38739047,-0.677994999,0.781534972
190,47,1.431297,-0.743603249,0.860311304
190,48,1.48043637,-0.815182061,0.946917988
190,49,1.53548687,-0.893208135,1.0421314
190,50,1.59722276,-0.978179904,1.14680446
190,51,1.66652892,-1.07061382,1.26187416
190,52,1.74441763,-1.1710389,1.38836966
190,53,1.83204792,-1.27998895,1.52742127
190,54,1.93074784,-1.39799189,1.68027026
190,55,2.04203989,-1.52555541,1.84827953
190,56,2.16767004,-1.66314774,2.0329453
190,57,2.3096405,-1.81117266,2.23590992
190,58,2.47024654,-1.9699368,2.45897578
190,59,2.65211724,-2.13960784,2.7041205
190,60,2.85825991,-2.32016109,2.97351353
190,61,3.0921076,-2.51131207,3.26953408
190,62,3.35756807,-2.71243226,3.59479081
190,63,3.65907221,-2.92244487,3.95214298
190,64,4.00161823,-3.13969761,4.34472357
190,65,4.39080645,-3.36180972,4.77596415
190,66,4.83285752,-3.58549173,5.24962185
190,67,5.33460451,-3.80633834,5.76980833
190,68,5.90344664,-4.01859831,6.341021
190,69,6.54725082,-4.21493064,6.96817646
190,70,7.27418592,-4.38616366,7.65664618
190,71,8.09247699,-4.52108296,8.41229455
190,72,9.01007269,-4.60628476,9.24151913
190,73,10.0342312,-4.62614011,10.1512931
190,74,11.1710496,-4.56291995,11.1492097
190,75,12.4249845,-4.39712457,12.2435283
190,76,13.7984411,-4.1080403,13.4432221
190,77,15.291521,-3.67450729,14.758026
190,78,16.9020219,-3.07583062,16.1984854
190,79,18.6257541,-2.29271415,17.7760031
190,80,20.4571785,-1.30806258,19.5028844
191,0,0.999547642,-6.57309823e-05,0
191,1,1.00032749,-0.000691700672,0.000999998752
191,2,1.00118537,-0.00137959714,0.00209962125
191,3,1.00212907,-0.00213559901,0.00330879209
191,4,1.00316714,-0.00296645837,0.00463842449
191,5,1.00430904,-0.00387958172,0.00610051875
191,6,1.00556515,-0.00488309828,0.00770827057
191,7,1.00694693,-0.00598593184,0.00947619003
191,8,1.00846696,-0.00719787847,0.0114202326
191,9,1.01013911,-0.00852969105,0.0135579429
191,10,1.01197865,-0.00999317165,0.0159086131
191,11,1.01400237,-0.0116012724,0.0184934571
191,12,1.01622879,-0.0133682055,0.0213358015
191,13,1.01867826,-0.0153095635,0.0244612961
191,14,1.02137323,-0.0174424506,0.0278981455
191,15,1.02433839,-0.0197856257,0.0316773629
191,16,1.02760095,-0.022359658,0.0358330504
191,17,1.0311909,-0.0251870975,0.0404027058
191,18,1.03514123,-0.0282926592,0.0454275609
191,19,1.03948835,-0.0317034241,0.0509529533
191,20,1.04427232,-0.035449058,0.0570287346
191,21,1.04953733,-0.0395620474,0.0637097198
191,22,1.05533209,-0.0440779563,0.0710561813
191,23,1.06171028,-0.0490357038,0.0791343913
191,24,1.0687311,-0.0544778637,0.0880172191
191,25,1.07645983,-0.0604509874,0.0977847867
191,26,1.0849685,-0.067005952,0.10852519
191,27,1.09433656,-0.0741983332,0.120335293
191,28,1.1046517,-0.0820888056,0.133321595
191,29,1.11601069,-0.090743569,0.147601195
191,30,1.1285204,-0.100234803,0.163302836
191,31,1.14229884,-0.110641147,0.180568071
191,32,1.15747637,-0.122048211,0.199552524
191,33,1.17419705,-0.134549105,0.220427298
191,34,1.1926201,-0.148244995,0.2433805
191,35,1.21292158,-0.163245678,0.268618936
191,36,1.23529623,-0.17967017,0.296369957
191,37,1.25995952,-0.197647301,0.3268835
191,38,1.28714995,-0.217316302,0.36043432
191,39,1.31713163,-0.238827392,0.397324451
191,40,1.35019711,-0.262342313,0.437885896
191,41,1.38667064,-0.288034834,0.482483596
191,42,1.42691169,-0.316091164,0.531518674
191,43,1.471319,-0.346710261,0.585432012
191,44,1.52033506,-0.380103991,0.644708161
191,45,1.57445114,-0.416497084,0.709879643
191,46,1.63421293,-0.456126826,0.781531667
191,47,1.70022681,-0.499242407,0.860307299
191,48,1.77316698,-0.546103832,0.946913135
191,49,1.85378333,-0.596980274,1.04212552
191,50,1.94291036,-0.652147723,1.14679734
191,51,2.04147705,-0.711885753,1.26186554
191,52,2.15051799,-0.776473199,1.38835921
191,53,2.27118579,-0.846182469,1.52740862
191,54,2.40476484,-0.921272177,1.68025495
191,55,2.55268675,-1.00197771,1.84826099
191,56,2.71654728,-1.08849929,2.03292287
191,57,2.89812525,-1.18098692,2.23588277
191,58,3.09940313,-1.27952157,2.45894293
191,59,3.32258965,-1.38409193,2.70408075
191,60,3.57014423,-1.49456558,2.97346543
191,61,3.84480315,-1.61065371,3.26947589
191,62,4.14960724,-1.73186804,3.5947204
191,63,4.48793058,-1.85746857,3.9520578
191,64,4.86350953,-1.98640056,4.34462052
191,65,5.28047096,-2.1172191,4.7758395
191,66,5.74335836,-2.2479995,5.24947106
191,67,6.25715345,-2.37623167,5.76962593
191,68,6.82729083,-2.49869712,6.34080039
191,69,7.45966193,-2.61132745,6.96790962
191,70,8.16060384,-2.70904389,7.65632344
191,71,8.93686754,-2.78557918,8.4119042
191,72,9.79555938,-2.83328437,9.24104704
191,73,10.7440489,-2.84292612,10.1507222
191,74,11.7898363,-2.80348329,11.1485192
191,75,12.9403738,-2.70195578,12.2426933
191,76,14.2028369,-2.52320282,13.4422122
191,77,15.5838485,-2.2498329,14.7568047
191,78,17.0891607,-1.86217017,16.1970084
191,79,18.7233128,-1.33832355,17.7742169
191,80,20.4892917,-0.654381656,19.5007245
192,0,1,0,0
192,1,1.001,-1.49369935e-22,0.00099999875
192,2,1.00209962,-5.47030155e-22,0.00209962125
192,3,1.00330879,-1.21251373e-21,0.00330879207
192,4,1.00463842,-2.18984803e-21,0.00463842445
192,5,1.00610052,-3.53718726e-21,0.00610051869
192,6,1.00770827,-5.32649503e-21,0.00770827046
192,7,1.00947619,-7.64498543e-21,0.00947618986
192,8,1.01142023,-1.05974049e-20,0.0114202323
192,9,1.01355794,-1.43089704e-20,0.0135579425
192,10,1.01590861,-1.89289599e-20,0.0159086127
192,11,1.01849346,-2.46350202e-20,0.0184934565
192,12,1.0213358,-3.16382953e-20,0.0213358007
192,13,1.0244613,-4.01895112e-20,0.024461295
192,14,1.02789814,-5.05861807e-20,0.0278981441
192,15,1.03167736,-6.3181128e-20,0.0316773611
192,16,1.03583305,-7.83925682e-20,0.0358330481
192,17,1.0404027,-9.67160208e-20,0.0404027029
192,18,1.04542756,-1.1873839e-19,0.0454275572
192,19,1.05095295,-1.45154597e-19,0.0509529486
192,20,1.05702873,-1.7678724e-19,0.0570287287
192,21,1.06370971,-2.14609803e-19,0.0637097125
192,22,1.07105617,-2.59774091e-19,0.0710561722
192,23,1.07913438,-3.13642615e-19,0.07913438
192,24,1.08801721,-3.77826862e-19,0.088017205
192,25,1.09778477,-4.54232477e-19,0.0977847693
192,26,1.10852517,-5.45112641e-19,0.108525169
192,27,1.12033527,-6.53131091e-19,0.120335267
192,28,1.13332156,-7.81436558e-19,0.133321563
192,29,1.14760116,-9.33750661e-19,0.147601155
192,30,1.16330279,-1.1144717e-18,0.163302788
192,31,1.18056801,-1.3287972e-18,0.180568012
192,32,1.19955245,-1.58286867e-18,0.199552452
192,33,1.22042721,-1.88394242e-18,0.22042721
192,34,1.24338039,-2.24059133e-18,0.243380393
192,35,1.26861881,-2.66294307e-18,0.268618805
192,36,1.2963698,-3.16296125e-18,0.296369798
192,37,1.32688331,-3.75477749e-18,0.326883306
192,38,1.36043408,-4.45508331e-18,0.360434085
192,39,1.39732416,-5.28359281e-18,0.397324165
192,40,1.43788555,-6.26358881e-18,0.437885549
192,41,1.48248317,-7.42256754e-18,0.482483174
192,42,1.53151816,-8.79299953e-18,0.531518162
192,43,1.58543139,-1.04132277e-17,0.58543139
192,44,1.64470741,-1.23285273e-17,0.644707407
192,45,1.70987873,-1.45923566e-17,0.709878729
192,46,1.78153056,-1.7267833e-17,0.781530558
192,47,1.86030596,-2.04294748e-17,0.860305956
192,48,1.94691151,-2.41652558e-17,0.946911507
192,49,2.04212354,-2.85790298e-17,1.04212354
192,50,2.14679495,-3.37933903e-17,1.14679495
192,51,2.26186264,-3.99530436e-17,1.26186264
192,52,2.38835571,-4.72287875e-17,1.38835571
192,53,2.52740438,-5.58222021e-17,1.52740438
192,54,2.68024982,-6.5971182e-17,1.68024982
192,55,2.84825478,-7.79564566e-17,1.84825478
192,56,3.03291534,-9.21092775e-17,2.03291534
192,57,3.23587367,-1.08820476e-16,2.23587367
192,58,3.45893191,-1.28551136e-16,2.45893191
192,59,3.70406742,-1.51845167e-16,2.70406742
192,60,3.97344929,-1.79344112e-16,2.97344929
192,61,4.26945637,-2.11804575e-16,3.26945637
192,62,4.59469678,-2.50118747e-16,3.59469678
192,63,4.95202923,-2.95338539e-16,3.95202923
192,64,5.34458596,-3.48703988e-16,4.34458596
192,65,5.77579769,-4.11676631e-16,4.77579769
192,66,6.24942049,-4.85978744e-16,5.24942049
192,67,6.76956476,-5.7363942e-16,5.76956476
192,68,7.34072639,-6.77048666e-16,6.34072639
192,69,7.96782012,-7.99020858e-16,6.96782012
192,70,8.65621519,-9.42869151e-16,7.65621519
192,71,9.41177328,-1.11249263e-15,8.41177328
192,72,10.2408887,-1.3124783e-15,9.2408887
192,73,11.1505307,-1.54822043e-15,10.1505307
192,74,12.1482876,-1.82605977e-15,11.1482876
192,75,13.2424132,-2.15344619e-15,12.2424132
192,76,14.4418735,-2.53912796e-15,13.4418735
192,77,15.7563951,-2.993372e-15,14.7563951
192,78,17.196513,-3.52821963e-15,16.196513
192,79,18.7736178,-4.1577829e-15,17.7736178
192,80,20.5,-4.8985872e-15,19.5
