cycle,peak_CL,min_CM,peakCL_residual
1,1.88102,-0.23745,
2,1.73766,-0.20808,0.143359
3,1.73766,-0.20808,0.0
4,1.73766,-0.20808,0.0
5,1.73766,-0.20808,0.0
6,1.73766,-0.20808,0.0
