cycle,peak_CL,min_CM,peakCL_residual
1,1.99744,-0.30422,
2,1.90887,-0.23447,0.088566
3,1.90886,-0.23446,1.1e-05
4,1.90886,-0.23446,0.0
5,1.90886,-0.23446,0.0
6,1.90886,-0.23446,0.0
