phase,alpha_deg,stroke,CL,CN_vortex,surface,x_over_c,s_over_c,Cp,Cp_incompressible,Mach,T_static_K,T_recovery_K,speed_ms,vn_over_U,beyond_critical
mean_up,12.0,up,1.28516,0.0,upper,0.999951,4.9e-05,0.10307,0.09915,0.26499,288.615,292.248,90.435,0.30456,0
mean_up,12.0,up,1.28516,0.0,upper,0.999757,0.000246,0.12394,0.11928,0.26187,288.709,292.258,89.419,0.30455,0
mean_up,12.0,up,1.28516,0.0,upper,0.999368,0.000639,0.14115,0.13589,0.25926,288.786,292.266,88.572,0.30448,0
mean_up,12.0,up,1.28516,0.0,upper,0.998785,0.001228,0.157,0.1512,0.25684,288.857,292.273,87.784,0.30426,0
mean_up,12.0,up,1.28516,0.0,upper,0.998007,0.002014,0.17284,0.16651,0.2544,288.928,292.28,86.988,0.30376,0
mean_up,12.0,up,1.28516,0.0,upper,0.997036,0.002995,0.18935,0.18247,0.25184,289.002,292.288,86.151,0.3028,0
mean_up,12.0,up,1.28516,0.0,upper,0.995872,0.004171,0.20696,0.19951,0.24908,289.081,292.296,85.249,0.30117,0
mean_up,12.0,up,1.28516,0.0,upper,0.994514,0.005543,0.22586,0.21781,0.24608,289.166,292.305,84.269,0.29866,0
mean_up,12.0,up,1.28516,0.0,upper,0.992964,0.007109,0.2462,0.23752,0.24282,289.257,292.314,83.2,0.29502,0
mean_up,12.0,up,1.28516,0.0,upper,0.991222,0.008869,0.26793,0.2586,0.2393,289.354,292.324,82.042,0.28999,0
mean_up,12.0,up,1.28516,0.0,upper,0.989289,0.010822,0.2909,0.28089,0.23552,289.457,292.335,80.799,0.28332,0
mean_up,12.0,up,1.28516,0.0,upper,0.987165,0.012967,0.3148,0.30412,0.23153,289.564,292.346,79.484,0.27479,0
mean_up,12.0,up,1.28516,0.0,upper,0.984852,0.015304,0.3392,0.32786,0.22739,289.672,292.357,78.116,0.26419,0
mean_up,12.0,up,1.28516,0.0,upper,0.982349,0.017832,0.36353,0.35155,0.2232,289.781,292.369,76.727,0.25138,0
mean_up,12.0,up,1.28516,0.0,upper,0.979659,0.020549,0.3871,0.37451,0.21907,289.886,292.38,75.356,0.23625,0
mean_up,12.0,up,1.28516,0.0,upper,0.976781,0.023455,0.40907,0.39594,0.21515,289.984,292.39,74.054,0.21879,0
mean_up,12.0,up,1.28516,0.0,upper,0.973718,0.026549,0.42848,0.4149,0.21163,290.07,292.399,72.883,0.19908,0
mean_up,12.0,up,1.28516,0.0,upper,0.97047,0.029829,0.44434,0.4304,0.20871,290.14,292.406,71.911,0.1773,0
mean_up,12.0,up,1.28516,0.0,upper,0.967038,0.033294,0.45558,0.44138,0.20663,290.19,292.411,71.215,0.15377,0
mean_up,12.0,up,1.28516,0.0,upper,0.963424,0.036942,0.46111,0.44679,0.20559,290.215,292.414,70.869,0.12897,0
mean_up,12.0,up,1.28516,0.0,upper,0.95963,0.040773,0.45994,0.44564,0.20581,290.21,292.413,70.943,0.10354,0
mean_up,12.0,up,1.28516,0.0,upper,0.955655,0.044785,0.45121,0.43711,0.20744,290.171,292.409,71.486,0.0783,0
mean_up,12.0,up,1.28516,0.0,upper,0.951503,0.048976,0.43437,0.42065,0.21055,290.096,292.401,72.524,0.05431,0
mean_up,12.0,up,1.28516,0.0,upper,0.947174,0.053345,0.40932,0.39619,0.2151,289.985,292.39,74.039,0.03282,0
mean_up,12.0,up,1.28516,0.0,upper,0.94267,0.05789,0.37678,0.36445,0.22089,289.84,292.375,75.96,0.01537,0
mean_up,12.0,up,1.28516,0.0,upper,0.937993,0.062609,0.33891,0.32758,0.22744,289.671,292.357,78.132,0.00375,0
mean_up,12.0,up,1.28516,0.0,upper,0.933145,0.067501,0.30145,0.29115,0.23377,289.504,292.34,80.221,0.0,0
mean_up,12.0,up,1.28516,0.0,upper,0.928127,0.072563,0.26952,0.26014,0.23904,289.361,292.325,81.957,0.0,0
mean_up,12.0,up,1.28516,0.0,upper,0.922942,0.077793,0.2425,0.23393,0.24342,289.24,292.313,83.396,0.0,0
mean_up,12.0,up,1.28516,0.0,upper,0.917591,0.083191,0.21822,0.2104,0.2473,289.132,292.301,84.667,0.0,0
mean_up,12.0,up,1.28516,0.0,upper,0.912076,0.088752,0.19582,0.18872,0.25083,289.031,292.291,85.821,0.0,0
mean_up,12.0,up,1.28516,0.0,upper,0.906399,0.094477,0.17483,0.16842,0.25409,288.937,292.281,86.888,0.0,0
mean_up,12.0,up,1.28516,0.0,upper,0.900563,0.100361,0.15494,0.14921,0.25716,288.848,292.272,87.886,0.0,0
mean_up,12.0,up,1.28516,0.0,upper,0.89457,0.106403,0.13595,0.13087,0.26005,288.763,292.263,88.829,0.0,0
mean_up,12.0,up,1.28516,0.0,upper,0.888421,0.112601,0.11769,0.11325,0.26281,288.681,292.255,89.724,0.0,0
mean_up,12.0,up,1.28516,0.0,upper,0.88212,0.118951,0.10005,0.09624,0.26545,288.601,292.246,90.581,0.0,0
mean_up,12.0,up,1.28516,0.0,upper,0.875669,0.125453,0.08293,0.07974,0.26798,288.524,292.238,91.404,0.0,0
mean_up,12.0,up,1.28516,0.0,upper,0.86907,0.132103,0.06625,0.06368,0.27044,288.449,292.231,92.198,0.0,0
mean_up,12.0,up,1.28516,0.0,upper,0.862325,0.138898,0.04995,0.048,0.27282,288.375,292.223,92.967,0.0,0
mean_up,12.0,up,1.28516,0.0,upper,0.855437,0.145837,0.03398,0.03265,0.27513,288.303,292.215,93.714,0.0,0
mean_up,12.0,up,1.28516,0.0,upper,0.84841,0.152915,0.0183,0.01757,0.27739,288.233,292.208,94.441,0.0,0
mean_up,12.0,up,1.28516,0.0,upper,0.841245,0.160132,0.00285,0.00274,0.27959,288.163,292.201,95.151,0.0,0
mean_up,12.0,up,1.28516,0.0,upper,0.833945,0.167483,-0.01238,-0.01188,0.28176,288.094,292.194,95.846,0.0,0
mean_up,12.0,up,1.28516,0.0,upper,0.826513,0.174966,-0.02744,-0.02633,0.28388,288.026,292.187,96.528,0.0,0
mean_up,12.0,up,1.28516,0.0,upper,0.818952,0.182578,-0.04234,-0.04062,0.28597,287.959,292.18,97.198,0.0,0
mean_up,12.0,up,1.28516,0.0,upper,0.811264,0.190317,-0.05713,-0.05478,0.28802,287.892,292.173,97.857,0.0,0
mean_up,12.0,up,1.28516,0.0,upper,0.803454,0.198179,-0.07181,-0.06884,0.29006,287.825,292.166,98.507,0.0,0
mean_up,12.0,up,1.28516,0.0,upper,0.795522,0.206161,-0.08641,-0.08281,0.29207,287.759,292.159,99.149,0.0,0
mean_up,12.0,up,1.28516,0.0,upper,0.787474,0.21426,-0.10095,-0.09672,0.29405,287.693,292.152,99.783,0.0,0
mean_up,12.0,up,1.28516,0.0,upper,0.779311,0.222472,-0.11545,-0.11058,0.29603,287.627,292.145,100.412,0.0,0
mean_up,12.0,up,1.28516,0.0,upper,0.771037,0.230796,-0.12993,-0.12441,0.29798,287.561,292.139,101.035,0.0,0
mean_up,12.0,up,1.28516,0.0,upper,0.762655,0.239228,-0.1444,-0.13822,0.29993,287.496,292.132,101.654,0.0,0
mean_up,12.0,up,1.28516,0.0,upper,0.754168,0.247763,-0.15887,-0.15203,0.30186,287.43,292.125,102.269,0.0,0
mean_up,12.0,up,1.28516,0.0,upper,0.74558,0.2564,-0.17337,-0.16586,0.30379,287.364,292.118,102.881,0.0,0
mean_up,12.0,up,1.28516,0.0,upper,0.736893,0.265134,-0.18791,-0.17972,0.30572,287.298,292.111,103.49,0.0,0
mean_up,12.0,up,1.28516,0.0,upper,0.728111,0.273963,-0.2025,-0.19361,0.30764,287.231,292.104,104.098,0.0,0
mean_up,12.0,up,1.28516,0.0,upper,0.719238,0.282883,-0.21715,-0.20757,0.30956,287.165,292.097,104.705,0.0,0
mean_up,12.0,up,1.28516,0.0,upper,0.710277,0.29189,-0.23189,-0.22159,0.31148,287.097,292.09,105.311,0.0,0
mean_up,12.0,up,1.28516,0.0,upper,0.70123,0.300982,-0.24672,-0.23569,0.3134,287.03,292.083,105.917,0.0,0
mean_up,12.0,up,1.28516,0.0,upper,0.692103,0.310153,-0.26166,-0.24988,0.31533,286.962,292.076,106.523,0.0,0
mean_up,12.0,up,1.28516,0.0,upper,0.682897,0.319402,-0.27671,-0.26418,0.31726,286.893,292.069,107.131,0.0,0
mean_up,12.0,up,1.28516,0.0,upper,0.673617,0.328725,-0.2919,-0.2786,0.3192,286.824,292.062,107.74,0.0,0
mean_up,12.0,up,1.28516,0.0,upper,0.664267,0.338117,-0.30723,-0.29314,0.32114,286.753,292.055,108.351,0.0,0
mean_up,12.0,up,1.28516,0.0,upper,0.654849,0.347575,-0.32272,-0.30783,0.3231,286.683,292.047,108.965,0.0,0
mean_up,12.0,up,1.28516,0.0,upper,0.645368,0.357096,-0.33839,-0.32267,0.32507,286.611,292.04,109.581,0.0,0
mean_up,12.0,up,1.28516,0.0,upper,0.635826,0.366676,-0.35423,-0.33767,0.32705,286.538,292.032,110.201,0.0,0
mean_up,12.0,up,1.28516,0.0,upper,0.626229,0.376311,-0.37027,-0.35284,0.32905,286.465,292.025,110.824,0.0,0
mean_up,12.0,up,1.28516,0.0,upper,0.616578,0.385997,-0.38651,-0.36821,0.33107,286.39,292.017,111.452,0.0,0
mean_up,12.0,up,1.28516,0.0,upper,0.606879,0.395732,-0.40298,-0.38377,0.3331,286.315,292.009,112.084,0.0,0
mean_up,12.0,up,1.28516,0.0,upper,0.597135,0.40551,-0.41968,-0.39954,0.33515,286.238,292.001,112.72,0.0,0
mean_up,12.0,up,1.28516,0.0,upper,0.587349,0.415328,-0.43662,-0.41553,0.33721,286.16,291.993,113.363,0.0,0
mean_up,12.0,up,1.28516,0.0,upper,0.577526,0.425183,-0.45383,-0.43176,0.3393,286.081,291.985,114.01,0.0,0
mean_up,12.0,up,1.28516,0.0,upper,0.567668,0.435071,-0.4713,-0.44822,0.34142,286.001,291.977,114.664,0.0,0
mean_up,12.0,up,1.28516,0.0,upper,0.557781,0.444987,-0.48906,-0.46495,0.34355,285.919,291.968,115.324,0.0,0
mean_up,12.0,up,1.28516,0.0,upper,0.547867,0.454929,-0.50711,-0.48194,0.34572,285.836,291.96,115.991,0.0,0
mean_up,12.0,up,1.28516,0.0,upper,0.537931,0.464892,-0.52548,-0.49921,0.3479,285.751,291.951,116.665,0.0,0
mean_up,12.0,up,1.28516,0.0,upper,0.527975,0.474872,-0.54416,-0.51677,0.35012,285.665,291.942,117.347,0.0,0
mean_up,12.0,up,1.28516,0.0,upper,0.518005,0.484865,-0.5632,-0.53465,0.35236,285.577,291.933,118.036,0.0,0
mean_up,12.0,up,1.28516,0.0,upper,0.508024,0.494868,-0.58258,-0.55283,0.35464,285.487,291.923,118.733,0.0,0
mean_up,12.0,up,1.28516,0.0,upper,0.498036,0.504877,-0.60232,-0.57135,0.35694,285.396,291.914,119.439,0.0,0
mean_up,12.0,up,1.28516,0.0,upper,0.488044,0.514888,-0.62244,-0.5902,0.35928,285.303,291.904,120.153,0.0,0
mean_up,12.0,up,1.28516,0.0,upper,0.478053,0.524897,-0.64296,-0.60941,0.36165,285.208,291.894,120.877,0.0,0
mean_up,12.0,up,1.28516,0.0,upper,0.468067,0.5349,-0.66389,-0.62898,0.36406,285.111,291.884,121.61,0.0,0
mean_up,12.0,up,1.28516,0.0,upper,0.458088,0.544894,-0.68526,-0.64895,0.3665,285.011,291.874,122.353,0.0,0
mean_up,12.0,up,1.28516,0.0,upper,0.448122,0.554874,-0.70706,-0.66931,0.36898,284.91,291.864,123.106,0.0,0
mean_up,12.0,up,1.28516,0.0,upper,0.438172,0.564836,-0.72932,-0.69008,0.37151,284.807,291.853,123.869,0.0,0
mean_up,12.0,up,1.28516,0.0,upper,0.428241,0.574778,-0.75205,-0.71127,0.37407,284.701,291.842,124.643,0.0,0
mean_up,12.0,up,1.28516,0.0,upper,0.418335,0.584694,-0.77528,-0.73291,0.37667,284.593,291.831,125.429,0.0,0
mean_up,12.0,up,1.28516,0.0,upper,0.408456,0.594582,-0.79903,-0.755,0.37932,284.482,291.819,126.226,0.0,0
mean_up,12.0,up,1.28516,0.0,upper,0.398608,0.604437,-0.82331,-0.77757,0.38201,284.369,291.807,127.035,0.0,0
mean_up,12.0,up,1.28516,0.0,upper,0.388796,0.614256,-0.84814,-0.80064,0.38475,284.252,291.795,127.857,0.0,0
mean_up,12.0,up,1.28516,0.0,upper,0.379023,0.624034,-0.87356,-0.82422,0.38754,284.134,291.783,128.691,0.0,0
mean_up,12.0,up,1.28516,0.0,upper,0.369292,0.633768,-0.89957,-0.84833,0.39038,284.012,291.77,129.539,0.0,0
mean_up,12.0,up,1.28516,0.0,upper,0.359609,0.643455,-0.92622,-0.873,0.39327,283.887,291.757,130.4,0.0,0
mean_up,12.0,up,1.28516,0.0,upper,0.349977,0.65309,-0.95351,-0.89824,0.39622,283.759,291.744,131.276,0.0,0
mean_up,12.0,up,1.28516,0.0,upper,0.340398,0.662669,-0.98149,-0.92409,0.39922,283.627,291.73,132.167,0.0,0
mean_up,12.0,up,1.28516,0.0,upper,0.330879,0.67219,-1.01017,-0.95056,0.40228,283.492,291.716,133.073,0.0,0
mean_up,12.0,up,1.28516,0.0,upper,0.321421,0.681649,-1.0396,-0.97769,0.40541,283.354,291.702,133.995,0.0,0
mean_up,12.0,up,1.28516,0.0,upper,0.312029,0.691041,-1.06981,-1.0055,0.4086,283.211,291.687,134.934,0.0,0
mean_up,12.0,up,1.28516,0.0,upper,0.302707,0.700363,-1.10083,-1.03403,0.41186,283.065,291.672,135.89,0.0,0
mean_up,12.0,up,1.28516,0.0,upper,0.293458,0.709612,-1.13271,-1.06331,0.41519,282.914,291.657,136.865,0.0,0
mean_up,12.0,up,1.28516,0.0,upper,0.284286,0.718784,-1.16548,-1.09337,0.41859,282.759,291.64,137.858,0.0,0
mean_up,12.0,up,1.28516,0.0,upper,0.275196,0.727875,-1.19919,-1.12426,0.42207,282.599,291.624,138.872,0.0,0
mean_up,12.0,up,1.28516,0.0,upper,0.266189,0.736882,-1.23391,-1.15602,0.42564,282.435,291.607,139.906,0.0,0
mean_up,12.0,up,1.28516,0.0,upper,0.257271,0.745802,-1.26967,-1.18869,0.42929,282.265,291.589,140.962,0.0,0
mean_up,12.0,up,1.28516,0.0,upper,0.248445,0.754631,-1.30654,-1.22234,0.43303,282.089,291.571,142.041,0.0,0
mean_up,12.0,up,1.28516,0.0,upper,0.239714,0.763365,-1.34459,-1.257,0.43687,281.908,291.552,143.145,0.0,0
mean_up,12.0,up,1.28516,0.0,upper,0.231082,0.772002,-1.38388,-1.29275,0.44081,281.72,291.533,144.274,0.0,0
mean_up,12.0,up,1.28516,0.0,upper,0.222553,0.780538,-1.42451,-1.32964,0.44486,281.526,291.512,145.43,0.0,0
mean_up,12.0,up,1.28516,0.0,upper,0.21413,0.788969,-1.46654,-1.36776,0.44902,281.324,291.492,146.615,0.0,0
mean_up,12.0,up,1.28516,0.0,upper,0.205817,0.797293,-1.51009,-1.40719,0.45331,281.115,291.47,147.831,0.0,0
mean_up,12.0,up,1.28516,0.0,upper,0.197617,0.805506,-1.55525,-1.448,0.45773,280.898,291.447,149.079,0.0,0
mean_up,12.0,up,1.28516,0.0,upper,0.189534,0.813605,-1.60214,-1.4903,0.46229,280.672,291.424,150.361,0.0,0
mean_up,12.0,up,1.28516,0.0,upper,0.181571,0.821587,-1.65089,-1.53419,0.467,280.436,291.4,151.681,0.0,0
mean_up,12.0,up,1.28516,0.0,upper,0.173732,0.829448,-1.70163,-1.5798,0.47187,280.191,291.374,153.039,0.0,0
mean_up,12.0,up,1.28516,0.0,upper,0.166019,0.837187,-1.75454,-1.62725,0.47692,279.934,291.347,154.44,0.0,0
mean_up,12.0,up,1.28516,0.0,upper,0.158437,0.844799,-1.80977,-1.67669,0.48215,279.665,291.32,155.887,0.0,0
mean_up,12.0,up,1.28516,0.0,upper,0.150989,0.852282,-1.86753,-1.72828,0.48759,279.384,291.29,157.382,0.0,0
mean_up,12.0,up,1.28516,0.0,upper,0.143678,0.859634,-1.92804,-1.7822,0.49325,279.088,291.26,158.929,0.0,0
mean_up,12.0,up,1.28516,0.0,upper,0.136507,0.86685,-1.99154,-1.83864,0.49915,278.777,291.227,160.533,0.0,0
mean_up,12.0,up,1.28516,0.0,upper,0.12948,0.873929,-2.05829,-1.89783,0.5053,278.449,291.193,162.199,0.0,0
mean_up,12.0,up,1.28516,0.0,upper,0.122599,0.880867,-2.12861,-1.96003,0.51174,278.102,291.157,163.93,0.0,0
mean_up,12.0,up,1.28516,0.0,upper,0.115868,0.887663,-2.20285,-2.0255,0.5185,277.735,291.119,165.733,0.0,0
mean_up,12.0,up,1.28516,0.0,upper,0.109291,0.894312,-2.28138,-2.09456,0.52559,277.345,291.079,167.614,0.0,0
mean_up,12.0,up,1.28516,0.0,upper,0.10287,0.900814,-2.36465,-2.16756,0.53305,276.931,291.036,169.579,0.0,0
mean_up,12.0,up,1.28516,0.0,upper,0.096608,0.907165,-2.45316,-2.24489,0.54093,276.488,290.99,171.637,0.0,0
mean_up,12.0,up,1.28516,0.0,upper,0.090509,0.913362,-2.54747,-2.32701,0.54925,276.015,290.941,173.795,0.0,0
mean_up,12.0,up,1.28516,0.0,upper,0.084576,0.919405,-2.64822,-2.41442,0.55808,275.506,290.888,176.063,0.0,0
mean_up,12.0,up,1.28516,0.0,upper,0.078811,0.925289,-2.75616,-2.50768,0.56747,274.96,290.831,178.451,0.0,0
mean_up,12.0,up,1.28516,0.0,upper,0.073219,0.931013,-2.8721,-2.60744,0.57748,274.369,290.77,180.971,0.0,0
mean_up,12.0,up,1.28516,0.0,upper,0.067802,0.936575,-2.99703,-2.71444,0.58817,273.729,290.704,183.636,0.0,0
mean_up,12.0,up,1.28516,0.0,upper,0.062564,0.941972,-3.13203,-2.82951,0.59964,273.033,290.632,186.458,0.0,0
mean_up,12.0,up,1.28516,0.0,upper,0.057507,0.947203,-3.27837,-2.95358,0.61197,272.274,290.553,189.455,0.0,0
mean_up,12.0,up,1.28516,0.0,upper,0.052636,0.952265,-3.4375,-3.08772,0.62528,271.443,290.467,192.642,0.0,0
mean_up,12.0,up,1.28516,0.0,upper,0.047953,0.957156,-3.61108,-3.23314,0.63969,270.528,290.372,196.038,0.0,0
mean_up,12.0,up,1.28516,0.0,upper,0.043463,0.961875,-3.80101,-3.39117,0.65533,269.519,290.267,199.664,0.0,0
mean_up,12.0,up,1.28516,0.0,upper,0.039169,0.96642,-4.00944,-3.56333,0.67238,268.4,290.151,203.541,0.0,0
mean_up,12.0,up,1.28516,0.0,upper,0.035074,0.970789,-4.23879,-3.75123,0.69101,267.155,290.022,207.689,0.0,0
mean_up,12.0,up,1.28516,0.0,upper,0.031184,0.97498,-4.49173,-3.95662,0.71143,265.765,289.878,212.13,0.0,0
mean_up,12.0,up,1.28516,0.0,upper,0.027503,0.978992,-4.77111,-4.18128,0.73388,264.209,289.716,216.885,0.0,0
mean_up,12.0,up,1.28516,0.0,upper,0.024036,0.982823,-5.07986,-4.42691,0.75858,262.462,289.535,221.966,0.0,0
mean_up,12.0,up,1.28516,0.0,upper,0.020787,0.986471,-5.42065,-4.69484,0.78578,260.499,289.332,227.379,0.0,0
mean_up,12.0,up,1.28516,0.0,upper,0.017763,0.989936,-5.79542,-4.98572,0.81569,258.297,289.103,233.114,0.0,0
mean_up,12.0,up,1.28516,0.0,upper,0.01497,0.993216,-6.20452,-5.29881,0.84841,255.838,288.848,239.133,0.0,0
mean_up,12.0,up,1.28516,0.0,upper,0.012415,0.99631,-6.64527,-5.63106,0.88385,253.121,288.566,245.359,0.0,0
mean_up,12.0,up,1.28516,0.0,upper,0.010104,0.999216,-7.10993,-5.97579,0.92155,250.176,288.261,251.656,0.0,0
mean_up,12.0,up,1.28516,0.0,upper,0.008043,1.001933,-7.58305,-6.32107,0.96043,247.085,287.94,257.809,0.0,0
mean_up,12.0,up,1.28516,0.0,upper,0.006238,1.00446,-8.03879,-6.64835,0.99849,244.013,287.622,263.508,0.0,0
mean_up,12.0,up,1.28516,0.0,upper,0.004692,1.006797,-8.43984,-6.93213,1.03258,241.228,287.333,268.352,0.0,1
mean_up,12.0,up,1.28516,0.0,upper,0.003403,1.008943,-8.74055,-7.14236,1.05858,239.085,287.111,271.885,0.0,1
mean_up,12.0,up,1.28516,0.0,upper,0.002365,1.010896,-8.89676,-7.25073,1.07224,237.953,286.993,273.688,0.0,1
mean_up,12.0,up,1.28516,0.0,upper,0.001562,1.012656,-8.88128,-7.24002,1.07088,238.066,287.005,273.511,0.0,1
mean_up,12.0,up,1.28516,0.0,upper,0.00097,1.014222,-8.69783,-7.11262,1.05486,239.393,287.142,271.388,0.0,1
mean_up,12.0,up,1.28516,0.0,upper,0.000559,1.015594,-8.38369,-6.89263,1.02777,241.622,287.374,267.683,0.0,1
mean_up,12.0,up,1.28516,0.0,upper,0.000292,1.016771,-7.99708,-6.61861,0.99498,244.298,287.651,262.995,0.0,0
mean_up,12.0,up,1.28516,0.0,upper,0.000135,1.017752,-7.60119,-6.3342,0.96193,246.964,287.928,258.04,0.0,0
mean_up,12.0,up,1.28516,0.0,upper,5.2e-05,1.018538,-7.24732,-6.07664,0.93278,249.288,288.169,253.468,0.0,0
mean_up,12.0,up,1.28516,0.0,upper,1.5e-05,1.019128,-6.97231,-5.87427,0.91034,251.057,288.352,249.818,0.0,0
mean_up,12.0,up,1.28516,0.0,upper,3e-06,1.019521,-6.79956,-5.74615,0.89632,252.153,288.466,247.479,0.0,0
mean_up,12.0,up,1.28516,0.0,upper,0.0,1.019718,-6.74443,-5.7051,0.89186,252.5,288.502,246.725,0.0,0
mean_up,12.0,up,1.28516,0.0,lower,0.0,1.019816,-6.70928,-5.67889,0.88902,252.72,288.525,246.242,0.0,0
mean_up,12.0,up,1.28516,0.0,lower,3e-06,1.020013,-6.56367,-5.56994,0.87727,253.63,288.619,244.225,0.0,0
mean_up,12.0,up,1.28516,0.0,lower,1.5e-05,1.020406,-6.31585,-5.38322,0.85734,255.159,288.778,240.73,0.0,0
mean_up,12.0,up,1.28516,0.0,lower,5.2e-05,1.020995,-5.95705,-5.10996,0.8286,257.332,289.003,235.521,0.0,0
mean_up,12.0,up,1.28516,0.0,lower,0.000135,1.021781,-5.48072,-4.74173,0.79058,260.149,289.295,228.313,0.0,0
mean_up,12.0,up,1.28516,0.0,lower,0.000292,1.022763,-4.8896,-4.27587,0.74337,263.542,289.647,218.855,0.0,0
mean_up,12.0,up,1.28516,0.0,lower,0.000559,1.02394,-4.19779,-3.71775,0.68769,267.379,290.045,206.956,0.0,0
mean_up,12.0,up,1.28516,0.0,lower,0.00097,1.025312,-3.43753,-3.08774,0.62528,271.443,290.467,192.642,0.0,0
mean_up,12.0,up,1.28516,0.0,lower,0.001562,1.026878,-2.65581,-2.42098,0.55875,275.468,290.884,176.232,0.0,0
mean_up,12.0,up,1.28516,0.0,lower,0.002365,1.028638,-1.90473,-1.76144,0.49107,279.202,291.272,158.335,0.0,0
mean_up,12.0,up,1.28516,0.0,lower,0.003403,1.030591,-1.2284,-1.15098,0.42507,282.461,291.609,139.743,0.0,0
mean_up,12.0,up,1.28516,0.0,lower,0.004692,1.032736,-0.65364,-0.6194,0.36288,285.158,291.889,121.251,0.0,0
mean_up,12.0,up,1.28516,0.0,lower,0.006238,1.035073,-0.18843,-0.18021,0.30579,287.295,292.111,103.512,0.0,0
mean_up,12.0,up,1.28516,0.0,lower,0.008043,1.037601,0.17348,0.16712,0.2543,288.931,292.281,86.957,0.0,0
mean_up,12.0,up,1.28516,0.0,lower,0.010104,1.040318,0.44606,0.43208,0.2084,290.148,292.407,71.805,0.0,0
mean_up,12.0,up,1.28516,0.0,lower,0.012415,1.043224,0.64572,0.628,0.1677,291.031,292.498,58.114,0.0,0
mean_up,12.0,up,1.28516,0.0,lower,0.01497,1.046317,0.78799,0.76859,0.13169,291.657,292.563,45.836,0.0,0
mean_up,12.0,up,1.28516,0.0,lower,0.017763,1.049597,0.88622,0.86612,0.0998,292.086,292.608,34.864,0.0,0
mean_up,12.0,up,1.28516,0.0,lower,0.020787,1.053062,0.95113,0.93079,0.07146,292.37,292.637,25.067,0.0,0
mean_up,12.0,up,1.28516,0.0,lower,0.024036,1.056711,0.99109,0.97069,0.04615,292.544,292.655,16.313,0.0,0
mean_up,12.0,up,1.28516,0.0,lower,0.027503,1.060542,1.0125,0.99209,0.0232,292.637,292.665,8.472,0.0,0
mean_up,12.0,up,1.28516,0.0,lower,0.031184,1.064554,1.02018,0.99977,0.0,292.668,292.668,1.431,0.0,0
mean_up,12.0,up,1.28516,0.0,lower,0.035074,1.068745,1.01775,0.99734,0.0122,292.659,292.667,4.914,0.0,0
mean_up,12.0,up,1.28516,0.0,lower,0.039169,1.073114,1.00792,0.98751,0.02965,292.617,292.663,10.65,0.0,0
mean_up,12.0,up,1.28516,0.0,lower,0.043463,1.077658,0.99271,0.97231,0.04483,292.551,292.656,15.855,0.0,0
mean_up,12.0,up,1.28516,0.0,lower,0.047953,1.082377,0.97367,0.95329,0.05854,292.468,292.647,20.593,0.0,0
mean_up,12.0,up,1.28516,0.0,lower,0.052636,1.087269,0.95193,0.93159,0.07104,292.373,292.638,24.922,0.0,0
mean_up,12.0,up,1.28516,0.0,lower,0.057507,1.092331,0.92835,0.90808,0.0825,292.27,292.627,28.888,0.0,0
mean_up,12.0,up,1.28516,0.0,lower,0.062564,1.097562,0.90359,0.88341,0.09305,292.162,292.616,32.534,0.0,0
mean_up,12.0,up,1.28516,0.0,lower,0.067802,1.102959,0.87814,0.85808,0.10278,292.051,292.604,35.894,0.0,0
mean_up,12.0,up,1.28516,0.0,lower,0.073219,1.108521,0.85236,0.83246,0.11179,291.938,292.593,39.0,0.0,0
mean_up,12.0,up,1.28516,0.0,lower,0.078811,1.114245,0.82655,0.80682,0.12016,291.826,292.581,41.878,0.0,0
mean_up,12.0,up,1.28516,0.0,lower,0.084576,1.120129,0.8009,0.78138,0.12794,291.713,292.569,44.551,0.0,0
mean_up,12.0,up,1.28516,0.0,lower,0.090509,1.126171,0.77557,0.75628,0.1352,291.602,292.558,47.039,0.0,0
mean_up,12.0,up,1.28516,0.0,lower,0.096608,1.132369,0.75069,0.73164,0.14198,291.493,292.546,49.359,0.0,0
mean_up,12.0,up,1.28516,0.0,lower,0.10287,1.13872,0.72633,0.70756,0.14833,291.386,292.535,51.527,0.0,0
mean_up,12.0,up,1.28516,0.0,lower,0.109291,1.145221,0.70256,0.68407,0.15428,291.282,292.524,53.556,0.0,0
mean_up,12.0,up,1.28516,0.0,lower,0.115868,1.151871,0.67942,0.66123,0.15987,291.18,292.514,55.458,0.0,0
mean_up,12.0,up,1.28516,0.0,lower,0.122599,1.158666,0.65695,0.63907,0.16513,291.081,292.504,57.243,0.0,0
mean_up,12.0,up,1.28516,0.0,lower,0.12948,1.165605,0.63515,0.61759,0.17008,290.985,292.494,58.922,0.0,0
mean_up,12.0,up,1.28516,0.0,lower,0.136507,1.172683,0.61403,0.5968,0.17475,290.892,292.484,60.502,0.0,0
mean_up,12.0,up,1.28516,0.0,lower,0.143678,1.1799,0.59361,0.57671,0.17916,290.801,292.475,61.991,0.0,0
mean_up,12.0,up,1.28516,0.0,lower,0.150989,1.187251,0.57387,0.55731,0.18332,290.714,292.466,63.396,0.0,0
mean_up,12.0,up,1.28516,0.0,lower,0.158437,1.194734,0.55481,0.5386,0.18726,290.63,292.457,64.722,0.0,0
mean_up,12.0,up,1.28516,0.0,lower,0.166019,1.202347,0.53642,0.52055,0.19099,290.549,292.448,65.975,0.0,0
mean_up,12.0,up,1.28516,0.0,lower,0.173732,1.210085,0.51869,0.50316,0.19452,290.47,292.44,67.161,0.0,0
mean_up,12.0,up,1.28516,0.0,lower,0.181571,1.217947,0.5016,0.48642,0.19786,290.394,292.432,68.283,0.0,0
mean_up,12.0,up,1.28516,0.0,lower,0.189534,1.225929,0.48515,0.4703,0.20104,290.321,292.425,69.346,0.0,0
mean_up,12.0,up,1.28516,0.0,lower,0.197617,1.234028,0.4693,0.4548,0.20405,290.251,292.418,70.354,0.0,0
mean_up,12.0,up,1.28516,0.0,lower,0.205817,1.242241,0.45405,0.43989,0.20691,290.184,292.41,71.31,0.0,0
mean_up,12.0,up,1.28516,0.0,lower,0.21413,1.250564,0.43939,0.42555,0.20963,290.118,292.404,72.216,0.0,0
mean_up,12.0,up,1.28516,0.0,lower,0.222553,1.258996,0.42528,0.41177,0.21221,290.056,292.397,73.077,0.0,0
mean_up,12.0,up,1.28516,0.0,lower,0.231082,1.267531,0.41172,0.39854,0.21467,289.995,292.391,73.895,0.0,0
mean_up,12.0,up,1.28516,0.0,lower,0.239714,1.276168,0.39869,0.38582,0.21701,289.937,292.385,74.672,0.0,0
mean_up,12.0,up,1.28516,0.0,lower,0.248445,1.284903,0.38618,0.37361,0.21923,289.882,292.379,75.41,0.0,0
mean_up,12.0,up,1.28516,0.0,lower,0.257271,1.293731,0.37415,0.36189,0.22135,289.828,292.374,76.113,0.0,0
mean_up,12.0,up,1.28516,0.0,lower,0.266189,1.302651,0.3626,0.35064,0.22336,289.777,292.368,76.781,0.0,0
mean_up,12.0,up,1.28516,0.0,lower,0.275196,1.311658,0.35151,0.33984,0.22528,289.727,292.363,77.417,0.0,0
mean_up,12.0,up,1.28516,0.0,lower,0.284286,1.32075,0.34087,0.32948,0.22711,289.68,292.358,78.022,0.0,0
mean_up,12.0,up,1.28516,0.0,lower,0.293458,1.329922,0.33065,0.31954,0.22885,289.634,292.354,78.598,0.0,0
mean_up,12.0,up,1.28516,0.0,lower,0.302707,1.33917,0.32084,0.31,0.23051,289.591,292.349,79.147,0.0,0
mean_up,12.0,up,1.28516,0.0,lower,0.312029,1.348493,0.31143,0.30085,0.2321,289.549,292.345,79.67,0.0,0
mean_up,12.0,up,1.28516,0.0,lower,0.321421,1.357885,0.3024,0.29207,0.23361,289.508,292.34,80.169,0.0,0
mean_up,12.0,up,1.28516,0.0,lower,0.330879,1.367343,0.29374,0.28366,0.23505,289.47,292.336,80.644,0.0,0
mean_up,12.0,up,1.28516,0.0,lower,0.340398,1.376864,0.28543,0.27558,0.23643,289.432,292.333,81.097,0.0,0
mean_up,12.0,up,1.28516,0.0,lower,0.349977,1.386444,0.27745,0.26784,0.23774,289.397,292.329,81.529,0.0,0
mean_up,12.0,up,1.28516,0.0,lower,0.359609,1.396079,0.2698,0.26041,0.23899,289.363,292.325,81.942,0.0,0
mean_up,12.0,up,1.28516,0.0,lower,0.369292,1.405765,0.26246,0.25329,0.24019,289.33,292.322,82.335,0.0,0
mean_up,12.0,up,1.28516,0.0,lower,0.379023,1.4155,0.25541,0.24646,0.24134,289.298,292.319,82.711,0.0,0
mean_up,12.0,up,1.28516,0.0,lower,0.388796,1.425278,0.24865,0.2399,0.24243,289.268,292.316,83.07,0.0,0
mean_up,12.0,up,1.28516,0.0,lower,0.398608,1.435097,0.24216,0.23361,0.24347,289.239,292.313,83.413,0.0,0
mean_up,12.0,up,1.28516,0.0,lower,0.408456,1.444952,0.23593,0.22757,0.24447,289.211,292.31,83.741,0.0,0
mean_up,12.0,up,1.28516,0.0,lower,0.418335,1.454839,0.22995,0.22178,0.24543,289.184,292.307,84.055,0.0,0
mean_up,12.0,up,1.28516,0.0,lower,0.428241,1.464756,0.22421,0.21621,0.24635,289.159,292.304,84.355,0.0,0
mean_up,12.0,up,1.28516,0.0,lower,0.438172,1.474697,0.2187,0.21087,0.24722,289.134,292.302,84.642,0.0,0
mean_up,12.0,up,1.28516,0.0,lower,0.448122,1.48466,0.2134,0.20574,0.24806,289.11,292.299,84.916,0.0,0
mean_up,12.0,up,1.28516,0.0,lower,0.458088,1.49464,0.20831,0.20081,0.24886,289.087,292.297,85.179,0.0,0
mean_up,12.0,up,1.28516,0.0,lower,0.468067,1.504633,0.2034,0.19607,0.24964,289.065,292.295,85.432,0.0,0
mean_up,12.0,up,1.28516,0.0,lower,0.478053,1.514636,0.1987,0.19151,0.25038,289.044,292.292,85.674,0.0,0
mean_up,12.0,up,1.28516,0.0,lower,0.488044,1.524645,0.19417,0.18713,0.25108,289.024,292.29,85.905,0.0,0
mean_up,12.0,up,1.28516,0.0,lower,0.498036,1.534656,0.18982,0.18292,0.25176,289.004,292.288,86.128,0.0,0
mean_up,12.0,up,1.28516,0.0,lower,0.508024,1.544665,0.18563,0.17887,0.25242,288.986,292.286,86.341,0.0,0
mean_up,12.0,up,1.28516,0.0,lower,0.518005,1.554668,0.18159,0.17496,0.25305,288.968,292.284,86.546,0.0,0
mean_up,12.0,up,1.28516,0.0,lower,0.527975,1.564662,0.1777,0.1712,0.25365,288.95,292.283,86.743,0.0,0
mean_up,12.0,up,1.28516,0.0,lower,0.537931,1.574642,0.17396,0.16758,0.25423,288.933,292.281,86.932,0.0,0
mean_up,12.0,up,1.28516,0.0,lower,0.547867,1.584605,0.17035,0.16409,0.25479,288.917,292.279,87.114,0.0,0
mean_up,12.0,up,1.28516,0.0,lower,0.557781,1.594546,0.16687,0.16073,0.25532,288.901,292.278,87.289,0.0,0
mean_up,12.0,up,1.28516,0.0,lower,0.567668,1.604463,0.16352,0.15749,0.25584,288.886,292.276,87.458,0.0,0
mean_up,12.0,up,1.28516,0.0,lower,0.577526,1.61435,0.16028,0.15436,0.25634,288.872,292.274,87.62,0.0,0
mean_up,12.0,up,1.28516,0.0,lower,0.587349,1.624205,0.15716,0.15135,0.25682,288.858,292.273,87.776,0.0,0
mean_up,12.0,up,1.28516,0.0,lower,0.597135,1.634024,0.15415,0.14844,0.25728,288.844,292.272,87.926,0.0,0
mean_up,12.0,up,1.28516,0.0,lower,0.606879,1.643802,0.15124,0.14563,0.25772,288.831,292.27,88.071,0.0,0
mean_up,12.0,up,1.28516,0.0,lower,0.616578,1.653536,0.14843,0.14292,0.25815,288.819,292.269,88.211,0.0,0
mean_up,12.0,up,1.28516,0.0,lower,0.626229,1.663223,0.14572,0.1403,0.25856,288.807,292.268,88.345,0.0,0
mean_up,12.0,up,1.28516,0.0,lower,0.635826,1.672858,0.1431,0.13777,0.25896,288.795,292.266,88.475,0.0,0
mean_up,12.0,up,1.28516,0.0,lower,0.645368,1.682438,0.14058,0.13534,0.25935,288.783,292.265,88.6,0.0,0
mean_up,12.0,up,1.28516,0.0,lower,0.654849,1.691959,0.13814,0.13298,0.25972,288.772,292.264,88.721,0.0,0
mean_up,12.0,up,1.28516,0.0,lower,0.664267,1.701417,0.13579,0.13071,0.26007,288.762,292.263,88.837,0.0,0
mean_up,12.0,up,1.28516,0.0,lower,0.673617,1.710809,0.13352,0.12852,0.26042,288.752,292.262,88.949,0.0,0
mean_up,12.0,up,1.28516,0.0,lower,0.682897,1.720131,0.13133,0.12641,0.26075,288.742,292.261,89.056,0.0,0
mean_up,12.0,up,1.28516,0.0,lower,0.692103,1.72938,0.12922,0.12437,0.26107,288.732,292.26,89.16,0.0,0
mean_up,12.0,up,1.28516,0.0,lower,0.70123,1.738552,0.12719,0.12241,0.26138,288.723,292.259,89.26,0.0,0
mean_up,12.0,up,1.28516,0.0,lower,0.710277,1.747643,0.12523,0.12053,0.26167,288.714,292.258,89.356,0.0,0
mean_up,12.0,up,1.28516,0.0,lower,0.719238,1.756651,0.12335,0.11871,0.26195,288.706,292.257,89.448,0.0,0
mean_up,12.0,up,1.28516,0.0,lower,0.728111,1.76557,0.12155,0.11697,0.26223,288.698,292.256,89.536,0.0,0
mean_up,12.0,up,1.28516,0.0,lower,0.736893,1.774399,0.11982,0.1153,0.26249,288.69,292.256,89.621,0.0,0
mean_up,12.0,up,1.28516,0.0,lower,0.74558,1.783134,0.11816,0.1137,0.26274,288.683,292.255,89.702,0.0,0
mean_up,12.0,up,1.28516,0.0,lower,0.754168,1.79177,0.11657,0.11217,0.26297,288.676,292.254,89.779,0.0,0
mean_up,12.0,up,1.28516,0.0,lower,0.762655,1.800306,0.11506,0.11071,0.2632,288.669,292.253,89.853,0.0,0
mean_up,12.0,up,1.28516,0.0,lower,0.771037,1.808737,0.11362,0.10932,0.26342,288.662,292.253,89.923,0.0,0
mean_up,12.0,up,1.28516,0.0,lower,0.779311,1.817061,0.11225,0.10801,0.26362,288.656,292.252,89.989,0.0,0
mean_up,12.0,up,1.28516,0.0,lower,0.787474,1.825274,0.11096,0.10676,0.26382,288.65,292.251,90.052,0.0,0
mean_up,12.0,up,1.28516,0.0,lower,0.795522,1.833373,0.10974,0.10558,0.264,288.645,292.251,90.112,0.0,0
mean_up,12.0,up,1.28516,0.0,lower,0.803454,1.841355,0.10859,0.10448,0.26417,288.64,292.25,90.167,0.0,0
mean_up,12.0,up,1.28516,0.0,lower,0.811264,1.849217,0.10752,0.10344,0.26433,288.635,292.25,90.219,0.0,0
mean_up,12.0,up,1.28516,0.0,lower,0.818952,1.856955,0.10652,0.10248,0.26448,288.63,292.249,90.268,0.0,0
mean_up,12.0,up,1.28516,0.0,lower,0.826513,1.864567,0.1056,0.10159,0.26462,288.626,292.249,90.312,0.0,0
mean_up,12.0,up,1.28516,0.0,lower,0.833945,1.872051,0.10476,0.10078,0.26474,288.622,292.249,90.353,0.0,0
mean_up,12.0,up,1.28516,0.0,lower,0.841245,1.879402,0.10399,0.10004,0.26486,288.619,292.248,90.39,0.0,0
mean_up,12.0,up,1.28516,0.0,lower,0.84841,1.886618,0.1033,0.09937,0.26496,288.616,292.248,90.424,0.0,0
mean_up,12.0,up,1.28516,0.0,lower,0.855437,1.893697,0.10269,0.09879,0.26505,288.613,292.248,90.453,0.0,0
mean_up,12.0,up,1.28516,0.0,lower,0.862325,1.900635,0.10217,0.09828,0.26513,288.611,292.247,90.478,0.0,0
mean_up,12.0,up,1.28516,0.0,lower,0.86907,1.907431,0.10173,0.09786,0.2652,288.609,292.247,90.5,0.0,0
mean_up,12.0,up,1.28516,0.0,lower,0.875669,1.914081,0.10137,0.09752,0.26525,288.607,292.247,90.517,0.0,0
mean_up,12.0,up,1.28516,0.0,lower,0.88212,1.920582,0.10111,0.09726,0.26529,288.606,292.247,90.53,0.0,0
mean_up,12.0,up,1.28516,0.0,lower,0.888421,1.926933,0.10094,0.0971,0.26531,288.605,292.247,90.538,0.0,0
mean_up,12.0,up,1.28516,0.0,lower,0.89457,1.933131,0.10087,0.09703,0.26532,288.605,292.247,90.541,0.0,0
mean_up,12.0,up,1.28516,0.0,lower,0.900563,1.939173,0.1009,0.09706,0.26532,288.605,292.247,90.54,0.0,0
mean_up,12.0,up,1.28516,0.0,lower,0.906399,1.945057,0.10106,0.09721,0.2653,288.606,292.247,90.532,0.0,0
mean_up,12.0,up,1.28516,0.0,lower,0.912076,1.950781,0.10134,0.09748,0.26525,288.607,292.247,90.519,0.0,0
mean_up,12.0,up,1.28516,0.0,lower,0.917591,1.956343,0.10177,0.0979,0.26519,288.609,292.247,90.498,0.0,0
mean_up,12.0,up,1.28516,0.0,lower,0.922942,1.96174,0.10239,0.0985,0.2651,288.612,292.247,90.468,0.0,0
mean_up,12.0,up,1.28516,0.0,lower,0.928127,1.966971,0.10324,0.09932,0.26497,288.616,292.248,90.427,0.0,0
mean_up,12.0,up,1.28516,0.0,lower,0.933145,1.972033,0.10435,0.10039,0.2648,288.621,292.248,90.373,0.0,0
mean_up,12.0,up,1.28516,0.0,lower,0.937993,1.976924,0.10575,0.10174,0.26459,288.627,292.249,90.305,0.0,0
mean_up,12.0,up,1.28516,0.0,lower,0.94267,1.981643,0.10744,0.10337,0.26434,288.634,292.25,90.223,0.0,0
mean_up,12.0,up,1.28516,0.0,lower,0.947174,1.986188,0.10935,0.1052,0.26406,288.643,292.251,90.131,0.0,0
mean_up,12.0,up,1.28516,0.0,lower,0.951503,1.990557,0.11139,0.10717,0.26375,288.652,292.252,90.031,0.0,0
mean_up,12.0,up,1.28516,0.0,lower,0.955655,1.994748,0.11348,0.10919,0.26344,288.662,292.253,89.93,0.0,0
mean_up,12.0,up,1.28516,0.0,lower,0.95963,1.99876,0.11557,0.1112,0.26313,288.671,292.254,89.828,0.0,0
mean_up,12.0,up,1.28516,0.0,lower,0.963424,2.002591,0.11759,0.11315,0.26282,288.68,292.255,89.729,0.0,0
mean_up,12.0,up,1.28516,0.0,lower,0.967038,2.00624,0.11955,0.11504,0.26253,288.689,292.255,89.634,0.0,0
mean_up,12.0,up,1.28516,0.0,lower,0.97047,2.009705,0.12141,0.11684,0.26225,288.697,292.256,89.543,0.0,0
mean_up,12.0,up,1.28516,0.0,lower,0.973718,2.012985,0.12318,0.11854,0.26198,288.705,292.257,89.456,0.0,0
mean_up,12.0,up,1.28516,0.0,lower,0.976781,2.016078,0.12485,0.12016,0.26173,288.713,292.258,89.374,0.0,0
mean_up,12.0,up,1.28516,0.0,lower,0.979659,2.018984,0.12644,0.12169,0.26149,288.72,292.259,89.297,0.0,0
mean_up,12.0,up,1.28516,0.0,lower,0.982349,2.021702,0.12792,0.12312,0.26127,288.727,292.259,89.224,0.0,0
mean_up,12.0,up,1.28516,0.0,lower,0.984852,2.024229,0.12931,0.12446,0.26106,288.733,292.26,89.156,0.0,0
mean_up,12.0,up,1.28516,0.0,lower,0.987165,2.026566,0.1306,0.1257,0.26086,288.739,292.261,89.092,0.0,0
mean_up,12.0,up,1.28516,0.0,lower,0.989289,2.028712,0.13178,0.12685,0.26068,288.744,292.261,89.034,0.0,0
mean_up,12.0,up,1.28516,0.0,lower,0.991222,2.030665,0.13285,0.12788,0.26052,288.749,292.262,88.981,0.0,0
mean_up,12.0,up,1.28516,0.0,lower,0.992964,2.032424,0.13376,0.12875,0.26038,288.753,292.262,88.937,0.0,0
mean_up,12.0,up,1.28516,0.0,lower,0.994514,2.033991,0.13446,0.12943,0.26028,288.756,292.262,88.902,0.0,0
mean_up,12.0,up,1.28516,0.0,lower,0.995872,2.035362,0.13485,0.12981,0.26022,288.758,292.263,88.883,0.0,0
mean_up,12.0,up,1.28516,0.0,lower,0.997036,2.036539,0.13482,0.12978,0.26022,288.758,292.263,88.884,0.0,0
mean_up,12.0,up,1.28516,0.0,lower,0.998007,2.03752,0.13407,0.12905,0.26034,288.754,292.262,88.922,0.0,0
mean_up,12.0,up,1.28516,0.0,lower,0.998785,2.038305,0.13216,0.12721,0.26062,288.746,292.261,89.016,0.0,0
mean_up,12.0,up,1.28516,0.0,lower,0.999368,2.038895,0.1282,0.12339,0.26122,288.728,292.259,89.21,0.0,0
mean_up,12.0,up,1.28516,0.0,lower,0.999757,2.039288,0.12028,0.11574,0.26242,288.692,292.256,89.598,0.0,0
mean_up,12.0,up,1.28516,0.0,lower,0.999951,2.039484,0.10307,0.09915,0.26499,288.615,292.248,90.435,0.0,0
rise,16.0,up,1.69993,0.06661,upper,0.999951,4.9e-05,0.17988,0.17331,0.25331,288.96,292.284,86.633,0.24989,0
rise,16.0,up,1.69993,0.06661,upper,0.999757,0.000246,0.17672,0.17026,0.2538,288.946,292.282,86.792,0.24989,0
rise,16.0,up,1.69993,0.06661,upper,0.999368,0.000639,0.17504,0.16863,0.25406,288.938,292.281,86.878,0.24988,0
rise,16.0,up,1.69993,0.06661,upper,0.998785,0.001228,0.17428,0.16789,0.25418,288.935,292.281,86.916,0.24986,0
rise,16.0,up,1.69993,0.06661,upper,0.998007,0.002014,0.17423,0.16785,0.25419,288.935,292.281,86.918,0.24979,0
rise,16.0,up,1.69993,0.06661,upper,0.997036,0.002995,0.1748,0.16839,0.2541,288.937,292.281,86.89,0.24968,0
rise,16.0,up,1.69993,0.06661,upper,0.995872,0.004171,0.17595,0.16951,0.25392,288.942,292.282,86.831,0.24948,0
rise,16.0,up,1.69993,0.06661,upper,0.994514,0.005543,0.17765,0.17115,0.25366,288.95,292.283,86.746,0.24917,0
rise,16.0,up,1.69993,0.06661,upper,0.992964,0.007109,0.17995,0.17337,0.2533,288.96,292.284,86.629,0.24871,0
rise,16.0,up,1.69993,0.06661,upper,0.991222,0.008869,0.18281,0.17615,0.25286,288.973,292.285,86.484,0.24807,0
rise,16.0,up,1.69993,0.06661,upper,0.989289,0.010822,0.18629,0.1795,0.25232,288.989,292.287,86.308,0.24719,0
rise,16.0,up,1.69993,0.06661,upper,0.987165,0.012967,0.19036,0.18344,0.25168,289.007,292.288,86.1,0.24605,0
rise,16.0,up,1.69993,0.06661,upper,0.984852,0.015304,0.19502,0.18795,0.25095,289.028,292.291,85.862,0.24459,0
rise,16.0,up,1.69993,0.06661,upper,0.982349,0.017832,0.20027,0.19303,0.25013,289.051,292.293,85.593,0.24277,0
rise,16.0,up,1.69993,0.06661,upper,0.979659,0.020549,0.20608,0.19866,0.24922,289.077,292.296,85.294,0.24054,0
rise,16.0,up,1.69993,0.06661,upper,0.976781,0.023455,0.21242,0.20479,0.24822,289.106,292.299,84.967,0.23785,0
rise,16.0,up,1.69993,0.06661,upper,0.973718,0.026549,0.21921,0.21137,0.24714,289.136,292.302,84.615,0.23466,0
rise,16.0,up,1.69993,0.06661,upper,0.97047,0.029829,0.2264,0.21833,0.246,289.168,292.305,84.241,0.23092,0
rise,16.0,up,1.69993,0.06661,upper,0.967038,0.033294,0.23391,0.22561,0.2448,289.202,292.309,83.848,0.22661,0
rise,16.0,up,1.69993,0.06661,upper,0.963424,0.036942,0.24164,0.2331,0.24356,289.237,292.312,83.441,0.22167,0
rise,16.0,up,1.69993,0.06661,upper,0.95963,0.040773,0.24946,0.24069,0.2423,289.272,292.316,83.027,0.21609,0
rise,16.0,up,1.69993,0.06661,upper,0.955655,0.044785,0.25728,0.24826,0.24103,289.307,292.32,82.612,0.20984,0
rise,16.0,up,1.69993,0.06661,upper,0.951503,0.048976,0.26492,0.25568,0.23979,289.341,292.323,82.203,0.2029,0
rise,16.0,up,1.69993,0.06661,upper,0.947174,0.053345,0.27224,0.26279,0.23859,289.374,292.326,81.81,0.19527,0
rise,16.0,up,1.69993,0.06661,upper,0.94267,0.05789,0.27906,0.2694,0.23748,289.404,292.33,81.442,0.18694,0
rise,16.0,up,1.69993,0.06661,upper,0.937993,0.062609,0.2852,0.27536,0.23646,289.431,292.332,81.109,0.17793,0
rise,16.0,up,1.69993,0.06661,upper,0.933145,0.067501,0.29046,0.28047,0.2356,289.455,292.335,80.823,0.16826,0
rise,16.0,up,1.69993,0.06661,upper,0.928127,0.072563,0.29465,0.28454,0.2349,289.474,292.337,80.594,0.15797,0
rise,16.0,up,1.69993,0.06661,upper,0.922942,0.077793,0.29755,0.28736,0.23442,289.487,292.338,80.435,0.1471,0
rise,16.0,up,1.69993,0.06661,upper,0.917591,0.083191,0.29895,0.28872,0.23419,289.493,292.339,80.358,0.13572,0
rise,16.0,up,1.69993,0.06661,upper,0.912076,0.088752,0.29864,0.28841,0.23424,289.491,292.339,80.376,0.12392,0
rise,16.0,up,1.69993,0.06661,upper,0.906399,0.094477,0.2964,0.28624,0.23461,289.481,292.338,80.498,0.11177,0
rise,16.0,up,1.69993,0.06661,upper,0.900563,0.100361,0.29206,0.28202,0.23533,289.462,292.336,80.736,0.0994,0
rise,16.0,up,1.69993,0.06661,upper,0.89457,0.106403,0.28541,0.27557,0.23643,289.432,292.333,81.098,0.08694,0
rise,16.0,up,1.69993,0.06661,upper,0.888421,0.112601,0.27631,0.26673,0.23793,289.392,292.328,81.591,0.07453,0
rise,16.0,up,1.69993,0.06661,upper,0.88212,0.118951,0.26463,0.2554,0.23984,289.339,292.323,82.219,0.06235,0
rise,16.0,up,1.69993,0.06661,upper,0.875669,0.125453,0.25028,0.24148,0.24217,289.275,292.316,82.984,0.05057,0
rise,16.0,up,1.69993,0.06661,upper,0.86907,0.132103,0.23324,0.22496,0.24491,289.199,292.308,83.883,0.03942,0
rise,16.0,up,1.69993,0.06661,upper,0.862325,0.138898,0.21355,0.20589,0.24804,289.111,292.299,84.909,0.02913,0
rise,16.0,up,1.69993,0.06661,upper,0.855437,0.145837,0.19135,0.1844,0.25153,289.011,292.289,86.049,0.01993,0
rise,16.0,up,1.69993,0.06661,upper,0.84841,0.152915,0.16693,0.16079,0.25531,288.902,292.278,87.286,0.01212,0
rise,16.0,up,1.69993,0.06661,upper,0.841245,0.160132,0.14076,0.13551,0.25932,288.784,292.265,88.591,0.00599,0
rise,16.0,up,1.69993,0.06661,upper,0.833945,0.167483,0.11364,0.10934,0.26341,288.662,292.253,89.922,0.00185,0
rise,16.0,up,1.69993,0.06661,upper,0.826513,0.174966,0.08711,0.08377,0.26737,288.543,292.24,91.204,5e-05,0
rise,16.0,up,1.69993,0.06661,upper,0.818952,0.182578,0.06306,0.06061,0.27091,288.435,292.229,92.349,0.0,0
rise,16.0,up,1.69993,0.06661,upper,0.811264,0.190317,0.04161,0.03998,0.27403,288.338,292.219,93.358,0.0,0
rise,16.0,up,1.69993,0.06661,upper,0.803454,0.198179,0.02176,0.0209,0.27689,288.248,292.21,94.281,0.0,0
rise,16.0,up,1.69993,0.06661,upper,0.795522,0.206161,0.00311,0.00298,0.27956,288.164,292.201,95.14,0.0,0
rise,16.0,up,1.69993,0.06661,upper,0.787474,0.21426,-0.01456,-0.01398,0.28206,288.084,292.193,95.945,0.0,0
rise,16.0,up,1.69993,0.06661,upper,0.779311,0.222472,-0.03136,-0.03009,0.28443,288.008,292.185,96.705,0.0,0
rise,16.0,up,1.69993,0.06661,upper,0.771037,0.230796,-0.04735,-0.04541,0.28667,287.936,292.177,97.421,0.0,0
rise,16.0,up,1.69993,0.06661,upper,0.762655,0.239228,-0.06256,-0.05998,0.28878,287.867,292.17,98.098,0.0,0
rise,16.0,up,1.69993,0.06661,upper,0.754168,0.247763,-0.07697,-0.07377,0.29077,287.802,292.163,98.734,0.0,0
rise,16.0,up,1.69993,0.06661,upper,0.74558,0.2564,-0.09055,-0.08677,0.29263,287.74,292.157,99.33,0.0,0
rise,16.0,up,1.69993,0.06661,upper,0.736893,0.265134,-0.10323,-0.0989,0.29436,287.683,292.151,99.882,0.0,0
rise,16.0,up,1.69993,0.06661,upper,0.728111,0.273963,-0.11494,-0.11009,0.29596,287.63,292.146,100.39,0.0,0
rise,16.0,up,1.69993,0.06661,upper,0.719238,0.282883,-0.12554,-0.12022,0.29739,287.581,292.141,100.847,0.0,0
rise,16.0,up,1.69993,0.06661,upper,0.710277,0.29189,-0.13491,-0.12917,0.29865,287.539,292.136,101.249,0.0,0
rise,16.0,up,1.69993,0.06661,upper,0.70123,0.300982,-0.14288,-0.13677,0.29972,287.503,292.132,101.589,0.0,0
rise,16.0,up,1.69993,0.06661,upper,0.692103,0.310153,-0.14927,-0.14287,0.30058,287.474,292.129,101.861,0.0,0
rise,16.0,up,1.69993,0.06661,upper,0.682897,0.319402,-0.15394,-0.14733,0.30121,287.452,292.127,102.059,0.0,0
rise,16.0,up,1.69993,0.06661,upper,0.673617,0.328725,-0.15678,-0.15004,0.30159,287.439,292.126,102.179,0.0,0
rise,16.0,up,1.69993,0.06661,upper,0.664267,0.338117,-0.15782,-0.15103,0.30172,287.435,292.125,102.223,0.0,0
rise,16.0,up,1.69993,0.06661,upper,0.654849,0.347575,-0.15728,-0.15051,0.30165,287.437,292.126,102.199,0.0,0
rise,16.0,up,1.69993,0.06661,upper,0.645368,0.357096,-0.15567,-0.14898,0.30144,287.444,292.126,102.129,0.0,0
rise,16.0,up,1.69993,0.06661,upper,0.635826,0.366676,-0.15387,-0.14726,0.3012,287.453,292.127,102.05,0.0,0
rise,16.0,up,1.69993,0.06661,upper,0.626229,0.376311,-0.15311,-0.14654,0.3011,287.456,292.128,102.014,0.0,0
rise,16.0,up,1.69993,0.06661,upper,0.616578,0.385997,-0.15489,-0.14824,0.30133,287.448,292.127,102.087,0.0,0
rise,16.0,up,1.69993,0.06661,upper,0.606879,0.395732,-0.16082,-0.15389,0.30212,287.421,292.124,102.334,0.0,0
rise,16.0,up,1.69993,0.06661,upper,0.597135,0.40551,-0.1723,-0.16484,0.30365,287.369,292.119,102.817,0.0,0
rise,16.0,up,1.69993,0.06661,upper,0.587349,0.415328,-0.19034,-0.18203,0.30604,287.287,292.11,103.573,0.0,0
rise,16.0,up,1.69993,0.06661,upper,0.577526,0.425183,-0.21527,-0.20577,0.30931,287.173,292.098,104.61,0.0,0
rise,16.0,up,1.69993,0.06661,upper,0.567668,0.435071,-0.24671,-0.23568,0.3134,287.03,292.083,105.903,0.0,0
rise,16.0,up,1.69993,0.06661,upper,0.557781,0.444987,-0.28367,-0.27079,0.31815,286.861,292.066,107.4,0.0,0
rise,16.0,up,1.69993,0.06661,upper,0.547867,0.454929,-0.32472,-0.30972,0.32335,286.673,292.046,109.036,0.0,0
rise,16.0,up,1.69993,0.06661,upper,0.537931,0.464892,-0.36827,-0.35095,0.3288,286.474,292.026,110.742,0.0,0
rise,16.0,up,1.69993,0.06661,upper,0.527975,0.474872,-0.41288,-0.39311,0.33431,286.269,292.005,112.459,0.0,0
rise,16.0,up,1.69993,0.06661,upper,0.518005,0.484865,-0.45742,-0.43515,0.33974,286.064,291.983,114.144,0.0,0
rise,16.0,up,1.69993,0.06661,upper,0.508024,0.494868,-0.50113,-0.47631,0.345,285.863,291.962,115.77,0.0,0
rise,16.0,up,1.69993,0.06661,upper,0.498036,0.504877,-0.54359,-0.51624,0.35005,285.667,291.942,117.326,0.0,0
rise,16.0,up,1.69993,0.06661,upper,0.488044,0.514888,-0.58471,-0.55483,0.35489,285.477,291.922,118.81,0.0,0
rise,16.0,up,1.69993,0.06661,upper,0.478053,0.524897,-0.62453,-0.59215,0.35952,285.293,291.903,120.227,0.0,0
rise,16.0,up,1.69993,0.06661,upper,0.468067,0.5349,-0.66322,-0.62835,0.36398,285.114,291.885,121.586,0.0,0
rise,16.0,up,1.69993,0.06661,upper,0.458088,0.544894,-0.701,-0.66365,0.3683,284.938,291.866,122.897,0.0,0
rise,16.0,up,1.69993,0.06661,upper,0.448122,0.554874,-0.73805,-0.69822,0.37249,284.766,291.849,124.167,0.0,0
rise,16.0,up,1.69993,0.06661,upper,0.438172,0.564836,-0.77459,-0.73226,0.37659,284.596,291.831,125.406,0.0,0
rise,16.0,up,1.69993,0.06661,upper,0.428241,0.574778,-0.81081,-0.76596,0.38063,284.427,291.813,126.619,0.0,0
rise,16.0,up,1.69993,0.06661,upper,0.418335,0.584694,-0.84688,-0.79947,0.38461,284.258,291.796,127.815,0.0,0
rise,16.0,up,1.69993,0.06661,upper,0.408456,0.594582,-0.88296,-0.83293,0.38857,284.09,291.778,128.998,0.0,0
rise,16.0,up,1.69993,0.06661,upper,0.398608,0.604437,-0.91917,-0.86647,0.39251,283.92,291.761,130.173,0.0,0
rise,16.0,up,1.69993,0.06661,upper,0.388796,0.614256,-0.95564,-0.9002,0.39645,283.749,291.743,131.344,0.0,0
rise,16.0,up,1.69993,0.06661,upper,0.379023,0.624034,-0.99247,-0.93423,0.4004,283.576,291.725,132.515,0.0,0
rise,16.0,up,1.69993,0.06661,upper,0.369292,0.633768,-1.02978,-0.96864,0.40437,283.4,291.707,133.688,0.0,0
rise,16.0,up,1.69993,0.06661,upper,0.359609,0.643455,-1.06765,-1.00352,0.40837,283.222,291.688,134.867,0.0,0
rise,16.0,up,1.69993,0.06661,upper,0.349977,0.65309,-1.10618,-1.03895,0.41242,283.04,291.67,136.055,0.0,0
rise,16.0,up,1.69993,0.06661,upper,0.340398,0.662669,-1.14545,-1.07501,0.41651,282.854,291.65,137.252,0.0,0
rise,16.0,up,1.69993,0.06661,upper,0.330879,0.67219,-1.18554,-1.11176,0.42067,282.664,291.631,138.463,0.0,0
rise,16.0,up,1.69993,0.06661,upper,0.321421,0.681649,-1.22654,-1.14929,0.42488,282.47,291.61,139.687,0.0,0
rise,16.0,up,1.69993,0.06661,upper,0.312029,0.691041,-1.26853,-1.18765,0.42917,282.27,291.59,140.929,0.0,0
rise,16.0,up,1.69993,0.06661,upper,0.302707,0.700363,-1.31158,-1.22693,0.43354,282.065,291.568,142.188,0.0,0
rise,16.0,up,1.69993,0.06661,upper,0.293458,0.709612,-1.35579,-1.2672,0.43799,281.854,291.547,143.468,0.0,0
rise,16.0,up,1.69993,0.06661,upper,0.284286,0.718784,-1.40124,-1.30852,0.44254,281.637,291.524,144.769,0.0,0
rise,16.0,up,1.69993,0.06661,upper,0.275196,0.727875,-1.44803,-1.35098,0.44719,281.413,291.501,146.095,0.0,0
rise,16.0,up,1.69993,0.06661,upper,0.266189,0.736882,-1.49624,-1.39466,0.45195,281.182,291.477,147.446,0.0,0
rise,16.0,up,1.69993,0.06661,upper,0.257271,0.745802,-1.54599,-1.43964,0.45682,280.942,291.452,148.824,0.0,0
rise,16.0,up,1.69993,0.06661,upper,0.248445,0.754631,-1.59738,-1.48601,0.46183,280.695,291.426,150.232,0.0,0
rise,16.0,up,1.69993,0.06661,upper,0.239714,0.763365,-1.65053,-1.53387,0.46696,280.438,291.4,151.671,0.0,0
rise,16.0,up,1.69993,0.06661,upper,0.231082,0.772002,-1.70557,-1.58333,0.47225,280.172,291.372,153.144,0.0,0
rise,16.0,up,1.69993,0.06661,upper,0.222553,0.780538,-1.76263,-1.6345,0.47769,279.895,291.343,154.653,0.0,0
rise,16.0,up,1.69993,0.06661,upper,0.21413,0.788969,-1.82186,-1.6875,0.48329,279.607,291.313,156.201,0.0,0
rise,16.0,up,1.69993,0.06661,upper,0.205817,0.797293,-1.88344,-1.74246,0.48908,279.306,291.282,157.79,0.0,0
rise,16.0,up,1.69993,0.06661,upper,0.197617,0.805506,-1.94753,-1.79953,0.49506,278.993,291.25,159.424,0.0,0
rise,16.0,up,1.69993,0.06661,upper,0.189534,0.813605,-2.01433,-1.85887,0.50125,278.665,291.216,161.104,0.0,0
rise,16.0,up,1.69993,0.06661,upper,0.181571,0.821587,-2.08408,-1.92066,0.50767,278.322,291.18,162.836,0.0,0
rise,16.0,up,1.69993,0.06661,upper,0.173732,0.829448,-2.15699,-1.98508,0.51433,277.962,291.143,164.622,0.0,0
rise,16.0,up,1.69993,0.06661,upper,0.166019,0.837187,-2.23335,-2.05235,0.52126,277.584,291.104,166.467,0.0,0
rise,16.0,up,1.69993,0.06661,upper,0.158437,0.844799,-2.31346,-2.12271,0.52847,277.186,291.062,168.374,0.0,0
rise,16.0,up,1.69993,0.06661,upper,0.150989,0.852282,-2.39764,-2.19641,0.53599,276.766,291.019,170.35,0.0,0
rise,16.0,up,1.69993,0.06661,upper,0.143678,0.859634,-2.48627,-2.27376,0.54386,276.322,290.973,172.398,0.0,0
rise,16.0,up,1.69993,0.06661,upper,0.136507,0.86685,-2.57977,-2.35507,0.55209,275.852,290.924,174.526,0.0,0
rise,16.0,up,1.69993,0.06661,upper,0.12948,0.873929,-2.67861,-2.44071,0.56073,275.353,290.872,176.74,0.0,0
rise,16.0,up,1.69993,0.06661,upper,0.122599,0.880867,-2.78332,-2.53109,0.56982,274.821,290.817,179.046,0.0,0
rise,16.0,up,1.69993,0.06661,upper,0.115868,0.887663,-2.89451,-2.62667,0.5794,274.255,290.758,181.453,0.0,0
rise,16.0,up,1.69993,0.06661,upper,0.109291,0.894312,-3.01285,-2.72796,0.58952,273.648,290.695,183.969,0.0,0
rise,16.0,up,1.69993,0.06661,upper,0.10287,0.900814,-3.13913,-2.83554,0.60024,272.997,290.628,186.605,0.0,0
rise,16.0,up,1.69993,0.06661,upper,0.096608,0.907165,-3.27424,-2.95009,0.61163,272.296,290.555,189.371,0.0,0
rise,16.0,up,1.69993,0.06661,upper,0.090509,0.913362,-3.4192,-3.07233,0.62376,271.539,290.477,192.279,0.0,0
rise,16.0,up,1.69993,0.06661,upper,0.084576,0.919405,-3.57518,-3.20314,0.63672,270.718,290.392,195.343,0.0,0
rise,16.0,up,1.69993,0.06661,upper,0.078811,0.925289,-3.74354,-3.34347,0.65061,269.825,290.299,198.577,0.0,0
rise,16.0,up,1.69993,0.06661,upper,0.073219,0.931013,-3.92584,-3.49444,0.66555,268.85,290.198,201.998,0.0,0
rise,16.0,up,1.69993,0.06661,upper,0.067802,0.936575,-4.12392,-3.65731,0.68169,267.78,290.087,205.626,0.0,0
rise,16.0,up,1.69993,0.06661,upper,0.062564,0.941972,-4.3399,-3.83356,0.69919,266.602,289.965,209.48,0.0,0
rise,16.0,up,1.69993,0.06661,upper,0.057507,0.947203,-4.57625,-4.02483,0.71823,265.297,289.829,213.585,0.0,0
rise,16.0,up,1.69993,0.06661,upper,0.052636,0.952265,-4.83591,-4.23306,0.73907,263.845,289.679,217.966,0.0,0
rise,16.0,up,1.69993,0.06661,upper,0.047953,0.957156,-5.12229,-4.46044,0.76197,262.219,289.51,222.651,0.0,0
rise,16.0,up,1.69993,0.06661,upper,0.043463,0.961875,-5.43943,-4.70951,0.78728,260.39,289.32,227.672,0.0,0
rise,16.0,up,1.69993,0.06661,upper,0.039169,0.96642,-5.79205,-4.98312,0.81542,258.317,289.105,233.063,0.0,0
rise,16.0,up,1.69993,0.06661,upper,0.035074,0.970789,-6.18572,-5.28452,0.8469,255.952,288.86,238.861,0.0,0
rise,16.0,up,1.69993,0.06661,upper,0.031184,0.97498,-6.6269,-5.61732,0.88237,253.236,288.578,245.104,0.0,0
rise,16.0,up,1.69993,0.06661,upper,0.027503,0.978992,-7.12306,-5.98544,0.92262,250.091,288.252,251.83,0.0,0
rise,16.0,up,1.69993,0.06661,upper,0.024036,0.982823,-7.68262,-6.39301,0.96869,246.422,287.872,259.072,0.0,0
rise,16.0,up,1.69993,0.06661,upper,0.020787,0.986471,-8.31474,-6.84402,1.02188,242.105,287.424,266.858,0.0,1
rise,16.0,up,1.69993,0.06661,upper,0.017763,0.989936,-9.02878,-7.34187,1.08389,236.986,286.893,275.196,0.0,1
rise,16.0,up,1.69993,0.06661,upper,0.01497,0.993216,-9.83305,-7.88839,1.15692,230.867,286.258,284.068,0.0,1
rise,16.0,up,1.69993,0.06661,upper,0.012415,0.99631,-10.73245,-8.48241,1.24387,223.506,285.495,293.406,0.0,1
rise,16.0,up,1.69993,0.06661,upper,0.010104,0.999216,-11.72456,-9.11758,1.34853,214.613,284.572,303.074,0.0,1
rise,16.0,up,1.69993,0.06661,upper,0.008043,1.001933,-12.79348,-9.77947,1.47576,203.869,283.458,312.83,0.0,1
rise,16.0,up,1.69993,0.06661,upper,0.006238,1.00446,-13.9021,-10.44255,1.63157,190.987,282.122,322.308,0.0,1
rise,16.0,up,1.69993,0.06661,upper,0.004692,1.006797,-14.98499,-11.0684,1.82225,175.869,280.554,331.005,0.0,1
rise,16.0,up,1.69993,0.06661,upper,0.003403,1.008943,-15.94791,-11.60764,2.05034,158.991,278.803,338.32,0.0,1
rise,16.0,up,1.69993,0.06661,upper,0.002365,1.010896,-16.68212,-12.00834,2.29972,142.228,277.065,343.654,0.0,1
rise,16.0,up,1.69993,0.06661,upper,0.001562,1.012656,-17.09664,-12.2307,2.50069,130.035,275.8,346.578,0.0,1
rise,16.0,up,1.69993,0.06661,upper,0.00097,1.014222,-17.15668,-12.26268,2.53599,128.013,275.59,346.997,0.0,1
rise,16.0,up,1.69993,0.06661,upper,0.000559,1.015594,-16.90323,-12.12729,2.3989,136.065,276.425,345.221,0.0,1
rise,16.0,up,1.69993,0.06661,upper,0.000292,1.016771,-16.43606,-11.87504,2.20498,148.383,277.703,341.888,0.0,1
rise,16.0,up,1.69993,0.06661,upper,0.000135,1.017752,-15.88045,-11.57037,2.03159,160.325,278.942,337.819,0.0,1
rise,16.0,up,1.69993,0.06661,upper,5.2e-05,1.018538,-15.34712,-11.27306,1.89935,170.007,279.946,333.8,0.0,1
rise,16.0,up,1.69993,0.06661,upper,1.5e-05,1.019128,-14.91963,-11.03121,1.8092,176.877,280.658,330.495,0.0,1
rise,16.0,up,1.69993,0.06661,upper,3e-06,1.019521,-14.65428,-10.87949,1.75855,180.827,281.068,328.404,0.0,1
rise,16.0,up,1.69993,0.06661,upper,0.0,1.019718,-14.58898,-10.84196,1.74662,181.766,281.166,327.885,0.0,1
rise,16.0,up,1.69993,0.06661,lower,0.0,1.019816,-14.52967,-10.80781,1.73595,182.609,281.253,327.412,0.0,1
rise,16.0,up,1.69993,0.06661,lower,3e-06,1.020013,-14.25697,-10.64997,1.68879,186.365,281.643,325.216,0.0,1
rise,16.0,up,1.69993,0.06661,lower,1.5e-05,1.020406,-13.81556,-10.39162,1.61824,192.072,282.234,321.59,0.0,1
rise,16.0,up,1.69993,0.06661,lower,5.2e-05,1.020995,-13.1811,-10.01396,1.5269,199.599,283.015,316.215,0.0,1
rise,16.0,up,1.69993,0.06661,lower,0.000135,1.021781,-12.3315,-9.49619,1.41855,208.682,283.957,308.692,0.0,1
rise,16.0,up,1.69993,0.06661,lower,0.000292,1.022763,-11.26144,-8.82364,1.29834,218.876,285.015,298.639,0.0,1
rise,16.0,up,1.69993,0.06661,lower,0.000559,1.02394,-9.98807,-7.99205,1.17147,229.64,286.131,285.719,0.0,1
rise,16.0,up,1.69993,0.06661,lower,0.00097,1.025312,-8.56565,-7.02035,1.04341,240.337,287.24,269.84,0.0,1
rise,16.0,up,1.69993,0.06661,lower,0.001562,1.026878,-7.08042,-5.95406,0.91914,250.365,288.281,251.263,0.0,0
rise,16.0,up,1.69993,0.06661,lower,0.002365,1.028638,-5.63129,-4.85881,0.80259,259.267,289.204,230.629,0.0,0
rise,16.0,up,1.69993,0.06661,lower,0.003403,1.030591,-4.30393,-3.8043,0.69628,266.799,289.985,208.846,0.0,0
rise,16.0,up,1.69993,0.06661,lower,0.004692,1.032736,-3.15226,-2.8467,0.60135,272.929,290.621,186.876,0.0,0
rise,16.0,up,1.69993,0.06661,lower,0.006238,1.035073,-2.19511,-2.01868,0.51779,277.773,291.123,165.546,0.0,0
rise,16.0,up,1.69993,0.06661,lower,0.008043,1.037601,-1.42462,-1.32974,0.44487,281.525,291.512,145.433,0.0,0
rise,16.0,up,1.69993,0.06661,lower,0.010104,1.040318,-0.81812,-0.77275,0.38144,284.393,291.81,126.863,0.0,0
rise,16.0,up,1.69993,0.06661,lower,0.012415,1.043224,-0.3479,-0.33168,0.32626,286.567,292.035,109.954,0.0,0
rise,16.0,up,1.69993,0.06661,lower,0.01497,1.046317,0.01294,0.01243,0.27815,288.208,292.206,94.688,0.0,0
rise,16.0,up,1.69993,0.06661,lower,0.017763,1.049597,0.28782,0.27791,0.23603,289.443,292.334,80.967,0.0,0
rise,16.0,up,1.69993,0.06661,lower,0.020787,1.053062,0.49591,0.48084,0.19897,290.369,292.43,68.653,0.0,0
rise,16.0,up,1.69993,0.06661,lower,0.024036,1.056711,0.65239,0.63457,0.16618,291.061,292.501,57.598,0.0,0
rise,16.0,up,1.69993,0.06661,lower,0.027503,1.060542,0.76905,0.74982,0.13701,291.574,292.555,47.658,0.0,0
rise,16.0,up,1.69993,0.06661,lower,0.031184,1.064554,0.85498,0.83506,0.11091,291.95,292.594,38.697,0.0,0
rise,16.0,up,1.69993,0.06661,lower,0.035074,1.068745,0.91713,0.89689,0.08744,292.221,292.622,30.595,0.0,0
rise,16.0,up,1.69993,0.06661,lower,0.039169,1.073114,0.96083,0.94047,0.06621,292.412,292.642,23.247,0.0,0
rise,16.0,up,1.69993,0.06661,lower,0.043463,1.077658,0.99019,0.96979,0.04687,292.54,292.655,16.561,0.0,0
rise,16.0,up,1.69993,0.06661,lower,0.047953,1.082377,1.00837,0.98796,0.02908,292.619,292.663,10.457,0.0,0
rise,16.0,up,1.69993,0.06661,lower,0.052636,1.087269,1.0178,0.99739,0.01204,292.66,292.667,4.866,0.0,0
rise,16.0,up,1.69993,0.06661,lower,0.057507,1.092331,1.0204,0.99999,0.0,292.668,292.668,0.27,0.0,0
rise,16.0,up,1.69993,0.06661,lower,0.062564,1.097562,1.01765,0.99724,0.01249,292.659,292.667,5.002,0.0,0
rise,16.0,up,1.69993,0.06661,lower,0.067802,1.102959,1.01073,0.99032,0.02589,292.629,292.664,9.374,0.0,0
rise,16.0,up,1.69993,0.06661,lower,0.073219,1.108521,1.00056,0.98015,0.03777,292.585,292.66,13.425,0.0,0
rise,16.0,up,1.69993,0.06661,lower,0.078811,1.114245,0.98786,0.96746,0.04869,292.53,292.654,17.187,0.0,0
rise,16.0,up,1.69993,0.06661,lower,0.084576,1.120129,0.97323,0.95285,0.05882,292.466,292.647,20.69,0.0,0
rise,16.0,up,1.69993,0.06661,lower,0.090509,1.126171,0.95713,0.93678,0.06826,292.396,292.64,23.957,0.0,0
rise,16.0,up,1.69993,0.06661,lower,0.096608,1.132369,0.93994,0.91963,0.07708,292.321,292.632,27.012,0.0,0
rise,16.0,up,1.69993,0.06661,lower,0.10287,1.13872,0.92196,0.90171,0.08535,292.242,292.624,29.873,0.0,0
rise,16.0,up,1.69993,0.06661,lower,0.109291,1.145221,0.90342,0.88325,0.09312,292.162,292.616,32.557,0.0,0
rise,16.0,up,1.69993,0.06661,lower,0.115868,1.151871,0.88454,0.86445,0.10042,292.079,292.607,35.08,0.0,0
rise,16.0,up,1.69993,0.06661,lower,0.122599,1.158666,0.86545,0.84547,0.10731,291.996,292.598,37.456,0.0,0
rise,16.0,up,1.69993,0.06661,lower,0.12948,1.165605,0.84631,0.82644,0.11381,291.912,292.59,39.695,0.0,0
rise,16.0,up,1.69993,0.06661,lower,0.136507,1.172683,0.8272,0.80747,0.11995,291.828,292.581,41.808,0.0,0
rise,16.0,up,1.69993,0.06661,lower,0.143678,1.1799,0.80821,0.78863,0.12577,291.745,292.572,43.806,0.0,0
rise,16.0,up,1.69993,0.06661,lower,0.150989,1.187251,0.78942,0.77,0.13128,291.663,292.564,45.696,0.0,0
rise,16.0,up,1.69993,0.06661,lower,0.158437,1.194734,0.77087,0.75162,0.13651,291.582,292.555,47.486,0.0,0
rise,16.0,up,1.69993,0.06661,lower,0.166019,1.202347,0.7526,0.73354,0.14147,291.501,292.547,49.184,0.0,0
rise,16.0,up,1.69993,0.06661,lower,0.173732,1.210085,0.73466,0.71579,0.14619,291.423,292.539,50.796,0.0,0
rise,16.0,up,1.69993,0.06661,lower,0.181571,1.217947,0.71707,0.6984,0.15067,291.345,292.531,52.327,0.0,0
rise,16.0,up,1.69993,0.06661,lower,0.189534,1.225929,0.69985,0.68139,0.15495,291.27,292.523,53.782,0.0,0
rise,16.0,up,1.69993,0.06661,lower,0.197617,1.234028,0.68301,0.66477,0.15902,291.196,292.515,55.167,0.0,0
rise,16.0,up,1.69993,0.06661,lower,0.205817,1.242241,0.66657,0.64855,0.1629,291.123,292.508,56.486,0.0,0
rise,16.0,up,1.69993,0.06661,lower,0.21413,1.250564,0.65053,0.63274,0.1666,291.052,292.501,57.743,0.0,0
rise,16.0,up,1.69993,0.06661,lower,0.222553,1.258996,0.6349,0.61734,0.17014,290.984,292.493,58.941,0.0,0
rise,16.0,up,1.69993,0.06661,lower,0.231082,1.267531,0.61967,0.60235,0.17352,290.916,292.487,60.084,0.0,0
rise,16.0,up,1.69993,0.06661,lower,0.239714,1.276168,0.60486,0.58777,0.17674,290.851,292.48,61.176,0.0,0
rise,16.0,up,1.69993,0.06661,lower,0.248445,1.284903,0.59045,0.57361,0.17983,290.787,292.473,62.218,0.0,0
rise,16.0,up,1.69993,0.06661,lower,0.257271,1.293731,0.57644,0.55984,0.18278,290.726,292.467,63.214,0.0,0
rise,16.0,up,1.69993,0.06661,lower,0.266189,1.302651,0.56284,0.54648,0.18561,290.665,292.46,64.167,0.0,0
rise,16.0,up,1.69993,0.06661,lower,0.275196,1.311658,0.54962,0.5335,0.18832,290.607,292.454,65.078,0.0,0
rise,16.0,up,1.69993,0.06661,lower,0.284286,1.32075,0.53679,0.52091,0.19091,290.55,292.449,65.95,0.0,0
rise,16.0,up,1.69993,0.06661,lower,0.293458,1.329922,0.52434,0.5087,0.1934,290.495,292.443,66.786,0.0,0
rise,16.0,up,1.69993,0.06661,lower,0.302707,1.33917,0.51226,0.49686,0.19578,290.442,292.437,67.586,0.0,0
rise,16.0,up,1.69993,0.06661,lower,0.312029,1.348493,0.50054,0.48538,0.19807,290.39,292.432,68.352,0.0,0
rise,16.0,up,1.69993,0.06661,lower,0.321421,1.357885,0.48917,0.47425,0.20027,290.339,292.427,69.088,0.0,0
rise,16.0,up,1.69993,0.06661,lower,0.330879,1.367343,0.47815,0.46346,0.20237,290.29,292.422,69.793,0.0,0
rise,16.0,up,1.69993,0.06661,lower,0.340398,1.376864,0.46747,0.453,0.2044,290.243,292.417,70.47,0.0,0
rise,16.0,up,1.69993,0.06661,lower,0.349977,1.386444,0.4571,0.44287,0.20634,290.197,292.412,71.12,0.0,0
rise,16.0,up,1.69993,0.06661,lower,0.359609,1.396079,0.44706,0.43305,0.20821,290.152,292.407,71.744,0.0,0
rise,16.0,up,1.69993,0.06661,lower,0.369292,1.405765,0.43732,0.42353,0.21001,290.109,292.403,72.343,0.0,0
rise,16.0,up,1.69993,0.06661,lower,0.379023,1.4155,0.42788,0.41431,0.21174,290.067,292.398,72.92,0.0,0
rise,16.0,up,1.69993,0.06661,lower,0.388796,1.425278,0.41873,0.40537,0.2134,290.027,292.394,73.474,0.0,0
rise,16.0,up,1.69993,0.06661,lower,0.398608,1.435097,0.40986,0.39671,0.21501,289.987,292.39,74.007,0.0,0
rise,16.0,up,1.69993,0.06661,lower,0.408456,1.444952,0.40125,0.38832,0.21655,289.949,292.386,74.52,0.0,0
rise,16.0,up,1.69993,0.06661,lower,0.418335,1.454839,0.39292,0.38019,0.21803,289.912,292.382,75.014,0.0,0
rise,16.0,up,1.69993,0.06661,lower,0.428241,1.464756,0.38483,0.3723,0.21947,289.876,292.379,75.489,0.0,0
rise,16.0,up,1.69993,0.06661,lower,0.438172,1.474697,0.37699,0.36466,0.22085,289.841,292.375,75.947,0.0,0
rise,16.0,up,1.69993,0.06661,lower,0.448122,1.48466,0.36939,0.35725,0.22218,289.807,292.371,76.389,0.0,0
rise,16.0,up,1.69993,0.06661,lower,0.458088,1.49464,0.36202,0.35007,0.22346,289.774,292.368,76.815,0.0,0
rise,16.0,up,1.69993,0.06661,lower,0.468067,1.504633,0.35486,0.3431,0.2247,289.742,292.365,77.225,0.0,0
rise,16.0,up,1.69993,0.06661,lower,0.478053,1.514636,0.34792,0.33635,0.2259,289.711,292.362,77.621,0.0,0
rise,16.0,up,1.69993,0.06661,lower,0.488044,1.524645,0.3412,0.3298,0.22705,289.681,292.358,78.003,0.0,0
rise,16.0,up,1.69993,0.06661,lower,0.498036,1.534656,0.33467,0.32345,0.22817,289.652,292.355,78.372,0.0,0
rise,16.0,up,1.69993,0.06661,lower,0.508024,1.544665,0.32834,0.31729,0.22925,289.624,292.352,78.728,0.0,0
rise,16.0,up,1.69993,0.06661,lower,0.518005,1.554668,0.32218,0.3113,0.23029,289.597,292.35,79.072,0.0,0
rise,16.0,up,1.69993,0.06661,lower,0.527975,1.564662,0.3162,0.30548,0.2313,289.57,292.347,79.406,0.0,0
rise,16.0,up,1.69993,0.06661,lower,0.537931,1.574642,0.31039,0.29984,0.23227,289.544,292.344,79.728,0.0,0
rise,16.0,up,1.69993,0.06661,lower,0.547867,1.584605,0.30474,0.29435,0.23322,289.519,292.342,80.04,0.0,0
rise,16.0,up,1.69993,0.06661,lower,0.557781,1.594546,0.29924,0.289,0.23414,289.494,292.339,80.343,0.0,0
rise,16.0,up,1.69993,0.06661,lower,0.567668,1.604463,0.29387,0.28378,0.23503,289.47,292.336,80.637,0.0,0
rise,16.0,up,1.69993,0.06661,lower,0.577526,1.61435,0.28863,0.27869,0.2359,289.447,292.334,80.923,0.0,0
rise,16.0,up,1.69993,0.06661,lower,0.587349,1.624205,0.28351,0.27372,0.23674,289.424,292.332,81.201,0.0,0
rise,16.0,up,1.69993,0.06661,lower,0.597135,1.634024,0.27849,0.26885,0.23757,289.401,292.329,81.473,0.0,0
rise,16.0,up,1.69993,0.06661,lower,0.606879,1.643802,0.27358,0.26408,0.23838,289.38,292.327,81.738,0.0,0
rise,16.0,up,1.69993,0.06661,lower,0.616578,1.653536,0.26876,0.2594,0.23916,289.358,292.325,81.998,0.0,0
rise,16.0,up,1.69993,0.06661,lower,0.626229,1.663223,0.26403,0.25481,0.23994,289.337,292.323,82.251,0.0,0
rise,16.0,up,1.69993,0.06661,lower,0.635826,1.672858,0.25939,0.25031,0.24069,289.316,292.321,82.499,0.0,0
rise,16.0,up,1.69993,0.06661,lower,0.645368,1.682438,0.25484,0.2459,0.24143,289.296,292.318,82.742,0.0,0
rise,16.0,up,1.69993,0.06661,lower,0.654849,1.691959,0.25038,0.24157,0.24215,289.276,292.316,82.979,0.0,0
rise,16.0,up,1.69993,0.06661,lower,0.664267,1.701417,0.24601,0.23734,0.24286,289.256,292.314,83.21,0.0,0
rise,16.0,up,1.69993,0.06661,lower,0.673617,1.710809,0.24173,0.23319,0.24354,289.237,292.312,83.436,0.0,0
rise,16.0,up,1.69993,0.06661,lower,0.682897,1.720131,0.23755,0.22914,0.24421,289.218,292.31,83.656,0.0,0
rise,16.0,up,1.69993,0.06661,lower,0.692103,1.72938,0.23347,0.22518,0.24487,289.2,292.308,83.871,0.0,0
rise,16.0,up,1.69993,0.06661,lower,0.70123,1.738552,0.22948,0.22132,0.24551,289.182,292.307,84.08,0.0,0
rise,16.0,up,1.69993,0.06661,lower,0.710277,1.747643,0.22559,0.21755,0.24613,289.165,292.305,84.283,0.0,0
rise,16.0,up,1.69993,0.06661,lower,0.719238,1.756651,0.22181,0.21388,0.24673,289.148,292.303,84.48,0.0,0
rise,16.0,up,1.69993,0.06661,lower,0.728111,1.76557,0.21812,0.21031,0.24731,289.131,292.301,84.672,0.0,0
rise,16.0,up,1.69993,0.06661,lower,0.736893,1.774399,0.21453,0.20684,0.24788,289.115,292.3,84.858,0.0,0
rise,16.0,up,1.69993,0.06661,lower,0.74558,1.783134,0.21104,0.20346,0.24843,289.1,292.298,85.038,0.0,0
rise,16.0,up,1.69993,0.06661,lower,0.754168,1.79177,0.20766,0.20018,0.24897,289.084,292.296,85.213,0.0,0
rise,16.0,up,1.69993,0.06661,lower,0.762655,1.800306,0.20437,0.197,0.24948,289.07,292.295,85.382,0.0,0
rise,16.0,up,1.69993,0.06661,lower,0.771037,1.808737,0.20118,0.19392,0.24999,289.055,292.293,85.546,0.0,0
rise,16.0,up,1.69993,0.06661,lower,0.779311,1.817061,0.1981,0.19093,0.25047,289.042,292.292,85.704,0.0,0
rise,16.0,up,1.69993,0.06661,lower,0.787474,1.825274,0.19512,0.18805,0.25094,289.028,292.291,85.857,0.0,0
rise,16.0,up,1.69993,0.06661,lower,0.795522,1.833373,0.19225,0.18527,0.25139,289.015,292.289,86.004,0.0,0
rise,16.0,up,1.69993,0.06661,lower,0.803454,1.841355,0.18949,0.1826,0.25182,289.003,292.288,86.144,0.0,0
rise,16.0,up,1.69993,0.06661,lower,0.811264,1.849217,0.18685,0.18004,0.25223,288.991,292.287,86.279,0.0,0
rise,16.0,up,1.69993,0.06661,lower,0.818952,1.856955,0.18432,0.17761,0.25262,288.98,292.286,86.407,0.0,0
rise,16.0,up,1.69993,0.06661,lower,0.826513,1.864567,0.18193,0.17529,0.25299,288.969,292.285,86.529,0.0,0
rise,16.0,up,1.69993,0.06661,lower,0.833945,1.872051,0.17966,0.17309,0.25335,288.959,292.283,86.644,0.0,0
rise,16.0,up,1.69993,0.06661,lower,0.841245,1.879402,0.17751,0.17102,0.25368,288.949,292.282,86.752,0.0,0
rise,16.0,up,1.69993,0.06661,lower,0.84841,1.886618,0.17549,0.16907,0.25399,288.94,292.282,86.855,0.0,0
rise,16.0,up,1.69993,0.06661,lower,0.855437,1.893697,0.17359,0.16722,0.25429,288.932,292.281,86.951,0.0,0
rise,16.0,up,1.69993,0.06661,lower,0.862325,1.900635,0.17178,0.16548,0.25456,288.924,292.28,87.042,0.0,0
rise,16.0,up,1.69993,0.06661,lower,0.86907,1.907431,0.17008,0.16384,0.25483,288.916,292.279,87.128,0.0,0
rise,16.0,up,1.69993,0.06661,lower,0.875669,1.914081,0.16847,0.16228,0.25508,288.909,292.278,87.209,0.0,0
rise,16.0,up,1.69993,0.06661,lower,0.88212,1.920582,0.16695,0.16081,0.25531,288.902,292.278,87.285,0.0,0
rise,16.0,up,1.69993,0.06661,lower,0.888421,1.926933,0.16551,0.15942,0.25553,288.895,292.277,87.358,0.0,0
rise,16.0,up,1.69993,0.06661,lower,0.89457,1.933131,0.16414,0.1581,0.25574,288.889,292.276,87.426,0.0,0
rise,16.0,up,1.69993,0.06661,lower,0.900563,1.939173,0.16286,0.15685,0.25594,288.883,292.276,87.491,0.0,0
rise,16.0,up,1.69993,0.06661,lower,0.906399,1.945057,0.16164,0.15568,0.25613,288.878,292.275,87.552,0.0,0
rise,16.0,up,1.69993,0.06661,lower,0.912076,1.950781,0.1605,0.15458,0.2563,288.873,292.275,87.609,0.0,0
rise,16.0,up,1.69993,0.06661,lower,0.917591,1.956343,0.15943,0.15354,0.25647,288.868,292.274,87.662,0.0,0
rise,16.0,up,1.69993,0.06661,lower,0.922942,1.96174,0.15844,0.15259,0.25662,288.864,292.274,87.712,0.0,0
rise,16.0,up,1.69993,0.06661,lower,0.928127,1.966971,0.15753,0.1517,0.25676,288.86,292.273,87.757,0.0,0
rise,16.0,up,1.69993,0.06661,lower,0.933145,1.972033,0.15668,0.15089,0.25689,288.856,292.273,87.8,0.0,0
rise,16.0,up,1.69993,0.06661,lower,0.937993,1.976924,0.15591,0.15014,0.25701,288.852,292.272,87.838,0.0,0
rise,16.0,up,1.69993,0.06661,lower,0.94267,1.981643,0.15521,0.14947,0.25711,288.849,292.272,87.873,0.0,0
rise,16.0,up,1.69993,0.06661,lower,0.947174,1.986188,0.1546,0.14888,0.25721,288.846,292.272,87.904,0.0,0
rise,16.0,up,1.69993,0.06661,lower,0.951503,1.990557,0.15408,0.14837,0.25729,288.844,292.272,87.93,0.0,0
rise,16.0,up,1.69993,0.06661,lower,0.955655,1.994748,0.15364,0.14795,0.25735,288.842,292.271,87.951,0.0,0
rise,16.0,up,1.69993,0.06661,lower,0.95963,1.99876,0.15329,0.14761,0.25741,288.841,292.271,87.969,0.0,0
rise,16.0,up,1.69993,0.06661,lower,0.963424,2.002591,0.15303,0.14736,0.25745,288.839,292.271,87.982,0.0,0
rise,16.0,up,1.69993,0.06661,lower,0.967038,2.00624,0.15287,0.14721,0.25747,288.839,292.271,87.99,0.0,0
rise,16.0,up,1.69993,0.06661,lower,0.97047,2.009705,0.15282,0.14716,0.25748,288.838,292.271,87.992,0.0,0
rise,16.0,up,1.69993,0.06661,lower,0.973718,2.012985,0.15287,0.1472,0.25747,288.839,292.271,87.99,0.0,0
rise,16.0,up,1.69993,0.06661,lower,0.976781,2.016078,0.15303,0.14736,0.25745,288.839,292.271,87.982,0.0,0
rise,16.0,up,1.69993,0.06661,lower,0.979659,2.018984,0.15331,0.14763,0.25741,288.841,292.271,87.968,0.0,0
rise,16.0,up,1.69993,0.06661,lower,0.982349,2.021702,0.15371,0.14802,0.25734,288.842,292.271,87.948,0.0,0
rise,16.0,up,1.69993,0.06661,lower,0.984852,2.024229,0.15423,0.14852,0.25727,288.845,292.272,87.922,0.0,0
rise,16.0,up,1.69993,0.06661,lower,0.987165,2.026566,0.15488,0.14915,0.25717,288.848,292.272,87.89,0.0,0
rise,16.0,up,1.69993,0.06661,lower,0.989289,2.028712,0.15567,0.14991,0.25704,288.851,292.272,87.85,0.0,0
rise,16.0,up,1.69993,0.06661,lower,0.991222,2.030665,0.15662,0.15083,0.2569,288.855,292.273,87.803,0.0,0
rise,16.0,up,1.69993,0.06661,lower,0.992964,2.032424,0.15773,0.1519,0.25673,288.86,292.273,87.747,0.0,0
rise,16.0,up,1.69993,0.06661,lower,0.994514,2.033991,0.15903,0.15316,0.25653,288.866,292.274,87.682,0.0,0
rise,16.0,up,1.69993,0.06661,lower,0.995872,2.035362,0.16052,0.1546,0.2563,288.873,292.275,87.607,0.0,0
rise,16.0,up,1.69993,0.06661,lower,0.997036,2.036539,0.16228,0.1563,0.25603,288.881,292.275,87.519,0.0,0
rise,16.0,up,1.69993,0.06661,lower,0.998007,2.03752,0.16432,0.15826,0.25572,288.89,292.276,87.417,0.0,0
rise,16.0,up,1.69993,0.06661,lower,0.998785,2.038305,0.16674,0.16061,0.25534,288.901,292.277,87.296,0.0,0
rise,16.0,up,1.69993,0.06661,lower,0.999368,2.038895,0.16972,0.16348,0.25488,288.914,292.279,87.146,0.0,0
rise,16.0,up,1.69993,0.06661,lower,0.999757,2.039288,0.17372,0.16735,0.25427,288.932,292.281,86.944,0.0,0
rise,16.0,up,1.69993,0.06661,lower,0.999951,2.039484,0.17988,0.17331,0.25331,288.96,292.284,86.633,0.0,0
peak,17.026,up,1.74544,0.1965,upper,0.999951,4.9e-05,0.24101,0.23249,0.24366,289.234,292.312,83.474,0.22395,0
peak,17.026,up,1.74544,0.1965,upper,0.999757,0.000246,0.2301,0.22192,0.24541,289.185,292.307,84.047,0.22395,0
peak,17.026,up,1.74544,0.1965,upper,0.999368,0.000639,0.22281,0.21485,0.24657,289.152,292.304,84.428,0.22395,0
peak,17.026,up,1.74544,0.1965,upper,0.998785,0.001228,0.21752,0.20973,0.24741,289.129,292.301,84.703,0.22394,0
peak,17.026,up,1.74544,0.1965,upper,0.998007,0.002014,0.21349,0.20583,0.24805,289.111,292.299,84.911,0.22393,0
peak,17.026,up,1.74544,0.1965,upper,0.997036,0.002995,0.21035,0.20279,0.24854,289.096,292.298,85.074,0.2239,0
peak,17.026,up,1.74544,0.1965,upper,0.995872,0.004171,0.20791,0.20043,0.24893,289.086,292.297,85.2,0.22385,0
peak,17.026,up,1.74544,0.1965,upper,0.994514,0.005543,0.20603,0.19861,0.24922,289.077,292.296,85.297,0.22378,0
peak,17.026,up,1.74544,0.1965,upper,0.992964,0.007109,0.2047,0.19732,0.24943,289.071,292.295,85.365,0.22367,0
peak,17.026,up,1.74544,0.1965,upper,0.991222,0.008869,0.20385,0.1965,0.24957,289.067,292.295,85.409,0.22351,0
peak,17.026,up,1.74544,0.1965,upper,0.989289,0.010822,0.20348,0.19614,0.24962,289.066,292.295,85.428,0.22329,0
peak,17.026,up,1.74544,0.1965,upper,0.987165,0.012967,0.20357,0.19623,0.24961,289.066,292.295,85.423,0.22301,0
peak,17.026,up,1.74544,0.1965,upper,0.984852,0.015304,0.20413,0.19677,0.24952,289.069,292.295,85.395,0.22264,0
peak,17.026,up,1.74544,0.1965,upper,0.982349,0.017832,0.20515,0.19776,0.24936,289.073,292.295,85.342,0.22218,0
peak,17.026,up,1.74544,0.1965,upper,0.979659,0.020549,0.20666,0.19921,0.24912,289.08,292.296,85.264,0.22161,0
peak,17.026,up,1.74544,0.1965,upper,0.976781,0.023455,0.20865,0.20114,0.24881,289.089,292.297,85.162,0.22092,0
peak,17.026,up,1.74544,0.1965,upper,0.973718,0.026549,0.21112,0.20353,0.24842,289.1,292.298,85.034,0.22009,0
peak,17.026,up,1.74544,0.1965,upper,0.97047,0.029829,0.21408,0.2064,0.24795,289.113,292.299,84.881,0.21911,0
peak,17.026,up,1.74544,0.1965,upper,0.967038,0.033294,0.21755,0.20976,0.2474,289.129,292.301,84.701,0.21796,0
peak,17.026,up,1.74544,0.1965,upper,0.963424,0.036942,0.22153,0.21362,0.24677,289.147,292.303,84.494,0.21663,0
peak,17.026,up,1.74544,0.1965,upper,0.95963,0.040773,0.22602,0.21797,0.24606,289.167,292.305,84.26,0.2151,0
peak,17.026,up,1.74544,0.1965,upper,0.955655,0.044785,0.23104,0.22283,0.24526,289.189,292.307,83.998,0.21336,0
peak,17.026,up,1.74544,0.1965,upper,0.951503,0.048976,0.2366,0.22821,0.24437,289.214,292.31,83.706,0.2114,0
peak,17.026,up,1.74544,0.1965,upper,0.947174,0.053345,0.24268,0.23411,0.24339,289.241,292.313,83.386,0.2092,0
peak,17.026,up,1.74544,0.1965,upper,0.94267,0.05789,0.2493,0.24052,0.24233,289.271,292.316,83.036,0.20675,0
peak,17.026,up,1.74544,0.1965,upper,0.937993,0.062609,0.25645,0.24747,0.24117,289.303,292.319,82.656,0.20404,0
peak,17.026,up,1.74544,0.1965,upper,0.933145,0.067501,0.26415,0.25493,0.23992,289.337,292.323,82.245,0.20106,0
peak,17.026,up,1.74544,0.1965,upper,0.928127,0.072563,0.2724,0.26294,0.23857,289.374,292.327,81.801,0.19779,0
peak,17.026,up,1.74544,0.1965,upper,0.922942,0.077793,0.28121,0.27149,0.23712,289.414,292.331,81.326,0.19424,0
peak,17.026,up,1.74544,0.1965,upper,0.917591,0.083191,0.29056,0.28057,0.23558,289.455,292.335,80.817,0.19039,0
peak,17.026,up,1.74544,0.1965,upper,0.912076,0.088752,0.30047,0.29019,0.23393,289.5,292.34,80.275,0.18625,0
peak,17.026,up,1.74544,0.1965,upper,0.906399,0.094477,0.31092,0.30035,0.23218,289.546,292.344,79.698,0.1818,0
peak,17.026,up,1.74544,0.1965,upper,0.900563,0.100361,0.32193,0.31106,0.23033,289.595,292.349,79.086,0.17706,0
peak,17.026,up,1.74544,0.1965,upper,0.89457,0.106403,0.33349,0.3223,0.22837,289.647,292.355,78.438,0.17201,0
peak,17.026,up,1.74544,0.1965,upper,0.888421,0.112601,0.34559,0.33408,0.2263,289.701,292.36,77.754,0.16667,0
peak,17.026,up,1.74544,0.1965,upper,0.88212,0.118951,0.35822,0.34637,0.22412,289.757,292.366,77.033,0.16104,0
peak,17.026,up,1.74544,0.1965,upper,0.875669,0.125453,0.37134,0.35915,0.22184,289.816,292.372,76.276,0.15512,0
peak,17.026,up,1.74544,0.1965,upper,0.86907,0.132103,0.3849,0.37237,0.21945,289.876,292.379,75.485,0.14894,0
peak,17.026,up,1.74544,0.1965,upper,0.862325,0.138898,0.39883,0.38596,0.21698,289.938,292.385,74.663,0.14251,0
peak,17.026,up,1.74544,0.1965,upper,0.855437,0.145837,0.41302,0.39981,0.21443,290.001,292.392,73.816,0.13583,0
peak,17.026,up,1.74544,0.1965,upper,0.84841,0.152915,0.42732,0.41376,0.21184,290.065,292.398,72.953,0.12894,0
peak,17.026,up,1.74544,0.1965,upper,0.841245,0.160132,0.4415,0.42761,0.20924,290.128,292.405,72.085,0.12185,0
peak,17.026,up,1.74544,0.1965,upper,0.833945,0.167483,0.45527,0.44107,0.20668,290.189,292.411,71.232,0.1146,0
peak,17.026,up,1.74544,0.1965,upper,0.826513,0.174966,0.46826,0.45378,0.20425,290.247,292.417,70.417,0.1072,0
peak,17.026,up,1.74544,0.1965,upper,0.818952,0.182578,0.48002,0.46529,0.20202,290.299,292.422,69.67,0.09969,0
peak,17.026,up,1.74544,0.1965,upper,0.811264,0.190317,0.49001,0.47506,0.2001,290.343,292.427,69.029,0.09211,0
peak,17.026,up,1.74544,0.1965,upper,0.803454,0.198179,0.49761,0.48251,0.19864,290.377,292.431,68.536,0.08449,0
peak,17.026,up,1.74544,0.1965,upper,0.795522,0.206161,0.50216,0.48697,0.19775,290.397,292.433,68.238,0.07687,0
peak,17.026,up,1.74544,0.1965,upper,0.787474,0.21426,0.50302,0.4878,0.19759,290.401,292.433,68.181,0.06931,0
peak,17.026,up,1.74544,0.1965,upper,0.779311,0.222472,0.49954,0.4844,0.19826,290.385,292.431,68.406,0.06184,0
peak,17.026,up,1.74544,0.1965,upper,0.771037,0.230796,0.49121,0.47624,0.19987,290.348,292.428,68.945,0.05451,0
peak,17.026,up,1.74544,0.1965,upper,0.762655,0.239228,0.47762,0.46293,0.20247,290.288,292.421,69.816,0.04739,0
peak,17.026,up,1.74544,0.1965,upper,0.754168,0.247763,0.45855,0.44428,0.20607,290.203,292.413,71.019,0.04052,0
peak,17.026,up,1.74544,0.1965,upper,0.74558,0.2564,0.43402,0.4203,0.21062,290.095,292.401,72.538,0.03396,0
peak,17.026,up,1.74544,0.1965,upper,0.736893,0.265134,0.40423,0.39122,0.21602,289.962,292.388,74.337,0.02778,0
peak,17.026,up,1.74544,0.1965,upper,0.728111,0.273963,0.36961,0.35747,0.22214,289.808,292.372,76.372,0.02204,0
peak,17.026,up,1.74544,0.1965,upper,0.719238,0.282883,0.33077,0.31966,0.22883,289.635,292.354,78.588,0.0168,0
peak,17.026,up,1.74544,0.1965,upper,0.710277,0.29189,0.28842,0.27849,0.23593,289.446,292.334,80.932,0.01214,0
peak,17.026,up,1.74544,0.1965,upper,0.70123,0.300982,0.24336,0.23476,0.24328,289.244,292.313,83.349,0.00812,0
peak,17.026,up,1.74544,0.1965,upper,0.692103,0.310153,0.19637,0.18925,0.25074,289.034,292.291,85.793,0.00483,0
peak,17.026,up,1.74544,0.1965,upper,0.682897,0.319402,0.14825,0.14275,0.25818,288.818,292.269,88.219,0.00233,0
peak,17.026,up,1.74544,0.1965,upper,0.673617,0.328725,0.09983,0.09603,0.26548,288.6,292.246,90.591,0.0007,0
peak,17.026,up,1.74544,0.1965,upper,0.664267,0.338117,0.05208,0.05005,0.27251,288.385,292.224,92.867,2e-05,0
peak,17.026,up,1.74544,0.1965,upper,0.654849,0.347575,0.00598,0.00574,0.27915,288.177,292.202,95.008,0.0,0
peak,17.026,up,1.74544,0.1965,upper,0.645368,0.357096,-0.03827,-0.03671,0.2854,287.977,292.182,97.015,0.0,0
peak,17.026,up,1.74544,0.1965,upper,0.635826,0.366676,-0.08099,-0.07763,0.29132,287.783,292.162,98.911,0.0,0
peak,17.026,up,1.74544,0.1965,upper,0.626229,0.376311,-0.12232,-0.11714,0.29695,287.596,292.142,100.708,0.0,0
peak,17.026,up,1.74544,0.1965,upper,0.616578,0.385997,-0.16236,-0.15536,0.30233,287.414,292.123,102.416,0.0,0
peak,17.026,up,1.74544,0.1965,upper,0.606879,0.395732,-0.20123,-0.19241,0.30747,287.237,292.105,104.045,0.0,0
peak,17.026,up,1.74544,0.1965,upper,0.597135,0.40551,-0.23905,-0.2284,0.31241,287.065,292.087,105.604,0.0,0
peak,17.026,up,1.74544,0.1965,upper,0.587349,0.415328,-0.27593,-0.26344,0.31716,286.896,292.07,107.1,0.0,0
peak,17.026,up,1.74544,0.1965,upper,0.577526,0.425183,-0.312,-0.29766,0.32175,286.732,292.052,108.54,0.0,0
peak,17.026,up,1.74544,0.1965,upper,0.567668,0.435071,-0.34735,-0.33116,0.3262,286.57,292.036,109.932,0.0,0
peak,17.026,up,1.74544,0.1965,upper,0.557781,0.444987,-0.38212,-0.36405,0.33052,286.41,292.019,111.282,0.0,0
peak,17.026,up,1.74544,0.1965,upper,0.547867,0.454929,-0.41639,-0.39644,0.33474,286.253,292.003,112.595,0.0,0
peak,17.026,up,1.74544,0.1965,upper,0.537931,0.464892,-0.45029,-0.42842,0.33888,286.097,291.987,113.877,0.0,0
peak,17.026,up,1.74544,0.1965,upper,0.527975,0.474872,-0.48389,-0.46008,0.34293,285.943,291.971,115.133,0.0,0
peak,17.026,up,1.74544,0.1965,upper,0.518005,0.484865,-0.51732,-0.49154,0.34693,285.789,291.955,116.366,0.0,0
peak,17.026,up,1.74544,0.1965,upper,0.508024,0.494868,-0.55061,-0.52283,0.35088,285.635,291.939,117.581,0.0,0
peak,17.026,up,1.74544,0.1965,upper,0.498036,0.504877,-0.58388,-0.55405,0.35479,285.481,291.923,118.78,0.0,0
peak,17.026,up,1.74544,0.1965,upper,0.488044,0.514888,-0.61719,-0.58527,0.35867,285.327,291.907,119.967,0.0,0
peak,17.026,up,1.74544,0.1965,upper,0.478053,0.524897,-0.65061,-0.61656,0.36253,285.172,291.891,121.145,0.0,0
peak,17.026,up,1.74544,0.1965,upper,0.468067,0.5349,-0.68422,-0.64798,0.36639,285.016,291.875,122.317,0.0,0
peak,17.026,up,1.74544,0.1965,upper,0.458088,0.544894,-0.7181,-0.67961,0.37024,284.859,291.858,123.485,0.0,0
peak,17.026,up,1.74544,0.1965,upper,0.448122,0.554874,-0.75227,-0.71148,0.37409,284.7,291.842,124.651,0.0,0
peak,17.026,up,1.74544,0.1965,upper,0.438172,0.564836,-0.78682,-0.74365,0.37796,284.539,291.825,125.817,0.0,0
peak,17.026,up,1.74544,0.1965,upper,0.428241,0.574778,-0.82181,-0.77618,0.38184,284.376,291.808,126.985,0.0,0
peak,17.026,up,1.74544,0.1965,upper,0.418335,0.584694,-0.85728,-0.80912,0.38575,284.21,291.791,128.157,0.0,0
peak,17.026,up,1.74544,0.1965,upper,0.408456,0.594582,-0.8933,-0.84252,0.3897,284.041,291.773,129.335,0.0,0
peak,17.026,up,1.74544,0.1965,upper,0.398608,0.604437,-0.92993,-0.87644,0.39367,283.869,291.756,130.52,0.0,0
peak,17.026,up,1.74544,0.1965,upper,0.388796,0.614256,-0.96723,-0.91092,0.39769,283.694,291.737,131.714,0.0,0
peak,17.026,up,1.74544,0.1965,upper,0.379023,0.624034,-1.00524,-0.94601,0.40176,283.516,291.719,132.918,0.0,0
peak,17.026,up,1.74544,0.1965,upper,0.369292,0.633768,-1.04403,-0.98177,0.40588,283.333,291.7,134.133,0.0,0
peak,17.026,up,1.74544,0.1965,upper,0.359609,0.643455,-1.08366,-1.01825,0.41006,283.146,291.681,135.362,0.0,0
peak,17.026,up,1.74544,0.1965,upper,0.349977,0.65309,-1.1242,-1.0555,0.4143,282.955,291.661,136.606,0.0,0
peak,17.026,up,1.74544,0.1965,upper,0.340398,0.662669,-1.16569,-1.09357,0.41861,282.758,291.64,137.865,0.0,0
peak,17.026,up,1.74544,0.1965,upper,0.330879,0.67219,-1.20822,-1.13252,0.423,282.557,291.619,139.142,0.0,0
peak,17.026,up,1.74544,0.1965,upper,0.321421,0.681649,-1.25184,-1.17241,0.42747,282.349,291.598,140.437,0.0,0
peak,17.026,up,1.74544,0.1965,upper,0.312029,0.691041,-1.29663,-1.2133,0.43202,282.136,291.576,141.752,0.0,0
peak,17.026,up,1.74544,0.1965,upper,0.302707,0.700363,-1.34268,-1.25526,0.43667,281.917,291.553,143.09,0.0,0
peak,17.026,up,1.74544,0.1965,upper,0.293458,0.709612,-1.39005,-1.29835,0.44142,281.691,291.53,144.45,0.0,0
peak,17.026,up,1.74544,0.1965,upper,0.284286,0.718784,-1.43884,-1.34265,0.44628,281.457,291.505,145.836,0.0,0
peak,17.026,up,1.74544,0.1965,upper,0.275196,0.727875,-1.48914,-1.38823,0.45125,281.216,291.48,147.247,0.0,0
peak,17.026,up,1.74544,0.1965,upper,0.266189,0.736882,-1.54105,-1.43517,0.45634,280.966,291.454,148.688,0.0,0
peak,17.026,up,1.74544,0.1965,upper,0.257271,0.745802,-1.59467,-1.48357,0.46156,280.708,291.428,150.158,0.0,0
peak,17.026,up,1.74544,0.1965,upper,0.248445,0.754631,-1.65014,-1.53352,0.46693,280.44,291.4,151.66,0.0,0
peak,17.026,up,1.74544,0.1965,upper,0.239714,0.763365,-1.70756,-1.58513,0.47244,280.162,291.371,153.197,0.0,0
peak,17.026,up,1.74544,0.1965,upper,0.231082,0.772002,-1.76709,-1.6385,0.47811,279.873,291.341,154.771,0.0,0
peak,17.026,up,1.74544,0.1965,upper,0.222553,0.780538,-1.82886,-1.69376,0.48395,279.572,291.31,156.383,0.0,0
peak,17.026,up,1.74544,0.1965,upper,0.21413,0.788969,-1.89306,-1.75104,0.48998,279.259,291.277,158.037,0.0,0
peak,17.026,up,1.74544,0.1965,upper,0.205817,0.797293,-1.95985,-1.81049,0.49621,278.932,291.244,159.735,0.0,0
peak,17.026,up,1.74544,0.1965,upper,0.197617,0.805506,-2.02944,-1.87227,0.50265,278.591,291.208,161.481,0.0,0
peak,17.026,up,1.74544,0.1965,upper,0.189534,0.813605,-2.10205,-1.93655,0.50932,278.233,291.171,163.278,0.0,0
peak,17.026,up,1.74544,0.1965,upper,0.181571,0.821587,-2.17792,-2.00353,0.51623,277.858,291.132,165.13,0.0,0
peak,17.026,up,1.74544,0.1965,upper,0.173732,0.829448,-2.25732,-2.07342,0.52342,277.465,291.091,167.04,0.0,0
peak,17.026,up,1.74544,0.1965,upper,0.166019,0.837187,-2.34056,-2.14646,0.5309,277.051,291.048,169.013,0.0,0
peak,17.026,up,1.74544,0.1965,upper,0.158437,0.844799,-2.42797,-2.22291,0.53869,276.614,291.003,171.054,0.0,0
peak,17.026,up,1.74544,0.1965,upper,0.150989,0.852282,-2.51992,-2.30306,0.54683,276.153,290.955,173.168,0.0,0
peak,17.026,up,1.74544,0.1965,upper,0.143678,0.859634,-2.61685,-2.38723,0.55534,275.665,290.905,175.361,0.0,0
peak,17.026,up,1.74544,0.1965,upper,0.136507,0.86685,-2.71921,-2.4758,0.56427,275.147,290.851,177.639,0.0,0
peak,17.026,up,1.74544,0.1965,upper,0.12948,0.873929,-2.82754,-2.56915,0.57364,274.596,290.794,180.008,0.0,0
peak,17.026,up,1.74544,0.1965,upper,0.122599,0.880867,-2.94245,-2.66776,0.58351,274.009,290.733,182.478,0.0,0
peak,17.026,up,1.74544,0.1965,upper,0.115868,0.887663,-3.06462,-2.77213,0.59392,273.381,290.668,185.056,0.0,0
peak,17.026,up,1.74544,0.1965,upper,0.109291,0.894312,-3.19483,-2.88283,0.60494,272.708,290.598,187.752,0.0,0
peak,17.026,up,1.74544,0.1965,upper,0.10287,0.900814,-3.33396,-3.00053,0.61663,271.984,290.523,190.576,0.0,0
peak,17.026,up,1.74544,0.1965,upper,0.096608,0.907165,-3.48304,-3.12596,0.62907,271.203,290.442,193.541,0.0,0
peak,17.026,up,1.74544,0.1965,upper,0.090509,0.913362,-3.64324,-3.25997,0.64234,270.358,290.354,196.659,0.0,0
peak,17.026,up,1.74544,0.1965,upper,0.084576,0.919405,-3.81589,-3.4035,0.65655,269.439,290.259,199.944,0.0,0
peak,17.026,up,1.74544,0.1965,upper,0.078811,0.925289,-4.00256,-3.55766,0.67182,268.437,290.155,203.414,0.0,0
peak,17.026,up,1.74544,0.1965,upper,0.073219,0.931013,-4.20507,-3.7237,0.68828,267.339,290.041,207.086,0.0,0
peak,17.026,up,1.74544,0.1965,upper,0.067802,0.936575,-4.42552,-3.90304,0.7061,266.131,289.916,210.981,0.0,0
peak,17.026,up,1.74544,0.1965,upper,0.062564,0.941972,-4.6664,-4.09735,0.72548,264.795,289.777,215.121,0.0,0
peak,17.026,up,1.74544,0.1965,upper,0.057507,0.947203,-4.9306,-4.30851,0.74665,263.31,289.623,219.531,0.0,0
peak,17.026,up,1.74544,0.1965,upper,0.052636,0.952265,-5.22156,-4.53872,0.7699,261.65,289.451,224.241,0.0,0
peak,17.026,up,1.74544,0.1965,upper,0.047953,0.957156,-5.54332,-4.79048,0.79557,259.783,289.257,229.281,0.0,0
peak,17.026,up,1.74544,0.1965,upper,0.043463,0.961875,-5.90066,-5.0667,0.8241,257.67,289.038,234.686,0.0,0
peak,17.026,up,1.74544,0.1965,upper,0.039169,0.96642,-6.29926,-5.37067,0.85601,255.26,288.788,240.493,0.0,0
peak,17.026,up,1.74544,0.1965,upper,0.035074,0.970789,-6.74583,-5.70614,0.89197,252.491,288.501,246.744,0.0,0
peak,17.026,up,1.74544,0.1965,upper,0.031184,0.97498,-7.24827,-6.07733,0.93286,249.282,288.168,253.481,0.0,0
peak,17.026,up,1.74544,0.1965,upper,0.027503,0.978992,-7.81583,-6.48888,0.97979,245.528,287.779,260.746,0.0,0
peak,17.026,up,1.74544,0.1965,upper,0.024036,0.982823,-8.45912,-6.94567,1.03424,241.092,287.319,268.581,0.0,1
peak,17.026,up,1.74544,0.1965,upper,0.020787,0.986471,-9.19,-7.45261,1.09823,235.791,286.769,277.016,0.0,1
peak,17.026,up,1.74544,0.1965,upper,0.017763,0.989936,-10.02106,-8.01403,1.17458,229.376,286.104,286.068,0.0,1
peak,17.026,up,1.74544,0.1965,upper,0.01497,0.993216,-10.96433,-8.63272,1.26741,221.506,285.287,295.723,0.0,1
peak,17.026,up,1.74544,0.1965,upper,0.012415,0.99631,-12.0287,-9.30824,1.38296,211.693,284.27,305.916,0.0,1
peak,17.026,up,1.74544,0.1965,upper,0.010104,0.999216,-13.21539,-10.03456,1.53158,199.21,282.975,316.51,0.0,1
peak,17.026,up,1.74544,0.1965,upper,0.008043,1.001933,-14.51053,-10.79677,1.73253,182.879,281.281,327.259,0.0,1
peak,17.026,up,1.74544,0.1965,upper,0.006238,1.00446,-15.87521,-11.56748,2.03015,160.427,278.952,337.78,0.0,1
peak,17.026,up,1.74544,0.1965,upper,0.004692,1.006797,-17.23542,-12.30453,2.58552,125.234,275.302,347.544,0.0,1
peak,17.026,up,1.74544,0.1965,upper,0.003403,1.008943,-17.3105,-12.95273,2.63671,122.432,275.011,355.91,0.0,1
peak,17.026,up,1.74544,0.1965,upper,0.002365,1.010896,-17.3105,-13.45275,2.63671,122.432,275.011,362.231,0.0,1
peak,17.026,up,1.74544,0.1965,upper,0.001562,1.012656,-17.3105,-13.75741,2.63671,122.432,275.011,366.029,0.0,1
peak,17.026,up,1.74544,0.1965,upper,0.00097,1.014222,-17.3105,-13.84953,2.63671,122.432,275.011,367.169,0.0,1
peak,17.026,up,1.74544,0.1965,upper,0.000559,1.015594,-17.3105,-13.75099,2.63671,122.432,275.011,365.949,0.0,1
peak,17.026,up,1.74544,0.1965,upper,0.000292,1.016771,-17.3105,-13.51527,2.63671,122.432,275.011,363.013,0.0,1
peak,17.026,up,1.74544,0.1965,upper,0.000135,1.017752,-17.3105,-13.21273,2.63671,122.432,275.011,359.21,0.0,1
peak,17.026,up,1.74544,0.1965,upper,5.2e-05,1.018538,-17.3105,-12.90985,2.63671,122.432,275.011,355.362,0.0,1
peak,17.026,up,1.74544,0.1965,upper,1.5e-05,1.019128,-17.3105,-12.66079,2.63671,122.432,275.011,352.166,0.0,1
peak,17.026,up,1.74544,0.1965,upper,3e-06,1.019521,-17.3105,-12.50504,2.63671,122.432,275.011,350.153,0.0,1
peak,17.026,up,1.74544,0.1965,upper,0.0,1.019718,-17.3105,-12.47019,2.63671,122.432,275.011,349.701,0.0,1
peak,17.026,up,1.74544,0.1965,lower,0.0,1.019816,-17.3105,-12.43412,2.63671,122.432,275.011,349.233,0.0,1
peak,17.026,up,1.74544,0.1965,lower,3e-06,1.020013,-17.15648,-12.26257,2.53586,128.019,275.591,346.996,0.0,1
peak,17.026,up,1.74544,0.1965,lower,1.5e-05,1.020406,-16.63914,-11.98513,2.28212,143.351,277.181,343.347,0.0,1
peak,17.026,up,1.74544,0.1965,lower,5.2e-05,1.020995,-15.89743,-11.57976,2.03626,159.992,278.907,337.945,0.0,1
peak,17.026,up,1.74544,0.1965,lower,0.000135,1.021781,-14.90275,-11.0216,1.80587,177.135,280.685,330.363,0.0,1
peak,17.026,up,1.74544,0.1965,lower,0.000292,1.022763,-13.64668,-10.29183,1.59288,194.147,282.45,320.179,0.0,1
peak,17.026,up,1.74544,0.1965,lower,0.000559,1.02394,-12.14815,-9.3826,1.39683,210.518,284.148,307.018,0.0,1
peak,17.026,up,1.74544,0.1965,lower,0.00097,1.025312,-10.47117,-8.31167,1.21794,225.706,285.723,290.753,0.0,1
peak,17.026,up,1.74544,0.1965,lower,0.001562,1.026878,-8.71848,-7.12701,1.05665,239.244,287.127,271.629,0.0,1
peak,17.026,up,1.74544,0.1965,lower,0.002365,1.028638,-7.00766,-5.90039,0.91322,250.831,288.329,250.292,0.0,0
peak,17.026,up,1.74544,0.1965,lower,0.003403,1.030591,-5.43996,-4.70992,0.78732,260.387,289.32,227.68,0.0,0
peak,17.026,up,1.74544,0.1965,lower,0.004692,1.032736,-4.07849,-3.62006,0.678,268.027,290.112,204.802,0.0,0
peak,17.026,up,1.74544,0.1965,lower,0.006238,1.035073,-2.9448,-2.66977,0.58371,273.997,290.732,182.528,0.0,0
peak,17.026,up,1.74544,0.1965,lower,0.008043,1.037601,-2.02926,-1.87211,0.50263,278.592,291.208,161.477,0.0,0
peak,17.026,up,1.74544,0.1965,lower,0.010104,1.040318,-1.30517,-1.22108,0.43289,282.096,291.572,142.001,0.0,0
peak,17.026,up,1.74544,0.1965,lower,0.012415,1.043224,-0.74015,-0.70018,0.37273,284.756,291.848,124.239,0.0,0
peak,17.026,up,1.74544,0.1965,lower,0.01497,1.046317,-0.30291,-0.28905,0.3206,286.773,292.057,108.179,0.0,0
peak,17.026,up,1.74544,0.1965,lower,0.017763,1.049597,0.03371,0.03238,0.27517,288.302,292.215,93.727,0.0,0
peak,17.026,up,1.74544,0.1965,lower,0.020787,1.053062,0.29194,0.2819,0.23535,289.462,292.336,80.742,0.0,0
peak,17.026,up,1.74544,0.1965,lower,0.024036,1.056711,0.48938,0.47445,0.20023,290.34,292.427,69.074,0.0,0
peak,17.026,up,1.74544,0.1965,lower,0.027503,1.060542,0.63973,0.6221,0.16905,291.005,292.496,58.573,0.0,0
peak,17.026,up,1.74544,0.1965,lower,0.031184,1.064554,0.75353,0.73446,0.14122,291.505,292.548,49.099,0.0,0
peak,17.026,up,1.74544,0.1965,lower,0.035074,1.068745,0.83889,0.81908,0.11623,291.88,292.586,40.528,0.0,0
peak,17.026,up,1.74544,0.1965,lower,0.039169,1.073114,0.90203,0.88186,0.09367,292.155,292.615,32.749,0.0,0
peak,17.026,up,1.74544,0.1965,lower,0.043463,1.077658,0.94777,0.92744,0.0732,292.355,292.636,25.667,0.0,0
peak,17.026,up,1.74544,0.1965,lower,0.047953,1.082377,0.9798,0.95941,0.0545,292.494,292.65,19.197,0.0,0
peak,17.026,up,1.74544,0.1965,lower,0.052636,1.087269,1.00102,0.98061,0.03731,292.587,292.66,13.269,0.0,0
peak,17.026,up,1.74544,0.1965,lower,0.057507,1.092331,1.01367,0.99326,0.02125,292.642,292.665,7.82,0.0,0
peak,17.026,up,1.74544,0.1965,lower,0.062564,1.097562,1.01955,0.99914,0.00392,292.667,292.668,2.797,0.0,0
peak,17.026,up,1.74544,0.1965,lower,0.067802,1.102959,1.02003,0.99962,0.0,292.668,292.668,1.847,0.0,0
peak,17.026,up,1.74544,0.1965,lower,0.073219,1.108521,1.01624,0.99583,0.01615,292.653,292.667,6.151,0.0,0
peak,17.026,up,1.74544,0.1965,lower,0.078811,1.114245,1.00906,0.98865,0.02818,292.622,292.663,10.15,0.0,0
peak,17.026,up,1.74544,0.1965,lower,0.084576,1.120129,0.99921,0.9788,0.03907,292.579,292.659,13.874,0.0,0
peak,17.026,up,1.74544,0.1965,lower,0.090509,1.126171,0.98724,0.96684,0.04916,292.527,292.654,17.35,0.0,0
peak,17.026,up,1.74544,0.1965,lower,0.096608,1.132369,0.97363,0.95325,0.05856,292.468,292.647,20.602,0.0,0
peak,17.026,up,1.74544,0.1965,lower,0.10287,1.13872,0.95876,0.9384,0.06736,292.403,292.641,23.648,0.0,0
peak,17.026,up,1.74544,0.1965,lower,0.109291,1.145221,0.94292,0.9226,0.07563,292.334,292.634,26.509,0.0,0
peak,17.026,up,1.74544,0.1965,lower,0.115868,1.151871,0.92636,0.9061,0.0834,292.262,292.626,29.198,0.0,0
peak,17.026,up,1.74544,0.1965,lower,0.122599,1.158666,0.9093,0.8891,0.09073,292.187,292.618,31.731,0.0,0
peak,17.026,up,1.74544,0.1965,lower,0.12948,1.165605,0.89189,0.87177,0.09764,292.111,292.61,34.12,0.0,0
peak,17.026,up,1.74544,0.1965,lower,0.136507,1.172683,0.87428,0.85425,0.10418,292.034,292.602,36.376,0.0,0
peak,17.026,up,1.74544,0.1965,lower,0.143678,1.1799,0.85658,0.83665,0.11037,291.957,292.594,38.51,0.0,0
peak,17.026,up,1.74544,0.1965,lower,0.150989,1.187251,0.83887,0.81906,0.11624,291.879,292.586,40.53,0.0,0
peak,17.026,up,1.74544,0.1965,lower,0.158437,1.194734,0.82125,0.80156,0.12181,291.802,292.578,42.445,0.0,0
peak,17.026,up,1.74544,0.1965,lower,0.166019,1.202347,0.80376,0.78421,0.1271,291.726,292.57,44.261,0.0,0
peak,17.026,up,1.74544,0.1965,lower,0.173732,1.210085,0.78645,0.76706,0.13213,291.65,292.563,45.987,0.0,0
peak,17.026,up,1.74544,0.1965,lower,0.181571,1.217947,0.76938,0.75015,0.13692,291.575,292.555,47.627,0.0,0
peak,17.026,up,1.74544,0.1965,lower,0.189534,1.225929,0.75257,0.73351,0.14148,291.501,292.547,49.187,0.0,0
peak,17.026,up,1.74544,0.1965,lower,0.197617,1.234028,0.73605,0.71717,0.14583,291.429,292.54,50.673,0.0,0
peak,17.026,up,1.74544,0.1965,lower,0.205817,1.242241,0.71985,0.70115,0.14998,291.358,292.532,52.088,0.0,0
peak,17.026,up,1.74544,0.1965,lower,0.21413,1.250564,0.70396,0.68545,0.15394,291.288,292.525,53.438,0.0,0
peak,17.026,up,1.74544,0.1965,lower,0.222553,1.258996,0.68842,0.67011,0.15772,291.219,292.518,54.726,0.0,0
peak,17.026,up,1.74544,0.1965,lower,0.231082,1.267531,0.67322,0.65511,0.16134,291.152,292.511,55.956,0.0,0
peak,17.026,up,1.74544,0.1965,lower,0.239714,1.276168,0.65838,0.64048,0.1648,291.087,292.504,57.131,0.0,0
peak,17.026,up,1.74544,0.1965,lower,0.248445,1.284903,0.64389,0.6262,0.16811,291.023,292.498,58.255,0.0,0
peak,17.026,up,1.74544,0.1965,lower,0.257271,1.293731,0.62976,0.61228,0.17128,290.961,292.491,59.329,0.0,0
peak,17.026,up,1.74544,0.1965,lower,0.266189,1.302651,0.61599,0.59873,0.17432,290.9,292.485,60.357,0.0,0
peak,17.026,up,1.74544,0.1965,lower,0.275196,1.311658,0.60258,0.58553,0.17723,290.841,292.479,61.342,0.0,0
peak,17.026,up,1.74544,0.1965,lower,0.284286,1.32075,0.58952,0.57269,0.18003,290.783,292.473,62.285,0.0,0
peak,17.026,up,1.74544,0.1965,lower,0.293458,1.329922,0.57681,0.5602,0.18271,290.727,292.467,63.189,0.0,0
peak,17.026,up,1.74544,0.1965,lower,0.302707,1.33917,0.56444,0.54805,0.18528,290.673,292.461,64.056,0.0,0
peak,17.026,up,1.74544,0.1965,lower,0.312029,1.348493,0.55241,0.53624,0.18775,290.619,292.456,64.887,0.0,0
peak,17.026,up,1.74544,0.1965,lower,0.321421,1.357885,0.54071,0.52476,0.19012,290.568,292.45,65.685,0.0,0
peak,17.026,up,1.74544,0.1965,lower,0.330879,1.367343,0.52934,0.5136,0.1924,290.517,292.445,66.452,0.0,0
peak,17.026,up,1.74544,0.1965,lower,0.340398,1.376864,0.51829,0.50277,0.1946,290.468,292.44,67.188,0.0,0
peak,17.026,up,1.74544,0.1965,lower,0.349977,1.386444,0.50754,0.49224,0.19671,290.421,292.435,67.895,0.0,0
peak,17.026,up,1.74544,0.1965,lower,0.359609,1.396079,0.4971,0.48201,0.19874,290.374,292.43,68.576,0.0,0
peak,17.026,up,1.74544,0.1965,lower,0.369292,1.405765,0.48696,0.47208,0.20069,290.329,292.426,69.23,0.0,0
peak,17.026,up,1.74544,0.1965,lower,0.379023,1.4155,0.4771,0.46243,0.20257,290.286,292.421,69.86,0.0,0
peak,17.026,up,1.74544,0.1965,lower,0.388796,1.425278,0.46752,0.45306,0.20439,290.243,292.417,70.466,0.0,0
peak,17.026,up,1.74544,0.1965,lower,0.398608,1.435097,0.45821,0.44395,0.20614,290.202,292.412,71.05,0.0,0
peak,17.026,up,1.74544,0.1965,lower,0.408456,1.444952,0.44916,0.43511,0.20782,290.162,292.408,71.613,0.0,0
peak,17.026,up,1.74544,0.1965,lower,0.418335,1.454839,0.44037,0.42651,0.20945,290.123,292.404,72.156,0.0,0
peak,17.026,up,1.74544,0.1965,lower,0.428241,1.464756,0.43182,0.41816,0.21102,290.085,292.4,72.679,0.0,0
peak,17.026,up,1.74544,0.1965,lower,0.438172,1.474697,0.42352,0.41005,0.21253,290.048,292.396,73.184,0.0,0
peak,17.026,up,1.74544,0.1965,lower,0.448122,1.48466,0.41544,0.40216,0.214,290.012,292.393,73.672,0.0,0
peak,17.026,up,1.74544,0.1965,lower,0.458088,1.49464,0.40758,0.3945,0.21541,289.977,292.389,74.143,0.0,0
peak,17.026,up,1.74544,0.1965,lower,0.468067,1.504633,0.39993,0.38703,0.21678,289.943,292.386,74.598,0.0,0
peak,17.026,up,1.74544,0.1965,lower,0.478053,1.514636,0.3925,0.37979,0.21811,289.91,292.382,75.038,0.0,0
peak,17.026,up,1.74544,0.1965,lower,0.488044,1.524645,0.38528,0.37274,0.21939,289.878,292.379,75.463,0.0,0
peak,17.026,up,1.74544,0.1965,lower,0.498036,1.534656,0.37824,0.36588,0.22063,289.846,292.376,75.874,0.0,0
peak,17.026,up,1.74544,0.1965,lower,0.508024,1.544665,0.3714,0.35921,0.22183,289.816,292.372,76.272,0.0,0
peak,17.026,up,1.74544,0.1965,lower,0.518005,1.554668,0.36474,0.35272,0.22299,289.786,292.369,76.658,0.0,0
peak,17.026,up,1.74544,0.1965,lower,0.527975,1.564662,0.35825,0.3464,0.22412,289.757,292.366,77.031,0.0,0
peak,17.026,up,1.74544,0.1965,lower,0.537931,1.574642,0.35194,0.34026,0.22521,289.729,292.363,77.392,0.0,0
peak,17.026,up,1.74544,0.1965,lower,0.547867,1.584605,0.3458,0.33428,0.22626,289.702,292.361,77.742,0.0,0
peak,17.026,up,1.74544,0.1965,lower,0.557781,1.594546,0.33982,0.32846,0.22729,289.675,292.358,78.081,0.0,0
peak,17.026,up,1.74544,0.1965,lower,0.567668,1.604463,0.334,0.3228,0.22828,289.649,292.355,78.409,0.0,0
peak,17.026,up,1.74544,0.1965,lower,0.577526,1.61435,0.32834,0.31729,0.22924,289.624,292.352,78.728,0.0,0
peak,17.026,up,1.74544,0.1965,lower,0.587349,1.624205,0.32284,0.31194,0.23018,289.6,292.35,79.036,0.0,0
peak,17.026,up,1.74544,0.1965,lower,0.597135,1.634024,0.31748,0.30673,0.23108,289.576,292.347,79.334,0.0,0
peak,17.026,up,1.74544,0.1965,lower,0.606879,1.643802,0.31228,0.30167,0.23196,289.552,292.345,79.623,0.0,0
peak,17.026,up,1.74544,0.1965,lower,0.616578,1.653536,0.30722,0.29675,0.23281,289.53,292.343,79.903,0.0,0
peak,17.026,up,1.74544,0.1965,lower,0.626229,1.663223,0.30231,0.29198,0.23363,289.508,292.34,80.174,0.0,0
peak,17.026,up,1.74544,0.1965,lower,0.635826,1.672858,0.29754,0.28735,0.23442,289.487,292.338,80.435,0.0,0
peak,17.026,up,1.74544,0.1965,lower,0.645368,1.682438,0.29292,0.28286,0.23519,289.466,292.336,80.688,0.0,0
peak,17.026,up,1.74544,0.1965,lower,0.654849,1.691959,0.28845,0.27852,0.23593,289.446,292.334,80.932,0.0,0
peak,17.026,up,1.74544,0.1965,lower,0.664267,1.701417,0.28412,0.27432,0.23664,289.427,292.332,81.168,0.0,0
peak,17.026,up,1.74544,0.1965,lower,0.673617,1.710809,0.27993,0.27025,0.23733,289.408,292.33,81.395,0.0,0
peak,17.026,up,1.74544,0.1965,lower,0.682897,1.720131,0.27589,0.26632,0.238,289.39,292.328,81.614,0.0,0
peak,17.026,up,1.74544,0.1965,lower,0.692103,1.72938,0.27198,0.26253,0.23864,289.372,292.326,81.824,0.0,0
peak,17.026,up,1.74544,0.1965,lower,0.70123,1.738552,0.2682,0.25886,0.23926,289.355,292.325,82.028,0.0,0
peak,17.026,up,1.74544,0.1965,lower,0.710277,1.747643,0.26454,0.25531,0.23985,289.339,292.323,82.224,0.0,0
peak,17.026,up,1.74544,0.1965,lower,0.719238,1.756651,0.261,0.25188,0.24043,289.323,292.321,82.413,0.0,0
peak,17.026,up,1.74544,0.1965,lower,0.728111,1.76557,0.25757,0.24855,0.24099,289.308,292.32,82.596,0.0,0
peak,17.026,up,1.74544,0.1965,lower,0.736893,1.774399,0.25424,0.24532,0.24153,289.293,292.318,82.774,0.0,0
peak,17.026,up,1.74544,0.1965,lower,0.74558,1.783134,0.25099,0.24217,0.24205,289.278,292.317,82.946,0.0,0
peak,17.026,up,1.74544,0.1965,lower,0.754168,1.79177,0.24782,0.23909,0.24256,289.264,292.315,83.114,0.0,0
peak,17.026,up,1.74544,0.1965,lower,0.762655,1.800306,0.24471,0.23608,0.24306,289.25,292.314,83.279,0.0,0
peak,17.026,up,1.74544,0.1965,lower,0.771037,1.808737,0.24166,0.23312,0.24356,289.237,292.312,83.44,0.0,0
peak,17.026,up,1.74544,0.1965,lower,0.779311,1.817061,0.23865,0.2302,0.24404,289.223,292.311,83.598,0.0,0
peak,17.026,up,1.74544,0.1965,lower,0.787474,1.825274,0.23569,0.22733,0.24451,289.21,292.31,83.754,0.0,0
peak,17.026,up,1.74544,0.1965,lower,0.795522,1.833373,0.23276,0.22449,0.24498,289.197,292.308,83.908,0.0,0
peak,17.026,up,1.74544,0.1965,lower,0.803454,1.841355,0.22987,0.22169,0.24544,289.184,292.307,84.059,0.0,0
peak,17.026,up,1.74544,0.1965,lower,0.811264,1.849217,0.22702,0.21893,0.2459,289.171,292.305,84.208,0.0,0
peak,17.026,up,1.74544,0.1965,lower,0.818952,1.856955,0.22421,0.21621,0.24635,289.159,292.304,84.355,0.0,0
peak,17.026,up,1.74544,0.1965,lower,0.826513,1.864567,0.22145,0.21354,0.24678,289.146,292.303,84.498,0.0,0
peak,17.026,up,1.74544,0.1965,lower,0.833945,1.872051,0.21875,0.21093,0.24721,289.134,292.302,84.639,0.0,0
peak,17.026,up,1.74544,0.1965,lower,0.841245,1.879402,0.21612,0.20837,0.24763,289.122,292.3,84.775,0.0,0
peak,17.026,up,1.74544,0.1965,lower,0.84841,1.886618,0.21356,0.20589,0.24804,289.111,292.299,84.908,0.0,0
peak,17.026,up,1.74544,0.1965,lower,0.855437,1.893697,0.21107,0.20349,0.24843,289.1,292.298,85.037,0.0,0
peak,17.026,up,1.74544,0.1965,lower,0.862325,1.900635,0.20868,0.20117,0.24881,289.089,292.297,85.16,0.0,0
peak,17.026,up,1.74544,0.1965,lower,0.86907,1.907431,0.20637,0.19894,0.24917,289.079,292.296,85.279,0.0,0
peak,17.026,up,1.74544,0.1965,lower,0.875669,1.914081,0.20417,0.1968,0.24952,289.069,292.295,85.393,0.0,0
peak,17.026,up,1.74544,0.1965,lower,0.88212,1.920582,0.20206,0.19476,0.24985,289.059,292.294,85.501,0.0,0
peak,17.026,up,1.74544,0.1965,lower,0.888421,1.926933,0.20006,0.19283,0.25016,289.05,292.293,85.604,0.0,0
peak,17.026,up,1.74544,0.1965,lower,0.89457,1.933131,0.19817,0.191,0.25046,289.042,292.292,85.701,0.0,0
peak,17.026,up,1.74544,0.1965,lower,0.900563,1.939173,0.19638,0.18927,0.25074,289.034,292.291,85.792,0.0,0
peak,17.026,up,1.74544,0.1965,lower,0.906399,1.945057,0.19472,0.18766,0.251,289.026,292.29,85.877,0.0,0
peak,17.026,up,1.74544,0.1965,lower,0.912076,1.950781,0.19316,0.18615,0.25124,289.019,292.29,85.957,0.0,0
peak,17.026,up,1.74544,0.1965,lower,0.917591,1.956343,0.19172,0.18476,0.25147,289.013,292.289,86.03,0.0,0
peak,17.026,up,1.74544,0.1965,lower,0.922942,1.96174,0.1904,0.18349,0.25167,289.007,292.288,86.098,0.0,0
peak,17.026,up,1.74544,0.1965,lower,0.928127,1.966971,0.18921,0.18233,0.25186,289.002,292.288,86.159,0.0,0
peak,17.026,up,1.74544,0.1965,lower,0.933145,1.972033,0.18813,0.18128,0.25203,288.997,292.287,86.214,0.0,0
peak,17.026,up,1.74544,0.1965,lower,0.937993,1.976924,0.18716,0.18035,0.25218,288.993,292.287,86.263,0.0,0
peak,17.026,up,1.74544,0.1965,lower,0.94267,1.981643,0.18633,0.17954,0.25231,288.989,292.287,86.305,0.0,0
peak,17.026,up,1.74544,0.1965,lower,0.947174,1.986188,0.18561,0.17885,0.25242,288.986,292.286,86.342,0.0,0
peak,17.026,up,1.74544,0.1965,lower,0.951503,1.990557,0.18504,0.1783,0.25251,288.983,292.286,86.371,0.0,0
peak,17.026,up,1.74544,0.1965,lower,0.955655,1.994748,0.1846,0.17787,0.25258,288.981,292.286,86.393,0.0,0
peak,17.026,up,1.74544,0.1965,lower,0.95963,1.99876,0.18429,0.17757,0.25263,288.98,292.286,86.409,0.0,0
peak,17.026,up,1.74544,0.1965,lower,0.963424,2.002591,0.18411,0.1774,0.25265,288.979,292.286,86.418,0.0,0
peak,17.026,up,1.74544,0.1965,lower,0.967038,2.00624,0.1841,0.17738,0.25266,288.979,292.286,86.419,0.0,0
peak,17.026,up,1.74544,0.1965,lower,0.97047,2.009705,0.18422,0.17751,0.25264,288.979,292.286,86.412,0.0,0
peak,17.026,up,1.74544,0.1965,lower,0.973718,2.012985,0.18451,0.17779,0.25259,288.981,292.286,86.398,0.0,0
peak,17.026,up,1.74544,0.1965,lower,0.976781,2.016078,0.18496,0.17822,0.25252,288.983,292.286,86.375,0.0,0
peak,17.026,up,1.74544,0.1965,lower,0.979659,2.018984,0.18559,0.17883,0.25242,288.986,292.286,86.343,0.0,0
peak,17.026,up,1.74544,0.1965,lower,0.982349,2.021702,0.1864,0.17962,0.2523,288.989,292.287,86.301,0.0,0
peak,17.026,up,1.74544,0.1965,lower,0.984852,2.024229,0.1874,0.18058,0.25214,288.994,292.287,86.251,0.0,0
peak,17.026,up,1.74544,0.1965,lower,0.987165,2.026566,0.18861,0.18176,0.25195,288.999,292.288,86.189,0.0,0
peak,17.026,up,1.74544,0.1965,lower,0.989289,2.028712,0.19006,0.18315,0.25173,289.006,292.288,86.115,0.0,0
peak,17.026,up,1.74544,0.1965,lower,0.991222,2.030665,0.19176,0.1848,0.25146,289.013,292.289,86.029,0.0,0
peak,17.026,up,1.74544,0.1965,lower,0.992964,2.032424,0.19374,0.18672,0.25115,289.022,292.29,85.927,0.0,0
peak,17.026,up,1.74544,0.1965,lower,0.994514,2.033991,0.19608,0.18898,0.25078,289.033,292.291,85.807,0.0,0
peak,17.026,up,1.74544,0.1965,lower,0.995872,2.035362,0.19881,0.19162,0.25036,289.045,292.292,85.668,0.0,0
peak,17.026,up,1.74544,0.1965,lower,0.997036,2.036539,0.20207,0.19478,0.24985,289.059,292.294,85.5,0.0,0
peak,17.026,up,1.74544,0.1965,lower,0.998007,2.03752,0.20598,0.19856,0.24923,289.077,292.296,85.299,0.0,0
peak,17.026,up,1.74544,0.1965,lower,0.998785,2.038305,0.21084,0.20326,0.24847,289.099,292.298,85.049,0.0,0
peak,17.026,up,1.74544,0.1965,lower,0.999368,2.038895,0.21715,0.20937,0.24747,289.127,292.301,84.722,0.0,0
peak,17.026,up,1.74544,0.1965,lower,0.999757,2.039288,0.22615,0.21809,0.24604,289.167,292.305,84.253,0.0,0
peak,17.026,up,1.74544,0.1965,lower,0.999951,2.039484,0.24101,0.23249,0.24366,289.234,292.312,83.474,0.0,0
dsv,18.061,up,1.7044,0.3902,upper,0.999951,4.9e-05,-0.13434,-0.12862,0.29858,287.541,292.136,101.224,0.45283,0
dsv,18.061,up,1.7044,0.3902,upper,0.999757,0.000246,-0.06279,-0.0602,0.28881,287.866,292.17,98.108,0.45283,0
dsv,18.061,up,1.7044,0.3902,upper,0.999368,0.000639,-0.01197,-0.01149,0.2817,288.096,292.194,95.827,0.45283,0
dsv,18.061,up,1.7044,0.3902,upper,0.998785,0.001228,0.02685,0.02579,0.27616,288.271,292.212,94.045,0.45283,0
dsv,18.061,up,1.7044,0.3902,upper,0.998007,0.002014,0.05867,0.05639,0.27155,288.415,292.227,92.556,0.45282,0
dsv,18.061,up,1.7044,0.3902,upper,0.997036,0.002995,0.08593,0.08264,0.26754,288.538,292.24,91.259,0.4528,0
dsv,18.061,up,1.7044,0.3902,upper,0.995872,0.004171,0.11001,0.10584,0.26396,288.646,292.251,90.098,0.45276,0
dsv,18.061,up,1.7044,0.3902,upper,0.994514,0.005543,0.13166,0.12673,0.2607,288.743,292.261,89.039,0.45271,0
dsv,18.061,up,1.7044,0.3902,upper,0.992964,0.007109,0.15148,0.14586,0.25769,288.832,292.27,88.059,0.45264,0
dsv,18.061,up,1.7044,0.3902,upper,0.991222,0.008869,0.16977,0.16353,0.25488,288.915,292.279,87.143,0.45253,0
dsv,18.061,up,1.7044,0.3902,upper,0.989289,0.010822,0.1868,0.18,0.25223,288.991,292.287,86.281,0.45238,0
dsv,18.061,up,1.7044,0.3902,upper,0.987165,0.012967,0.20274,0.19542,0.24974,289.062,292.294,85.465,0.45219,0
dsv,18.061,up,1.7044,0.3902,upper,0.984852,0.015304,0.21769,0.2099,0.24738,289.129,292.301,84.693,0.45194,0
dsv,18.061,up,1.7044,0.3902,upper,0.982349,0.017832,0.23174,0.22351,0.24514,289.192,292.308,83.96,0.45162,0
dsv,18.061,up,1.7044,0.3902,upper,0.979659,0.020549,0.24494,0.2363,0.24303,289.251,292.314,83.266,0.45123,0
dsv,18.061,up,1.7044,0.3902,upper,0.976781,0.023455,0.25732,0.2483,0.24103,289.307,292.32,82.609,0.45075,0
dsv,18.061,up,1.7044,0.3902,upper,0.973718,0.026549,0.26886,0.2595,0.23915,289.358,292.325,81.992,0.45017,0
dsv,18.061,up,1.7044,0.3902,upper,0.97047,0.029829,0.27958,0.26991,0.23739,289.406,292.33,81.413,0.44949,0
dsv,18.061,up,1.7044,0.3902,upper,0.967038,0.033294,0.28947,0.27951,0.23576,289.451,292.334,80.876,0.44868,0
dsv,18.061,up,1.7044,0.3902,upper,0.963424,0.036942,0.29852,0.2883,0.23426,289.491,292.339,80.381,0.44774,0
dsv,18.061,up,1.7044,0.3902,upper,0.95963,0.040773,0.30668,0.29623,0.23289,289.527,292.342,79.932,0.44666,0
dsv,18.061,up,1.7044,0.3902,upper,0.955655,0.044785,0.31397,0.30332,0.23167,289.56,292.346,79.529,0.44542,0
dsv,18.061,up,1.7044,0.3902,upper,0.951503,0.048976,0.32035,0.30952,0.2306,289.588,292.349,79.174,0.44401,0
dsv,18.061,up,1.7044,0.3902,upper,0.947174,0.053345,0.32582,0.31484,0.22967,289.613,292.351,78.869,0.44242,0
dsv,18.061,up,1.7044,0.3902,upper,0.94267,0.05789,0.33034,0.31924,0.2289,289.633,292.353,78.615,0.44063,0
dsv,18.061,up,1.7044,0.3902,upper,0.937993,0.062609,0.33394,0.32274,0.22829,289.649,292.355,78.412,0.43864,0
dsv,18.061,up,1.7044,0.3902,upper,0.933145,0.067501,0.33662,0.32534,0.22784,289.661,292.356,78.262,0.43643,0
dsv,18.061,up,1.7044,0.3902,upper,0.928127,0.072563,0.33839,0.32707,0.22753,289.669,292.357,78.162,0.434,0
dsv,18.061,up,1.7044,0.3902,upper,0.922942,0.077793,0.33929,0.32794,0.22738,289.673,292.358,78.111,0.43132,0
dsv,18.061,up,1.7044,0.3902,upper,0.917591,0.083191,0.33934,0.328,0.22737,289.673,292.358,78.108,0.42839,0
dsv,18.061,up,1.7044,0.3902,upper,0.912076,0.088752,0.33861,0.32728,0.2275,289.67,292.357,78.149,0.42521,0
dsv,18.061,up,1.7044,0.3902,upper,0.906399,0.094477,0.33714,0.32585,0.22775,289.663,292.357,78.232,0.42175,0
dsv,18.061,up,1.7044,0.3902,upper,0.900563,0.100361,0.335,0.32377,0.22811,289.654,292.356,78.353,0.41801,0
dsv,18.061,up,1.7044,0.3902,upper,0.89457,0.106403,0.33228,0.32112,0.22858,289.642,292.354,78.506,0.41399,0
dsv,18.061,up,1.7044,0.3902,upper,0.888421,0.112601,0.32903,0.31797,0.22913,289.627,292.353,78.688,0.40968,0
dsv,18.061,up,1.7044,0.3902,upper,0.88212,0.118951,0.32536,0.31439,0.22975,289.611,292.351,78.895,0.40506,0
dsv,18.061,up,1.7044,0.3902,upper,0.875669,0.125453,0.32133,0.31047,0.23043,289.593,292.349,79.12,0.40014,0
dsv,18.061,up,1.7044,0.3902,upper,0.86907,0.132103,0.31701,0.30627,0.23116,289.574,292.347,79.36,0.39491,0
dsv,18.061,up,1.7044,0.3902,upper,0.862325,0.138898,0.3125,0.30188,0.23192,289.553,292.345,79.611,0.38937,0
dsv,18.061,up,1.7044,0.3902,upper,0.855437,0.145837,0.30783,0.29735,0.2327,289.533,292.343,79.869,0.38351,0
dsv,18.061,up,1.7044,0.3902,upper,0.84841,0.152915,0.30308,0.29273,0.2335,289.511,292.341,80.131,0.37734,0
dsv,18.061,up,1.7044,0.3902,upper,0.841245,0.160132,0.29829,0.28807,0.2343,289.49,292.339,80.394,0.37085,0
dsv,18.061,up,1.7044,0.3902,upper,0.833945,0.167483,0.29348,0.2834,0.23509,289.468,292.336,80.658,0.36405,0
dsv,18.061,up,1.7044,0.3902,upper,0.826513,0.174966,0.28868,0.27874,0.23589,289.447,292.334,80.92,0.35694,0
dsv,18.061,up,1.7044,0.3902,upper,0.818952,0.182578,0.2839,0.2741,0.23668,289.426,292.332,81.18,0.34952,0
dsv,18.061,up,1.7044,0.3902,upper,0.811264,0.190317,0.27912,0.26946,0.23747,289.404,292.33,81.439,0.3418,0
dsv,18.061,up,1.7044,0.3902,upper,0.803454,0.198179,0.27434,0.26482,0.23825,289.383,292.327,81.697,0.33378,0
dsv,18.061,up,1.7044,0.3902,upper,0.795522,0.206161,0.26953,0.26015,0.23904,289.361,292.325,81.956,0.32548,0
dsv,18.061,up,1.7044,0.3902,upper,0.787474,0.21426,0.26465,0.25541,0.23984,289.34,292.323,82.218,0.31691,0
dsv,18.061,up,1.7044,0.3902,upper,0.779311,0.222472,0.25964,0.25056,0.24065,289.317,292.321,82.486,0.30807,0
dsv,18.061,up,1.7044,0.3902,upper,0.771037,0.230796,0.25447,0.24554,0.24149,289.294,292.318,82.761,0.29897,0
dsv,18.061,up,1.7044,0.3902,upper,0.762655,0.239228,0.24906,0.2403,0.24236,289.27,292.316,83.048,0.28964,0
dsv,18.061,up,1.7044,0.3902,upper,0.754168,0.247763,0.24335,0.23476,0.24328,289.244,292.313,83.35,0.28008,0
dsv,18.061,up,1.7044,0.3902,upper,0.74558,0.2564,0.23727,0.22887,0.24426,289.217,292.31,83.671,0.27031,0
dsv,18.061,up,1.7044,0.3902,upper,0.736893,0.265134,0.23074,0.22254,0.2453,289.188,292.307,84.013,0.26036,0
dsv,18.061,up,1.7044,0.3902,upper,0.728111,0.273963,0.22369,0.21571,0.24643,289.156,292.304,84.382,0.25024,0
dsv,18.061,up,1.7044,0.3902,upper,0.719238,0.282883,0.21603,0.20829,0.24764,289.122,292.3,84.78,0.23996,0
dsv,18.061,up,1.7044,0.3902,upper,0.710277,0.29189,0.20769,0.20021,0.24896,289.085,292.297,85.211,0.22956,0
dsv,18.061,up,1.7044,0.3902,upper,0.70123,0.300982,0.19858,0.1914,0.25039,289.044,292.292,85.679,0.21906,0
dsv,18.061,up,1.7044,0.3902,upper,0.692103,0.310153,0.18864,0.18178,0.25195,288.999,292.288,86.188,0.20847,0
dsv,18.061,up,1.7044,0.3902,upper,0.682897,0.319402,0.17777,0.17127,0.25364,288.95,292.283,86.739,0.19783,0
dsv,18.061,up,1.7044,0.3902,upper,0.673617,0.328725,0.16591,0.15981,0.25547,288.897,292.277,87.337,0.18716,0
dsv,18.061,up,1.7044,0.3902,upper,0.664267,0.338117,0.15299,0.14732,0.25745,288.839,292.271,87.984,0.1765,0
dsv,18.061,up,1.7044,0.3902,upper,0.654849,0.347575,0.13893,0.13374,0.2596,288.776,292.264,88.682,0.16585,0
dsv,18.061,up,1.7044,0.3902,upper,0.645368,0.357096,0.12366,0.11901,0.26191,288.707,292.257,89.432,0.15527,0
dsv,18.061,up,1.7044,0.3902,upper,0.635826,0.366676,0.10714,0.10307,0.26439,288.633,292.25,90.238,0.14477,0
dsv,18.061,up,1.7044,0.3902,upper,0.626229,0.376311,0.08929,0.08587,0.26704,288.553,292.241,91.099,0.13439,0
dsv,18.061,up,1.7044,0.3902,upper,0.616578,0.385997,0.07006,0.06735,0.26988,288.466,292.232,92.017,0.12415,0
dsv,18.061,up,1.7044,0.3902,upper,0.606879,0.395732,0.04941,0.04748,0.2729,288.373,292.223,92.992,0.1141,0
dsv,18.061,up,1.7044,0.3902,upper,0.597135,0.40551,0.02729,0.02622,0.2761,288.273,292.212,94.024,0.10426,0
dsv,18.061,up,1.7044,0.3902,upper,0.587349,0.415328,0.00367,0.00353,0.27948,288.167,292.201,95.114,0.09466,0
dsv,18.061,up,1.7044,0.3902,upper,0.577526,0.425183,-0.02148,-0.02061,0.28304,288.053,292.189,96.259,0.08534,0
dsv,18.061,up,1.7044,0.3902,upper,0.567668,0.435071,-0.0482,-0.04623,0.28678,287.932,292.177,97.459,0.07634,0
dsv,18.061,up,1.7044,0.3902,upper,0.557781,0.444987,-0.07649,-0.07332,0.2907,287.804,292.164,98.713,0.06767,0
dsv,18.061,up,1.7044,0.3902,upper,0.547867,0.454929,-0.10637,-0.1019,0.29479,287.668,292.15,100.019,0.05938,0
dsv,18.061,up,1.7044,0.3902,upper,0.537931,0.464892,-0.13784,-0.13196,0.29905,287.526,292.135,101.374,0.0515,0
dsv,18.061,up,1.7044,0.3902,upper,0.527975,0.474872,-0.17088,-0.16349,0.30346,287.375,292.119,102.776,0.04406,0
dsv,18.061,up,1.7044,0.3902,upper,0.518005,0.484865,-0.20551,-0.19648,0.30803,287.218,292.103,104.223,0.0371,0
dsv,18.061,up,1.7044,0.3902,upper,0.508024,0.494868,-0.24165,-0.23087,0.31274,287.053,292.086,105.71,0.03064,0
dsv,18.061,up,1.7044,0.3902,upper,0.498036,0.504877,-0.27928,-0.26662,0.31759,286.881,292.068,107.234,0.02472,0
dsv,18.061,up,1.7044,0.3902,upper,0.488044,0.514888,-0.31835,-0.30368,0.32255,286.703,292.049,108.792,0.01936,0
dsv,18.061,up,1.7044,0.3902,upper,0.478053,0.524897,-0.35877,-0.34197,0.32762,286.517,292.03,110.378,0.01459,0
dsv,18.061,up,1.7044,0.3902,upper,0.468067,0.5349,-0.40047,-0.3814,0.33279,286.326,292.01,111.987,0.01046,0
dsv,18.061,up,1.7044,0.3902,upper,0.458088,0.544894,-0.44333,-0.42186,0.33803,286.129,291.99,113.616,0.00697,0
dsv,18.061,up,1.7044,0.3902,upper,0.448122,0.554874,-0.48717,-0.46317,0.34333,285.928,291.969,115.254,0.00416,0
dsv,18.061,up,1.7044,0.3902,upper,0.438172,0.564836,-0.53179,-0.50514,0.34865,285.722,291.948,116.896,0.00205,0
dsv,18.061,up,1.7044,0.3902,upper,0.428241,0.574778,-0.57691,-0.54752,0.35397,285.513,291.926,118.53,0.00067,0
dsv,18.061,up,1.7044,0.3902,upper,0.418335,0.584694,-0.62204,-0.58982,0.35923,285.305,291.904,120.139,4e-05,0
dsv,18.061,up,1.7044,0.3902,upper,0.408456,0.594582,-0.66653,-0.63145,0.36436,285.098,291.883,121.702,0.0,0
dsv,18.061,up,1.7044,0.3902,upper,0.398608,0.604437,-0.71039,-0.67242,0.36936,284.895,291.862,123.221,0.0,0
dsv,18.061,up,1.7044,0.3902,upper,0.388796,0.614256,-0.75415,-0.71322,0.3743,284.691,291.841,124.715,0.0,0
dsv,18.061,up,1.7044,0.3902,upper,0.379023,0.624034,-0.79808,-0.75412,0.37921,284.486,291.82,126.194,0.0,0
dsv,18.061,up,1.7044,0.3902,upper,0.369292,0.633768,-0.84237,-0.79528,0.38411,284.279,291.798,127.666,0.0,0
dsv,18.061,up,1.7044,0.3902,upper,0.359609,0.643455,-0.88717,-0.83683,0.38903,284.07,291.776,129.135,0.0,0
dsv,18.061,up,1.7044,0.3902,upper,0.349977,0.65309,-0.93259,-0.87889,0.39396,283.857,291.754,130.605,0.0,0
dsv,18.061,up,1.7044,0.3902,upper,0.340398,0.662669,-0.97875,-0.92156,0.39893,283.64,291.732,132.08,0.0,0
dsv,18.061,up,1.7044,0.3902,upper,0.330879,0.67219,-1.02575,-0.96493,0.40394,283.419,291.709,133.562,0.0,0
dsv,18.061,up,1.7044,0.3902,upper,0.321421,0.681649,-1.07369,-1.00907,0.40901,283.193,291.685,135.054,0.0,0
dsv,18.061,up,1.7044,0.3902,upper,0.312029,0.691041,-1.12266,-1.05409,0.41414,282.962,291.661,136.559,0.0,0
dsv,18.061,up,1.7044,0.3902,upper,0.302707,0.700363,-1.17276,-1.10005,0.41934,282.725,291.637,138.078,0.0,0
dsv,18.061,up,1.7044,0.3902,upper,0.293458,0.709612,-1.2241,-1.14705,0.42463,282.481,291.612,139.615,0.0,0
dsv,18.061,up,1.7044,0.3902,upper,0.284286,0.718784,-1.27677,-1.19518,0.43001,282.231,291.586,141.171,0.0,0
dsv,18.061,up,1.7044,0.3902,upper,0.275196,0.727875,-1.33089,-1.24452,0.43549,281.973,291.559,142.749,0.0,0
dsv,18.061,up,1.7044,0.3902,upper,0.266189,0.736882,-1.38656,-1.29518,0.44107,281.707,291.531,144.351,0.0,0
dsv,18.061,up,1.7044,0.3902,upper,0.257271,0.745802,-1.44391,-1.34725,0.44678,281.433,291.503,145.979,0.0,0
dsv,18.061,up,1.7044,0.3902,upper,0.248445,0.754631,-1.50308,-1.40084,0.45262,281.149,291.473,147.636,0.0,0
dsv,18.061,up,1.7044,0.3902,upper,0.239714,0.763365,-1.56419,-1.45607,0.4586,280.855,291.443,149.324,0.0,0
dsv,18.061,up,1.7044,0.3902,upper,0.231082,0.772002,-1.6274,-1.51306,0.46473,280.55,291.411,151.047,0.0,0
dsv,18.061,up,1.7044,0.3902,upper,0.222553,0.780538,-1.69287,-1.57193,0.47103,280.233,291.378,152.806,0.0,0
dsv,18.061,up,1.7044,0.3902,upper,0.21413,0.788969,-1.76078,-1.63285,0.47751,279.904,291.344,154.605,0.0,0
dsv,18.061,up,1.7044,0.3902,upper,0.205817,0.797293,-1.83133,-1.69596,0.48419,279.56,291.309,156.447,0.0,0
dsv,18.061,up,1.7044,0.3902,upper,0.197617,0.805506,-1.90472,-1.76143,0.49107,279.202,291.272,158.335,0.0,0
dsv,18.061,up,1.7044,0.3902,upper,0.189534,0.813605,-1.9812,-1.82946,0.49819,278.828,291.233,160.274,0.0,0
dsv,18.061,up,1.7044,0.3902,upper,0.181571,0.821587,-2.06101,-1.90024,0.50555,278.435,291.192,162.266,0.0,0
dsv,18.061,up,1.7044,0.3902,upper,0.173732,0.829448,-2.14445,-1.97401,0.51319,278.024,291.149,164.317,0.0,0
dsv,18.061,up,1.7044,0.3902,upper,0.166019,0.837187,-2.23184,-2.05102,0.52112,277.591,291.104,166.43,0.0,0
dsv,18.061,up,1.7044,0.3902,upper,0.158437,0.844799,-2.32354,-2.13154,0.52937,277.136,291.057,168.612,0.0,0
dsv,18.061,up,1.7044,0.3902,upper,0.150989,0.852282,-2.41992,-2.21588,0.53798,276.654,291.007,170.868,0.0,0
dsv,18.061,up,1.7044,0.3902,upper,0.143678,0.859634,-2.52146,-2.30439,0.54696,276.145,290.954,173.203,0.0,0
dsv,18.061,up,1.7044,0.3902,upper,0.136507,0.86685,-2.62863,-2.39745,0.55637,275.605,290.898,175.625,0.0,0
dsv,18.061,up,1.7044,0.3902,upper,0.12948,0.873929,-2.74201,-2.49548,0.56624,275.031,290.839,178.141,0.0,0
dsv,18.061,up,1.7044,0.3902,upper,0.122599,0.880867,-2.86224,-2.59897,0.57663,274.419,290.775,180.759,0.0,0
dsv,18.061,up,1.7044,0.3902,upper,0.115868,0.887663,-2.99004,-2.70847,0.58757,273.765,290.708,183.488,0.0,0
dsv,18.061,up,1.7044,0.3902,upper,0.109291,0.894312,-3.12622,-2.82457,0.59915,273.063,290.635,186.338,0.0,0
dsv,18.061,up,1.7044,0.3902,upper,0.10287,0.900814,-3.27174,-2.94797,0.61142,272.309,290.557,189.32,0.0,0
dsv,18.061,up,1.7044,0.3902,upper,0.096608,0.907165,-3.42767,-3.07946,0.62446,271.494,290.472,192.447,0.0,0
dsv,18.061,up,1.7044,0.3902,upper,0.090509,0.913362,-3.59525,-3.21991,0.63838,270.612,290.381,195.732,0.0,0
dsv,18.061,up,1.7044,0.3902,upper,0.084576,0.919405,-3.77592,-3.37036,0.65327,269.653,290.281,199.191,0.0,0
dsv,18.061,up,1.7044,0.3902,upper,0.078811,0.925289,-3.97134,-3.53195,0.66927,268.605,290.172,202.84,0.0,0
dsv,18.061,up,1.7044,0.3902,upper,0.073219,0.931013,-4.18344,-3.70602,0.68652,267.457,290.053,206.698,0.0,0
dsv,18.061,up,1.7044,0.3902,upper,0.067802,0.936575,-4.41448,-3.89409,0.70521,266.192,289.922,210.788,0.0,0
dsv,18.061,up,1.7044,0.3902,upper,0.062564,0.941972,-4.66712,-4.09792,0.72553,264.791,289.777,215.133,0.0,0
dsv,18.061,up,1.7044,0.3902,upper,0.057507,0.947203,-4.94447,-4.31953,0.74776,263.232,289.615,219.759,0.0,0
dsv,18.061,up,1.7044,0.3902,upper,0.052636,0.952265,-5.25023,-4.56127,0.77218,261.485,289.434,224.697,0.0,0
dsv,18.061,up,1.7044,0.3902,upper,0.047953,0.957156,-5.58877,-4.82581,0.7992,259.517,289.23,229.979,0.0,0
dsv,18.061,up,1.7044,0.3902,upper,0.043463,0.961875,-5.96528,-5.11627,0.82926,257.283,288.998,235.642,0.0,0
dsv,18.061,up,1.7044,0.3902,upper,0.039169,0.96642,-6.38595,-5.43621,0.86297,254.728,288.733,241.727,0.0,0
dsv,18.061,up,1.7044,0.3902,upper,0.035074,0.970789,-6.85814,-5.78968,0.90107,251.782,288.428,248.276,0.0,0
dsv,18.061,up,1.7044,0.3902,upper,0.031184,0.97498,-7.39056,-6.18128,0.94454,248.354,288.072,255.335,0.0,0
dsv,18.061,up,1.7044,0.3902,upper,0.027503,0.978992,-7.9935,-6.61605,0.99467,244.323,287.654,262.951,0.0,0
dsv,18.061,up,1.7044,0.3902,upper,0.024036,0.982823,-8.67888,-7.09942,1.05321,239.529,287.157,271.167,0.0,1
dsv,18.061,up,1.7044,0.3902,upper,0.020787,0.986471,-9.46024,-7.63689,1.12259,233.753,286.558,280.02,0.0,1
dsv,18.061,up,1.7044,0.3902,upper,0.017763,0.989936,-10.35225,-8.23346,1.20633,226.691,285.825,289.529,0.0,1
dsv,18.061,up,1.7044,0.3902,upper,0.01497,0.993216,-11.3695,-8.89262,1.30983,217.9,284.913,299.686,0.0,1
dsv,18.061,up,1.7044,0.3902,upper,0.012415,0.99631,-12.52385,-9.61465,1.44192,206.712,283.753,310.429,0.0,1
dsv,18.061,up,1.7044,0.3902,upper,0.010104,0.999216,-13.81968,-10.39404,1.61887,192.021,282.229,321.624,0.0,1
dsv,18.061,up,1.7044,0.3902,upper,0.008043,1.001933,-15.24582,-11.21604,1.87691,171.698,280.121,333.024,0.0,1
dsv,18.061,up,1.7044,0.3902,upper,0.006238,1.00446,-16.76438,-12.05269,2.33483,140.014,276.835,344.239,0.0,1
dsv,18.061,up,1.7044,0.3902,upper,0.004692,1.006797,-17.3105,-12.86021,2.63671,122.432,275.011,354.728,0.0,1
dsv,18.061,up,1.7044,0.3902,upper,0.003403,1.008943,-17.3105,-13.58041,2.63671,122.432,275.011,363.827,0.0,1
dsv,18.061,up,1.7044,0.3902,upper,0.002365,1.010896,-17.3105,-14.14975,2.63671,122.432,275.011,370.862,0.0,1
dsv,18.061,up,1.7044,0.3902,upper,0.001562,1.012656,-17.3105,-14.51633,2.63671,122.432,275.011,375.323,0.0,1
dsv,18.061,up,1.7044,0.3902,upper,0.00097,1.014222,-17.3105,-14.65908,2.63671,122.432,275.011,377.045,0.0,1
dsv,18.061,up,1.7044,0.3902,upper,0.000559,1.015594,-17.3105,-14.59798,2.63671,122.432,275.011,376.309,0.0,1
dsv,18.061,up,1.7044,0.3902,upper,0.000292,1.016771,-17.3105,-14.38698,2.63671,122.432,275.011,373.755,0.0,1
dsv,18.061,up,1.7044,0.3902,upper,0.000135,1.017752,-17.3105,-14.09891,2.63671,122.432,275.011,370.24,0.0,1
dsv,18.061,up,1.7044,0.3902,upper,5.2e-05,1.018538,-17.3105,-13.80356,2.63671,122.432,275.011,366.601,0.0,1
dsv,18.061,up,1.7044,0.3902,upper,1.5e-05,1.019128,-17.3105,-13.55828,2.63671,122.432,275.011,363.551,0.0,1
dsv,18.061,up,1.7044,0.3902,upper,3e-06,1.019521,-17.3105,-13.40533,2.63671,122.432,275.011,361.636,0.0,1
dsv,18.061,up,1.7044,0.3902,upper,0.0,1.019718,-17.3105,-13.37432,2.63671,122.432,275.011,361.247,0.0,1
dsv,18.061,up,1.7044,0.3902,lower,0.0,1.019816,-17.3105,-13.33799,2.63671,122.432,275.011,360.79,0.0,1
dsv,18.061,up,1.7044,0.3902,lower,3e-06,1.020013,-17.3105,-13.16122,2.63671,122.432,275.011,358.559,0.0,1
dsv,18.061,up,1.7044,0.3902,lower,1.5e-05,1.020406,-17.3105,-12.87807,2.63671,122.432,275.011,354.956,0.0,1
dsv,18.061,up,1.7044,0.3902,lower,5.2e-05,1.020995,-17.3105,-12.46452,2.63671,122.432,275.011,349.628,0.0,1
dsv,18.061,up,1.7044,0.3902,lower,0.000135,1.021781,-16.46926,-11.89308,2.21697,147.589,277.621,342.128,0.0,1
dsv,18.061,up,1.7044,0.3902,lower,0.000292,1.022763,-15.11475,-11.14199,1.84891,173.825,280.342,332.013,0.0,1
dsv,18.061,up,1.7044,0.3902,lower,0.000559,1.02394,-13.49297,-10.20054,1.57049,195.989,282.641,318.882,0.0,1
dsv,18.061,up,1.7044,0.3902,lower,0.00097,1.025312,-11.67237,-9.08468,1.34274,215.104,284.623,302.581,0.0,1
dsv,18.061,up,1.7044,0.3902,lower,0.001562,1.026878,-9.76493,-7.84267,1.15058,231.401,286.314,283.336,0.0,1
dsv,18.061,up,1.7044,0.3902,lower,0.002365,1.028638,-7.89949,-6.54886,0.98678,244.962,287.72,261.789,0.0,0
dsv,18.061,up,1.7044,0.3902,lower,0.003403,1.030591,-6.18725,-5.28569,0.84702,255.943,288.859,238.884,0.0,0
dsv,18.061,up,1.7044,0.3902,lower,0.004692,1.032736,-4.69763,-4.12241,0.72798,264.621,289.759,215.649,0.0,0
dsv,18.061,up,1.7044,0.3902,lower,0.006238,1.035073,-3.45453,-3.10203,0.6267,271.353,290.457,192.979,0.0,0
dsv,18.061,up,1.7044,0.3902,lower,0.008043,1.037601,-2.44781,-2.24023,0.54045,276.515,290.993,171.513,0.0,0
dsv,18.061,up,1.7044,0.3902,lower,0.010104,1.040318,-1.64874,-1.53227,0.46679,280.447,291.401,151.623,0.0,0
dsv,18.061,up,1.7044,0.3902,lower,0.012415,1.043224,-1.02241,-0.96184,0.40359,283.435,291.711,133.457,0.0,0
dsv,18.061,up,1.7044,0.3902,lower,0.01497,1.046317,-0.53502,-0.50818,0.34904,285.707,291.946,117.014,0.0,0
dsv,18.061,up,1.7044,0.3902,lower,0.017763,1.049597,-0.15724,-0.15048,0.30165,287.437,292.126,102.2,0.0,0
dsv,18.061,up,1.7044,0.3902,lower,0.020787,1.053062,0.13494,0.12989,0.2602,288.758,292.263,88.879,0.0,0
dsv,18.061,up,1.7044,0.3902,lower,0.024036,1.056711,0.36057,0.34866,0.22371,289.768,292.367,76.898,0.0,0
dsv,18.061,up,1.7044,0.3902,lower,0.027503,1.060542,0.53448,0.51864,0.19138,290.54,292.447,66.107,0.0,0
dsv,18.061,up,1.7044,0.3902,lower,0.031184,1.064554,0.6681,0.65006,0.16254,291.13,292.509,56.364,0.0,0
dsv,18.061,up,1.7044,0.3902,lower,0.035074,1.068745,0.77025,0.75101,0.13668,291.579,292.555,47.545,0.0,0
dsv,18.061,up,1.7044,0.3902,lower,0.039169,1.073114,0.84771,0.82783,0.11335,291.918,292.59,39.535,0.0,0
dsv,18.061,up,1.7044,0.3902,lower,0.043463,1.077658,0.90571,0.88552,0.09219,292.172,292.617,32.239,0.0,0
dsv,18.061,up,1.7044,0.3902,lower,0.047953,1.082377,0.94832,0.92798,0.07292,292.357,292.636,25.57,0.0,0
dsv,18.061,up,1.7044,0.3902,lower,0.052636,1.087269,0.9787,0.95831,0.05525,292.49,292.65,19.456,0.0,0
dsv,18.061,up,1.7044,0.3902,lower,0.057507,1.092331,0.99933,0.97892,0.03895,292.579,292.659,13.833,0.0,0
dsv,18.061,up,1.7044,0.3902,lower,0.062564,1.097562,1.01217,0.99176,0.02373,292.635,292.665,8.647,0.0,0
dsv,18.061,up,1.7044,0.3902,lower,0.067802,1.102959,1.01878,0.99837,0.00852,292.664,292.668,3.851,0.0,0
dsv,18.061,up,1.7044,0.3902,lower,0.073219,1.108521,1.02037,0.99996,0.0,292.668,292.668,0.596,0.0,0
dsv,18.061,up,1.7044,0.3902,lower,0.078811,1.114245,1.01794,0.99753,0.01159,292.66,292.667,4.731,0.0,0
dsv,18.061,up,1.7044,0.3902,lower,0.084576,1.120129,1.0123,0.99189,0.02353,292.636,292.665,8.583,0.0,0
dsv,18.061,up,1.7044,0.3902,lower,0.090509,1.126171,1.00407,0.98366,0.03414,292.6,292.661,12.18,0.0,0
dsv,18.061,up,1.7044,0.3902,lower,0.096608,1.132369,0.99378,0.97338,0.04393,292.555,292.656,15.546,0.0,0
dsv,18.061,up,1.7044,0.3902,lower,0.10287,1.13872,0.98187,0.96147,0.05307,292.503,292.651,18.702,0.0,0
dsv,18.061,up,1.7044,0.3902,lower,0.109291,1.145221,0.96867,0.9483,0.06164,292.446,292.645,21.666,0.0,0
dsv,18.061,up,1.7044,0.3902,lower,0.115868,1.151871,0.95448,0.93413,0.06969,292.384,292.639,24.454,0.0,0
dsv,18.061,up,1.7044,0.3902,lower,0.122599,1.158666,0.93953,0.91922,0.07728,292.319,292.632,27.081,0.0,0
dsv,18.061,up,1.7044,0.3902,lower,0.12948,1.165605,0.92401,0.90375,0.08445,292.251,292.625,29.56,0.0,0
dsv,18.061,up,1.7044,0.3902,lower,0.136507,1.172683,0.90809,0.8879,0.09122,292.182,292.618,31.902,0.0,0
dsv,18.061,up,1.7044,0.3902,lower,0.143678,1.1799,0.89191,0.87178,0.09764,292.111,292.61,34.118,0.0,0
dsv,18.061,up,1.7044,0.3902,lower,0.150989,1.187251,0.87556,0.85552,0.10372,292.04,292.603,36.217,0.0,0
dsv,18.061,up,1.7044,0.3902,lower,0.158437,1.194734,0.85915,0.8392,0.10949,291.968,292.596,38.208,0.0,0
dsv,18.061,up,1.7044,0.3902,lower,0.166019,1.202347,0.84274,0.8229,0.11498,291.896,292.588,40.098,0.0,0
dsv,18.061,up,1.7044,0.3902,lower,0.173732,1.210085,0.82641,0.80669,0.1202,291.825,292.581,41.893,0.0,0
dsv,18.061,up,1.7044,0.3902,lower,0.181571,1.217947,0.8102,0.79061,0.12517,291.754,292.573,43.601,0.0,0
dsv,18.061,up,1.7044,0.3902,lower,0.189534,1.225929,0.79416,0.7747,0.12991,291.684,292.566,45.226,0.0,0
dsv,18.061,up,1.7044,0.3902,lower,0.197617,1.234028,0.77833,0.75901,0.13443,291.614,292.559,46.775,0.0,0
dsv,18.061,up,1.7044,0.3902,lower,0.205817,1.242241,0.76273,0.74356,0.13874,291.546,292.552,48.251,0.0,0
dsv,18.061,up,1.7044,0.3902,lower,0.21413,1.250564,0.74738,0.72837,0.14286,291.478,292.545,49.659,0.0,0
dsv,18.061,up,1.7044,0.3902,lower,0.222553,1.258996,0.7323,0.71346,0.1468,291.412,292.538,51.004,0.0,0
dsv,18.061,up,1.7044,0.3902,lower,0.231082,1.267531,0.71752,0.69885,0.15056,291.347,292.531,52.288,0.0,0
dsv,18.061,up,1.7044,0.3902,lower,0.239714,1.276168,0.70303,0.68454,0.15417,291.284,292.525,53.516,0.0,0
dsv,18.061,up,1.7044,0.3902,lower,0.248445,1.284903,0.68886,0.67054,0.15762,291.221,292.518,54.69,0.0,0
dsv,18.061,up,1.7044,0.3902,lower,0.257271,1.293731,0.67499,0.65686,0.16092,291.16,292.512,55.814,0.0,0
dsv,18.061,up,1.7044,0.3902,lower,0.266189,1.302651,0.66145,0.6435,0.16409,291.101,292.506,56.89,0.0,0
dsv,18.061,up,1.7044,0.3902,lower,0.275196,1.311658,0.64822,0.63047,0.16713,291.042,292.5,57.921,0.0,0
dsv,18.061,up,1.7044,0.3902,lower,0.284286,1.32075,0.63532,0.61776,0.17004,290.985,292.494,58.909,0.0,0
dsv,18.061,up,1.7044,0.3902,lower,0.293458,1.329922,0.62273,0.60536,0.17284,290.93,292.488,59.856,0.0,0
dsv,18.061,up,1.7044,0.3902,lower,0.302707,1.33917,0.61046,0.59329,0.17553,290.876,292.482,60.765,0.0,0
dsv,18.061,up,1.7044,0.3902,lower,0.312029,1.348493,0.59851,0.58153,0.17811,290.823,292.477,61.637,0.0,0
dsv,18.061,up,1.7044,0.3902,lower,0.321421,1.357885,0.58687,0.57008,0.18059,290.772,292.471,62.474,0.0,0
dsv,18.061,up,1.7044,0.3902,lower,0.330879,1.367343,0.57553,0.55894,0.18297,290.722,292.466,63.279,0.0,0
dsv,18.061,up,1.7044,0.3902,lower,0.340398,1.376864,0.56449,0.5481,0.18527,290.673,292.461,64.052,0.0,0
dsv,18.061,up,1.7044,0.3902,lower,0.349977,1.386444,0.55375,0.53755,0.18748,290.625,292.456,64.795,0.0,0
dsv,18.061,up,1.7044,0.3902,lower,0.359609,1.396079,0.5433,0.5273,0.1896,290.579,292.452,65.51,0.0,0
dsv,18.061,up,1.7044,0.3902,lower,0.369292,1.405765,0.53313,0.51732,0.19165,290.534,292.447,66.197,0.0,0
dsv,18.061,up,1.7044,0.3902,lower,0.379023,1.4155,0.52324,0.50762,0.19362,290.49,292.442,66.859,0.0,0
dsv,18.061,up,1.7044,0.3902,lower,0.388796,1.425278,0.51362,0.49819,0.19552,290.448,292.438,67.496,0.0,0
dsv,18.061,up,1.7044,0.3902,lower,0.398608,1.435097,0.50427,0.48903,0.19735,290.406,292.434,68.11,0.0,0
dsv,18.061,up,1.7044,0.3902,lower,0.408456,1.444952,0.49517,0.48012,0.19911,290.366,292.429,68.701,0.0,0
dsv,18.061,up,1.7044,0.3902,lower,0.418335,1.454839,0.48632,0.47145,0.20081,290.327,292.425,69.271,0.0,0
dsv,18.061,up,1.7044,0.3902,lower,0.428241,1.464756,0.47772,0.46303,0.20246,290.288,292.421,69.821,0.0,0
dsv,18.061,up,1.7044,0.3902,lower,0.438172,1.474697,0.46935,0.45484,0.20404,290.251,292.418,70.351,0.0,0
dsv,18.061,up,1.7044,0.3902,lower,0.448122,1.48466,0.46121,0.44688,0.20557,290.215,292.414,70.863,0.0,0
dsv,18.061,up,1.7044,0.3902,lower,0.458088,1.49464,0.45329,0.43914,0.20705,290.18,292.41,71.357,0.0,0
dsv,18.061,up,1.7044,0.3902,lower,0.468067,1.504633,0.44558,0.4316,0.20849,290.146,292.407,71.835,0.0,0
dsv,18.061,up,1.7044,0.3902,lower,0.478053,1.514636,0.43809,0.42428,0.20987,290.113,292.403,72.296,0.0,0
dsv,18.061,up,1.7044,0.3902,lower,0.488044,1.524645,0.43079,0.41715,0.21121,290.08,292.4,72.742,0.0,0
dsv,18.061,up,1.7044,0.3902,lower,0.498036,1.534656,0.42369,0.41022,0.2125,290.049,292.396,73.174,0.0,0
dsv,18.061,up,1.7044,0.3902,lower,0.508024,1.544665,0.41678,0.40347,0.21376,290.018,292.393,73.591,0.0,0
dsv,18.061,up,1.7044,0.3902,lower,0.518005,1.554668,0.41004,0.39689,0.21497,289.988,292.39,73.996,0.0,0
dsv,18.061,up,1.7044,0.3902,lower,0.527975,1.564662,0.40347,0.39048,0.21615,289.959,292.387,74.388,0.0,0
dsv,18.061,up,1.7044,0.3902,lower,0.537931,1.574642,0.39708,0.38424,0.21729,289.93,292.384,74.768,0.0,0
dsv,18.061,up,1.7044,0.3902,lower,0.547867,1.584605,0.39084,0.37817,0.2184,289.903,292.381,75.136,0.0,0
dsv,18.061,up,1.7044,0.3902,lower,0.557781,1.594546,0.38476,0.37224,0.21948,289.875,292.379,75.493,0.0,0
dsv,18.061,up,1.7044,0.3902,lower,0.567668,1.604463,0.37884,0.36646,0.22052,289.849,292.376,75.84,0.0,0
dsv,18.061,up,1.7044,0.3902,lower,0.577526,1.61435,0.37305,0.36082,0.22154,289.823,292.373,76.177,0.0,0
dsv,18.061,up,1.7044,0.3902,lower,0.587349,1.624205,0.3674,0.35532,0.22252,289.798,292.371,76.504,0.0,0
dsv,18.061,up,1.7044,0.3902,lower,0.597135,1.634024,0.36189,0.34995,0.22348,289.774,292.368,76.822,0.0,0
dsv,18.061,up,1.7044,0.3902,lower,0.606879,1.643802,0.35651,0.34471,0.22442,289.75,292.365,77.131,0.0,0
dsv,18.061,up,1.7044,0.3902,lower,0.616578,1.653536,0.35125,0.33959,0.22533,289.726,292.363,77.432,0.0,0
dsv,18.061,up,1.7044,0.3902,lower,0.626229,1.663223,0.34611,0.33459,0.22621,289.703,292.361,77.724,0.0,0
dsv,18.061,up,1.7044,0.3902,lower,0.635826,1.672858,0.34109,0.3297,0.22707,289.681,292.358,78.009,0.0,0
dsv,18.061,up,1.7044,0.3902,lower,0.645368,1.682438,0.33619,0.32492,0.22791,289.659,292.356,78.286,0.0,0
dsv,18.061,up,1.7044,0.3902,lower,0.654849,1.691959,0.33139,0.32026,0.22873,289.638,292.354,78.556,0.0,0
dsv,18.061,up,1.7044,0.3902,lower,0.664267,1.701417,0.3267,0.3157,0.22952,289.617,292.352,78.82,0.0,0
dsv,18.061,up,1.7044,0.3902,lower,0.673617,1.710809,0.32212,0.31124,0.2303,289.596,292.35,79.076,0.0,0
dsv,18.061,up,1.7044,0.3902,lower,0.682897,1.720131,0.31764,0.30688,0.23106,289.576,292.348,79.326,0.0,0
dsv,18.061,up,1.7044,0.3902,lower,0.692103,1.72938,0.31325,0.30262,0.23179,289.557,292.345,79.569,0.0,0
dsv,18.061,up,1.7044,0.3902,lower,0.70123,1.738552,0.30897,0.29845,0.23251,289.538,292.343,79.806,0.0,0
dsv,18.061,up,1.7044,0.3902,lower,0.710277,1.747643,0.30478,0.29438,0.23321,289.519,292.342,80.038,0.0,0
dsv,18.061,up,1.7044,0.3902,lower,0.719238,1.756651,0.30068,0.2904,0.2339,289.501,292.34,80.263,0.0,0
dsv,18.061,up,1.7044,0.3902,lower,0.728111,1.76557,0.29668,0.28652,0.23456,289.483,292.338,80.483,0.0,0
dsv,18.061,up,1.7044,0.3902,lower,0.736893,1.774399,0.29277,0.28272,0.23521,289.465,292.336,80.696,0.0,0
dsv,18.061,up,1.7044,0.3902,lower,0.74558,1.783134,0.28896,0.27901,0.23584,289.448,292.334,80.905,0.0,0
dsv,18.061,up,1.7044,0.3902,lower,0.754168,1.79177,0.28523,0.27539,0.23646,289.432,292.332,81.108,0.0,0
dsv,18.061,up,1.7044,0.3902,lower,0.762655,1.800306,0.28159,0.27186,0.23706,289.415,292.331,81.305,0.0,0
dsv,18.061,up,1.7044,0.3902,lower,0.771037,1.808737,0.27804,0.26841,0.23764,289.399,292.329,81.497,0.0,0
dsv,18.061,up,1.7044,0.3902,lower,0.779311,1.817061,0.27458,0.26506,0.23821,289.384,292.328,81.684,0.0,0
dsv,18.061,up,1.7044,0.3902,lower,0.787474,1.825274,0.27121,0.26178,0.23876,289.369,292.326,81.866,0.0,0
dsv,18.061,up,1.7044,0.3902,lower,0.795522,1.833373,0.26793,0.2586,0.2393,289.354,292.324,82.042,0.0,0
dsv,18.061,up,1.7044,0.3902,lower,0.803454,1.841355,0.26474,0.2555,0.23982,289.34,292.323,82.213,0.0,0
dsv,18.061,up,1.7044,0.3902,lower,0.811264,1.849217,0.26163,0.25249,0.24033,289.326,292.322,82.379,0.0,0
dsv,18.061,up,1.7044,0.3902,lower,0.818952,1.856955,0.25862,0.24956,0.24082,289.313,292.32,82.54,0.0,0
dsv,18.061,up,1.7044,0.3902,lower,0.826513,1.864567,0.25569,0.24672,0.24129,289.3,292.319,82.696,0.0,0
dsv,18.061,up,1.7044,0.3902,lower,0.833945,1.872051,0.25285,0.24397,0.24175,289.287,292.317,82.847,0.0,0
dsv,18.061,up,1.7044,0.3902,lower,0.841245,1.879402,0.2501,0.2413,0.2422,289.274,292.316,82.994,0.0,0
dsv,18.061,up,1.7044,0.3902,lower,0.84841,1.886618,0.24743,0.23871,0.24263,289.263,292.315,83.135,0.0,0
dsv,18.061,up,1.7044,0.3902,lower,0.855437,1.893697,0.24485,0.23621,0.24304,289.251,292.314,83.271,0.0,0
dsv,18.061,up,1.7044,0.3902,lower,0.862325,1.900635,0.24235,0.23378,0.24345,289.24,292.313,83.404,0.0,0
dsv,18.061,up,1.7044,0.3902,lower,0.86907,1.907431,0.23993,0.23144,0.24383,289.229,292.311,83.531,0.0,0
dsv,18.061,up,1.7044,0.3902,lower,0.875669,1.914081,0.23758,0.22917,0.24421,289.218,292.31,83.654,0.0,0
dsv,18.061,up,1.7044,0.3902,lower,0.88212,1.920582,0.23532,0.22697,0.24457,289.208,292.309,83.773,0.0,0
dsv,18.061,up,1.7044,0.3902,lower,0.888421,1.926933,0.23312,0.22484,0.24492,289.199,292.308,83.889,0.0,0
dsv,18.061,up,1.7044,0.3902,lower,0.89457,1.933131,0.23099,0.22278,0.24526,289.189,292.307,84.0,0.0,0
dsv,18.061,up,1.7044,0.3902,lower,0.900563,1.939173,0.22892,0.22077,0.2456,289.18,292.306,84.109,0.0,0
dsv,18.061,up,1.7044,0.3902,lower,0.906399,1.945057,0.2269,0.21881,0.24592,289.171,292.305,84.214,0.0,0
dsv,18.061,up,1.7044,0.3902,lower,0.912076,1.950781,0.22492,0.2169,0.24623,289.162,292.305,84.317,0.0,0
dsv,18.061,up,1.7044,0.3902,lower,0.917591,1.956343,0.22298,0.21502,0.24654,289.153,292.304,84.418,0.0,0
dsv,18.061,up,1.7044,0.3902,lower,0.922942,1.96174,0.22108,0.21318,0.24684,289.145,292.303,84.518,0.0,0
dsv,18.061,up,1.7044,0.3902,lower,0.928127,1.966971,0.21919,0.21134,0.24714,289.136,292.302,84.616,0.0,0
dsv,18.061,up,1.7044,0.3902,lower,0.933145,1.972033,0.21729,0.20951,0.24744,289.128,292.301,84.714,0.0,0
dsv,18.061,up,1.7044,0.3902,lower,0.937993,1.976924,0.21538,0.20765,0.24775,289.119,292.3,84.814,0.0,0
dsv,18.061,up,1.7044,0.3902,lower,0.94267,1.981643,0.21344,0.20578,0.24805,289.11,292.299,84.914,0.0,0
dsv,18.061,up,1.7044,0.3902,lower,0.947174,1.986188,0.21146,0.20386,0.24837,289.101,292.298,85.016,0.0,0
dsv,18.061,up,1.7044,0.3902,lower,0.951503,1.990557,0.20942,0.20189,0.24869,289.092,292.297,85.122,0.0,0
dsv,18.061,up,1.7044,0.3902,lower,0.955655,1.994748,0.20729,0.19983,0.24902,289.083,292.296,85.231,0.0,0
dsv,18.061,up,1.7044,0.3902,lower,0.95963,1.99876,0.20506,0.19767,0.24938,289.073,292.295,85.346,0.0,0
dsv,18.061,up,1.7044,0.3902,lower,0.963424,2.002591,0.20268,0.19537,0.24975,289.062,292.294,85.469,0.0,0
dsv,18.061,up,1.7044,0.3902,lower,0.967038,2.00624,0.20015,0.19291,0.25015,289.051,292.293,85.599,0.0,0
dsv,18.061,up,1.7044,0.3902,lower,0.97047,2.009705,0.1974,0.19025,0.25058,289.038,292.292,85.74,0.0,0
dsv,18.061,up,1.7044,0.3902,lower,0.973718,2.012985,0.1944,0.18735,0.25105,289.025,292.29,85.893,0.0,0
dsv,18.061,up,1.7044,0.3902,lower,0.976781,2.016078,0.1911,0.18416,0.25156,289.01,292.289,86.062,0.0,0
dsv,18.061,up,1.7044,0.3902,lower,0.979659,2.018984,0.18744,0.18062,0.25214,288.994,292.287,86.248,0.0,0
dsv,18.061,up,1.7044,0.3902,lower,0.982349,2.021702,0.18332,0.17664,0.25278,288.975,292.285,86.458,0.0,0
dsv,18.061,up,1.7044,0.3902,lower,0.984852,2.024229,0.17866,0.17213,0.2535,288.954,292.283,86.694,0.0,0
dsv,18.061,up,1.7044,0.3902,lower,0.987165,2.026566,0.17333,0.16697,0.25433,288.93,292.281,86.963,0.0,0
dsv,18.061,up,1.7044,0.3902,lower,0.989289,2.028712,0.16718,0.16103,0.25527,288.903,292.278,87.273,0.0,0
dsv,18.061,up,1.7044,0.3902,lower,0.991222,2.030665,0.16002,0.15411,0.25638,288.871,292.274,87.632,0.0,0
dsv,18.061,up,1.7044,0.3902,lower,0.992964,2.032424,0.15157,0.14595,0.25767,288.833,292.27,88.054,0.0,0
dsv,18.061,up,1.7044,0.3902,lower,0.994514,2.033991,0.14148,0.1362,0.25921,288.787,292.266,88.555,0.0,0
dsv,18.061,up,1.7044,0.3902,lower,0.995872,2.035362,0.12918,0.12434,0.26107,288.732,292.26,89.161,0.0,0
dsv,18.061,up,1.7044,0.3902,lower,0.997036,2.036539,0.11396,0.10965,0.26337,288.664,292.253,89.906,0.0,0
dsv,18.061,up,1.7044,0.3902,lower,0.998007,2.03752,0.09447,0.09086,0.26628,288.576,292.244,90.849,0.0,0
dsv,18.061,up,1.7044,0.3902,lower,0.998785,2.038305,0.06855,0.06589,0.2701,288.459,292.232,92.089,0.0,0
dsv,18.061,up,1.7044,0.3902,lower,0.999368,2.038895,0.03183,0.03058,0.27544,288.294,292.214,93.813,0.0,0
dsv,18.061,up,1.7044,0.3902,lower,0.999757,2.039288,-0.02587,-0.02482,0.28366,288.033,292.187,96.457,0.0,0
dsv,18.061,up,1.7044,0.3902,lower,0.999951,2.039484,-0.13434,-0.12862,0.29858,287.541,292.136,101.224,0.0,0
fall,16.0,down,0.70952,0.0,upper,0.999951,4.9e-05,-0.55982,-0.53148,0.35197,285.592,291.934,117.914,0.46371,0
fall,16.0,down,0.70952,0.0,upper,0.999757,0.000246,-0.49723,-0.47264,0.34453,285.881,291.964,115.627,0.46371,0
fall,16.0,down,0.70952,0.0,upper,0.999368,0.000639,-0.4546,-0.43248,0.3394,286.077,291.985,114.039,0.46371,0
fall,16.0,down,0.70952,0.0,upper,0.998785,0.001228,-0.42329,-0.40294,0.33559,286.221,292.0,112.857,0.4637,0
fall,16.0,down,0.70952,0.0,upper,0.998007,0.002014,-0.3986,-0.37963,0.33256,286.335,292.011,111.916,0.4637,0
fall,16.0,down,0.70952,0.0,upper,0.997036,0.002995,-0.37822,-0.36036,0.33004,286.428,292.021,111.132,0.46369,0
fall,16.0,down,0.70952,0.0,upper,0.995872,0.004171,-0.36082,-0.34391,0.32788,286.508,292.029,110.457,0.46368,0
fall,16.0,down,0.70952,0.0,upper,0.994514,0.005543,-0.34564,-0.32953,0.32598,286.578,292.036,109.865,0.46366,0
fall,16.0,down,0.70952,0.0,upper,0.992964,0.007109,-0.33211,-0.31672,0.32428,286.64,292.043,109.334,0.46363,0
fall,16.0,down,0.70952,0.0,upper,0.991222,0.008869,-0.31989,-0.30514,0.32274,286.696,292.049,108.853,0.46358,0
fall,16.0,down,0.70952,0.0,upper,0.989289,0.010822,-0.30869,-0.29452,0.32133,286.747,292.054,108.409,0.46352,0
fall,16.0,down,0.70952,0.0,upper,0.987165,0.012967,-0.29832,-0.28469,0.32001,286.794,292.059,107.996,0.46344,0
fall,16.0,down,0.70952,0.0,upper,0.984852,0.015304,-0.28862,-0.27548,0.31878,286.839,292.064,107.609,0.46334,0
fall,16.0,down,0.70952,0.0,upper,0.982349,0.017832,-0.27946,-0.26679,0.31761,286.88,292.068,107.242,0.4632,0
fall,16.0,down,0.70952,0.0,upper,0.979659,0.020549,-0.27075,-0.25852,0.31649,286.92,292.072,106.891,0.46304,0
fall,16.0,down,0.70952,0.0,upper,0.976781,0.023455,-0.26239,-0.25058,0.31542,286.958,292.076,106.553,0.46284,0
fall,16.0,down,0.70952,0.0,upper,0.973718,0.026549,-0.25434,-0.24293,0.31438,286.995,292.08,106.227,0.4626,0
fall,16.0,down,0.70952,0.0,upper,0.97047,0.029829,-0.24651,-0.23549,0.31337,287.031,292.083,105.908,0.46231,0
fall,16.0,down,0.70952,0.0,upper,0.967038,0.033294,-0.23888,-0.22823,0.31238,287.066,292.087,105.597,0.46197,0
fall,16.0,down,0.70952,0.0,upper,0.963424,0.036942,-0.23138,-0.2211,0.31141,287.1,292.091,105.29,0.46157,0
fall,16.0,down,0.70952,0.0,upper,0.95963,0.040773,-0.22399,-0.21408,0.31045,287.133,292.094,104.986,0.46111,0
fall,16.0,down,0.70952,0.0,upper,0.955655,0.044785,-0.21668,-0.20711,0.30949,287.167,292.098,104.685,0.46059,0
fall,16.0,down,0.70952,0.0,upper,0.951503,0.048976,-0.20941,-0.20019,0.30854,287.2,292.101,104.384,0.45999,0
fall,16.0,down,0.70952,0.0,upper,0.947174,0.053345,-0.20216,-0.19329,0.30759,287.233,292.104,104.084,0.45931,0
fall,16.0,down,0.70952,0.0,upper,0.94267,0.05789,-0.19492,-0.1864,0.30664,287.266,292.108,103.783,0.45855,0
fall,16.0,down,0.70952,0.0,upper,0.937993,0.062609,-0.18767,-0.17949,0.30569,287.299,292.111,103.48,0.45769,0
fall,16.0,down,0.70952,0.0,upper,0.933145,0.067501,-0.18039,-0.17255,0.30472,287.332,292.115,103.175,0.45674,0
fall,16.0,down,0.70952,0.0,upper,0.928127,0.072563,-0.17306,-0.16557,0.30375,287.365,292.118,102.868,0.45568,0
fall,16.0,down,0.70952,0.0,upper,0.922942,0.077793,-0.16569,-0.15853,0.30277,287.399,292.122,102.557,0.45452,0
fall,16.0,down,0.70952,0.0,upper,0.917591,0.083191,-0.15825,-0.15144,0.30178,287.433,292.125,102.243,0.45324,0
fall,16.0,down,0.70952,0.0,upper,0.912076,0.088752,-0.15076,-0.1443,0.30078,287.467,292.129,101.925,0.45185,0
fall,16.0,down,0.70952,0.0,upper,0.906399,0.094477,-0.1432,-0.13708,0.29977,287.501,292.132,101.603,0.45032,0
fall,16.0,down,0.70952,0.0,upper,0.900563,0.100361,-0.13558,-0.12981,0.29874,287.536,292.136,101.277,0.44867,0
fall,16.0,down,0.70952,0.0,upper,0.89457,0.106403,-0.12789,-0.12246,0.29771,287.571,292.139,100.948,0.44688,0
fall,16.0,down,0.70952,0.0,upper,0.888421,0.112601,-0.12014,-0.11506,0.29666,287.606,292.143,100.614,0.44496,0
fall,16.0,down,0.70952,0.0,upper,0.88212,0.118951,-0.11233,-0.10759,0.2956,287.641,292.147,100.277,0.44288,0
fall,16.0,down,0.70952,0.0,upper,0.875669,0.125453,-0.10446,-0.10007,0.29453,287.677,292.151,99.936,0.44066,0
fall,16.0,down,0.70952,0.0,upper,0.86907,0.132103,-0.09655,-0.09251,0.29345,287.713,292.154,99.592,0.43828,0
fall,16.0,down,0.70952,0.0,upper,0.862325,0.138898,-0.0886,-0.0849,0.29236,287.749,292.158,99.244,0.43575,0
fall,16.0,down,0.70952,0.0,upper,0.855437,0.145837,-0.08062,-0.07727,0.29127,287.785,292.162,98.894,0.43305,0
fall,16.0,down,0.70952,0.0,upper,0.84841,0.152915,-0.07262,-0.06961,0.29017,287.821,292.165,98.542,0.43019,0
fall,16.0,down,0.70952,0.0,upper,0.841245,0.160132,-0.06461,-0.06195,0.28906,287.858,292.169,98.189,0.42716,0
fall,16.0,down,0.70952,0.0,upper,0.833945,0.167483,-0.05662,-0.05429,0.28795,287.894,292.173,97.834,0.42396,0
fall,16.0,down,0.70952,0.0,upper,0.826513,0.174966,-0.04864,-0.04665,0.28685,287.93,292.177,97.479,0.42058,0
fall,16.0,down,0.70952,0.0,upper,0.818952,0.182578,-0.04071,-0.03905,0.28574,287.966,292.18,97.125,0.41704,0
fall,16.0,down,0.70952,0.0,upper,0.811264,0.190317,-0.03284,-0.0315,0.28464,288.002,292.184,96.771,0.41331,0
fall,16.0,down,0.70952,0.0,upper,0.803454,0.198179,-0.02504,-0.02402,0.28354,288.037,292.188,96.42,0.40941,0
fall,16.0,down,0.70952,0.0,upper,0.795522,0.206161,-0.01733,-0.01663,0.28246,288.072,292.191,96.071,0.40534,0
fall,16.0,down,0.70952,0.0,upper,0.787474,0.21426,-0.00974,-0.00935,0.28138,288.106,292.195,95.726,0.40108,0
fall,16.0,down,0.70952,0.0,upper,0.779311,0.222472,-0.00229,-0.00219,0.28032,288.14,292.198,95.386,0.39665,0
fall,16.0,down,0.70952,0.0,upper,0.771037,0.230796,0.00501,0.00481,0.27929,288.173,292.202,95.052,0.39204,0
fall,16.0,down,0.70952,0.0,upper,0.762655,0.239228,0.01213,0.01165,0.27827,288.205,292.205,94.725,0.38726,0
fall,16.0,down,0.70952,0.0,upper,0.754168,0.247763,0.01904,0.01829,0.27728,288.236,292.208,94.407,0.3823,0
fall,16.0,down,0.70952,0.0,upper,0.74558,0.2564,0.02573,0.02472,0.27632,288.266,292.212,94.097,0.37717,0
fall,16.0,down,0.70952,0.0,upper,0.736893,0.265134,0.03217,0.0309,0.27539,288.295,292.215,93.798,0.37188,0
fall,16.0,down,0.70952,0.0,upper,0.728111,0.273963,0.03833,0.03682,0.2745,288.323,292.218,93.511,0.36641,0
fall,16.0,down,0.70952,0.0,upper,0.719238,0.282883,0.04419,0.04246,0.27365,288.349,292.22,93.237,0.36079,0
fall,16.0,down,0.70952,0.0,upper,0.710277,0.29189,0.04972,0.04778,0.27285,288.374,292.223,92.978,0.35501,0
fall,16.0,down,0.70952,0.0,upper,0.70123,0.300982,0.0549,0.05276,0.2721,288.398,292.225,92.734,0.34907,0
fall,16.0,down,0.70952,0.0,upper,0.692103,0.310153,0.0597,0.05738,0.2714,288.419,292.228,92.508,0.34298,0
fall,16.0,down,0.70952,0.0,upper,0.682897,0.319402,0.0641,0.06161,0.27075,288.439,292.23,92.3,0.33675,0
fall,16.0,down,0.70952,0.0,upper,0.673617,0.328725,0.06806,0.06543,0.27017,288.457,292.231,92.112,0.33039,0
fall,16.0,down,0.70952,0.0,upper,0.664267,0.338117,0.07157,0.06881,0.26966,288.473,292.233,91.945,0.32389,0
fall,16.0,down,0.70952,0.0,upper,0.654849,0.347575,0.07459,0.07172,0.26921,288.487,292.234,91.802,0.31726,0
fall,16.0,down,0.70952,0.0,upper,0.645368,0.357096,0.07711,0.07414,0.26884,288.498,292.236,91.682,0.31052,0
fall,16.0,down,0.70952,0.0,upper,0.635826,0.366676,0.07908,0.07604,0.26855,288.507,292.237,91.588,0.30367,0
fall,16.0,down,0.70952,0.0,upper,0.626229,0.376311,0.0805,0.0774,0.26834,288.513,292.237,91.52,0.29671,0
fall,16.0,down,0.70952,0.0,upper,0.616578,0.385997,0.08132,0.07819,0.26822,288.517,292.238,91.481,0.28966,0
fall,16.0,down,0.70952,0.0,upper,0.606879,0.395732,0.08153,0.0784,0.26819,288.518,292.238,91.471,0.28252,0
fall,16.0,down,0.70952,0.0,upper,0.597135,0.40551,0.0811,0.07798,0.26825,288.516,292.238,91.491,0.2753,0
fall,16.0,down,0.70952,0.0,upper,0.587349,0.415328,0.08001,0.07693,0.26842,288.511,292.237,91.544,0.26801,0
fall,16.0,down,0.70952,0.0,upper,0.577526,0.425183,0.07822,0.07521,0.26868,288.503,292.236,91.629,0.26066,0
fall,16.0,down,0.70952,0.0,upper,0.567668,0.435071,0.07573,0.07281,0.26905,288.492,292.235,91.748,0.25326,0
fall,16.0,down,0.70952,0.0,upper,0.557781,0.444987,0.0725,0.0697,0.26952,288.477,292.233,91.901,0.24581,0
fall,16.0,down,0.70952,0.0,upper,0.547867,0.454929,0.0685,0.06585,0.27011,288.459,292.232,92.091,0.23834,0
fall,16.0,down,0.70952,0.0,upper,0.537931,0.464892,0.06373,0.06126,0.27081,288.438,292.229,92.317,0.23084,0
fall,16.0,down,0.70952,0.0,upper,0.527975,0.474872,0.05815,0.05589,0.27162,288.412,292.227,92.581,0.22332,0
fall,16.0,down,0.70952,0.0,upper,0.518005,0.484865,0.05174,0.04972,0.27256,288.384,292.224,92.883,0.21581,0
fall,16.0,down,0.70952,0.0,upper,0.508024,0.494868,0.04449,0.04275,0.27361,288.351,292.22,93.223,0.2083,0
fall,16.0,down,0.70952,0.0,upper,0.498036,0.504877,0.03638,0.03495,0.27479,288.314,292.217,93.602,0.20081,0
fall,16.0,down,0.70952,0.0,upper,0.488044,0.514888,0.02737,0.02629,0.27608,288.274,292.212,94.021,0.19334,0
fall,16.0,down,0.70952,0.0,upper,0.478053,0.524897,0.01747,0.01677,0.27751,288.229,292.208,94.479,0.18591,0
fall,16.0,down,0.70952,0.0,upper,0.468067,0.5349,0.00664,0.00637,0.27905,288.18,292.203,94.978,0.17853,0
fall,16.0,down,0.70952,0.0,upper,0.458088,0.544894,-0.00514,-0.00493,0.28073,288.127,292.197,95.517,0.1712,0
fall,16.0,down,0.70952,0.0,upper,0.448122,0.554874,-0.01787,-0.01714,0.28253,288.069,292.191,96.095,0.16394,0
fall,16.0,down,0.70952,0.0,upper,0.438172,0.564836,-0.03157,-0.03029,0.28446,288.007,292.185,96.714,0.15676,0
fall,16.0,down,0.70952,0.0,upper,0.428241,0.574778,-0.04626,-0.04437,0.28651,287.941,292.178,97.373,0.14966,0
fall,16.0,down,0.70952,0.0,upper,0.418335,0.584694,-0.06195,-0.0594,0.28869,287.87,292.171,98.071,0.14266,0
fall,16.0,down,0.70952,0.0,upper,0.408456,0.594582,-0.07867,-0.0754,0.291,287.794,292.163,98.809,0.13576,0
fall,16.0,down,0.70952,0.0,upper,0.398608,0.604437,-0.09642,-0.09238,0.29343,287.714,292.154,99.586,0.12897,0
fall,16.0,down,0.70952,0.0,upper,0.388796,0.614256,-0.11521,-0.11035,0.29599,287.628,292.145,100.402,0.1223,0
fall,16.0,down,0.70952,0.0,upper,0.379023,0.624034,-0.13507,-0.12932,0.29868,287.538,292.136,101.255,0.11576,0
fall,16.0,down,0.70952,0.0,upper,0.369292,0.633768,-0.156,-0.1493,0.30148,287.443,292.126,102.147,0.10936,0
fall,16.0,down,0.70952,0.0,upper,0.359609,0.643455,-0.17803,-0.1703,0.30441,287.343,292.116,103.076,0.10311,0
fall,16.0,down,0.70952,0.0,upper,0.349977,0.65309,-0.20115,-0.19233,0.30746,287.238,292.105,104.042,0.097,0
fall,16.0,down,0.70952,0.0,upper,0.340398,0.662669,-0.22539,-0.2154,0.31063,287.127,292.093,105.044,0.09105,0
fall,16.0,down,0.70952,0.0,upper,0.330879,0.67219,-0.25075,-0.23952,0.31392,287.011,292.081,106.081,0.08527,0
fall,16.0,down,0.70952,0.0,upper,0.321421,0.681649,-0.27726,-0.2647,0.31733,286.89,292.069,107.153,0.07966,0
fall,16.0,down,0.70952,0.0,upper,0.312029,0.691041,-0.30493,-0.29096,0.32085,286.764,292.056,108.259,0.07423,0
fall,16.0,down,0.70952,0.0,upper,0.302707,0.700363,-0.33377,-0.31829,0.32449,286.632,292.042,109.4,0.06897,0
fall,16.0,down,0.70952,0.0,upper,0.293458,0.709612,-0.3638,-0.34672,0.32825,286.494,292.028,110.573,0.0639,0
fall,16.0,down,0.70952,0.0,upper,0.284286,0.718784,-0.39504,-0.37626,0.33212,286.351,292.013,111.779,0.05903,0
fall,16.0,down,0.70952,0.0,upper,0.275196,0.727875,-0.42751,-0.40693,0.3361,286.202,291.998,113.018,0.05434,0
fall,16.0,down,0.70952,0.0,upper,0.266189,0.736882,-0.46122,-0.43873,0.3402,286.047,291.981,114.288,0.04985,0
fall,16.0,down,0.70952,0.0,upper,0.257271,0.745802,-0.49622,-0.47169,0.34441,285.886,291.965,115.589,0.04556,0
fall,16.0,down,0.70952,0.0,upper,0.248445,0.754631,-0.53251,-0.50582,0.34874,285.718,291.947,116.922,0.04148,0
fall,16.0,down,0.70952,0.0,upper,0.239714,0.763365,-0.57014,-0.54116,0.35318,285.545,291.929,118.286,0.03759,0
fall,16.0,down,0.70952,0.0,upper,0.231082,0.772002,-0.60913,-0.57773,0.35774,285.364,291.911,119.681,0.03391,0
fall,16.0,down,0.70952,0.0,upper,0.222553,0.780538,-0.64954,-0.61556,0.36241,285.177,291.891,121.108,0.03043,0
fall,16.0,down,0.70952,0.0,upper,0.21413,0.788969,-0.69139,-0.65468,0.3672,284.983,291.871,122.565,0.02716,0
fall,16.0,down,0.70952,0.0,upper,0.205817,0.797293,-0.73474,-0.69514,0.37212,284.781,291.85,124.055,0.02409,0
fall,16.0,down,0.70952,0.0,upper,0.197617,0.805506,-0.77965,-0.73698,0.37716,284.572,291.828,125.576,0.02123,0
fall,16.0,down,0.70952,0.0,upper,0.189534,0.813605,-0.82619,-0.78025,0.38233,284.355,291.806,127.131,0.01856,0
fall,16.0,down,0.70952,0.0,upper,0.181571,0.821587,-0.87442,-0.82501,0.38763,284.13,291.783,128.719,0.01609,0
fall,16.0,down,0.70952,0.0,upper,0.173732,0.829448,-0.92443,-0.87134,0.39308,283.895,291.758,130.343,0.01382,0
fall,16.0,down,0.70952,0.0,upper,0.166019,0.837187,-0.97631,-0.91931,0.39867,283.652,291.733,132.003,0.01174,0
fall,16.0,down,0.70952,0.0,upper,0.158437,0.844799,-1.03018,-0.96901,0.40441,283.398,291.707,133.701,0.00985,0
fall,16.0,down,0.70952,0.0,upper,0.150989,0.852282,-1.08616,-1.02054,0.41032,283.134,291.679,135.439,0.00815,0
fall,16.0,down,0.70952,0.0,upper,0.143678,0.859634,-1.14438,-1.07402,0.4164,282.859,291.651,137.22,0.00662,0
fall,16.0,down,0.70952,0.0,upper,0.136507,0.86685,-1.20501,-1.12958,0.42267,282.572,291.621,139.046,0.00527,0
fall,16.0,down,0.70952,0.0,upper,0.12948,0.873929,-1.26822,-1.18738,0.42914,282.272,291.59,140.92,0.00409,0
fall,16.0,down,0.70952,0.0,upper,0.122599,0.880867,-1.33423,-1.24757,0.43582,281.957,291.557,142.846,0.00308,0
fall,16.0,down,0.70952,0.0,upper,0.115868,0.887663,-1.40327,-1.31036,0.44274,281.627,291.523,144.827,0.00222,0
fall,16.0,down,0.70952,0.0,upper,0.109291,0.894312,-1.47559,-1.37596,0.44991,281.281,291.487,146.869,0.00151,0
fall,16.0,down,0.70952,0.0,upper,0.10287,0.900814,-1.55152,-1.44463,0.45736,280.916,291.449,148.976,0.00095,0
fall,16.0,down,0.70952,0.0,upper,0.096608,0.907165,-1.63138,-1.51664,0.46512,280.531,291.409,151.154,0.00053,0
fall,16.0,down,0.70952,0.0,upper,0.090509,0.913362,-1.71556,-1.59231,0.4732,280.123,291.367,153.41,0.00023,0
fall,16.0,down,0.70952,0.0,upper,0.084576,0.919405,-1.80451,-1.67198,0.48165,279.691,291.322,155.75,6e-05,0
fall,16.0,down,0.70952,0.0,upper,0.078811,0.925289,-1.89866,-1.75603,0.49051,279.232,291.275,158.18,0.0,0
fall,16.0,down,0.70952,0.0,upper,0.073219,0.931013,-1.99859,-1.8449,0.4998,278.742,291.224,160.71,0.0,0
fall,16.0,down,0.70952,0.0,upper,0.067802,0.936575,-2.10508,-1.93923,0.50959,278.218,291.169,163.353,0.0,0
fall,16.0,down,0.70952,0.0,upper,0.062564,0.941972,-2.21906,-2.03977,0.51996,277.655,291.111,166.123,0.0,0
fall,16.0,down,0.70952,0.0,upper,0.057507,0.947203,-2.34154,-2.14732,0.53099,277.046,291.048,169.036,0.0,0
fall,16.0,down,0.70952,0.0,upper,0.052636,0.952265,-2.47363,-2.26274,0.54274,276.385,290.979,172.108,0.0,0
fall,16.0,down,0.70952,0.0,upper,0.047953,0.957156,-2.6166,-2.38702,0.55532,275.666,290.905,175.355,0.0,0
fall,16.0,down,0.70952,0.0,upper,0.043463,0.961875,-2.77187,-2.52122,0.56883,274.88,290.823,178.796,0.0,0
fall,16.0,down,0.70952,0.0,upper,0.039169,0.96642,-2.94102,-2.66653,0.58339,274.016,290.734,182.447,0.0,0
fall,16.0,down,0.70952,0.0,upper,0.035074,0.970789,-3.12582,-2.82423,0.59911,273.066,290.635,186.33,0.0,0
fall,16.0,down,0.70952,0.0,upper,0.031184,0.97498,-3.3282,-2.99566,0.61615,272.015,290.526,190.46,0.0,0
fall,16.0,down,0.70952,0.0,upper,0.027503,0.978992,-3.55014,-3.18219,0.63464,270.85,290.405,194.855,0.0,0
fall,16.0,down,0.70952,0.0,upper,0.024036,0.982823,-3.79365,-3.38507,0.65473,269.558,290.271,199.525,0.0,0
fall,16.0,down,0.70952,0.0,upper,0.020787,0.986471,-4.06041,-3.60522,0.67653,268.125,290.123,204.473,0.0,0
fall,16.0,down,0.70952,0.0,upper,0.017763,0.989936,-4.35149,-3.84297,0.70012,266.538,289.958,209.684,0.0,0
fall,16.0,down,0.70952,0.0,upper,0.01497,0.993216,-4.66656,-4.09747,0.72549,264.794,289.777,215.123,0.0,0
fall,16.0,down,0.70952,0.0,upper,0.012415,0.99631,-5.00288,-4.36592,0.75243,262.9,289.581,220.715,0.0,0
fall,16.0,down,0.70952,0.0,upper,0.010104,0.999216,-5.35378,-4.64253,0.78045,260.887,289.372,226.333,0.0,0
fall,16.0,down,0.70952,0.0,upper,0.008043,1.001933,-5.70672,-4.91723,0.80861,258.822,289.158,231.776,0.0,0
fall,16.0,down,0.70952,0.0,upper,0.006238,1.00446,-6.04151,-5.1746,0.83536,256.825,288.951,236.763,0.0,0
fall,16.0,down,0.70952,0.0,upper,0.004692,1.006797,-6.32976,-5.39375,0.85845,255.073,288.769,240.928,0.0,0
fall,16.0,down,0.70952,0.0,upper,0.003403,1.008943,-6.53761,-5.55038,0.87517,253.791,288.636,243.862,0.0,0
fall,16.0,down,0.70952,0.0,upper,0.002365,1.010896,-6.63323,-5.62206,0.88288,253.196,288.574,245.192,0.0,0
fall,16.0,down,0.70952,0.0,upper,0.001562,1.012656,-6.59818,-5.59581,0.88005,253.415,288.597,244.706,0.0,0
fall,16.0,down,0.70952,0.0,upper,0.00097,1.014222,-6.4373,-5.47494,0.86709,254.412,288.7,242.453,0.0,0
fall,16.0,down,0.70952,0.0,upper,0.000559,1.015594,-6.18011,-5.28026,0.84645,255.986,288.864,238.78,0.0,0
fall,16.0,down,0.70952,0.0,upper,0.000292,1.016771,-5.87115,-5.04402,0.82174,257.846,289.056,234.246,0.0,0
fall,16.0,down,0.70952,0.0,upper,0.000135,1.017752,-5.55821,-4.80206,0.79676,259.696,289.248,229.51,0.0,0
fall,16.0,down,0.70952,0.0,upper,5.2e-05,1.018538,-5.27988,-4.58457,0.77455,261.314,289.416,225.167,0.0,0
fall,16.0,down,0.70952,0.0,upper,1.5e-05,1.019128,-5.06384,-4.41423,0.7573,262.553,289.545,221.707,0.0,0
fall,16.0,down,0.70952,0.0,upper,3e-06,1.019521,-4.92757,-4.30609,0.7464,263.327,289.625,219.481,0.0,0
fall,16.0,down,0.70952,0.0,upper,0.0,1.019718,-4.88243,-4.27016,0.74279,263.582,289.651,218.737,0.0,0
fall,16.0,down,0.70952,0.0,lower,0.0,1.019816,-4.85507,-4.24835,0.7406,263.737,289.667,218.284,0.0,0
fall,16.0,down,0.70952,0.0,lower,3e-06,1.020013,-4.744,-4.15958,0.7317,264.361,289.732,216.43,0.0,0
fall,16.0,down,0.70952,0.0,lower,1.5e-05,1.020406,-4.5529,-4.00601,0.71636,265.427,289.843,213.185,0.0,0
fall,16.0,down,0.70952,0.0,lower,5.2e-05,1.020995,-4.27531,-3.781,0.69396,266.956,290.001,208.338,0.0,0
fall,16.0,down,0.70952,0.0,lower,0.000135,1.021781,-3.90644,-3.47842,0.66397,268.954,290.209,201.638,0.0,0
fall,16.0,down,0.70952,0.0,lower,0.000292,1.022763,-3.44861,-3.09705,0.62621,271.384,290.461,192.862,0.0,0
fall,16.0,down,0.70952,0.0,lower,0.000559,1.02394,-2.91284,-2.64239,0.58097,274.161,290.749,181.846,0.0,0
fall,16.0,down,0.70952,0.0,lower,0.00097,1.025312,-2.32426,-2.13218,0.52944,277.132,291.057,168.629,0.0,0
fall,16.0,down,0.70952,0.0,lower,0.001562,1.026878,-1.71949,-1.59583,0.47358,280.104,291.365,153.514,0.0,0
fall,16.0,down,0.70952,0.0,lower,0.002365,1.028638,-1.1393,-1.06936,0.41587,282.883,291.653,137.066,0.0,0
fall,16.0,down,0.70952,0.0,lower,0.003403,1.030591,-0.61841,-0.58642,0.35881,285.321,291.906,120.011,0.0,0
fall,16.0,down,0.70952,0.0,lower,0.004692,1.032736,-0.17801,-0.17028,0.30441,287.343,292.116,103.075,0.0,0
fall,16.0,down,0.70952,0.0,lower,0.006238,1.035073,0.17561,0.16918,0.25397,288.941,292.282,86.849,0.0,0
fall,16.0,down,0.70952,0.0,lower,0.008043,1.037601,0.44747,0.43345,0.20814,290.154,292.407,71.718,0.0,0
fall,16.0,down,0.70952,0.0,lower,0.010104,1.040318,0.64877,0.63101,0.167,291.045,292.5,57.879,0.0,0
fall,16.0,down,0.70952,0.0,lower,0.012415,1.043224,0.79265,0.7732,0.13035,291.677,292.565,45.376,0.0,0
fall,16.0,down,0.70952,0.0,lower,0.01497,1.046317,0.89157,0.87144,0.09777,292.11,292.61,34.163,0.0,0
fall,16.0,down,0.70952,0.0,lower,0.017763,1.049597,0.95616,0.93581,0.06878,292.392,292.639,24.14,0.0,0
fall,16.0,down,0.70952,0.0,lower,0.020787,1.053062,0.995,0.9746,0.04288,292.561,292.657,15.186,0.0,0
fall,16.0,down,0.70952,0.0,lower,0.024036,1.056711,1.01474,0.99433,0.0193,292.646,292.666,7.177,0.0,0
fall,16.0,down,0.70952,0.0,lower,0.027503,1.060542,1.02041,1.0,0.0,292.668,292.668,0.002,0.0,0
fall,16.0,down,0.70952,0.0,lower,0.031184,1.064554,1.01582,0.99541,0.0171,292.651,292.666,6.457,0.0,0
fall,16.0,down,0.70952,0.0,lower,0.035074,1.068745,1.0038,0.98339,0.03443,292.599,292.661,12.281,0.0,0
fall,16.0,down,0.70952,0.0,lower,0.039169,1.073114,0.98646,0.96606,0.04975,292.523,292.653,17.554,0.0,0
fall,16.0,down,0.70952,0.0,lower,0.043463,1.077658,0.96537,0.945,0.0636,292.432,292.644,22.346,0.0,0
fall,16.0,down,0.70952,0.0,lower,0.047953,1.082377,0.94169,0.92138,0.07623,292.328,292.633,26.717,0.0,0
fall,16.0,down,0.70952,0.0,lower,0.052636,1.087269,0.9163,0.89607,0.08779,292.218,292.621,30.717,0.0,0
fall,16.0,down,0.70952,0.0,lower,0.057507,1.092331,0.88985,0.86973,0.09842,292.102,292.609,34.39,0.0,0
fall,16.0,down,0.70952,0.0,lower,0.062564,1.097562,0.86281,0.84284,0.10823,291.984,292.597,37.773,0.0,0
fall,16.0,down,0.70952,0.0,lower,0.067802,1.102959,0.83555,0.81576,0.11731,291.865,292.585,40.898,0.0,0
fall,16.0,down,0.70952,0.0,lower,0.073219,1.108521,0.80833,0.78875,0.12573,291.746,292.573,43.794,0.0,0
fall,16.0,down,0.70952,0.0,lower,0.078811,1.114245,0.78136,0.76201,0.13357,291.628,292.56,46.483,0.0,0
fall,16.0,down,0.70952,0.0,lower,0.084576,1.120129,0.75477,0.73568,0.14089,291.511,292.548,48.986,0.0,0
fall,16.0,down,0.70952,0.0,lower,0.090509,1.126171,0.72867,0.70987,0.14773,291.396,292.536,51.322,0.0,0
fall,16.0,down,0.70952,0.0,lower,0.096608,1.132369,0.70314,0.68465,0.15414,291.284,292.525,53.507,0.0,0
fall,16.0,down,0.70952,0.0,lower,0.10287,1.13872,0.67824,0.66006,0.16015,291.175,292.513,55.553,0.0,0
fall,16.0,down,0.70952,0.0,lower,0.109291,1.145221,0.65398,0.63615,0.16581,291.068,292.502,57.474,0.0,0
fall,16.0,down,0.70952,0.0,lower,0.115868,1.151871,0.63041,0.61292,0.17114,290.964,292.491,59.28,0.0,0
fall,16.0,down,0.70952,0.0,lower,0.122599,1.158666,0.60752,0.59039,0.17617,290.863,292.481,60.981,0.0,0
fall,16.0,down,0.70952,0.0,lower,0.12948,1.165605,0.58533,0.56857,0.18092,290.765,292.471,62.584,0.0,0
fall,16.0,down,0.70952,0.0,lower,0.136507,1.172683,0.56382,0.54744,0.18541,290.67,292.461,64.098,0.0,0
fall,16.0,down,0.70952,0.0,lower,0.143678,1.1799,0.543,0.527,0.18966,290.578,292.451,65.53,0.0,0
fall,16.0,down,0.70952,0.0,lower,0.150989,1.187251,0.52285,0.50724,0.19369,290.489,292.442,66.885,0.0,0
fall,16.0,down,0.70952,0.0,lower,0.158437,1.194734,0.50337,0.48815,0.19752,290.402,292.433,68.168,0.0,0
fall,16.0,down,0.70952,0.0,lower,0.166019,1.202347,0.48453,0.4697,0.20116,290.319,292.425,69.386,0.0,0
fall,16.0,down,0.70952,0.0,lower,0.173732,1.210085,0.46633,0.45189,0.20461,290.238,292.416,70.541,0.0,0
fall,16.0,down,0.70952,0.0,lower,0.181571,1.217947,0.44874,0.43469,0.2079,290.16,292.408,71.639,0.0,0
fall,16.0,down,0.70952,0.0,lower,0.189534,1.225929,0.43176,0.4181,0.21103,290.084,292.4,72.683,0.0,0
fall,16.0,down,0.70952,0.0,lower,0.197617,1.234028,0.41535,0.40208,0.21401,290.012,292.393,73.677,0.0,0
fall,16.0,down,0.70952,0.0,lower,0.205817,1.242241,0.39951,0.38662,0.21686,289.941,292.385,74.623,0.0,0
fall,16.0,down,0.70952,0.0,lower,0.21413,1.250564,0.38422,0.37171,0.21957,289.873,292.378,75.525,0.0,0
fall,16.0,down,0.70952,0.0,lower,0.222553,1.258996,0.36946,0.35732,0.22217,289.807,292.371,76.385,0.0,0
fall,16.0,down,0.70952,0.0,lower,0.231082,1.267531,0.35521,0.34344,0.22464,289.744,292.365,77.205,0.0,0
fall,16.0,down,0.70952,0.0,lower,0.239714,1.276168,0.34146,0.33006,0.22701,289.683,292.359,77.988,0.0,0
fall,16.0,down,0.70952,0.0,lower,0.248445,1.284903,0.32818,0.31714,0.22927,289.623,292.352,78.737,0.0,0
fall,16.0,down,0.70952,0.0,lower,0.257271,1.293731,0.31537,0.30468,0.23144,289.566,292.346,79.452,0.0,0
fall,16.0,down,0.70952,0.0,lower,0.266189,1.302651,0.303,0.29265,0.23351,289.511,292.341,80.136,0.0,0
fall,16.0,down,0.70952,0.0,lower,0.275196,1.311658,0.29106,0.28105,0.2355,289.458,292.335,80.79,0.0,0
fall,16.0,down,0.70952,0.0,lower,0.284286,1.32075,0.27953,0.26986,0.2374,289.406,292.33,81.417,0.0,0
fall,16.0,down,0.70952,0.0,lower,0.293458,1.329922,0.2684,0.25905,0.23922,289.356,292.325,82.017,0.0,0
fall,16.0,down,0.70952,0.0,lower,0.302707,1.33917,0.25764,0.24862,0.24097,289.308,292.32,82.592,0.0,0
fall,16.0,down,0.70952,0.0,lower,0.312029,1.348493,0.24726,0.23855,0.24265,289.262,292.315,83.144,0.0,0
fall,16.0,down,0.70952,0.0,lower,0.321421,1.357885,0.23722,0.22882,0.24427,289.217,292.31,83.674,0.0,0
fall,16.0,down,0.70952,0.0,lower,0.330879,1.367343,0.22752,0.21942,0.24582,289.173,292.306,84.182,0.0,0
fall,16.0,down,0.70952,0.0,lower,0.340398,1.376864,0.21814,0.21033,0.24731,289.131,292.301,84.671,0.0,0
fall,16.0,down,0.70952,0.0,lower,0.349977,1.386444,0.20907,0.20155,0.24874,289.091,292.297,85.14,0.0,0
fall,16.0,down,0.70952,0.0,lower,0.359609,1.396079,0.20029,0.19305,0.25013,289.051,292.293,85.592,0.0,0
fall,16.0,down,0.70952,0.0,lower,0.369292,1.405765,0.1918,0.18483,0.25146,289.013,292.289,86.027,0.0,0
fall,16.0,down,0.70952,0.0,lower,0.379023,1.4155,0.18357,0.17688,0.25274,288.976,292.285,86.446,0.0,0
fall,16.0,down,0.70952,0.0,lower,0.388796,1.425278,0.1756,0.16917,0.25398,288.941,292.282,86.849,0.0,0
fall,16.0,down,0.70952,0.0,lower,0.398608,1.435097,0.16787,0.1617,0.25517,288.906,292.278,87.239,0.0,0
fall,16.0,down,0.70952,0.0,lower,0.408456,1.444952,0.16037,0.15445,0.25632,288.872,292.274,87.615,0.0,0
fall,16.0,down,0.70952,0.0,lower,0.418335,1.454839,0.15309,0.14742,0.25744,288.84,292.271,87.979,0.0,0
fall,16.0,down,0.70952,0.0,lower,0.428241,1.464756,0.14602,0.14059,0.25852,288.808,292.268,88.33,0.0,0
fall,16.0,down,0.70952,0.0,lower,0.438172,1.474697,0.13915,0.13396,0.25956,288.777,292.265,88.67,0.0,0
fall,16.0,down,0.70952,0.0,lower,0.448122,1.48466,0.13247,0.12751,0.26058,288.747,292.261,89.0,0.0,0
fall,16.0,down,0.70952,0.0,lower,0.458088,1.49464,0.12597,0.12123,0.26156,288.718,292.258,89.32,0.0,0
fall,16.0,down,0.70952,0.0,lower,0.468067,1.504633,0.11962,0.11511,0.26252,288.689,292.255,89.63,0.0,0
fall,16.0,down,0.70952,0.0,lower,0.478053,1.514636,0.11344,0.10915,0.26344,288.661,292.253,89.932,0.0,0
fall,16.0,down,0.70952,0.0,lower,0.488044,1.524645,0.10741,0.10334,0.26435,288.634,292.25,90.225,0.0,0
fall,16.0,down,0.70952,0.0,lower,0.498036,1.534656,0.10152,0.09766,0.26523,288.608,292.247,90.51,0.0,0
fall,16.0,down,0.70952,0.0,lower,0.508024,1.544665,0.09576,0.09211,0.26608,288.582,292.244,90.788,0.0,0
fall,16.0,down,0.70952,0.0,lower,0.518005,1.554668,0.09013,0.08668,0.26692,288.556,292.242,91.059,0.0,0
fall,16.0,down,0.70952,0.0,lower,0.527975,1.564662,0.0846,0.08135,0.26774,288.532,292.239,91.324,0.0,0
fall,16.0,down,0.70952,0.0,lower,0.537931,1.574642,0.07919,0.07614,0.26854,288.507,292.237,91.582,0.0,0
fall,16.0,down,0.70952,0.0,lower,0.547867,1.584605,0.07388,0.07103,0.26932,288.483,292.234,91.835,0.0,0
fall,16.0,down,0.70952,0.0,lower,0.557781,1.594546,0.06867,0.06602,0.27008,288.46,292.232,92.083,0.0,0
fall,16.0,down,0.70952,0.0,lower,0.567668,1.604463,0.06355,0.06108,0.27083,288.437,292.229,92.326,0.0,0
fall,16.0,down,0.70952,0.0,lower,0.577526,1.61435,0.05851,0.05623,0.27157,288.414,292.227,92.564,0.0,0
fall,16.0,down,0.70952,0.0,lower,0.587349,1.624205,0.05354,0.05146,0.27229,288.392,292.225,92.798,0.0,0
fall,16.0,down,0.70952,0.0,lower,0.597135,1.634024,0.04865,0.04675,0.27301,288.37,292.222,93.028,0.0,0
fall,16.0,down,0.70952,0.0,lower,0.606879,1.643802,0.04382,0.04211,0.27371,288.348,292.22,93.254,0.0,0
fall,16.0,down,0.70952,0.0,lower,0.616578,1.653536,0.03906,0.03753,0.2744,288.326,292.218,93.477,0.0,0
fall,16.0,down,0.70952,0.0,lower,0.626229,1.663223,0.03435,0.033,0.27508,288.305,292.216,93.696,0.0,0
fall,16.0,down,0.70952,0.0,lower,0.635826,1.672858,0.0297,0.02853,0.27575,288.284,292.213,93.913,0.0,0
fall,16.0,down,0.70952,0.0,lower,0.645368,1.682438,0.02509,0.0241,0.27641,288.263,292.211,94.127,0.0,0
fall,16.0,down,0.70952,0.0,lower,0.654849,1.691959,0.02053,0.01971,0.27707,288.243,292.209,94.338,0.0,0
fall,16.0,down,0.70952,0.0,lower,0.664267,1.701417,0.01601,0.01537,0.27772,288.222,292.207,94.547,0.0,0
fall,16.0,down,0.70952,0.0,lower,0.673617,1.710809,0.01152,0.01106,0.27836,288.202,292.205,94.753,0.0,0
fall,16.0,down,0.70952,0.0,lower,0.682897,1.720131,0.00707,0.00679,0.27899,288.182,292.203,94.958,0.0,0
fall,16.0,down,0.70952,0.0,lower,0.692103,1.72938,0.00266,0.00255,0.27962,288.162,292.201,95.16,0.0,0
fall,16.0,down,0.70952,0.0,lower,0.70123,1.738552,-0.00173,-0.00166,0.28025,288.142,292.199,95.361,0.0,0
fall,16.0,down,0.70952,0.0,lower,0.710277,1.747643,-0.00609,-0.00585,0.28086,288.122,292.197,95.56,0.0,0
fall,16.0,down,0.70952,0.0,lower,0.719238,1.756651,-0.01043,-0.01001,0.28148,288.103,292.195,95.757,0.0,0
fall,16.0,down,0.70952,0.0,lower,0.728111,1.76557,-0.01474,-0.01415,0.28209,288.083,292.193,95.954,0.0,0
fall,16.0,down,0.70952,0.0,lower,0.736893,1.774399,-0.01904,-0.01827,0.2827,288.064,292.191,96.148,0.0,0
fall,16.0,down,0.70952,0.0,lower,0.74558,1.783134,-0.02331,-0.02237,0.2833,288.045,292.189,96.342,0.0,0
fall,16.0,down,0.70952,0.0,lower,0.754168,1.79177,-0.02758,-0.02646,0.2839,288.025,292.187,96.534,0.0,0
fall,16.0,down,0.70952,0.0,lower,0.762655,1.800306,-0.03182,-0.03053,0.28449,288.006,292.185,96.725,0.0,0
fall,16.0,down,0.70952,0.0,lower,0.771037,1.808737,-0.03606,-0.03459,0.28509,287.987,292.183,96.916,0.0,0
fall,16.0,down,0.70952,0.0,lower,0.779311,1.817061,-0.04028,-0.03864,0.28568,287.968,292.181,97.105,0.0,0
fall,16.0,down,0.70952,0.0,lower,0.787474,1.825274,-0.04449,-0.04268,0.28627,287.949,292.179,97.294,0.0,0
fall,16.0,down,0.70952,0.0,lower,0.795522,1.833373,-0.0487,-0.04671,0.28685,287.93,292.177,97.482,0.0,0
fall,16.0,down,0.70952,0.0,lower,0.803454,1.841355,-0.0529,-0.05073,0.28744,287.911,292.175,97.669,0.0,0
fall,16.0,down,0.70952,0.0,lower,0.811264,1.849217,-0.0571,-0.05476,0.28802,287.892,292.173,97.856,0.0,0
fall,16.0,down,0.70952,0.0,lower,0.818952,1.856955,-0.0613,-0.05878,0.2886,287.873,292.171,98.042,0.0,0
fall,16.0,down,0.70952,0.0,lower,0.826513,1.864567,-0.0655,-0.06279,0.28918,287.854,292.169,98.228,0.0,0
fall,16.0,down,0.70952,0.0,lower,0.833945,1.872051,-0.0697,-0.06681,0.28976,287.835,292.167,98.413,0.0,0
fall,16.0,down,0.70952,0.0,lower,0.841245,1.879402,-0.0739,-0.07084,0.29034,287.816,292.165,98.599,0.0,0
fall,16.0,down,0.70952,0.0,lower,0.84841,1.886618,-0.07811,-0.07487,0.29092,287.797,292.163,98.784,0.0,0
fall,16.0,down,0.70952,0.0,lower,0.855437,1.893697,-0.08233,-0.07891,0.2915,287.777,292.161,98.97,0.0,0
fall,16.0,down,0.70952,0.0,lower,0.862325,1.900635,-0.08656,-0.08296,0.29209,287.758,292.159,99.155,0.0,0
fall,16.0,down,0.70952,0.0,lower,0.86907,1.907431,-0.09081,-0.08702,0.29267,287.739,292.157,99.341,0.0,0
fall,16.0,down,0.70952,0.0,lower,0.875669,1.914081,-0.09508,-0.09111,0.29325,287.72,292.155,99.528,0.0,0
fall,16.0,down,0.70952,0.0,lower,0.88212,1.920582,-0.09938,-0.09521,0.29384,287.7,292.153,99.715,0.0,0
fall,16.0,down,0.70952,0.0,lower,0.888421,1.926933,-0.1037,-0.09935,0.29443,287.681,292.151,99.903,0.0,0
fall,16.0,down,0.70952,0.0,lower,0.89457,1.933131,-0.10805,-0.10351,0.29502,287.661,292.149,100.092,0.0,0
fall,16.0,down,0.70952,0.0,lower,0.900563,1.939173,-0.11245,-0.10771,0.29562,287.641,292.147,100.282,0.0,0
fall,16.0,down,0.70952,0.0,lower,0.906399,1.945057,-0.11689,-0.11195,0.29622,287.621,292.145,100.474,0.0,0
fall,16.0,down,0.70952,0.0,lower,0.912076,1.950781,-0.12138,-0.11624,0.29683,287.6,292.143,100.667,0.0,0
fall,16.0,down,0.70952,0.0,lower,0.917591,1.956343,-0.12593,-0.12059,0.29744,287.58,292.14,100.863,0.0,0
fall,16.0,down,0.70952,0.0,lower,0.922942,1.96174,-0.13055,-0.125,0.29807,287.559,292.138,101.062,0.0,0
fall,16.0,down,0.70952,0.0,lower,0.928127,1.966971,-0.13524,-0.12948,0.2987,287.537,292.136,101.263,0.0,0
fall,16.0,down,0.70952,0.0,lower,0.933145,1.972033,-0.14003,-0.13405,0.29934,287.516,292.134,101.467,0.0,0
fall,16.0,down,0.70952,0.0,lower,0.937993,1.976924,-0.14492,-0.13872,0.3,287.493,292.131,101.676,0.0,0
fall,16.0,down,0.70952,0.0,lower,0.94267,1.981643,-0.14992,-0.14349,0.30067,287.471,292.129,101.889,0.0,0
fall,16.0,down,0.70952,0.0,lower,0.947174,1.986188,-0.15506,-0.1484,0.30136,287.447,292.127,102.107,0.0,0
fall,16.0,down,0.70952,0.0,lower,0.951503,1.990557,-0.16034,-0.15343,0.30206,287.423,292.124,102.331,0.0,0
fall,16.0,down,0.70952,0.0,lower,0.955655,1.994748,-0.16579,-0.15863,0.30279,287.398,292.122,102.561,0.0,0
fall,16.0,down,0.70952,0.0,lower,0.95963,1.99876,-0.17143,-0.16401,0.30354,287.373,292.119,102.799,0.0,0
fall,16.0,down,0.70952,0.0,lower,0.963424,2.002591,-0.17729,-0.1696,0.30431,287.346,292.116,103.045,0.0,0
fall,16.0,down,0.70952,0.0,lower,0.967038,2.00624,-0.1834,-0.17542,0.30512,287.318,292.113,103.301,0.0,0
fall,16.0,down,0.70952,0.0,lower,0.97047,2.009705,-0.18979,-0.1815,0.30596,287.289,292.11,103.569,0.0,0
fall,16.0,down,0.70952,0.0,lower,0.973718,2.012985,-0.1965,-0.1879,0.30685,287.259,292.107,103.848,0.0,0
fall,16.0,down,0.70952,0.0,lower,0.976781,2.016078,-0.20358,-0.19465,0.30778,287.226,292.104,104.143,0.0,0
fall,16.0,down,0.70952,0.0,lower,0.979659,2.018984,-0.21109,-0.2018,0.30876,287.192,292.1,104.454,0.0,0
fall,16.0,down,0.70952,0.0,lower,0.982349,2.021702,-0.21911,-0.20943,0.30981,287.156,292.096,104.785,0.0,0
fall,16.0,down,0.70952,0.0,lower,0.984852,2.024229,-0.22771,-0.21762,0.31093,287.117,292.092,105.139,0.0,0
fall,16.0,down,0.70952,0.0,lower,0.987165,2.026566,-0.23702,-0.22646,0.31214,287.074,292.088,105.521,0.0,0
fall,16.0,down,0.70952,0.0,lower,0.989289,2.028712,-0.24715,-0.2361,0.31345,287.028,292.083,105.934,0.0,0
fall,16.0,down,0.70952,0.0,lower,0.991222,2.030665,-0.25829,-0.24668,0.31489,286.977,292.078,106.387,0.0,0
fall,16.0,down,0.70952,0.0,lower,0.992964,2.032424,-0.27067,-0.25845,0.31648,286.921,292.072,106.888,0.0,0
fall,16.0,down,0.70952,0.0,lower,0.994514,2.033991,-0.28461,-0.27168,0.31827,286.857,292.065,107.448,0.0,0
fall,16.0,down,0.70952,0.0,lower,0.995872,2.035362,-0.30057,-0.28682,0.3203,286.784,292.058,108.086,0.0,0
fall,16.0,down,0.70952,0.0,lower,0.997036,2.036539,-0.3192,-0.30449,0.32266,286.699,292.049,108.826,0.0,0
fall,16.0,down,0.70952,0.0,lower,0.998007,2.03752,-0.34162,-0.32573,0.32548,286.596,292.038,109.708,0.0,0
fall,16.0,down,0.70952,0.0,lower,0.998785,2.038305,-0.36968,-0.35229,0.32898,286.467,292.025,110.801,0.0,0
fall,16.0,down,0.70952,0.0,lower,0.999368,2.038895,-0.40706,-0.38762,0.3336,286.296,292.007,112.239,0.0,0
fall,16.0,down,0.70952,0.0,lower,0.999757,2.039288,-0.46233,-0.43977,0.34033,286.042,291.981,114.329,0.0,0
fall,16.0,down,0.70952,0.0,lower,0.999951,2.039484,-0.55982,-0.53148,0.35197,285.592,291.934,117.914,0.0,0
mean_down,12.0,down,0.72468,0.0,upper,0.999951,4.9e-05,-0.0339,-0.03252,0.28479,287.997,292.184,96.819,0.29038,0
mean_down,12.0,down,0.72468,0.0,upper,0.999757,0.000246,-0.03355,-0.03218,0.28474,287.998,292.184,96.803,0.29038,0
mean_down,12.0,down,0.72468,0.0,upper,0.999368,0.000639,-0.03347,-0.03211,0.28473,287.999,292.184,96.8,0.29038,0
mean_down,12.0,down,0.72468,0.0,upper,0.998785,0.001228,-0.03358,-0.03222,0.28474,287.998,292.184,96.805,0.29038,0
mean_down,12.0,down,0.72468,0.0,upper,0.998007,0.002014,-0.03379,-0.03242,0.28477,287.997,292.184,96.814,0.29038,0
mean_down,12.0,down,0.72468,0.0,upper,0.997036,0.002995,-0.03408,-0.03269,0.28481,287.996,292.184,96.827,0.29037,0
mean_down,12.0,down,0.72468,0.0,upper,0.995872,0.004171,-0.03439,-0.03299,0.28485,287.995,292.183,96.841,0.29036,0
mean_down,12.0,down,0.72468,0.0,upper,0.994514,0.005543,-0.03474,-0.03333,0.2849,287.993,292.183,96.857,0.29034,0
mean_down,12.0,down,0.72468,0.0,upper,0.992964,0.007109,-0.03509,-0.03366,0.28495,287.991,292.183,96.872,0.29032,0
mean_down,12.0,down,0.72468,0.0,upper,0.991222,0.008869,-0.03544,-0.03399,0.285,287.99,292.183,96.888,0.29028,0
mean_down,12.0,down,0.72468,0.0,upper,0.989289,0.010822,-0.03576,-0.0343,0.28505,287.988,292.183,96.902,0.29023,0
mean_down,12.0,down,0.72468,0.0,upper,0.987165,0.012967,-0.03605,-0.03458,0.28509,287.987,292.183,96.915,0.29017,0
mean_down,12.0,down,0.72468,0.0,upper,0.984852,0.015304,-0.03629,-0.03482,0.28512,287.986,292.183,96.926,0.29009,0
mean_down,12.0,down,0.72468,0.0,upper,0.982349,0.017832,-0.03649,-0.035,0.28515,287.985,292.182,96.935,0.28998,0
mean_down,12.0,down,0.72468,0.0,upper,0.979659,0.020549,-0.03662,-0.03513,0.28517,287.984,292.182,96.941,0.28985,0
mean_down,12.0,down,0.72468,0.0,upper,0.976781,0.023455,-0.03667,-0.03518,0.28517,287.984,292.182,96.943,0.28969,0
mean_down,12.0,down,0.72468,0.0,upper,0.973718,0.026549,-0.03665,-0.03516,0.28517,287.984,292.182,96.943,0.2895,0
mean_down,12.0,down,0.72468,0.0,upper,0.97047,0.029829,-0.03655,-0.03506,0.28516,287.985,292.182,96.938,0.28927,0
mean_down,12.0,down,0.72468,0.0,upper,0.967038,0.033294,-0.03636,-0.03488,0.28513,287.986,292.183,96.929,0.28899,0
mean_down,12.0,down,0.72468,0.0,upper,0.963424,0.036942,-0.03606,-0.0346,0.28509,287.987,292.183,96.916,0.28868,0
mean_down,12.0,down,0.72468,0.0,upper,0.95963,0.040773,-0.03568,-0.03422,0.28503,287.989,292.183,96.899,0.28831,0
mean_down,12.0,down,0.72468,0.0,upper,0.955655,0.044785,-0.03518,-0.03374,0.28496,287.991,292.183,96.876,0.28789,0
mean_down,12.0,down,0.72468,0.0,upper,0.951503,0.048976,-0.03457,-0.03316,0.28488,287.994,292.183,96.849,0.28741,0
mean_down,12.0,down,0.72468,0.0,upper,0.947174,0.053345,-0.03385,-0.03247,0.28478,287.997,292.184,96.816,0.28687,0
mean_down,12.0,down,0.72468,0.0,upper,0.94267,0.05789,-0.03302,-0.03168,0.28466,288.001,292.184,96.779,0.28627,0
mean_down,12.0,down,0.72468,0.0,upper,0.937993,0.062609,-0.03208,-0.03078,0.28453,288.005,292.185,96.737,0.28559,0
mean_down,12.0,down,0.72468,0.0,upper,0.933145,0.067501,-0.03103,-0.02977,0.28438,288.01,292.185,96.69,0.28483,0
mean_down,12.0,down,0.72468,0.0,upper,0.928127,0.072563,-0.02986,-0.02865,0.28422,288.015,292.186,96.637,0.28399,0
mean_down,12.0,down,0.72468,0.0,upper,0.922942,0.077793,-0.02859,-0.02743,0.28404,288.021,292.186,96.58,0.28307,0
mean_down,12.0,down,0.72468,0.0,upper,0.917591,0.083191,-0.02721,-0.0261,0.28385,288.027,292.187,96.517,0.28206,0
mean_down,12.0,down,0.72468,0.0,upper,0.912076,0.088752,-0.02573,-0.02469,0.28364,288.034,292.188,96.451,0.28095,0
mean_down,12.0,down,0.72468,0.0,upper,0.906399,0.094477,-0.02416,-0.02318,0.28342,288.041,292.188,96.38,0.27975,0
mean_down,12.0,down,0.72468,0.0,upper,0.900563,0.100361,-0.0225,-0.02159,0.28318,288.048,292.189,96.305,0.27844,0
mean_down,12.0,down,0.72468,0.0,upper,0.89457,0.106403,-0.02076,-0.01992,0.28294,288.056,292.19,96.226,0.27703,0
mean_down,12.0,down,0.72468,0.0,upper,0.888421,0.112601,-0.01895,-0.01818,0.28268,288.064,292.191,96.144,0.27551,0
mean_down,12.0,down,0.72468,0.0,upper,0.88212,0.118951,-0.01707,-0.01639,0.28242,288.073,292.192,96.059,0.27388,0
mean_down,12.0,down,0.72468,0.0,upper,0.875669,0.125453,-0.01515,-0.01454,0.28215,288.082,292.192,95.972,0.27213,0
mean_down,12.0,down,0.72468,0.0,upper,0.86907,0.132103,-0.01318,-0.01265,0.28187,288.09,292.193,95.883,0.27026,0
mean_down,12.0,down,0.72468,0.0,upper,0.862325,0.138898,-0.01118,-0.01073,0.28159,288.099,292.194,95.792,0.26827,0
mean_down,12.0,down,0.72468,0.0,upper,0.855437,0.145837,-0.00917,-0.0088,0.2813,288.109,292.195,95.7,0.26616,0
mean_down,12.0,down,0.72468,0.0,upper,0.84841,0.152915,-0.00715,-0.00686,0.28101,288.118,292.196,95.608,0.26392,0
mean_down,12.0,down,0.72468,0.0,upper,0.841245,0.160132,-0.00514,-0.00494,0.28073,288.127,292.197,95.517,0.26156,0
mean_down,12.0,down,0.72468,0.0,upper,0.833945,0.167483,-0.00317,-0.00304,0.28045,288.136,292.198,95.427,0.25906,0
mean_down,12.0,down,0.72468,0.0,upper,0.826513,0.174966,-0.00123,-0.00118,0.28018,288.144,292.199,95.338,0.25644,0
mean_down,12.0,down,0.72468,0.0,upper,0.818952,0.182578,0.00064,0.00062,0.27991,288.153,292.2,95.253,0.25368,0
mean_down,12.0,down,0.72468,0.0,upper,0.811264,0.190317,0.00244,0.00234,0.27965,288.161,292.201,95.17,0.25079,0
mean_down,12.0,down,0.72468,0.0,upper,0.803454,0.198179,0.00413,0.00397,0.27941,288.169,292.202,95.093,0.24777,0
mean_down,12.0,down,0.72468,0.0,upper,0.795522,0.206161,0.00572,0.00549,0.27919,288.176,292.202,95.02,0.24462,0
mean_down,12.0,down,0.72468,0.0,upper,0.787474,0.21426,0.00716,0.00688,0.27898,288.182,292.203,94.954,0.24134,0
mean_down,12.0,down,0.72468,0.0,upper,0.779311,0.222472,0.00846,0.00812,0.2788,288.188,292.204,94.894,0.23792,0
mean_down,12.0,down,0.72468,0.0,upper,0.771037,0.230796,0.00957,0.00919,0.27864,288.193,292.204,94.843,0.23438,0
mean_down,12.0,down,0.72468,0.0,upper,0.762655,0.239228,0.01049,0.01008,0.2785,288.197,292.204,94.801,0.23072,0
mean_down,12.0,down,0.72468,0.0,upper,0.754168,0.247763,0.0112,0.01075,0.2784,288.201,292.205,94.768,0.22693,0
mean_down,12.0,down,0.72468,0.0,upper,0.74558,0.2564,0.01166,0.0112,0.27834,288.203,292.205,94.747,0.22301,0
mean_down,12.0,down,0.72468,0.0,upper,0.736893,0.265134,0.01187,0.01139,0.27831,288.204,292.205,94.737,0.21898,0
mean_down,12.0,down,0.72468,0.0,upper,0.728111,0.273963,0.01179,0.01132,0.27832,288.203,292.205,94.741,0.21484,0
mean_down,12.0,down,0.72468,0.0,upper,0.719238,0.282883,0.0114,0.01095,0.27837,288.202,292.205,94.759,0.21058,0
mean_down,12.0,down,0.72468,0.0,upper,0.710277,0.29189,0.01069,0.01027,0.27848,288.198,292.205,94.791,0.20621,0
mean_down,12.0,down,0.72468,0.0,upper,0.70123,0.300982,0.00963,0.00925,0.27863,288.194,292.204,94.84,0.20174,0
mean_down,12.0,down,0.72468,0.0,upper,0.692103,0.310153,0.0082,0.00788,0.27883,288.187,292.203,94.906,0.19717,0
mean_down,12.0,down,0.72468,0.0,upper,0.682897,0.319402,0.00638,0.00612,0.27909,288.179,292.203,94.99,0.19251,0
mean_down,12.0,down,0.72468,0.0,upper,0.673617,0.328725,0.00414,0.00397,0.27941,288.169,292.202,95.092,0.18777,0
mean_down,12.0,down,0.72468,0.0,upper,0.664267,0.338117,0.00146,0.0014,0.27979,288.157,292.2,95.215,0.18294,0
mean_down,12.0,down,0.72468,0.0,upper,0.654849,0.347575,-0.00167,-0.00161,0.28024,288.142,292.199,95.358,0.17803,0
mean_down,12.0,down,0.72468,0.0,upper,0.645368,0.357096,-0.00529,-0.00508,0.28075,288.126,292.197,95.523,0.17306,0
mean_down,12.0,down,0.72468,0.0,upper,0.635826,0.366676,-0.00941,-0.00903,0.28134,288.107,292.195,95.711,0.16802,0
mean_down,12.0,down,0.72468,0.0,upper,0.626229,0.376311,-0.01405,-0.01348,0.28199,288.087,292.193,95.922,0.16293,0
mean_down,12.0,down,0.72468,0.0,upper,0.616578,0.385997,-0.01923,-0.01845,0.28272,288.063,292.191,96.157,0.1578,0
mean_down,12.0,down,0.72468,0.0,upper,0.606879,0.395732,-0.02497,-0.02396,0.28353,288.037,292.188,96.417,0.15262,0
mean_down,12.0,down,0.72468,0.0,upper,0.597135,0.40551,-0.03129,-0.03002,0.28442,288.009,292.185,96.702,0.14741,0
mean_down,12.0,down,0.72468,0.0,upper,0.587349,0.415328,-0.03822,-0.03666,0.28539,287.977,292.182,97.013,0.14217,0
mean_down,12.0,down,0.72468,0.0,upper,0.577526,0.425183,-0.04575,-0.04388,0.28644,287.943,292.178,97.35,0.13692,0
mean_down,12.0,down,0.72468,0.0,upper,0.567668,0.435071,-0.05393,-0.05172,0.28758,287.906,292.174,97.715,0.13166,0
mean_down,12.0,down,0.72468,0.0,upper,0.557781,0.444987,-0.06275,-0.06017,0.2888,287.866,292.17,98.106,0.12639,0
mean_down,12.0,down,0.72468,0.0,upper,0.547867,0.454929,-0.07225,-0.06926,0.29012,287.823,292.166,98.526,0.12114,0
mean_down,12.0,down,0.72468,0.0,upper,0.537931,0.464892,-0.08242,-0.079,0.29152,287.777,292.161,98.974,0.1159,0
mean_down,12.0,down,0.72468,0.0,upper,0.527975,0.474872,-0.0933,-0.0894,0.29301,287.728,292.156,99.45,0.11069,0
mean_down,12.0,down,0.72468,0.0,upper,0.518005,0.484865,-0.10489,-0.10048,0.29459,287.675,292.15,99.954,0.10552,0
mean_down,12.0,down,0.72468,0.0,upper,0.508024,0.494868,-0.11719,-0.11224,0.29626,287.619,292.145,100.487,0.10038,0
mean_down,12.0,down,0.72468,0.0,upper,0.498036,0.504877,-0.13024,-0.1247,0.29802,287.56,292.138,101.048,0.0953,0
mean_down,12.0,down,0.72468,0.0,upper,0.488044,0.514888,-0.14403,-0.13787,0.29988,287.497,292.132,101.638,0.09028,0
mean_down,12.0,down,0.72468,0.0,upper,0.478053,0.524897,-0.15857,-0.15175,0.30182,287.431,292.125,102.256,0.08532,0
mean_down,12.0,down,0.72468,0.0,upper,0.468067,0.5349,-0.17389,-0.16635,0.30386,287.362,292.118,102.902,0.08044,0
mean_down,12.0,down,0.72468,0.0,upper,0.458088,0.544894,-0.18998,-0.18169,0.30599,287.288,292.11,103.577,0.07565,0
mean_down,12.0,down,0.72468,0.0,upper,0.448122,0.554874,-0.20686,-0.19777,0.30821,287.212,292.102,104.279,0.07094,0
mean_down,12.0,down,0.72468,0.0,upper,0.438172,0.564836,-0.22452,-0.21458,0.31052,287.131,292.094,105.008,0.06634,0
mean_down,12.0,down,0.72468,0.0,upper,0.428241,0.574778,-0.24298,-0.23214,0.31292,287.047,292.085,105.764,0.06185,0
mean_down,12.0,down,0.72468,0.0,upper,0.418335,0.584694,-0.26225,-0.25044,0.3154,286.959,292.076,106.547,0.05747,0
mean_down,12.0,down,0.72468,0.0,upper,0.408456,0.594582,-0.28232,-0.2695,0.31797,286.867,292.067,107.356,0.05321,0
mean_down,12.0,down,0.72468,0.0,upper,0.398608,0.604437,-0.3032,-0.28931,0.32063,286.772,292.057,108.191,0.04908,0
mean_down,12.0,down,0.72468,0.0,upper,0.388796,0.614256,-0.32489,-0.30988,0.32338,286.673,292.046,109.05,0.04509,0
mean_down,12.0,down,0.72468,0.0,upper,0.379023,0.624034,-0.3474,-0.3312,0.3262,286.57,292.036,109.934,0.04124,0
mean_down,12.0,down,0.72468,0.0,upper,0.369292,0.633768,-0.37073,-0.35328,0.32911,286.463,292.025,110.842,0.03754,0
mean_down,12.0,down,0.72468,0.0,upper,0.359609,0.643455,-0.39488,-0.37611,0.3321,286.352,292.013,111.773,0.03399,0
mean_down,12.0,down,0.72468,0.0,upper,0.349977,0.65309,-0.41985,-0.3997,0.33517,286.237,292.001,112.727,0.0306,0
mean_down,12.0,down,0.72468,0.0,upper,0.340398,0.662669,-0.44564,-0.42404,0.33831,286.119,291.989,113.703,0.02738,0
mean_down,12.0,down,0.72468,0.0,upper,0.330879,0.67219,-0.47226,-0.44913,0.34153,285.996,291.976,114.7,0.02432,0
mean_down,12.0,down,0.72468,0.0,upper,0.321421,0.681649,-0.4997,-0.47496,0.34483,285.87,291.963,115.718,0.02144,0
mean_down,12.0,down,0.72468,0.0,upper,0.312029,0.691041,-0.52796,-0.50154,0.3482,285.739,291.95,116.756,0.01873,0
mean_down,12.0,down,0.72468,0.0,upper,0.302707,0.700363,-0.55704,-0.52887,0.35164,285.605,291.936,117.814,0.0162,0
mean_down,12.0,down,0.72468,0.0,upper,0.293458,0.709612,-0.58695,-0.55693,0.35515,285.467,291.921,118.89,0.01385,0
mean_down,12.0,down,0.72468,0.0,upper,0.284286,0.718784,-0.61769,-0.58574,0.35873,285.325,291.907,119.985,0.01168,0
mean_down,12.0,down,0.72468,0.0,upper,0.275196,0.727875,-0.64925,-0.61529,0.36238,285.178,291.891,121.097,0.0097,0
mean_down,12.0,down,0.72468,0.0,upper,0.266189,0.736882,-0.68164,-0.64557,0.36609,285.028,291.876,122.227,0.0079,0
mean_down,12.0,down,0.72468,0.0,upper,0.257271,0.745802,-0.71486,-0.6766,0.36987,284.874,291.86,123.374,0.00629,0
mean_down,12.0,down,0.72468,0.0,upper,0.248445,0.754631,-0.74892,-0.70836,0.37372,284.715,291.843,124.537,0.00486,0
mean_down,12.0,down,0.72468,0.0,upper,0.239714,0.763365,-0.78382,-0.74086,0.37762,284.553,291.826,125.716,0.00363,0
mean_down,12.0,down,0.72468,0.0,upper,0.231082,0.772002,-0.81957,-0.7741,0.3816,284.386,291.809,126.911,0.00257,0
mean_down,12.0,down,0.72468,0.0,upper,0.222553,0.780538,-0.85617,-0.80808,0.38563,284.215,291.791,128.121,0.0017,0
mean_down,12.0,down,0.72468,0.0,upper,0.21413,0.788969,-0.89362,-0.84281,0.38973,284.04,291.773,129.345,0.00102,0
mean_down,12.0,down,0.72468,0.0,upper,0.205817,0.797293,-0.93193,-0.87828,0.39389,283.86,291.755,130.584,0.00051,0
mean_down,12.0,down,0.72468,0.0,upper,0.197617,0.805506,-0.97108,-0.91447,0.39811,283.676,291.736,131.836,0.00018,0
mean_down,12.0,down,0.72468,0.0,upper,0.189534,0.813605,-1.01104,-0.95136,0.40238,283.488,291.716,133.1,2e-05,0
mean_down,12.0,down,0.72468,0.0,upper,0.181571,0.821587,-1.05172,-0.98885,0.40669,283.297,291.696,134.373,0.0,0
mean_down,12.0,down,0.72468,0.0,upper,0.173732,0.829448,-1.09321,-1.02703,0.41106,283.101,291.676,135.656,0.0,0
mean_down,12.0,down,0.72468,0.0,upper,0.166019,0.837187,-1.13574,-1.06609,0.4155,282.9,291.655,136.957,0.0,0
mean_down,12.0,down,0.72468,0.0,upper,0.158437,0.844799,-1.17949,-1.10621,0.42004,282.693,291.634,138.281,0.0,0
mean_down,12.0,down,0.72468,0.0,upper,0.150989,0.852282,-1.22461,-1.14752,0.42468,282.479,291.611,139.63,0.0,0
mean_down,12.0,down,0.72468,0.0,upper,0.143678,0.859634,-1.27129,-1.19017,0.42945,282.257,291.588,141.01,0.0,0
mean_down,12.0,down,0.72468,0.0,upper,0.136507,0.86685,-1.31967,-1.23431,0.43435,282.027,291.564,142.424,0.0,0
mean_down,12.0,down,0.72468,0.0,upper,0.12948,0.873929,-1.36996,-1.28008,0.43941,281.787,291.54,143.875,0.0,0
mean_down,12.0,down,0.72468,0.0,upper,0.122599,0.880867,-1.42233,-1.32767,0.44464,281.536,291.514,145.369,0.0,0
mean_down,12.0,down,0.72468,0.0,upper,0.115868,0.887663,-1.47702,-1.37726,0.45005,281.274,291.486,146.909,0.0,0
mean_down,12.0,down,0.72468,0.0,upper,0.109291,0.894312,-1.53427,-1.42905,0.45568,280.999,291.458,148.501,0.0,0
mean_down,12.0,down,0.72468,0.0,upper,0.10287,0.900814,-1.59433,-1.48326,0.46153,280.709,291.428,150.149,0.0,0
mean_down,12.0,down,0.72468,0.0,upper,0.096608,0.907165,-1.65752,-1.54016,0.46764,280.404,291.396,151.859,0.0,0
mean_down,12.0,down,0.72468,0.0,upper,0.090509,0.913362,-1.72415,-1.60001,0.47402,280.081,291.363,153.638,0.0,0
mean_down,12.0,down,0.72468,0.0,upper,0.084576,0.919405,-1.79462,-1.66314,0.48072,279.739,291.327,155.492,0.0,0
mean_down,12.0,down,0.72468,0.0,upper,0.078811,0.925289,-1.86933,-1.72989,0.48776,279.375,291.289,157.428,0.0,0
mean_down,12.0,down,0.72468,0.0,upper,0.073219,0.931013,-1.94878,-1.80064,0.49518,278.987,291.249,159.455,0.0,0
mean_down,12.0,down,0.72468,0.0,upper,0.067802,0.936575,-2.03348,-1.87585,0.50302,278.571,291.206,161.582,0.0,0
mean_down,12.0,down,0.72468,0.0,upper,0.062564,0.941972,-2.12405,-1.95599,0.51133,278.125,291.16,163.818,0.0,0
mean_down,12.0,down,0.72468,0.0,upper,0.057507,0.947203,-2.22116,-2.04162,0.52015,277.644,291.11,166.174,0.0,0
mean_down,12.0,down,0.72468,0.0,upper,0.052636,0.952265,-2.32557,-2.13333,0.52956,277.125,291.056,168.66,0.0,0
mean_down,12.0,down,0.72468,0.0,upper,0.047953,0.957156,-2.43815,-2.2318,0.53959,276.563,290.998,171.29,0.0,0
mean_down,12.0,down,0.72468,0.0,upper,0.043463,0.961875,-2.55983,-2.33775,0.55034,275.952,290.934,174.075,0.0,0
mean_down,12.0,down,0.72468,0.0,upper,0.039169,0.96642,-2.69163,-2.45197,0.56187,275.287,290.865,177.029,0.0,0
mean_down,12.0,down,0.72468,0.0,upper,0.035074,0.970789,-2.83465,-2.57526,0.57425,274.56,290.79,180.162,0.0,0
mean_down,12.0,down,0.72468,0.0,upper,0.031184,0.97498,-2.99001,-2.70845,0.58757,273.765,290.708,183.487,0.0,0
mean_down,12.0,down,0.72468,0.0,upper,0.027503,0.978992,-3.1588,-2.85226,0.6019,272.895,290.617,187.011,0.0,0
mean_down,12.0,down,0.72468,0.0,upper,0.024036,0.982823,-3.34191,-3.00723,0.6173,271.943,290.519,190.736,0.0,0
mean_down,12.0,down,0.72468,0.0,upper,0.020787,0.986471,-3.53982,-3.17355,0.63379,270.905,290.411,194.654,0.0,0
mean_down,12.0,down,0.72468,0.0,upper,0.017763,0.989936,-3.75226,-3.35071,0.65133,269.779,290.294,198.742,0.0,0
mean_down,12.0,down,0.72468,0.0,upper,0.01497,0.993216,-3.97759,-3.53711,0.66978,268.572,290.169,202.955,0.0,0
mean_down,12.0,down,0.72468,0.0,upper,0.012415,0.99631,-4.212,-3.72936,0.68884,267.301,290.037,207.21,0.0,0
mean_down,12.0,down,0.72468,0.0,upper,0.010104,0.999216,-4.44835,-3.92153,0.70794,266.005,289.903,211.378,0.0,0
mean_down,12.0,down,0.72468,0.0,upper,0.008043,1.001933,-4.67492,-4.10419,0.72616,264.747,289.772,215.265,0.0,0
mean_down,12.0,down,0.72468,0.0,upper,0.006238,1.00446,-4.87449,-4.26383,0.74216,263.627,289.656,218.606,0.0,0
mean_down,12.0,down,0.72468,0.0,upper,0.004692,1.006797,-5.02464,-4.38318,0.75417,262.776,289.568,221.07,0.0,0
mean_down,12.0,down,0.72468,0.0,upper,0.003403,1.008943,-5.10072,-4.4434,0.76025,262.343,289.523,222.303,0.0,0
mean_down,12.0,down,0.72468,0.0,upper,0.002365,1.010896,-5.08228,-4.42882,0.75877,262.448,289.534,222.005,0.0,0
mean_down,12.0,down,0.72468,0.0,upper,0.001562,1.012656,-4.96144,-4.33302,0.74911,263.135,289.605,220.038,0.0,0
mean_down,12.0,down,0.72468,0.0,upper,0.00097,1.014222,-4.74899,-4.16358,0.7321,264.333,289.729,216.514,0.0,0
mean_down,12.0,down,0.72468,0.0,upper,0.000559,1.015594,-4.47346,-3.94184,0.70996,265.866,289.888,211.814,0.0,0
mean_down,12.0,down,0.72468,0.0,upper,0.000292,1.016771,-4.1722,-3.69684,0.68561,267.518,290.06,206.497,0.0,0
mean_down,12.0,down,0.72468,0.0,upper,0.000135,1.017752,-3.88246,-3.4586,0.66201,269.083,290.222,201.191,0.0,0
mean_down,12.0,down,0.72468,0.0,upper,5.2e-05,1.018538,-3.63244,-3.25096,0.64145,270.415,290.36,196.451,0.0,0
mean_down,12.0,down,0.72468,0.0,upper,1.5e-05,1.019128,-3.4414,-3.091,0.62561,271.422,290.465,192.719,0.0,0
mean_down,12.0,down,0.72468,0.0,upper,3e-06,1.019521,-3.32069,-2.98933,0.61552,272.054,290.53,190.309,0.0,0
mean_down,12.0,down,0.72468,0.0,upper,0.0,1.019718,-3.27748,-2.95283,0.6119,272.279,290.553,189.437,0.0,0
mean_down,12.0,down,0.72468,0.0,lower,0.0,1.019816,-3.25422,-2.93315,0.60994,272.4,290.566,188.965,0.0,0
mean_down,12.0,down,0.72468,0.0,lower,3e-06,1.020013,-3.16449,-2.85708,0.60238,272.866,290.614,187.128,0.0,0
mean_down,12.0,down,0.72468,0.0,lower,1.5e-05,1.020406,-3.00644,-2.72248,0.58897,273.681,290.699,183.834,0.0,0
mean_down,12.0,down,0.72468,0.0,lower,5.2e-05,1.020995,-2.77686,-2.52553,0.56926,274.854,290.821,178.905,0.0,0
mean_down,12.0,down,0.72468,0.0,lower,0.000135,1.021781,-2.47462,-2.2636,0.54283,276.38,290.979,172.131,0.0,0
mean_down,12.0,down,0.72468,0.0,lower,0.000292,1.022763,-2.10479,-1.93898,0.50957,278.22,291.17,163.346,0.0,0
mean_down,12.0,down,0.72468,0.0,lower,0.000559,1.02394,-1.6795,-1.55992,0.46975,280.298,291.385,152.449,0.0,0
mean_down,12.0,down,0.72468,0.0,lower,0.00097,1.025312,-1.22144,-1.14462,0.42436,282.494,291.613,139.536,0.0,0
mean_down,12.0,down,0.72468,0.0,lower,0.001562,1.026878,-0.76097,-0.71958,0.37507,284.659,291.838,124.946,0.0,0
mean_down,12.0,down,0.72468,0.0,lower,0.002365,1.028638,-0.32993,-0.31466,0.32401,286.65,292.044,109.249,0.0,0
mean_down,12.0,down,0.72468,0.0,lower,0.003403,1.030591,0.04625,0.04444,0.27336,288.359,292.221,93.141,0.0,0
mean_down,12.0,down,0.72468,0.0,lower,0.004692,1.032736,0.35365,0.34193,0.22491,289.737,292.364,77.294,0.0,0
mean_down,12.0,down,0.72468,0.0,lower,0.006238,1.035073,0.5902,0.57336,0.17988,290.786,292.473,62.236,0.0,0
mean_down,12.0,down,0.72468,0.0,lower,0.008043,1.037601,0.76222,0.74306,0.13888,291.544,292.552,48.298,0.0,0
mean_down,12.0,down,0.72468,0.0,lower,0.010104,1.040318,0.88022,0.86015,0.10202,292.06,292.605,35.632,0.0,0
mean_down,12.0,down,0.72468,0.0,lower,0.012415,1.043224,0.95554,0.93519,0.06912,292.389,292.639,24.256,0.0,0
mean_down,12.0,down,0.72468,0.0,lower,0.01497,1.046317,0.99849,0.97808,0.03975,292.576,292.659,14.107,0.0,0
mean_down,12.0,down,0.72468,0.0,lower,0.017763,1.049597,1.01757,0.99716,0.01273,292.659,292.667,5.077,0.0,0
mean_down,12.0,down,0.72468,0.0,lower,0.020787,1.053062,1.01945,0.99904,0.00477,292.667,292.668,2.954,0.0,0
mean_down,12.0,down,0.72468,0.0,lower,0.024036,1.056711,1.00916,0.98874,0.02806,292.622,292.663,10.108,0.0,0
mean_down,12.0,down,0.72468,0.0,lower,0.027503,1.060542,0.99042,0.97002,0.04669,292.541,292.655,16.498,0.0,0
mean_down,12.0,down,0.72468,0.0,lower,0.031184,1.064554,0.96598,0.9456,0.06325,292.434,292.644,22.222,0.0,0
mean_down,12.0,down,0.72468,0.0,lower,0.035074,1.068745,0.93779,0.91749,0.07812,292.311,292.631,27.37,0.0,0
mean_down,12.0,down,0.72468,0.0,lower,0.039169,1.073114,0.90729,0.88709,0.09155,292.178,292.617,32.016,0.0,0
mean_down,12.0,down,0.72468,0.0,lower,0.043463,1.077658,0.87549,0.85545,0.10374,292.04,292.603,36.225,0.0,0
mean_down,12.0,down,0.72468,0.0,lower,0.047953,1.082377,0.84314,0.8233,0.11485,291.898,292.588,40.053,0.0,0
mean_down,12.0,down,0.72468,0.0,lower,0.052636,1.087269,0.81074,0.79114,0.12501,291.756,292.574,43.545,0.0,0
mean_down,12.0,down,0.72468,0.0,lower,0.057507,1.092331,0.77866,0.75934,0.13433,291.616,292.559,46.742,0.0,0
mean_down,12.0,down,0.72468,0.0,lower,0.062564,1.097562,0.74716,0.72816,0.14292,291.478,292.545,49.679,0.0,0
mean_down,12.0,down,0.72468,0.0,lower,0.067802,1.102959,0.71641,0.69775,0.15084,291.342,292.531,52.383,0.0,0
mean_down,12.0,down,0.72468,0.0,lower,0.073219,1.108521,0.68652,0.66823,0.15818,291.211,292.517,54.882,0.0,0
mean_down,12.0,down,0.72468,0.0,lower,0.078811,1.114245,0.65756,0.63967,0.16499,291.083,292.504,57.195,0.0,0
mean_down,12.0,down,0.72468,0.0,lower,0.084576,1.120129,0.62958,0.6121,0.17132,290.96,292.491,59.343,0.0,0
mean_down,12.0,down,0.72468,0.0,lower,0.090509,1.126171,0.60259,0.58554,0.17723,290.841,292.479,61.341,0.0,0
mean_down,12.0,down,0.72468,0.0,lower,0.096608,1.132369,0.5766,0.56,0.18275,290.726,292.467,63.203,0.0,0
mean_down,12.0,down,0.72468,0.0,lower,0.10287,1.13872,0.5516,0.53545,0.18791,290.616,292.455,64.942,0.0,0
mean_down,12.0,down,0.72468,0.0,lower,0.109291,1.145221,0.52758,0.51188,0.19275,290.509,292.444,66.569,0.0,0
mean_down,12.0,down,0.72468,0.0,lower,0.115868,1.151871,0.50451,0.48926,0.1973,290.407,292.434,68.094,0.0,0
mean_down,12.0,down,0.72468,0.0,lower,0.122599,1.158666,0.48236,0.46758,0.20157,290.309,292.424,69.525,0.0,0
mean_down,12.0,down,0.72468,0.0,lower,0.12948,1.165605,0.46111,0.44679,0.20559,290.215,292.414,70.869,0.0,0
mean_down,12.0,down,0.72468,0.0,lower,0.136507,1.172683,0.44074,0.42687,0.20938,290.124,292.404,72.133,0.0,0
mean_down,12.0,down,0.72468,0.0,lower,0.143678,1.1799,0.42121,0.40779,0.21295,290.038,292.395,73.324,0.0,0
mean_down,12.0,down,0.72468,0.0,lower,0.150989,1.187251,0.40249,0.38952,0.21633,289.954,292.387,74.447,0.0,0
mean_down,12.0,down,0.72468,0.0,lower,0.158437,1.194734,0.38455,0.37203,0.21952,289.875,292.378,75.506,0.0,0
mean_down,12.0,down,0.72468,0.0,lower,0.166019,1.202347,0.36736,0.35528,0.22253,289.798,292.37,76.506,0.0,0
mean_down,12.0,down,0.72468,0.0,lower,0.173732,1.210085,0.35091,0.33925,0.22539,289.725,292.363,77.451,0.0,0
mean_down,12.0,down,0.72468,0.0,lower,0.181571,1.217947,0.33515,0.32391,0.22809,289.654,292.356,78.345,0.0,0
mean_down,12.0,down,0.72468,0.0,lower,0.189534,1.225929,0.32006,0.30923,0.23065,289.587,292.349,79.191,0.0,0
mean_down,12.0,down,0.72468,0.0,lower,0.197617,1.234028,0.30561,0.29519,0.23307,289.523,292.342,79.992,0.0,0
mean_down,12.0,down,0.72468,0.0,lower,0.205817,1.242241,0.29178,0.28176,0.23538,289.461,292.336,80.751,0.0,0
mean_down,12.0,down,0.72468,0.0,lower,0.21413,1.250564,0.27855,0.26891,0.23756,289.402,292.329,81.47,0.0,0
mean_down,12.0,down,0.72468,0.0,lower,0.222553,1.258996,0.26589,0.25662,0.23963,289.345,292.324,82.151,0.0,0
mean_down,12.0,down,0.72468,0.0,lower,0.231082,1.267531,0.25378,0.24487,0.2416,289.291,292.318,82.798,0.0,0
mean_down,12.0,down,0.72468,0.0,lower,0.239714,1.276168,0.24219,0.23364,0.24347,289.239,292.313,83.412,0.0,0
mean_down,12.0,down,0.72468,0.0,lower,0.248445,1.284903,0.23111,0.2229,0.24525,289.19,292.307,83.994,0.0,0
mean_down,12.0,down,0.72468,0.0,lower,0.257271,1.293731,0.22051,0.21263,0.24693,289.142,292.302,84.547,0.0,0
mean_down,12.0,down,0.72468,0.0,lower,0.266189,1.302651,0.21038,0.20282,0.24854,289.097,292.298,85.072,0.0,0
mean_down,12.0,down,0.72468,0.0,lower,0.275196,1.311658,0.20069,0.19344,0.25006,289.053,292.293,85.571,0.0,0
mean_down,12.0,down,0.72468,0.0,lower,0.284286,1.32075,0.19142,0.18447,0.25151,289.012,292.289,86.046,0.0,0
mean_down,12.0,down,0.72468,0.0,lower,0.293458,1.329922,0.18256,0.1759,0.25289,288.972,292.285,86.497,0.0,0
mean_down,12.0,down,0.72468,0.0,lower,0.302707,1.33917,0.17409,0.16771,0.25421,288.934,292.281,86.925,0.0,0
mean_down,12.0,down,0.72468,0.0,lower,0.312029,1.348493,0.166,0.15989,0.25546,288.898,292.277,87.333,0.0,0
mean_down,12.0,down,0.72468,0.0,lower,0.321421,1.357885,0.15825,0.1524,0.25665,288.863,292.274,87.721,0.0,0
mean_down,12.0,down,0.72468,0.0,lower,0.330879,1.367343,0.15085,0.14525,0.25778,288.83,292.27,88.09,0.0,0
mean_down,12.0,down,0.72468,0.0,lower,0.340398,1.376864,0.14377,0.13842,0.25886,288.798,292.267,88.442,0.0,0
mean_down,12.0,down,0.72468,0.0,lower,0.349977,1.386444,0.137,0.13188,0.25989,288.767,292.264,88.777,0.0,0
mean_down,12.0,down,0.72468,0.0,lower,0.359609,1.396079,0.13052,0.12563,0.26087,288.738,292.261,89.096,0.0,0
mean_down,12.0,down,0.72468,0.0,lower,0.369292,1.405765,0.12432,0.11965,0.26181,288.71,292.258,89.4,0.0,0
mean_down,12.0,down,0.72468,0.0,lower,0.379023,1.4155,0.11839,0.11393,0.2627,288.684,292.255,89.69,0.0,0
mean_down,12.0,down,0.72468,0.0,lower,0.388796,1.425278,0.11272,0.10845,0.26355,288.658,292.252,89.967,0.0,0
mean_down,12.0,down,0.72468,0.0,lower,0.398608,1.435097,0.10728,0.10321,0.26437,288.634,292.25,90.231,0.0,0
mean_down,12.0,down,0.72468,0.0,lower,0.408456,1.444952,0.10207,0.09819,0.26514,288.61,292.247,90.483,0.0,0
mean_down,12.0,down,0.72468,0.0,lower,0.418335,1.454839,0.09708,0.09338,0.26589,288.588,292.245,90.724,0.0,0
mean_down,12.0,down,0.72468,0.0,lower,0.428241,1.464756,0.0923,0.08877,0.2666,288.566,292.243,90.955,0.0,0
mean_down,12.0,down,0.72468,0.0,lower,0.438172,1.474697,0.08771,0.08435,0.26728,288.546,292.241,91.175,0.0,0
mean_down,12.0,down,0.72468,0.0,lower,0.448122,1.48466,0.0833,0.0801,0.26793,288.526,292.239,91.386,0.0,0
mean_down,12.0,down,0.72468,0.0,lower,0.458088,1.49464,0.07907,0.07603,0.26855,288.507,292.237,91.588,0.0,0
mean_down,12.0,down,0.72468,0.0,lower,0.468067,1.504633,0.075,0.0721,0.26915,288.488,292.235,91.782,0.0,0
mean_down,12.0,down,0.72468,0.0,lower,0.478053,1.514636,0.07109,0.06834,0.26973,288.471,292.233,91.968,0.0,0
mean_down,12.0,down,0.72468,0.0,lower,0.488044,1.524645,0.06732,0.06472,0.27028,288.454,292.231,92.147,0.0,0
mean_down,12.0,down,0.72468,0.0,lower,0.498036,1.534656,0.0637,0.06123,0.27081,288.437,292.229,92.319,0.0,0
mean_down,12.0,down,0.72468,0.0,lower,0.508024,1.544665,0.06021,0.05787,0.27132,288.422,292.228,92.484,0.0,0
mean_down,12.0,down,0.72468,0.0,lower,0.518005,1.554668,0.05684,0.05462,0.27181,288.407,292.226,92.643,0.0,0
mean_down,12.0,down,0.72468,0.0,lower,0.527975,1.564662,0.05358,0.05149,0.27229,288.392,292.225,92.797,0.0,0
mean_down,12.0,down,0.72468,0.0,lower,0.537931,1.574642,0.05043,0.04846,0.27275,288.378,292.223,92.944,0.0,0
mean_down,12.0,down,0.72468,0.0,lower,0.547867,1.584605,0.04739,0.04554,0.27319,288.364,292.222,93.087,0.0,0
mean_down,12.0,down,0.72468,0.0,lower,0.557781,1.594546,0.04445,0.04271,0.27362,288.351,292.22,93.225,0.0,0
mean_down,12.0,down,0.72468,0.0,lower,0.567668,1.604463,0.0416,0.03997,0.27403,288.338,292.219,93.358,0.0,0
mean_down,12.0,down,0.72468,0.0,lower,0.577526,1.61435,0.03883,0.03731,0.27443,288.325,292.218,93.487,0.0,0
mean_down,12.0,down,0.72468,0.0,lower,0.587349,1.624205,0.03615,0.03473,0.27482,288.313,292.216,93.613,0.0,0
mean_down,12.0,down,0.72468,0.0,lower,0.597135,1.634024,0.03355,0.03223,0.27519,288.301,292.215,93.734,0.0,0
mean_down,12.0,down,0.72468,0.0,lower,0.606879,1.643802,0.03101,0.02979,0.27556,288.29,292.214,93.852,0.0,0
mean_down,12.0,down,0.72468,0.0,lower,0.616578,1.653536,0.02855,0.02742,0.27591,288.279,292.213,93.966,0.0,0
mean_down,12.0,down,0.72468,0.0,lower,0.626229,1.663223,0.02615,0.02512,0.27626,288.268,292.212,94.077,0.0,0
mean_down,12.0,down,0.72468,0.0,lower,0.635826,1.672858,0.02382,0.02288,0.2766,288.258,292.211,94.186,0.0,0
mean_down,12.0,down,0.72468,0.0,lower,0.645368,1.682438,0.02154,0.02069,0.27692,288.247,292.21,94.291,0.0,0
mean_down,12.0,down,0.72468,0.0,lower,0.654849,1.691959,0.01932,0.01856,0.27724,288.237,292.209,94.394,0.0,0
mean_down,12.0,down,0.72468,0.0,lower,0.664267,1.701417,0.01716,0.01648,0.27755,288.228,292.208,94.493,0.0,0
mean_down,12.0,down,0.72468,0.0,lower,0.673617,1.710809,0.01505,0.01445,0.27785,288.218,292.207,94.591,0.0,0
mean_down,12.0,down,0.72468,0.0,lower,0.682897,1.720131,0.01299,0.01247,0.27815,288.209,292.206,94.686,0.0,0
mean_down,12.0,down,0.72468,0.0,lower,0.692103,1.72938,0.01098,0.01054,0.27844,288.2,292.205,94.778,0.0,0
mean_down,12.0,down,0.72468,0.0,lower,0.70123,1.738552,0.00901,0.00865,0.27872,288.191,292.204,94.869,0.0,0
mean_down,12.0,down,0.72468,0.0,lower,0.710277,1.747643,0.00709,0.00681,0.27899,288.182,292.203,94.957,0.0,0
mean_down,12.0,down,0.72468,0.0,lower,0.719238,1.756651,0.00522,0.00501,0.27926,288.174,292.202,95.043,0.0,0
mean_down,12.0,down,0.72468,0.0,lower,0.728111,1.76557,0.00339,0.00326,0.27952,288.165,292.201,95.127,0.0,0
mean_down,12.0,down,0.72468,0.0,lower,0.736893,1.774399,0.00161,0.00154,0.27977,288.157,292.2,95.208,0.0,0
mean_down,12.0,down,0.72468,0.0,lower,0.74558,1.783134,-0.00013,-0.00013,0.28002,288.149,292.2,95.288,0.0,0
mean_down,12.0,down,0.72468,0.0,lower,0.754168,1.79177,-0.00183,-0.00176,0.28026,288.142,292.199,95.366,0.0,0
mean_down,12.0,down,0.72468,0.0,lower,0.762655,1.800306,-0.00349,-0.00335,0.2805,288.134,292.198,95.441,0.0,0
mean_down,12.0,down,0.72468,0.0,lower,0.771037,1.808737,-0.0051,-0.00489,0.28072,288.127,292.197,95.515,0.0,0
mean_down,12.0,down,0.72468,0.0,lower,0.779311,1.817061,-0.00667,-0.0064,0.28095,288.12,292.196,95.586,0.0,0
mean_down,12.0,down,0.72468,0.0,lower,0.787474,1.825274,-0.00819,-0.00786,0.28116,288.113,292.196,95.656,0.0,0
mean_down,12.0,down,0.72468,0.0,lower,0.795522,1.833373,-0.00967,-0.00928,0.28137,288.106,292.195,95.723,0.0,0
mean_down,12.0,down,0.72468,0.0,lower,0.803454,1.841355,-0.01111,-0.01066,0.28158,288.1,292.194,95.788,0.0,0
mean_down,12.0,down,0.72468,0.0,lower,0.811264,1.849217,-0.0125,-0.012,0.28177,288.094,292.194,95.852,0.0,0
mean_down,12.0,down,0.72468,0.0,lower,0.818952,1.856955,-0.01385,-0.01329,0.28196,288.087,292.193,95.913,0.0,0
mean_down,12.0,down,0.72468,0.0,lower,0.826513,1.864567,-0.01515,-0.01454,0.28215,288.082,292.192,95.972,0.0,0
mean_down,12.0,down,0.72468,0.0,lower,0.833945,1.872051,-0.0164,-0.01574,0.28232,288.076,292.192,96.029,0.0,0
mean_down,12.0,down,0.72468,0.0,lower,0.841245,1.879402,-0.01761,-0.0169,0.28249,288.07,292.191,96.084,0.0,0
mean_down,12.0,down,0.72468,0.0,lower,0.84841,1.886618,-0.01877,-0.01802,0.28266,288.065,292.191,96.136,0.0,0
mean_down,12.0,down,0.72468,0.0,lower,0.855437,1.893697,-0.01989,-0.01908,0.28282,288.06,292.19,96.187,0.0,0
mean_down,12.0,down,0.72468,0.0,lower,0.862325,1.900635,-0.02095,-0.02011,0.28297,288.055,292.19,96.235,0.0,0
mean_down,12.0,down,0.72468,0.0,lower,0.86907,1.907431,-0.02197,-0.02108,0.28311,288.051,292.189,96.281,0.0,0
mean_down,12.0,down,0.72468,0.0,lower,0.875669,1.914081,-0.02294,-0.02201,0.28325,288.046,292.189,96.325,0.0,0
mean_down,12.0,down,0.72468,0.0,lower,0.88212,1.920582,-0.02386,-0.02289,0.28337,288.042,292.188,96.366,0.0,0
mean_down,12.0,down,0.72468,0.0,lower,0.888421,1.926933,-0.02473,-0.02373,0.2835,288.038,292.188,96.406,0.0,0
mean_down,12.0,down,0.72468,0.0,lower,0.89457,1.933131,-0.02555,-0.02451,0.28361,288.035,292.188,96.443,0.0,0
mean_down,12.0,down,0.72468,0.0,lower,0.900563,1.939173,-0.02632,-0.02525,0.28372,288.031,292.187,96.477,0.0,0
mean_down,12.0,down,0.72468,0.0,lower,0.906399,1.945057,-0.02704,-0.02594,0.28382,288.028,292.187,96.51,0.0,0
mean_down,12.0,down,0.72468,0.0,lower,0.912076,1.950781,-0.02771,-0.02659,0.28392,288.025,292.187,96.54,0.0,0
mean_down,12.0,down,0.72468,0.0,lower,0.917591,1.956343,-0.02833,-0.02718,0.284,288.022,292.186,96.568,0.0,0
mean_down,12.0,down,0.72468,0.0,lower,0.922942,1.96174,-0.0289,-0.02773,0.28408,288.019,292.186,96.594,0.0,0
mean_down,12.0,down,0.72468,0.0,lower,0.928127,1.966971,-0.02943,-0.02823,0.28416,288.017,292.186,96.617,0.0,0
mean_down,12.0,down,0.72468,0.0,lower,0.933145,1.972033,-0.0299,-0.02869,0.28422,288.015,292.186,96.639,0.0,0
mean_down,12.0,down,0.72468,0.0,lower,0.937993,1.976924,-0.03034,-0.02911,0.28429,288.013,292.185,96.659,0.0,0
mean_down,12.0,down,0.72468,0.0,lower,0.94267,1.981643,-0.03073,-0.02948,0.28434,288.011,292.185,96.676,0.0,0
mean_down,12.0,down,0.72468,0.0,lower,0.947174,1.986188,-0.03107,-0.02981,0.28439,288.01,292.185,96.692,0.0,0
mean_down,12.0,down,0.72468,0.0,lower,0.951503,1.990557,-0.03137,-0.0301,0.28443,288.008,292.185,96.705,0.0,0
mean_down,12.0,down,0.72468,0.0,lower,0.955655,1.994748,-0.03163,-0.03035,0.28447,288.007,292.185,96.717,0.0,0
mean_down,12.0,down,0.72468,0.0,lower,0.95963,1.99876,-0.03185,-0.03055,0.2845,288.006,292.185,96.727,0.0,0
mean_down,12.0,down,0.72468,0.0,lower,0.963424,2.002591,-0.03203,-0.03073,0.28452,288.005,292.185,96.735,0.0,0
mean_down,12.0,down,0.72468,0.0,lower,0.967038,2.00624,-0.03218,-0.03087,0.28454,288.005,292.184,96.741,0.0,0
mean_down,12.0,down,0.72468,0.0,lower,0.97047,2.009705,-0.03229,-0.03098,0.28456,288.004,292.184,96.746,0.0,0
mean_down,12.0,down,0.72468,0.0,lower,0.973718,2.012985,-0.03237,-0.03105,0.28457,288.004,292.184,96.75,0.0,0
mean_down,12.0,down,0.72468,0.0,lower,0.976781,2.016078,-0.03242,-0.0311,0.28458,288.003,292.184,96.752,0.0,0
mean_down,12.0,down,0.72468,0.0,lower,0.979659,2.018984,-0.03244,-0.03112,0.28458,288.003,292.184,96.753,0.0,0
mean_down,12.0,down,0.72468,0.0,lower,0.982349,2.021702,-0.03245,-0.03113,0.28458,288.003,292.184,96.753,0.0,0
mean_down,12.0,down,0.72468,0.0,lower,0.984852,2.024229,-0.03243,-0.03112,0.28458,288.003,292.184,96.753,0.0,0
mean_down,12.0,down,0.72468,0.0,lower,0.987165,2.026566,-0.03241,-0.03109,0.28458,288.003,292.184,96.752,0.0,0
mean_down,12.0,down,0.72468,0.0,lower,0.989289,2.028712,-0.03237,-0.03106,0.28457,288.004,292.184,96.75,0.0,0
mean_down,12.0,down,0.72468,0.0,lower,0.991222,2.030665,-0.03234,-0.03102,0.28457,288.004,292.184,96.748,0.0,0
mean_down,12.0,down,0.72468,0.0,lower,0.992964,2.032424,-0.0323,-0.03099,0.28456,288.004,292.184,96.747,0.0,0
mean_down,12.0,down,0.72468,0.0,lower,0.994514,2.033991,-0.03227,-0.03096,0.28456,288.004,292.184,96.746,0.0,0
mean_down,12.0,down,0.72468,0.0,lower,0.995872,2.035362,-0.03227,-0.03096,0.28456,288.004,292.184,96.746,0.0,0
mean_down,12.0,down,0.72468,0.0,lower,0.997036,2.036539,-0.03229,-0.03097,0.28456,288.004,292.184,96.746,0.0,0
mean_down,12.0,down,0.72468,0.0,lower,0.998007,2.03752,-0.03236,-0.03104,0.28457,288.004,292.184,96.749,0.0,0
mean_down,12.0,down,0.72468,0.0,lower,0.998785,2.038305,-0.03249,-0.03117,0.28459,288.003,292.184,96.755,0.0,0
mean_down,12.0,down,0.72468,0.0,lower,0.999368,2.038895,-0.03273,-0.0314,0.28462,288.002,292.184,96.766,0.0,0
mean_down,12.0,down,0.72468,0.0,lower,0.999757,2.039288,-0.03313,-0.03178,0.28468,288.0,292.184,96.784,0.0,0
mean_down,12.0,down,0.72468,0.0,lower,0.999951,2.039484,-0.0339,-0.03252,0.28479,287.997,292.184,96.819,0.0,0
