time_s,phase_deg,alpha_deg,alpha_dot_rad_s,alpha_f_deg,CL,CD,CM_c4,CN,CC,CN_prime,CN_vortex,f_separation,f_static,tau_v_semichords,vortex_on_chord
0.0,0.0,12.0,3.772382,10.427036,1.285157,0.046171,0.001225,1.265176,0.229079,1.201872,0.0,0.933644,0.915151,0.0,0
5.3833e-05,0.083333,12.011636,3.772378,10.437538,1.286404,0.046232,0.001252,1.266362,0.229537,1.203103,0.0,0.933586,0.914738,0.0,0
0.000107666,0.166667,12.023271,3.772366,10.448044,1.287651,0.046292,0.00128,1.267547,0.229994,1.204335,0.0,0.933527,0.914327,0.0,0
0.000161499,0.25,12.034906,3.772346,10.458552,1.288897,0.046353,0.001308,1.268732,0.230453,1.205567,0.0,0.933467,0.913915,0.0,0
0.000215332,0.333333,12.046542,3.772318,10.469064,1.290143,0.046413,0.001336,1.269916,0.230911,1.2068,0.0,0.933406,0.913506,0.0,0
0.000269165,0.416667,12.058177,3.772282,10.47958,1.291388,0.046474,0.001365,1.271099,0.23137,1.208033,0.0,0.933344,0.913097,0.0,0
0.000322997,0.5,12.069812,3.772238,10.490098,1.292633,0.046534,0.001394,1.272282,0.231829,1.209266,0.0,0.93328,0.912687,0.0,0
0.00037683,0.583333,12.081447,3.772187,10.50062,1.293877,0.046595,0.001424,1.273464,0.232289,1.2105,0.0,0.933216,0.912275,0.0,0
0.000430663,0.666667,12.093082,3.772127,10.511144,1.295121,0.046655,0.001454,1.274646,0.232749,1.211734,0.0,0.93315,0.911856,0.0,0
0.000484496,0.75,12.104717,3.772059,10.521672,1.296364,0.046716,0.001484,1.275827,0.233209,1.212968,0.0,0.933084,0.911434,0.0,0
0.000538329,0.833333,12.116351,3.771983,10.532203,1.297606,0.046776,0.001515,1.277007,0.23367,1.214203,0.0,0.933016,0.911007,0.0,0
0.000592162,0.916667,12.127985,3.771899,10.542738,1.298848,0.046837,0.001546,1.278187,0.234131,1.215438,0.0,0.932947,0.910578,0.0,0
0.000645995,1.0,12.139619,3.771808,10.553275,1.30009,0.046897,0.001577,1.279366,0.234592,1.216674,0.0,0.932877,0.910144,0.0,0
0.000699828,1.083333,12.151253,3.771708,10.563815,1.301331,0.046958,0.001609,1.280544,0.235054,1.21791,0.0,0.932806,0.909708,0.0,0
0.000753661,1.166667,12.162886,3.7716,10.574358,1.302571,0.047018,0.001641,1.281721,0.235516,1.219146,0.0,0.932734,0.909268,0.0,0
0.000807494,1.25,12.174519,3.771484,10.584905,1.303811,0.047079,0.001673,1.282898,0.235979,1.220382,0.0,0.932661,0.908823,0.0,0
0.000861326,1.333333,12.186152,3.771361,10.595454,1.30505,0.047139,0.001706,1.284074,0.236442,1.221619,0.0,0.932586,0.908373,0.0,0
0.000915159,1.416667,12.197784,3.771229,10.606006,1.306289,0.0472,0.001739,1.28525,0.236905,1.222857,0.0,0.932511,0.907917,0.0,0
0.000968992,1.5,12.209416,3.771089,10.616562,1.307527,0.04726,0.001772,1.286424,0.237369,1.224094,0.0,0.932434,0.907458,0.0,0
0.001022825,1.583333,12.221047,3.770942,10.62712,1.308764,0.047321,0.001805,1.287598,0.237833,1.225332,0.0,0.932356,0.906993,0.0,0
0.001076658,1.666667,12.232678,3.770786,10.637681,1.310001,0.047381,0.001839,1.288772,0.238297,1.226571,0.0,0.932277,0.906525,0.0,0
0.001130491,1.75,12.244308,3.770623,10.648245,1.311237,0.047442,0.001873,1.289944,0.238762,1.227809,0.0,0.932196,0.906051,0.0,0
0.001184324,1.833333,12.255938,3.770451,10.658812,1.312473,0.047502,0.001907,1.291116,0.239227,1.229048,0.0,0.932114,0.905576,0.0,0
0.001238157,1.916667,12.267567,3.770272,10.669382,1.313707,0.047563,0.001942,1.292286,0.239692,1.230287,0.0,0.932032,0.905094,0.0,0
0.00129199,2.0,12.279196,3.770084,10.679954,1.314941,0.047623,0.001977,1.293456,0.240158,1.231527,0.0,0.931947,0.904611,0.0,0
0.001345823,2.083333,12.290824,3.769889,10.690529,1.316175,0.047684,0.002012,1.294626,0.240623,1.232767,0.0,0.931862,0.904122,0.0,0
0.001399655,2.166667,12.302452,3.769685,10.701107,1.317407,0.047744,0.002047,1.295794,0.24109,1.234007,0.0,0.931775,0.903632,0.0,0
0.001453488,2.25,12.314079,3.769474,10.711688,1.318639,0.047805,0.002082,1.296961,0.241556,1.235248,0.0,0.931687,0.903137,0.0,0
0.001507321,2.333333,12.325705,3.769254,10.722272,1.319871,0.047865,0.002118,1.298128,0.242023,1.236489,0.0,0.931598,0.902641,0.0,0
0.001561154,2.416667,12.33733,3.769027,10.732858,1.321101,0.047925,0.002154,1.299294,0.242491,1.23773,0.0,0.931508,0.902141,0.0,0
0.001614987,2.5,12.348955,3.768792,10.743447,1.322331,0.047986,0.00219,1.300459,0.242958,1.238972,0.0,0.931416,0.901639,0.0,0
0.00166882,2.583333,12.360579,3.768548,10.754038,1.32356,0.048046,0.002226,1.301623,0.243426,1.240214,0.0,0.931323,0.901134,0.0,0
0.001722653,2.666667,12.372202,3.768297,10.764633,1.324788,0.048107,0.002262,1.302786,0.243894,1.241456,0.0,0.931229,0.900628,0.0,0
0.001776486,2.75,12.383825,3.768038,10.775229,1.326016,0.048167,0.002299,1.303949,0.244363,1.242698,0.0,0.931133,0.90012,0.0,0
0.001830319,2.833333,12.395447,3.767771,10.785829,1.327242,0.048228,0.002335,1.30511,0.244832,1.243941,0.0,0.931037,0.899609,0.0,0
0.001884152,2.916667,12.407068,3.767495,10.796431,1.328468,0.048288,0.002372,1.306271,0.245301,1.245184,0.0,0.930939,0.899098,0.0,0
0.001937984,3.0,12.418688,3.767212,10.807035,1.329694,0.048348,0.002409,1.307431,0.24577,1.246428,0.0,0.930839,0.898584,0.0,0
0.001991817,3.083333,12.430307,3.766921,10.817642,1.330918,0.048409,0.002446,1.30859,0.24624,1.247672,0.0,0.930739,0.89807,0.0,0
0.00204565,3.166667,12.441925,3.766622,10.828252,1.332142,0.048469,0.002483,1.309747,0.24671,1.248916,0.0,0.930637,0.897554,0.0,0
0.002099483,3.25,12.453542,3.766315,10.838864,1.333364,0.048529,0.00252,1.310904,0.24718,1.25016,0.0,0.930533,0.897038,0.0,0
0.002153316,3.333333,12.465159,3.766,10.849478,1.334586,0.04859,0.002557,1.312061,0.247651,1.251404,0.0,0.930429,0.896521,0.0,0
0.002207149,3.416667,12.476774,3.765677,10.860095,1.335808,0.04865,0.002595,1.313216,0.248122,1.252649,0.0,0.930323,0.896004,0.0,0
0.002260982,3.5,12.488388,3.765346,10.870715,1.337028,0.048711,0.002632,1.31437,0.248593,1.253894,0.0,0.930216,0.895486,0.0,0
0.002314815,3.583333,12.500002,3.765007,10.881336,1.338248,0.048771,0.00267,1.315523,0.249064,1.25514,0.0,0.930108,0.894969,0.0,0
0.002368648,3.666667,12.511614,3.76466,10.89196,1.339466,0.048831,0.002708,1.316676,0.249536,1.256386,0.0,0.929998,0.894451,0.0,0
0.002422481,3.75,12.523225,3.764305,10.902587,1.340684,0.048891,0.002745,1.317827,0.250008,1.257631,0.0,0.929887,0.893934,0.0,0
0.002476314,3.833333,12.534835,3.763942,10.913216,1.341902,0.048952,0.002783,1.318978,0.250481,1.258878,0.0,0.929775,0.893417,0.0,0
0.002530146,3.916667,12.546444,3.763572,10.923847,1.343118,0.049012,0.002821,1.320127,0.250953,1.260124,0.0,0.929662,0.892901,0.0,0
0.002583979,4.0,12.558052,3.763193,10.93448,1.344333,0.049072,0.00286,1.321276,0.251426,1.261371,0.0,0.929547,0.892386,0.0,0
0.002637812,4.083333,12.569658,3.762806,10.945116,1.345548,0.049133,0.002898,1.322424,0.251899,1.262618,0.0,0.929431,0.891871,0.0,0
0.002691645,4.166667,12.581264,3.762411,10.955753,1.346762,0.049193,0.002937,1.323571,0.252373,1.263865,0.0,0.929314,0.891358,0.0,0
0.002745478,4.25,12.592868,3.762009,10.966393,1.347975,0.049253,0.002976,1.324717,0.252847,1.265113,0.0,0.929196,0.890847,0.0,0
0.002799311,4.333333,12.604471,3.761598,10.977036,1.349187,0.049313,0.003015,1.325861,0.253321,1.266361,0.0,0.929077,0.890337,0.0,0
0.002853144,4.416667,12.616072,3.76118,10.98768,1.350399,0.049373,0.003055,1.327006,0.253795,1.267609,0.0,0.928956,0.889829,0.0,0
0.002906977,4.5,12.627673,3.760753,10.998327,1.351609,0.049434,0.003095,1.328149,0.25427,1.268857,0.0,0.928834,0.889322,0.0,0
0.00296081,4.583333,12.639272,3.760319,11.008975,1.352819,0.049494,0.003135,1.329291,0.254744,1.270106,0.0,0.928711,0.888817,0.0,0
0.003014643,4.666667,12.650869,3.759876,11.019626,1.354028,0.049554,0.003175,1.330432,0.25522,1.271355,0.0,0.928587,0.888311,0.0,0
0.003068475,4.75,12.662466,3.759426,11.030279,1.355236,0.049614,0.003215,1.331572,0.255695,1.272604,0.0,0.928461,0.887791,0.0,0
0.003122308,4.833333,12.674061,3.758968,11.040934,1.356444,0.049674,0.003255,1.332712,0.256171,1.273853,0.0,0.928334,0.88727,0.0,0
0.003176141,4.916667,12.685654,3.758501,11.05159,1.35765,0.049734,0.003296,1.33385,0.256647,1.275103,0.0,0.928206,0.886736,0.0,0
0.003229974,5.0,12.697246,3.758027,11.062249,1.358856,0.049794,0.003337,1.334987,0.257123,1.276352,0.0,0.928077,0.8862,0.0,0
0.003283807,5.083333,12.708836,3.757545,11.07291,1.36006,0.049854,0.003378,1.336124,0.257599,1.277602,0.0,0.927947,0.885653,0.0,0
0.00333764,5.166667,12.720425,3.757055,11.083573,1.361264,0.049915,0.003419,1.337259,0.258076,1.278853,0.0,0.927815,0.885103,0.0,0
0.003391473,5.25,12.732013,3.756557,11.094238,1.362467,0.049975,0.00346,1.338393,0.258553,1.280103,0.0,0.927682,0.884546,0.0,0
0.003445306,5.333333,12.743599,3.756051,11.104904,1.363669,0.050035,0.003502,1.339526,0.25903,1.281354,0.0,0.927547,0.883984,0.0,0
0.003499139,5.416667,12.755183,3.755537,11.115573,1.364869,0.050095,0.003543,1.340658,0.259508,1.282605,0.0,0.927412,0.883418,0.0,0
0.003552972,5.5,12.766766,3.755015,11.126243,1.366069,0.050155,0.003585,1.341789,0.259985,1.283856,0.0,0.927275,0.882847,0.0,0
0.003606804,5.583333,12.778347,3.754485,11.136916,1.367268,0.050215,0.003627,1.342919,0.260463,1.285107,0.0,0.927136,0.882273,0.0,0
0.003660637,5.666667,12.789927,3.753947,11.14759,1.368466,0.050275,0.003669,1.344048,0.260941,1.286359,0.0,0.926996,0.881695,0.0,0
0.00371447,5.75,12.801504,3.753401,11.158266,1.369663,0.050335,0.003711,1.345176,0.261419,1.287611,0.0,0.926855,0.881116,0.0,0
0.003768303,5.833333,12.813081,3.752848,11.168944,1.370859,0.050394,0.003753,1.346302,0.261898,1.288863,0.0,0.926713,0.880533,0.0,0
0.003822136,5.916667,12.824655,3.752286,11.179623,1.372054,0.050454,0.003795,1.347427,0.262377,1.290115,0.0,0.926569,0.879949,0.0,0
0.003875969,6.0,12.836228,3.751717,11.190304,1.373248,0.050514,0.003837,1.348552,0.262856,1.291367,0.0,0.926424,0.879363,0.0,0
0.003929802,6.083333,12.847799,3.751139,11.200987,1.37444,0.050574,0.00388,1.349675,0.263335,1.29262,0.0,0.926277,0.878777,0.0,0
0.003983635,6.166667,12.859368,3.750554,11.211672,1.375632,0.050634,0.003922,1.350797,0.263814,1.293873,0.0,0.926129,0.87819,0.0,0
0.004037468,6.25,12.870935,3.74996,11.222358,1.376823,0.050694,0.003965,1.351918,0.264294,1.295126,0.0,0.92598,0.877604,0.0,0
0.004091301,6.333333,12.8825,3.749359,11.233046,1.378012,0.050754,0.004008,1.353037,0.264774,1.296379,0.0,0.925829,0.877018,0.0,0
0.004145134,6.416667,12.894064,3.74875,11.243735,1.379201,0.050813,0.00405,1.354156,0.265254,1.297632,0.0,0.925677,0.876434,0.0,0
0.004198966,6.5,12.905626,3.748133,11.254427,1.380389,0.050873,0.004093,1.355273,0.265734,1.298886,0.0,0.925524,0.875851,0.0,0
0.004252799,6.583333,12.917185,3.747508,11.265119,1.381575,0.050933,0.004136,1.356389,0.266215,1.300139,0.0,0.925369,0.87527,0.0,0
0.004306632,6.666667,12.928743,3.746875,11.275814,1.382761,0.050993,0.004179,1.357505,0.266695,1.301393,0.0,0.925213,0.874692,0.0,0
0.004360465,6.75,12.940299,3.746234,11.286509,1.383945,0.051052,0.004222,1.358618,0.267176,1.302648,0.0,0.925056,0.874117,0.0,0
0.004414298,6.833333,12.951853,3.745585,11.297207,1.385129,0.051112,0.004265,1.359731,0.267657,1.303902,0.0,0.924897,0.873545,0.0,0
0.004468131,6.916667,12.963405,3.744928,11.307906,1.386311,0.051172,0.004308,1.360843,0.268138,1.305156,0.0,0.924737,0.872978,0.0,0
0.004521964,7.0,12.974955,3.744263,11.318606,1.387492,0.051231,0.004351,1.361953,0.26862,1.306411,0.0,0.924576,0.872414,0.0,0
0.004575797,7.083333,12.986503,3.743591,11.329307,1.388673,0.051291,0.004394,1.363063,0.269102,1.307666,0.0,0.924414,0.871858,0.0,0
0.00462963,7.166667,12.998048,3.74291,11.340011,1.389852,0.05135,0.004437,1.364171,0.269583,1.308921,0.0,0.92425,0.871303,0.0,0
0.004683463,7.25,13.009592,3.742222,11.350715,1.391031,0.05141,0.00448,1.365278,0.270066,1.310176,0.0,0.924086,0.87076,0.0,0
0.004737295,7.333333,13.021133,3.741525,11.361421,1.392208,0.051469,0.004523,1.366385,0.270548,1.311431,0.0,0.92392,0.870218,0.0,0
0.004791128,7.416667,13.032672,3.740821,11.372128,1.393384,0.051529,0.004566,1.36749,0.27103,1.312687,0.0,0.923753,0.869687,0.0,0
0.004844961,7.5,13.04421,3.740109,11.382837,1.39456,0.051588,0.00461,1.368594,0.271513,1.313942,0.0,0.923584,0.869161,0.0,0
0.004898794,7.583333,13.055744,3.739389,11.393547,1.395734,0.051648,0.004653,1.369696,0.271996,1.315198,0.0,0.923415,0.868645,0.0,0
0.004952627,7.666667,13.067277,3.738661,11.404258,1.396908,0.051707,0.004697,1.370798,0.272479,1.316454,0.0,0.923245,0.868136,0.0,0
0.00500646,7.75,13.078807,3.737925,11.41497,1.398081,0.051767,0.004742,1.371899,0.272962,1.31771,0.0,0.923073,0.867636,0.0,0
0.005060293,7.833333,13.090336,3.737181,11.425684,1.399253,0.051826,0.004786,1.372999,0.273446,1.318966,0.0,0.922901,0.867146,0.0,0
0.005114126,7.916667,13.101861,3.736429,11.436399,1.400423,0.051885,0.004831,1.374098,0.27393,1.320222,0.0,0.922728,0.866665,0.0,0
0.005167959,8.0,13.113385,3.73567,11.447115,1.401594,0.051945,0.004876,1.375196,0.274414,1.321479,0.0,0.922553,0.866197,0.0,0
0.005221792,8.083333,13.124906,3.734902,11.457832,1.402763,0.052004,0.004921,1.376293,0.274898,1.322736,0.0,0.922378,0.865735,0.0,0
0.005275624,8.166667,13.136425,3.734127,11.468551,1.403931,0.052063,0.004967,1.377389,0.275383,1.323992,0.0,0.922202,0.865291,0.0,0
0.005329457,8.25,13.147941,3.733343,11.47927,1.405099,0.052123,0.005012,1.378484,0.275867,1.325249,0.0,0.922025,0.86485,0.0,0
0.00538329,8.333333,13.159455,3.732552,11.489991,1.406266,0.052182,0.005058,1.379578,0.276352,1.326506,0.0,0.921848,0.864432,0.0,0
0.005437123,8.416667,13.170966,3.731753,11.500712,1.407432,0.052241,0.005104,1.380672,0.276837,1.327763,0.0,0.921669,0.864016,0.0,0
0.005490956,8.5,13.182475,3.730946,11.511435,1.408597,0.0523,0.00515,1.381764,0.277323,1.329021,0.0,0.92149,0.863624,0.0,0
0.005544789,8.583333,13.193982,3.730131,11.522159,1.409762,0.05236,0.005196,1.382856,0.277809,1.330278,0.0,0.92131,0.863237,0.0,0
0.005598622,8.666667,13.205486,3.729308,11.532884,1.410926,0.052419,0.005243,1.383947,0.278295,1.331536,0.0,0.92113,0.862869,0.0,0
0.005652455,8.75,13.216987,3.728477,11.543609,1.41209,0.052478,0.005289,1.385037,0.278781,1.332793,0.0,0.920949,0.862504,0.0,0
0.005706288,8.833333,13.228486,3.727639,11.554336,1.413252,0.052537,0.005336,1.386127,0.279267,1.334051,0.0,0.920768,0.862144,0.0,0
0.005760121,8.916667,13.239982,3.726792,11.565064,1.414415,0.052596,0.005383,1.387216,0.279754,1.335309,0.0,0.920586,0.861785,0.0,0
0.005813953,9.0,13.251476,3.725938,11.575792,1.415576,0.052655,0.00543,1.388304,0.280241,1.336567,0.0,0.920403,0.861428,0.0,0
0.005867786,9.083333,13.262967,3.725076,11.586522,1.416737,0.052714,0.005477,1.389391,0.280728,1.337825,0.0,0.92022,0.861073,0.0,0
0.005921619,9.166667,13.274455,3.724205,11.597252,1.417897,0.052773,0.005525,1.390477,0.281216,1.339083,0.0,0.920036,0.860719,0.0,0
0.005975452,9.25,13.285941,3.723327,11.607984,1.419057,0.052833,0.005572,1.391563,0.281704,1.340341,0.0,0.919852,0.860367,0.0,0
0.006029285,9.333333,13.297423,3.722442,11.618716,1.420216,0.052892,0.00562,1.392648,0.282192,1.3416,0.0,0.919667,0.860016,0.0,0
0.006083118,9.416667,13.308904,3.721548,11.629448,1.421374,0.05295,0.005668,1.393732,0.28268,1.342858,0.0,0.919482,0.859668,0.0,0
0.006136951,9.5,13.320381,3.720646,11.640182,1.422532,0.053009,0.005715,1.394816,0.283169,1.344117,0.0,0.919297,0.85932,0.0,0
0.006190784,9.583333,13.331855,3.719737,11.650917,1.423689,0.053068,0.005763,1.395899,0.283657,1.345375,0.0,0.91911,0.858976,0.0,0
0.006244617,9.666667,13.343327,3.718819,11.661652,1.424846,0.053127,0.005811,1.396981,0.284146,1.346634,0.0,0.918924,0.858632,0.0,0
0.00629845,9.75,13.354796,3.717894,11.672388,1.426002,0.053186,0.00586,1.398062,0.284636,1.347893,0.0,0.918736,0.858291,0.0,0
0.006352283,9.833333,13.366262,3.716961,11.683124,1.427157,0.053245,0.005908,1.399143,0.285125,1.349152,0.0,0.918549,0.857951,0.0,0
0.006406115,9.916667,13.377725,3.71602,11.693861,1.428312,0.053304,0.005956,1.400223,0.285615,1.350411,0.0,0.918361,0.857613,0.0,0
0.006459948,10.0,13.389185,3.715071,11.704599,1.429466,0.053363,0.006005,1.401302,0.286105,1.35167,0.0,0.918172,0.857277,0.0,0
0.006513781,10.083333,13.400643,3.714114,11.715338,1.430619,0.053422,0.006053,1.40238,0.286595,1.352929,0.0,0.917983,0.856943,0.0,0
0.006567614,10.166667,13.412097,3.71315,11.726077,1.431772,0.05348,0.006102,1.403458,0.287086,1.354188,0.0,0.917794,0.856611,0.0,0
0.006621447,10.25,13.423548,3.712178,11.736816,1.432924,0.053539,0.00615,1.404535,0.287577,1.355447,0.0,0.917604,0.85628,0.0,0
0.00667528,10.333333,13.434997,3.711197,11.747557,1.434076,0.053598,0.006199,1.405611,0.288068,1.356707,0.0,0.917413,0.855952,0.0,0
0.006729113,10.416667,13.446442,3.710209,11.758297,1.435227,0.053657,0.006248,1.406687,0.288559,1.357966,0.0,0.917223,0.855626,0.0,0
0.006782946,10.5,13.457884,3.709213,11.769039,1.436377,0.053715,0.006296,1.407762,0.289051,1.359225,0.0,0.917031,0.855302,0.0,0
0.006836779,10.583333,13.469323,3.708209,11.779781,1.437527,0.053774,0.006345,1.408836,0.289543,1.360485,0.0,0.91684,0.854979,0.0,0
0.006890612,10.666667,13.480759,3.707198,11.790523,1.438676,0.053833,0.006394,1.409909,0.290035,1.361745,0.0,0.916648,0.854659,0.0,0
0.006944444,10.75,13.492192,3.706178,11.801265,1.439825,0.053891,0.006443,1.410982,0.290527,1.363004,0.0,0.916455,0.854341,0.0,0
0.006998277,10.833333,13.503622,3.705151,11.812009,1.440973,0.05395,0.006491,1.412054,0.29102,1.364264,0.0,0.916263,0.854025,0.0,0
0.00705211,10.916667,13.515049,3.704116,11.822752,1.44212,0.054008,0.00654,1.413125,0.291512,1.365523,0.0,0.916069,0.853711,0.0,0
0.007105943,11.0,13.526472,3.703073,11.833496,1.443267,0.054067,0.006588,1.414196,0.292006,1.366783,0.0,0.915876,0.853399,0.0,0
0.007159776,11.083333,13.537892,3.702022,11.84424,1.444413,0.054125,0.006636,1.415265,0.292499,1.368043,0.0,0.915682,0.853089,0.0,0
0.007213609,11.166667,13.549309,3.700963,11.854985,1.445559,0.054184,0.006684,1.416334,0.292992,1.369303,0.0,0.915488,0.852782,0.0,0
0.007267442,11.25,13.560723,3.699897,11.86573,1.446704,0.054242,0.006732,1.417403,0.293486,1.370563,0.0,0.915293,0.852477,0.0,0
0.007321275,11.333333,13.572133,3.698823,11.876475,1.447848,0.054301,0.00678,1.418471,0.29398,1.371823,0.0,0.915098,0.852173,0.0,0
0.007375108,11.416667,13.58354,3.69774,11.88722,1.448992,0.054359,0.006828,1.419538,0.294474,1.373083,0.0,0.914903,0.851871,0.0,0
0.007428941,11.5,13.594943,3.69665,11.897966,1.450136,0.054418,0.006875,1.420604,0.294969,1.374343,0.0,0.914707,0.85157,0.0,0
0.007482773,11.583333,13.606344,3.695553,11.908712,1.451278,0.054476,0.006923,1.42167,0.295464,1.375603,0.0,0.914511,0.851268,0.0,0
0.007536606,11.666667,13.617741,3.694447,11.919458,1.45242,0.054534,0.00697,1.422735,0.295959,1.376863,0.0,0.914315,0.850966,0.0,0
0.007590439,11.75,13.629134,3.693334,11.930204,1.453562,0.054593,0.007018,1.423799,0.296454,1.378123,0.0,0.914119,0.850664,0.0,0
0.007644272,11.833333,13.640524,3.692212,11.94095,1.454703,0.054651,0.007065,1.424862,0.296949,1.379383,0.0,0.913922,0.850363,0.0,0
0.007698105,11.916667,13.651911,3.691083,11.951697,1.455843,0.054709,0.007113,1.425925,0.297445,1.380643,0.0,0.913724,0.850061,0.0,0
0.007751938,12.0,13.663294,3.689947,11.962443,1.456983,0.054767,0.007161,1.426987,0.297941,1.381903,0.0,0.913527,0.84976,0.0,0
0.007805771,12.083333,13.674673,3.688802,11.97319,1.458122,0.054825,0.007209,1.428049,0.298437,1.383163,0.0,0.913329,0.84946,0.0,0
0.007859604,12.166667,13.686049,3.687649,11.983937,1.45926,0.054884,0.007256,1.429109,0.298934,1.384423,0.0,0.913131,0.849161,0.0,0
0.007913437,12.25,13.697421,3.686489,11.994684,1.460398,0.054942,0.007304,1.430169,0.29943,1.385683,0.0,0.912932,0.848862,0.0,0
0.00796727,12.333333,13.70879,3.685321,12.00543,1.461536,0.055,0.007352,1.431229,0.299927,1.386943,0.0,0.912734,0.848565,0.0,0
0.008021102,12.416667,13.720155,3.684145,12.016177,1.462672,0.055058,0.0074,1.432287,0.300424,1.388203,0.0,0.912534,0.848269,0.0,0
0.008074935,12.5,13.731517,3.682962,12.026924,1.463809,0.055116,0.007448,1.433345,0.300921,1.389463,0.0,0.912335,0.847974,0.0,0
0.008128768,12.583333,13.742875,3.68177,12.037671,1.464944,0.055174,0.007496,1.434402,0.301419,1.390723,0.0,0.912135,0.84768,0.0,0
0.008182601,12.666667,13.754229,3.680571,12.048417,1.466079,0.055232,0.007545,1.435458,0.301917,1.391983,0.0,0.911935,0.847389,0.0,0
0.008236434,12.75,13.765579,3.679364,12.059164,1.467213,0.05529,0.007593,1.436514,0.302415,1.393243,0.0,0.911735,0.847099,0.0,0
0.008290267,12.833333,13.776926,3.678149,12.06991,1.468347,0.055348,0.007642,1.437569,0.302913,1.394503,0.0,0.911535,0.846813,0.0,0
0.0083441,12.916667,13.788269,3.676927,12.080656,1.46948,0.055406,0.00769,1.438623,0.303411,1.395764,0.0,0.911334,0.846528,0.0,0
0.008397933,13.0,13.799608,3.675696,12.091402,1.470613,0.055464,0.007739,1.439677,0.30391,1.397024,0.0,0.911133,0.846247,0.0,0
0.008451766,13.083333,13.810944,3.674458,12.102148,1.471745,0.055521,0.007788,1.44073,0.304409,1.398283,0.0,0.910931,0.845968,0.0,0
0.008505599,13.166667,13.822275,3.673212,12.112894,1.472876,0.055579,0.007837,1.441782,0.304908,1.399543,0.0,0.91073,0.845693,0.0,0
0.008559432,13.25,13.833603,3.671959,12.123639,1.474007,0.055637,0.007886,1.442834,0.305407,1.400803,0.0,0.910528,0.84542,0.0,0
0.008613264,13.333333,13.844927,3.670697,12.134384,1.475137,0.055695,0.007936,1.443884,0.305907,1.402063,0.0,0.910326,0.84515,0.0,0
0.008667097,13.416667,13.856247,3.669428,12.145129,1.475997,0.057707,0.007986,1.445141,0.304444,1.403323,0.000317,0.909973,0.844882,0.016537,1
0.00872093,13.5,13.867563,3.668151,12.155874,1.4773,0.057918,0.008036,1.446396,0.304837,1.404583,0.000634,0.90962,0.844617,0.036003,1
0.008774763,13.583333,13.878875,3.666866,12.166618,1.478601,0.058129,0.008087,1.44765,0.30523,1.405843,0.00095,0.909267,0.844354,0.055469,1
0.008828596,13.666667,13.890183,3.665574,12.177362,1.479902,0.058341,0.008137,1.448903,0.305623,1.407103,0.001265,0.908915,0.844093,0.074935,1
0.008882429,13.75,13.901487,3.664273,12.188105,1.4812,0.058553,0.008188,1.450154,0.306014,1.408362,0.001579,0.908564,0.843836,0.094401,1
0.008936262,13.833333,13.912787,3.662965,12.198848,1.482498,0.058766,0.008239,1.451404,0.306406,1.409622,0.001892,0.908213,0.843579,0.113867,1
0.008990095,13.916667,13.924083,3.66165,12.209591,1.483794,0.058979,0.00829,1.452653,0.306797,1.410881,0.002205,0.907862,0.843326,0.133333,1
0.009043928,14.0,13.935375,3.660326,12.220333,1.485089,0.059193,0.008342,1.453901,0.307187,1.412141,0.002516,0.907513,0.843074,0.152799,1
0.009097761,14.083333,13.946663,3.658995,12.231075,1.486382,0.059408,0.008393,1.455148,0.307577,1.413401,0.002827,0.907163,0.842826,0.172265,1
0.009151593,14.166667,13.957947,3.657656,12.241816,1.487675,0.059623,0.008445,1.456393,0.307966,1.41466,0.003136,0.906814,0.842578,0.191731,1
0.009205426,14.25,13.969226,3.656309,12.252557,1.488965,0.059839,0.008497,1.457637,0.308355,1.415919,0.003445,0.906466,0.842333,0.211197,1
0.009259259,14.333333,13.980502,3.654955,12.263297,1.490255,0.060055,0.008549,1.45888,0.308743,1.417179,0.003753,0.906118,0.84209,0.230663,1
0.009313092,14.416667,13.991773,3.653593,12.274037,1.491543,0.060272,0.008602,1.460121,0.309131,1.418438,0.00406,0.905771,0.841849,0.250129,1
0.009366925,14.5,14.00304,3.652223,12.284776,1.49283,0.06049,0.008655,1.461362,0.309519,1.419697,0.004366,0.905425,0.841609,0.269595,1
0.009420758,14.583333,14.014303,3.650845,12.295515,1.494115,0.060708,0.008708,1.462601,0.309905,1.420956,0.004672,0.905079,0.841371,0.289061,1
0.009474591,14.666667,14.025561,3.64946,12.306252,1.495399,0.060927,0.008761,1.463839,0.310292,1.422215,0.004976,0.904733,0.841135,0.308527,1
0.009528424,14.75,14.036816,3.648067,12.31699,1.496682,0.061146,0.008814,1.465075,0.310678,1.423474,0.005279,0.904389,0.8409,0.327993,1
0.009582257,14.833333,14.048066,3.646666,12.327726,1.497963,0.061366,0.008868,1.466311,0.311063,1.424733,0.005582,0.904044,0.840666,0.347459,1
0.00963609,14.916667,14.059311,3.645258,12.338462,1.499243,0.061587,0.008922,1.467545,0.311447,1.425992,0.005883,0.903701,0.840432,0.366925,1
0.009689922,15.0,14.070552,3.643841,12.349197,1.500521,0.061809,0.008975,1.468778,0.311831,1.427251,0.006184,0.903358,0.840195,0.386391,1
0.009743755,15.083333,14.081789,3.642417,12.359932,1.501799,0.062031,0.009029,1.470009,0.312215,1.428509,0.006484,0.903015,0.839958,0.405857,1
0.009797588,15.166667,14.093022,3.640986,12.370665,1.503074,0.062253,0.009083,1.47124,0.312598,1.429768,0.006783,0.902673,0.839718,0.425323,1
0.009851421,15.25,14.10425,3.639546,12.381398,1.504349,0.062477,0.009138,1.472469,0.31298,1.431026,0.007081,0.902332,0.839478,0.444789,1
0.009905254,15.333333,14.115473,3.638099,12.39213,1.505622,0.062701,0.009192,1.473697,0.313361,1.432285,0.007378,0.901991,0.839234,0.464255,1
0.009959087,15.416667,14.126692,3.636645,12.402861,1.506894,0.062926,0.009246,1.474924,0.313742,1.433543,0.007675,0.901651,0.838989,0.483721,1
0.01001292,15.5,14.137907,3.635182,12.413592,1.508164,0.063152,0.0093,1.476149,0.314122,1.434801,0.00797,0.901311,0.83874,0.503187,1
0.010066753,15.583333,14.149117,3.633712,12.424321,1.509433,0.063378,0.009354,1.477373,0.314501,1.436059,0.008265,0.900972,0.83849,0.522653,1
0.010120586,15.666667,14.160323,3.632234,12.43505,1.5107,0.063606,0.009409,1.478596,0.31488,1.437317,0.008559,0.900633,0.838238,0.542119,1
0.010174419,15.75,14.171524,3.630749,12.445778,1.511966,0.063834,0.009463,1.479818,0.315258,1.438575,0.008852,0.900295,0.837982,0.561585,1
0.010228252,15.833333,14.18272,3.629256,12.456504,1.513231,0.064062,0.009517,1.481039,0.315635,1.439833,0.009144,0.899957,0.837724,0.581051,1
0.010282084,15.916667,14.193912,3.627755,12.46723,1.514494,0.064292,0.009571,1.482258,0.316012,1.44109,0.009436,0.89962,0.837462,0.600517,1
0.010335917,16.0,14.205099,3.626246,12.477955,1.515756,0.064522,0.009625,1.483476,0.316387,1.442348,0.009727,0.899283,0.837199,0.619983,1
0.01038975,16.083333,14.216281,3.62473,12.488679,1.517016,0.064753,0.009678,1.484693,0.316762,1.443605,0.010017,0.898946,0.83693,0.639449,1
0.010443583,16.166667,14.227459,3.623206,12.499401,1.518275,0.064985,0.009732,1.485908,0.317137,1.444863,0.010306,0.89861,0.836661,0.658915,1
0.010497416,16.25,14.238632,3.621675,12.510123,1.519533,0.065218,0.009785,1.487123,0.31751,1.44612,0.010595,0.898274,0.836385,0.678381,1
0.010551249,16.333333,14.2498,3.620136,12.520844,1.520789,0.065452,0.009839,1.488336,0.317883,1.447377,0.010883,0.897938,0.836108,0.697848,1
0.010605082,16.416667,14.260964,3.618589,12.531563,1.522044,0.065686,0.009892,1.489548,0.318254,1.448634,0.01117,0.897603,0.835825,0.717314,1
0.010658915,16.5,14.272123,3.617034,12.542281,1.523297,0.065922,0.009945,1.490758,0.318625,1.44989,0.011457,0.897268,0.83554,0.73678,1
0.010712748,16.583333,14.283277,3.615472,12.552999,1.524549,0.066158,0.009997,1.491968,0.318996,1.451147,0.011743,0.896933,0.835249,0.756246,1
0.010766581,16.666667,14.294426,3.613903,12.563715,1.525799,0.066395,0.01005,1.493176,0.319365,1.452404,0.012029,0.896598,0.834956,0.775712,1
0.010820413,16.75,14.30557,3.612325,12.57443,1.527048,0.066633,0.010102,1.494383,0.319733,1.45366,0.012314,0.896264,0.834657,0.795178,1
0.010874246,16.833333,14.31671,3.61074,12.585143,1.528296,0.066872,0.010154,1.495588,0.320101,1.454916,0.012598,0.89593,0.834349,0.814644,1
0.010928079,16.916667,14.327844,3.609147,12.595856,1.529542,0.067112,0.010206,1.496793,0.320467,1.456172,0.012882,0.895595,0.83403,0.83411,1
0.010981912,17.0,14.338974,3.607547,12.606567,1.530786,0.067354,0.010257,1.497996,0.320832,1.457428,0.013165,0.895261,0.833692,0.853576,1
0.011035745,17.083333,14.350098,3.605939,12.617277,1.532029,0.067597,0.010308,1.499198,0.321195,1.458684,0.013448,0.894927,0.833341,0.873042,1
0.011089578,17.166667,14.361218,3.604323,12.627985,1.53327,0.067841,0.010359,1.500398,0.321557,1.459939,0.013731,0.894593,0.832969,0.892508,1
0.011143411,17.25,14.372333,3.6027,12.638692,1.534509,0.068087,0.01041,1.501598,0.321918,1.461195,0.014014,0.894259,0.832589,0.911974,1
0.011197244,17.333333,14.383442,3.601069,12.649398,1.535747,0.068334,0.01046,1.502796,0.322277,1.46245,0.014296,0.893924,0.832184,0.93144,1
0.011251077,17.416667,14.394547,3.599431,12.660103,1.536984,0.068583,0.01051,1.503993,0.322635,1.463705,0.014578,0.893589,0.831776,0.950906,1
0.01130491,17.5,14.405646,3.597785,12.670806,1.538218,0.068833,0.010559,1.505188,0.322991,1.46496,0.01486,0.893253,0.831341,0.970372,1
0.011358742,17.583333,14.416741,3.596131,12.681508,1.539452,0.069085,0.010609,1.506383,0.323346,1.466215,0.015142,0.892917,0.830904,0.989838,1
0.011412575,17.666667,14.42783,3.59447,12.692208,1.540683,0.069338,0.010658,1.507576,0.323699,1.46747,0.015424,0.89258,0.830444,1.009304,1
0.011466408,17.75,14.438914,3.592801,12.702907,1.541913,0.069592,0.010707,1.508767,0.324051,1.468724,0.015707,0.892242,0.829979,1.02877,1
0.011520241,17.833333,14.449993,3.591124,12.713604,1.543141,0.069848,0.010757,1.509958,0.324401,1.469978,0.015989,0.891904,0.829497,1.048236,1
0.011574074,17.916667,14.461067,3.58944,12.7243,1.544368,0.070106,0.010806,1.511147,0.32475,1.471233,0.016272,0.891565,0.829007,1.067702,1
0.011627907,18.0,14.472136,3.587749,12.734994,1.545593,0.070365,0.010855,1.512335,0.325097,1.472486,0.016555,0.891225,0.828503,1.087168,1
0.01168174,18.083333,14.483199,3.586049,12.745687,1.546816,0.070625,0.010903,1.513522,0.325443,1.47374,0.016838,0.890884,0.82799,1.106634,1
0.011735573,18.166667,14.494258,3.584342,12.756378,1.548038,0.070887,0.010952,1.514707,0.325788,1.474994,0.017121,0.890543,0.827467,1.1261,1
0.011789406,18.25,14.50531,3.582628,12.767067,1.549258,0.07115,0.011001,1.515892,0.326131,1.476247,0.017405,0.8902,0.826932,1.145566,1
0.011843239,18.333333,14.516358,3.580906,12.777755,1.550476,0.071415,0.011049,1.517075,0.326472,1.4775,0.01769,0.889856,0.826391,1.165032,1
0.011897071,18.416667,14.5274,3.579176,12.788441,1.551693,0.071681,0.011097,1.518256,0.326812,1.478753,0.017974,0.889511,0.825836,1.184498,1
0.011950904,18.5,14.538437,3.577439,12.799126,1.552907,0.071949,0.011145,1.519436,0.32715,1.480006,0.01826,0.889165,0.825278,1.203964,1
0.012004737,18.583333,14.549469,3.575694,12.809809,1.554121,0.072218,0.011192,1.520615,0.327487,1.481259,0.018545,0.888818,0.824705,1.22343,1
0.01205857,18.666667,14.560495,3.573942,12.82049,1.555332,0.072489,0.011239,1.521793,0.327822,1.482511,0.018832,0.888469,0.824131,1.242896,1
0.012112403,18.75,14.571516,3.572182,12.83117,1.556542,0.072761,0.011286,1.522969,0.328155,1.483763,0.019118,0.88812,0.823542,1.262362,1
0.012166236,18.833333,14.582531,3.570415,12.841847,1.55775,0.073035,0.011332,1.524144,0.328487,1.485015,0.019406,0.887768,0.822951,1.281828,1
0.012220069,18.916667,14.593541,3.56864,12.852523,1.558957,0.07331,0.011378,1.525318,0.328818,1.486267,0.019694,0.887416,0.82235,1.301294,1
0.012273902,19.0,14.604545,3.566857,12.863197,1.560161,0.073587,0.011424,1.526491,0.329147,1.487519,0.019983,0.887062,0.821744,1.32076,1
0.012327735,19.083333,14.615544,3.565067,12.87387,1.561364,0.073866,0.011469,1.527662,0.329474,1.48877,0.020272,0.886707,0.82113,1.340226,1
0.012381568,19.166667,14.626537,3.56327,12.88454,1.562566,0.074145,0.011514,1.528831,0.329799,1.490021,0.020562,0.886351,0.820512,1.359692,1
0.012435401,19.25,14.637525,3.561465,12.895209,1.563765,0.074427,0.011558,1.53,0.330123,1.491272,0.020853,0.885993,0.819887,1.379158,1
0.012489233,19.333333,14.648507,3.559652,12.905875,1.564963,0.07471,0.011601,1.531167,0.330446,1.492523,0.021144,0.885633,0.819257,1.398624,1
0.012543066,19.416667,14.659484,3.557832,12.91654,1.566159,0.074994,0.011644,1.532332,0.330767,1.493773,0.021437,0.885272,0.818623,1.418091,1
0.012596899,19.5,14.670455,3.556004,12.927203,1.567353,0.07528,0.011687,1.533497,0.331086,1.495024,0.02173,0.88491,0.817983,1.437557,1
0.012650732,19.583333,14.68142,3.554169,12.937864,1.568545,0.075568,0.011729,1.53466,0.331403,1.496274,0.022024,0.884546,0.81734,1.457023,1
0.012704565,19.666667,14.69238,3.552326,12.948523,1.569736,0.075857,0.01177,1.535821,0.331719,1.497523,0.022318,0.884181,0.816692,1.476489,1
0.012758398,19.75,14.703334,3.550476,12.959179,1.570925,0.076147,0.01181,1.536982,0.332034,1.498773,0.022614,0.883814,0.816043,1.495955,1
0.012812231,19.833333,14.714282,3.548618,12.969834,1.572112,0.076439,0.01185,1.538141,0.332347,1.500022,0.02291,0.883445,0.815388,1.515421,1
0.012866064,19.916667,14.725224,3.546752,12.980487,1.573297,0.076733,0.011889,1.539298,0.332658,1.501271,0.023207,0.883075,0.814732,1.534887,1
0.012919897,20.0,14.736161,3.54488,12.991138,1.574481,0.077028,0.011926,1.540454,0.332967,1.50252,0.023505,0.882704,0.814072,1.554353,1
0.01297373,20.083333,14.747092,3.542999,13.001786,1.575663,0.077324,0.011964,1.541609,0.333275,1.503769,0.023803,0.88233,0.813412,1.573819,1
0.013027562,20.166667,14.758017,3.541112,13.012433,1.576843,0.077622,0.012,1.542762,0.333582,1.505017,0.024103,0.881956,0.812748,1.593285,1
0.013081395,20.25,14.768936,3.539216,13.023077,1.578021,0.077922,0.012035,1.543914,0.333886,1.506265,0.024403,0.881579,0.812084,1.612751,1
0.013135228,20.333333,14.77985,3.537313,13.033719,1.579197,0.078223,0.01207,1.545065,0.33419,1.507513,0.024704,0.881202,0.811419,1.632217,1
0.013189061,20.416667,14.790757,3.535403,13.044359,1.580372,0.078525,0.012103,1.546214,0.334491,1.50876,0.025006,0.880822,0.810753,1.651683,1
0.013242894,20.5,14.801659,3.533485,13.054997,1.581544,0.078829,0.012136,1.547362,0.334791,1.510008,0.025309,0.880441,0.810087,1.671149,1
0.013296727,20.583333,14.812555,3.53156,13.065633,1.582715,0.079134,0.012168,1.548508,0.33509,1.511255,0.025612,0.880059,0.809421,1.690615,1
0.01335056,20.666667,14.823445,3.529628,13.076266,1.583884,0.079441,0.012198,1.549653,0.335387,1.512502,0.025917,0.879675,0.808755,1.710081,1
0.013404393,20.75,14.834328,3.527687,13.086897,1.585051,0.079749,0.012228,1.550796,0.335682,1.513748,0.026222,0.879289,0.80809,1.729547,1
0.013458226,20.833333,14.845206,3.52574,13.097526,1.586217,0.080058,0.012257,1.551938,0.335976,1.514994,0.026528,0.878902,0.807426,1.749013,1
0.013512059,20.916667,14.856078,3.523785,13.108152,1.58738,0.08037,0.012285,1.553079,0.336267,1.51624,0.026834,0.878513,0.806749,1.768479,1
0.013565891,21.0,14.866944,3.521822,13.118776,1.588541,0.080683,0.012311,1.554218,0.336557,1.517486,0.027142,0.878123,0.806068,1.787945,1
0.013619724,21.083333,14.877803,3.519852,13.129398,1.5897,0.081,0.012338,1.555356,0.336843,1.518731,0.02745,0.877731,0.805338,1.807411,1
0.013673557,21.166667,14.888657,3.517875,13.140017,1.590857,0.081319,0.012363,1.556492,0.337127,1.519977,0.02776,0.877338,0.804601,1.826877,1
0.01372739,21.25,14.899504,3.51589,13.150634,1.592012,0.081641,0.012388,1.557626,0.337407,1.521221,0.028071,0.876942,0.803811,1.846343,1
0.013781223,21.333333,14.910346,3.513898,13.161249,1.593164,0.081966,0.012412,1.55876,0.337685,1.522466,0.028383,0.876544,0.803016,1.865809,1
0.013835056,21.416667,14.921181,3.511898,13.171861,1.594314,0.082294,0.012436,1.559892,0.337958,1.52371,0.028696,0.876144,0.802179,1.885275,1
0.013888889,21.5,14.93201,3.509891,13.18247,1.595462,0.082624,0.012458,1.561022,0.33823,1.524954,0.029011,0.875741,0.801332,1.904741,1
0.013942722,21.583333,14.942833,3.507876,13.193077,1.596608,0.082958,0.01248,1.562151,0.338498,1.526198,0.029328,0.875336,0.800452,1.924207,1
0.013996555,21.666667,14.953649,3.505854,13.203682,1.597751,0.083294,0.012501,1.563278,0.338763,1.527441,0.029646,0.874929,0.799559,1.943673,1
0.014050388,21.75,14.96446,3.503825,13.214284,1.598892,0.083632,0.012522,1.564404,0.339025,1.528685,0.029966,0.874518,0.798643,1.963139,1
0.01410422,21.833333,14.975264,3.501788,13.224883,1.600031,0.083974,0.012541,1.565528,0.339285,1.529927,0.030287,0.874105,0.797713,1.982605,1
0.014158053,21.916667,14.986061,3.499743,13.23548,1.601167,0.084318,0.01256,1.566651,0.339541,1.53117,0.030611,0.873689,0.796768,2.002071,1
0.014211886,22.0,14.996853,3.497692,13.246074,1.602301,0.084665,0.012577,1.567772,0.339794,1.532412,0.030936,0.87327,0.795808,2.021537,1
0.014265719,22.083333,15.007638,3.495633,13.256665,1.603433,0.085014,0.012594,1.568892,0.340045,1.533654,0.031264,0.872849,0.794838,2.041003,1
0.014319552,22.166667,15.018417,3.493566,13.267254,1.604563,0.085367,0.01261,1.57001,0.340293,1.534896,0.031593,0.872424,0.793855,2.060469,1
0.014373385,22.25,15.029189,3.491492,13.27784,1.60569,0.085721,0.012625,1.571127,0.340538,1.536137,0.031925,0.871996,0.792865,2.079935,1
0.014427218,22.333333,15.039955,3.489411,13.288424,1.606815,0.086078,0.012639,1.572242,0.34078,1.537378,0.032258,0.871565,0.791863,2.099401,1
0.014481051,22.416667,15.050714,3.487323,13.299005,1.607938,0.086438,0.012652,1.573355,0.34102,1.538618,0.032594,0.871131,0.790858,2.118867,1
0.014534884,22.5,15.061467,3.485227,13.309583,1.609058,0.0868,0.012664,1.574467,0.341257,1.539859,0.032932,0.870694,0.789844,2.138333,1
0.014588717,22.583333,15.072214,3.483123,13.320158,1.610176,0.087164,0.012675,1.575578,0.341491,1.541099,0.033271,0.870254,0.788829,2.1578,1
0.01464255,22.666667,15.082954,3.481013,13.33073,1.611292,0.087531,0.012685,1.576686,0.341723,1.542338,0.033613,0.86981,0.787809,2.177266,1
0.014696382,22.75,15.093688,3.478894,13.3413,1.612405,0.0879,0.012694,1.577793,0.341952,1.543578,0.033957,0.869364,0.786789,2.196732,1
0.014750215,22.833333,15.104415,3.476769,13.351867,1.613516,0.088271,0.012702,1.578899,0.342178,1.544817,0.034303,0.868914,0.785768,2.216198,1
0.014804048,22.916667,15.115135,3.474636,13.362431,1.614625,0.088644,0.012709,1.580003,0.342402,1.546055,0.034651,0.868461,0.784748,2.235664,1
0.014857881,23.0,15.125849,3.472496,13.372992,1.615732,0.08902,0.012715,1.581105,0.342624,1.547294,0.035001,0.868006,0.783731,2.25513,1
0.014911714,23.083333,15.136556,3.470349,13.38355,1.616836,0.089398,0.012719,1.582206,0.342843,1.548532,0.035354,0.867547,0.782717,2.274596,1
0.014965547,23.166667,15.147257,3.468194,13.394105,1.617938,0.089777,0.012723,1.583305,0.34306,1.549769,0.035708,0.867085,0.781708,2.294062,1
0.01501938,23.25,15.157951,3.466032,13.404658,1.619038,0.090159,0.012725,1.584402,0.343275,1.551006,0.036064,0.86662,0.780706,2.313528,1
0.015073213,23.333333,15.168638,3.463862,13.415207,1.620136,0.090542,0.012726,1.585497,0.343488,1.552243,0.036422,0.866153,0.779712,2.332994,1
0.015127046,23.416667,15.179319,3.461685,13.425753,1.621231,0.090927,0.012726,1.586591,0.343698,1.55348,0.036782,0.865682,0.778727,2.35246,1
0.015180879,23.5,15.189993,3.459501,13.436297,1.622324,0.091314,0.012725,1.587684,0.343907,1.554716,0.037143,0.865209,0.777751,2.371926,1
0.015234711,23.583333,15.20066,3.45731,13.446837,1.623415,0.091703,0.012724,1.588774,0.344114,1.555952,0.037507,0.864733,0.77679,2.391392,1
0.015288544,23.666667,15.21132,3.455111,13.457374,1.624504,0.092093,0.012721,1.589863,0.344319,1.557188,0.037872,0.864255,0.775836,2.410858,1
0.015342377,23.75,15.221974,3.452905,13.467908,1.62559,0.092484,0.012719,1.59095,0.344522,1.558423,0.038238,0.863774,0.774904,2.430324,1
0.01539621,23.833333,15.23262,3.450691,13.478439,1.626675,0.092877,0.012718,1.592036,0.344723,1.559658,0.038607,0.86329,0.773978,2.44979,1
0.015450043,23.916667,15.24326,3.448471,13.488967,1.627757,0.093271,0.012717,1.593119,0.344923,1.560892,0.038976,0.862805,0.77308,2.469256,1
0.015503876,24.0,15.253893,3.446243,13.499492,1.628837,0.093667,0.012716,1.594201,0.345121,1.562126,0.039347,0.862317,0.772187,2.488722,1
0.015557709,24.083333,15.264519,3.444007,13.510013,1.629915,0.094063,0.012715,1.595281,0.345319,1.56336,0.039719,0.861827,0.771329,2.508188,1
0.015611542,24.166667,15.275139,3.441765,13.520532,1.630991,0.09446,0.012714,1.59636,0.345514,1.564593,0.040093,0.861335,0.770476,2.527654,1
0.015665375,24.25,15.285751,3.439515,13.531047,1.632065,0.094858,0.012714,1.597437,0.345709,1.565826,0.040467,0.860841,0.769661,2.54712,1
0.015719208,24.333333,15.296356,3.437258,13.541559,1.633136,0.095257,0.012712,1.598512,0.345903,1.567059,0.040843,0.860345,0.768854,2.566586,1
0.01577304,24.416667,15.306955,3.434993,13.552068,1.634206,0.095656,0.012711,1.599585,0.346096,1.568291,0.041219,0.859848,0.768086,2.586052,1
0.015826873,24.5,15.317546,3.432722,13.562573,1.635274,0.096057,0.012709,1.600656,0.346288,1.569522,0.041596,0.85935,0.767331,2.605518,1
0.015880706,24.583333,15.32813,3.430443,13.573075,1.636339,0.096457,0.012707,1.601726,0.346479,1.570754,0.041973,0.85885,0.766614,2.624984,1
0.015934539,24.666667,15.338708,3.428157,13.583574,1.637403,0.096857,0.012705,1.602794,0.34667,1.571985,0.042351,0.858349,0.765917,2.64445,1
0.015988372,24.75,15.349278,3.425863,13.594069,1.638465,0.097258,0.012702,1.60386,0.34686,1.573216,0.042729,0.857847,0.765256,2.663916,1
0.016042205,24.833333,15.359841,3.423562,13.604561,1.639525,0.097659,0.012698,1.604924,0.34705,1.574446,0.043108,0.857344,0.764621,2.683382,1
0.016096038,24.916667,15.370397,3.421254,13.61505,1.640583,0.098059,0.012694,1.605987,0.34724,1.575676,0.043486,0.856841,0.764021,2.702848,1
0.016149871,25.0,15.380946,3.418939,13.625535,1.64164,0.098459,0.012689,1.607047,0.34743,1.576905,0.043865,0.856337,0.763451,2.722314,1
0.016203704,25.083333,15.391488,3.416617,13.636017,1.642694,0.09886,0.012683,1.608106,0.34762,1.578134,0.044243,0.855833,0.762908,2.74178,1
0.016257537,25.166667,15.402022,3.414287,13.646495,1.643747,0.09926,0.012675,1.609164,0.347809,1.579363,0.044621,0.855328,0.762387,2.761246,1
0.01631137,25.25,15.41255,3.41195,13.65697,1.644797,0.099661,0.012666,1.610219,0.347997,1.580591,0.044998,0.854824,0.761879,2.780712,1
0.016365202,25.333333,15.42307,3.409606,13.667441,1.645846,0.100062,0.012656,1.611273,0.348185,1.581819,0.045375,0.85432,0.761397,2.800178,1
0.016419035,25.416667,15.433583,3.407255,13.677909,1.646893,0.100464,0.012645,1.612324,0.348372,1.583046,0.045751,0.853816,0.760924,2.819644,1
0.016472868,25.5,15.444089,3.404897,13.688373,1.647937,0.100865,0.012631,1.613374,0.348559,1.584273,0.046126,0.853312,0.760476,2.83911,1
0.016526701,25.583333,15.454587,3.402531,13.698834,1.64898,0.101268,0.012616,1.614423,0.348745,1.585499,0.046501,0.852808,0.760035,2.858576,1
0.016580534,25.666667,15.465078,3.400158,13.709291,1.650021,0.10167,0.012599,1.615469,0.34893,1.586726,0.046875,0.852305,0.759617,2.878043,1
0.016634367,25.75,15.475562,3.397778,13.719744,1.651059,0.102073,0.01258,1.616514,0.349115,1.587951,0.047248,0.851802,0.759203,2.897509,1
0.0166882,25.833333,15.486038,3.395391,13.730194,1.652096,0.102476,0.012558,1.617556,0.349299,1.589177,0.04762,0.8513,0.75881,2.916975,1
0.016742033,25.916667,15.496508,3.392996,13.74064,1.653131,0.102879,0.012534,1.618598,0.349482,1.590401,0.047991,0.850799,0.758419,2.936441,1
0.016795866,26.0,15.506969,3.390595,13.751083,1.654163,0.103283,0.012508,1.619637,0.349664,1.591626,0.048362,0.850298,0.758045,2.955907,1
0.016849699,26.083333,15.517423,3.388186,13.761522,1.655194,0.103688,0.012479,1.620674,0.349845,1.59285,0.048731,0.849798,0.757673,2.975373,1
0.016903531,26.166667,15.52787,3.38577,13.771957,1.656222,0.104093,0.012447,1.62171,0.350026,1.594073,0.049099,0.849298,0.757313,2.994839,1
0.016957364,26.25,15.53831,3.383347,13.782388,1.657249,0.104499,0.012413,1.622744,0.350206,1.595296,0.049466,0.848799,0.756955,3.014305,1
0.017011197,26.333333,15.548741,3.380916,13.792816,1.658273,0.104905,0.012375,1.623776,0.350384,1.596519,0.049831,0.848301,0.756605,3.033771,1
0.01706503,26.416667,15.559166,3.378479,13.803239,1.659296,0.105312,0.012334,1.624806,0.350562,1.597741,0.050196,0.847804,0.756256,3.053237,1
0.017118863,26.5,15.569583,3.376034,13.813659,1.660316,0.10572,0.01229,1.625835,0.350738,1.598963,0.05056,0.847308,0.755911,3.072703,1
0.017172696,26.583333,15.579992,3.373583,13.824075,1.661334,0.106129,0.012243,1.626861,0.350913,1.600184,0.050922,0.846813,0.755567,3.092169,1
0.017226529,26.666667,15.590393,3.371124,13.834488,1.66235,0.106538,0.012192,1.627886,0.351087,1.601405,0.051283,0.846318,0.755223,3.111635,1
0.017280362,26.75,15.600788,3.368658,13.844896,1.663364,0.106949,0.012137,1.628909,0.351259,1.602626,0.051643,0.845824,0.754878,3.131101,1
0.017334195,26.833333,15.611174,3.366185,13.8553,1.664375,0.10736,0.012079,1.629931,0.351431,1.603846,0.052002,0.845331,0.754531,3.150567,1
0.017388028,26.916667,15.621553,3.363704,13.865701,1.665385,0.107773,0.012016,1.63095,0.3516,1.605065,0.05236,0.844839,0.75418,3.170033,1
0.01744186,27.0,15.631924,3.361217,13.876098,1.666392,0.108187,0.011951,1.631968,0.351768,1.606284,0.052716,0.844347,0.753825,3.189499,1
0.017495693,27.083333,15.642287,3.358723,13.88649,1.667397,0.108602,0.011879,1.632984,0.351935,1.607503,0.053072,0.843856,0.753464,3.208965,1
0.017549526,27.166667,15.652643,3.356221,13.896879,1.6684,0.109018,0.011805,1.633998,0.3521,1.608721,0.053427,0.843366,0.753098,3.228431,1
0.017603359,27.25,15.662991,3.353712,13.907263,1.6694,0.109436,0.011725,1.635011,0.352262,1.609938,0.05378,0.842877,0.752721,3.247897,1
0.017657192,27.333333,15.673332,3.351197,13.917644,1.670398,0.109855,0.011642,1.636021,0.352424,1.611156,0.054133,0.842388,0.752339,3.267363,1
0.017711025,27.416667,15.683664,3.348674,13.92802,1.671394,0.110276,0.011552,1.63703,0.352582,1.612372,0.054485,0.841899,0.751941,3.286829,1
0.017764858,27.5,15.693989,3.346144,13.938393,1.672387,0.110699,0.01146,1.638037,0.352739,1.613588,0.054835,0.841411,0.75154,3.306295,1
0.017818691,27.583333,15.704306,3.343607,13.948761,1.673378,0.111123,0.01136,1.639043,0.352894,1.614804,0.055186,0.840924,0.751117,3.325761,1
0.017872524,27.666667,15.714615,3.341063,13.959125,1.674367,0.111549,0.011258,1.640046,0.353047,1.616019,0.055535,0.840437,0.750691,3.345227,1
0.017926357,27.75,15.724916,3.338512,13.969486,1.675353,0.111978,0.011148,1.641048,0.353196,1.617234,0.055884,0.83995,0.750239,3.364693,1
0.017980189,27.833333,15.73521,3.335953,13.979841,1.676337,0.112408,0.011038,1.642048,0.353344,1.618448,0.056232,0.839463,0.749785,3.384159,1
0.018034022,27.916667,15.745495,3.333388,13.990193,1.677318,0.112841,0.010924,1.643046,0.353488,1.619662,0.056579,0.838977,0.749298,3.403625,1
0.018087855,28.0,15.755773,3.330816,14.000541,1.678296,0.113275,0.010808,1.644043,0.353631,1.620875,0.056927,0.83849,0.748809,3.423091,1
0.018141688,28.083333,15.766042,3.328236,14.010884,1.679272,0.113712,0.01069,1.645037,0.35377,1.622088,0.057273,0.838003,0.748285,3.442557,1
0.018195521,28.166667,15.776304,3.32565,14.021223,1.680246,0.114152,0.01057,1.64603,0.353906,1.623301,0.05762,0.837517,0.747756,3.462023,1
0.018249354,28.25,15.786557,3.323056,14.031558,1.681216,0.114595,0.010447,1.647021,0.354039,1.624512,0.057966,0.837029,0.747191,3.481489,1
0.018303187,28.333333,15.796803,3.320456,14.041888,1.682185,0.115039,0.010322,1.64801,0.354169,1.625724,0.058313,0.836542,0.746618,3.500955,1
0.01835702,28.416667,15.807041,3.317848,14.052214,1.68315,0.115488,0.010195,1.648998,0.354295,1.626934,0.058659,0.836053,0.746008,3.520421,1
0.018410853,28.5,15.81727,3.315234,14.062536,1.684112,0.115938,0.010065,1.649984,0.354418,1.628145,0.059006,0.835564,0.745386,3.539887,1
0.018464686,28.583333,15.827492,3.312612,14.072853,1.685072,0.116393,0.009933,1.650968,0.354537,1.629354,0.059353,0.835075,0.744727,3.559353,1
0.018518519,28.666667,15.837705,3.309984,14.083167,1.686027,0.116857,0.009799,1.65195,0.354645,1.630564,0.059701,0.834584,0.743939,3.578819,1
0.018572351,28.75,15.84791,3.307348,14.093475,1.686974,0.117341,0.009662,1.65293,0.354732,1.631772,0.06005,0.83409,0.742861,3.598285,1
0.018626184,28.833333,15.858107,3.304706,14.103779,1.687913,0.117848,0.009522,1.653908,0.354795,1.632981,0.060402,0.833593,0.741471,3.617752,1
0.018680017,28.916667,15.868296,3.302056,14.114079,1.688839,0.118393,0.00938,1.654885,0.354819,1.634188,0.06076,0.833089,0.739542,3.637218,1
0.01873385,29.0,15.878477,3.2994,14.124374,1.689756,0.118962,0.009233,1.65586,0.354816,1.635395,0.061124,0.832577,0.737284,3.656684,1
0.018787683,29.083333,15.88865,3.296736,14.134665,1.690661,0.119566,0.009084,1.656833,0.354777,1.636602,0.061497,0.832054,0.734582,3.67615,1
0.018841516,29.166667,15.898814,3.294066,14.144951,1.691556,0.120198,0.00893,1.657804,0.354708,1.637808,0.061881,0.831518,0.731547,3.695616,1
0.018895349,29.25,15.90897,3.291388,14.155233,1.692441,0.12086,0.008772,1.658773,0.354608,1.639014,0.062278,0.830968,0.728153,3.715082,1
0.018949182,29.333333,15.919118,3.288704,14.16551,1.693314,0.121553,0.008609,1.65974,0.354475,1.640219,0.062688,0.830401,0.724422,3.734548,1
0.019003015,29.416667,15.929257,3.286013,14.175783,1.694177,0.122273,0.008442,1.660705,0.354313,1.641423,0.063113,0.829817,0.720402,3.754014,1
0.019056848,29.5,15.939388,3.283314,14.186051,1.695029,0.123025,0.008269,1.661668,0.354118,1.642627,0.063555,0.829213,0.716059,3.77348,1
0.01911068,29.583333,15.949511,3.280609,14.196314,1.695871,0.123802,0.008091,1.662629,0.353896,1.64383,0.064014,0.828588,0.711491,3.792946,1
0.019164513,29.666667,15.959626,3.277897,14.206573,1.696702,0.12461,0.007907,1.663587,0.353641,1.645033,0.064493,0.827942,0.706627,3.812412,1
0.019218346,29.75,15.969732,3.275178,14.216827,1.697524,0.125441,0.007718,1.664543,0.353361,1.646236,0.064991,0.827272,0.701597,3.831878,1
0.019272179,29.833333,15.97983,3.272452,14.227076,1.698334,0.126303,0.007522,1.665497,0.353049,1.647437,0.065511,0.826577,0.696303,3.851344,1
0.019326012,29.916667,15.989919,3.269719,14.237321,1.699136,0.127187,0.007321,1.666449,0.352713,1.648639,0.066052,0.825858,0.690893,3.87081,1
0.019379845,30.0,16.0,3.266979,14.247561,1.699926,0.128099,0.007112,1.667398,0.352348,1.649839,0.066615,0.825112,0.685263,3.890276,1
0.019433678,30.083333,16.010072,3.264232,14.257796,1.700708,0.129031,0.006897,1.668345,0.35196,1.651039,0.067201,0.82434,0.679556,3.909742,1
0.019487511,30.166667,16.020136,3.261478,14.268027,1.701479,0.12999,0.006675,1.669289,0.351545,1.652239,0.06781,0.82354,0.67368,3.929208,1
0.019541344,30.25,16.030192,3.258718,14.278252,1.702242,0.130967,0.006446,1.67023,0.351109,1.653438,0.068443,0.822713,0.66776,3.948674,1
0.019595177,30.333333,16.040239,3.25595,14.288473,1.702994,0.131968,0.00621,1.671168,0.350648,1.654636,0.0691,0.821859,0.661729,3.96814,1
0.019649009,30.416667,16.050277,3.253176,14.298689,1.703739,0.132987,0.005967,1.672104,0.350167,1.655834,0.069782,0.820976,0.655678,3.987606,1
0.019702842,30.5,16.060307,3.250394,14.3089,1.704474,0.134026,0.005716,1.673037,0.349665,1.657031,0.070487,0.820065,0.649582,4.007072,1
0.019756675,30.583333,16.070328,3.247606,14.319106,1.705201,0.135082,0.005458,1.673966,0.349144,1.658228,0.071217,0.819126,0.643482,4.026538,1
0.019810508,30.666667,16.080341,3.244811,14.329307,1.70592,0.136153,0.005192,1.674893,0.348607,1.659424,0.07197,0.818159,0.637411,4.046004,1
0.019864341,30.75,16.090345,3.242009,14.339504,1.706631,0.137241,0.004918,1.675816,0.348051,1.66062,0.072747,0.817164,0.631345,4.06547,1
0.019918174,30.833333,16.10034,3.239201,14.349695,1.707335,0.138338,0.004638,1.676737,0.347485,1.661815,0.073548,0.816143,0.625386,4.084936,1
0.019972007,30.916667,16.110327,3.236385,14.359882,1.708031,0.139452,0.004349,1.677654,0.3469,1.663009,0.074371,0.815094,0.619436,4.104402,1
0.02002584,31.0,16.120305,3.233563,14.370063,1.708722,0.140569,0.004053,1.678567,0.34631,1.664203,0.075217,0.81402,0.613679,4.123868,1
0.020079673,31.083333,16.130274,3.230733,14.380239,1.709405,0.141702,0.003749,1.679477,0.345704,1.665396,0.076084,0.81292,0.607932,4.143334,1
0.020133506,31.166667,16.140234,3.227897,14.390411,1.710084,0.142833,0.003438,1.680384,0.345098,1.666589,0.076972,0.811796,0.602456,4.1628,1
0.020187339,31.25,16.150186,3.225054,14.400577,1.710755,0.143978,0.00312,1.681287,0.344477,1.667781,0.077881,0.810648,0.597003,4.182266,1
0.020241171,31.333333,16.160129,3.222204,14.410738,1.711424,0.145114,0.002794,1.682187,0.343864,1.668972,0.078808,0.809479,0.591887,4.201732,1
0.020295004,31.416667,16.170063,3.219348,14.420895,1.712086,0.146263,0.002407,1.683082,0.343237,1.670163,0.079754,0.808287,0.586812,4.221198,1
0.020348837,31.5,16.179989,3.216485,14.431046,1.712748,0.147397,0.002006,1.683974,0.342623,1.671353,0.080716,0.807076,0.582138,4.240664,1
0.02040267,31.583333,16.189905,3.213614,14.441191,1.713402,0.14854,0.001472,1.684862,0.341999,1.672543,0.081694,0.805846,0.577527,4.26013,1
0.020456503,31.666667,16.199813,3.210737,14.451332,1.714059,0.149663,0.00092,1.685747,0.341395,1.673732,0.082687,0.8046,0.573375,4.279596,1
0.020510336,31.75,16.209711,3.207854,14.461468,1.714709,0.150792,0.000243,1.686627,0.340784,1.67492,0.083692,0.803338,0.569312,4.299062,1
0.020564169,31.833333,16.219601,3.204963,14.471598,1.715362,0.151894,-0.000447,1.687504,0.340199,1.676108,0.084708,0.802062,0.565763,4.318528,1
0.020618002,31.916667,16.229482,3.202066,14.481723,1.716011,0.152997,-0.001249,1.688376,0.339612,1.677296,0.085735,0.800774,0.562331,4.337995,1
0.020671835,32.0,16.239354,3.199161,14.491843,1.716665,0.154068,-0.002063,1.689245,0.339058,1.678482,0.086769,0.799476,0.559465,4.357461,1
0.020725668,32.083333,16.249217,3.196251,14.501958,1.717315,0.155136,-0.002972,1.690109,0.338505,1.679668,0.08781,0.798169,0.556748,4.376927,1
0.0207795,32.166667,16.259071,3.193333,14.512067,1.717972,0.156165,-0.003895,1.69097,0.337993,1.680853,0.088855,0.796857,0.554645,4.396393,1
0.020833333,32.25,16.268916,3.190409,14.522171,1.718625,0.157191,-0.004894,1.691826,0.337481,1.682038,0.089902,0.795541,0.552642,4.415859,1
0.020887166,32.333333,16.278752,3.187477,14.53227,1.71928,0.158194,-0.005909,1.692678,0.336992,1.683222,0.090951,0.794222,0.551,4.435325,1
0.020940999,32.416667,16.288579,3.184539,14.542363,1.71993,0.159201,-0.006985,1.693526,0.336498,1.684406,0.092,0.792902,0.549354,4.454791,1
0.020994832,32.5,16.298397,3.181595,14.552451,1.720573,0.160213,-0.008076,1.694371,0.335997,1.685589,0.09305,0.791579,0.547694,4.474257,1
0.021048665,32.583333,16.308206,3.178643,14.562533,1.721212,0.161229,-0.009215,1.695211,0.335492,1.686771,0.0941,0.790255,0.546029,4.493723,1
0.021102498,32.666667,16.318005,3.175685,14.57261,1.721844,0.162249,-0.010368,1.696047,0.33498,1.687952,0.095152,0.788929,0.544349,4.513189,1
0.021156331,32.75,16.327796,3.172721,14.582682,1.72247,0.163274,-0.011556,1.696879,0.334463,1.689133,0.096203,0.787601,0.542664,4.532655,1
0.021210164,32.833333,16.337577,3.169749,14.592748,1.723091,0.164303,-0.012756,1.697706,0.33394,1.690314,0.097256,0.786271,0.540964,4.552121,1
0.021263997,32.916667,16.347349,3.166771,14.602809,1.723706,0.165336,-0.013979,1.69853,0.333411,1.691493,0.098309,0.784939,0.539259,4.571587,1
0.021317829,33.0,16.357112,3.163786,14.612864,1.724314,0.166373,-0.015211,1.69935,0.332876,1.692672,0.099363,0.783605,0.537539,4.591053,1
0.021371662,33.083333,16.366866,3.160794,14.622914,1.724917,0.167415,-0.016457,1.700165,0.332336,1.69385,0.100418,0.782269,0.535814,4.610519,1
0.021425495,33.166667,16.376611,3.157796,14.632958,1.725515,0.168461,-0.017707,1.700977,0.33179,1.695028,0.101473,0.78093,0.534074,4.629985,1
0.021479328,33.25,16.386346,3.154791,14.642996,1.726106,0.169512,-0.018962,1.701784,0.331237,1.696205,0.10253,0.77959,0.532329,4.649451,1
0.021533161,33.333333,16.396072,3.151779,14.653029,1.726691,0.170567,-0.020215,1.702587,0.330679,1.697382,0.103587,0.778247,0.53057,4.668917,1
0.021586994,33.416667,16.405789,3.148761,14.663057,1.727271,0.171627,-0.021466,1.703386,0.330115,1.698557,0.104646,0.776902,0.528804,4.688383,1
0.021640827,33.5,16.415496,3.145736,14.673078,1.727844,0.172692,-0.022708,1.704181,0.329544,1.699732,0.105706,0.775554,0.527021,4.707849,1
0.02169466,33.583333,16.425194,3.142704,14.683094,1.72841,0.173765,-0.023941,1.704972,0.328963,1.700907,0.106767,0.774205,0.525171,4.727315,1
0.021748493,33.666667,16.434883,3.139666,14.693105,1.728966,0.174856,-0.025159,1.705758,0.328363,1.702081,0.107829,0.772852,0.523169,4.746781,1
0.021802326,33.75,16.444562,3.136621,14.703109,1.729515,0.175958,-0.026361,1.706541,0.327749,1.703254,0.108895,0.771495,0.52107,4.766247,1
0.021856158,33.833333,16.454232,3.13357,14.713108,1.730052,0.177083,-0.02754,1.707319,0.32711,1.704426,0.109963,0.770133,0.518758,4.785713,1
0.021909991,33.916667,16.463892,3.130511,14.723102,1.73058,0.178221,-0.0287,1.708093,0.326456,1.705598,0.111035,0.768767,0.516357,4.805179,1
0.021963824,34.0,16.473543,3.127447,14.733089,1.731097,0.179382,-0.029827,1.708863,0.325778,1.706769,0.112112,0.767394,0.513759,4.824645,1
0.022017657,34.083333,16.483185,3.124375,14.743071,1.731606,0.180555,-0.030931,1.709629,0.325085,1.707939,0.113195,0.766014,0.51108,4.844111,1
0.02207149,34.166667,16.492817,3.121297,14.753047,1.732103,0.18175,-0.031994,1.71039,0.324368,1.709109,0.114283,0.764627,0.50822,4.863577,1
0.022125323,34.25,16.502439,3.118212,14.763017,1.732592,0.182958,-0.03303,1.711147,0.323635,1.710278,0.115378,0.763231,0.505288,4.883043,1
0.022179156,34.333333,16.512052,3.115121,14.772981,1.733069,0.184188,-0.034015,1.7119,0.322879,1.711446,0.11648,0.761827,0.50219,4.902509,1
0.022232989,34.416667,16.521656,3.112023,14.782939,1.733538,0.185431,-0.03497,1.712649,0.322107,1.712614,0.117589,0.760414,0.499029,4.921975,1
0.022286822,34.5,16.53125,3.108919,14.792892,1.733995,0.186695,-0.035864,1.713393,0.321312,1.713781,0.118707,0.75899,0.495716,4.941441,1
0.022340655,34.583333,16.540834,3.105808,14.802838,1.734444,0.187972,-0.036727,1.714133,0.320503,1.714947,0.119834,0.757556,0.49235,4.960907,1
0.022394488,34.666667,16.550409,3.10269,14.812779,1.734881,0.18927,-0.037517,1.714868,0.31967,1.716113,0.120969,0.756112,0.488847,4.980373,1
0.02244832,34.75,16.559974,3.099566,14.822714,1.73531,0.19058,-0.038275,1.715599,0.318822,1.717278,0.122114,0.754656,0.485299,4.999839,1
0.022502153,34.833333,16.56953,3.096436,14.832642,1.735728,0.19191,-0.038948,1.716326,0.317952,1.718442,0.123269,0.753188,0.48163,5.019305,1
0.022555986,34.916667,16.579075,3.093298,14.842565,1.736137,0.193253,-0.039588,1.717048,0.317068,1.719605,0.124434,0.751709,0.477924,5.038771,1
0.022609819,35.0,16.588611,3.090155,14.852482,1.736535,0.194615,-0.040176,1.717766,0.316162,1.720768,0.12561,0.750217,0.474111,5.058238,1
0.022663652,35.083333,16.598138,3.087004,14.862392,1.736924,0.19599,-0.040747,1.718479,0.315242,1.72193,0.126797,0.748713,0.47027,5.077704,1
0.022717485,35.166667,16.607655,3.083847,14.872297,1.737303,0.197382,-0.04132,1.719187,0.314301,1.723091,0.127994,0.747195,0.466338,5.09717,1
0.022771318,35.25,16.617162,3.080684,14.882195,1.737673,0.198786,-0.041899,1.719891,0.313347,1.724252,0.129204,0.745665,0.462385,5.116636,1
0.022825151,35.333333,16.626659,3.077514,14.892088,1.738032,0.200207,-0.04248,1.720591,0.312373,1.725412,0.130424,0.744121,0.458357,5.136102,1
0.022878984,35.416667,16.636146,3.074338,14.901974,1.738383,0.20164,-0.043067,1.721285,0.311385,1.726571,0.131656,0.742564,0.454315,5.155568,1
0.022932817,35.5,16.645624,3.071155,14.911854,1.738724,0.203089,-0.043657,1.721975,0.31038,1.72773,0.132901,0.740993,0.450214,5.175034,1
0.022986649,35.583333,16.655091,3.067965,14.921728,1.739056,0.204548,-0.044253,1.72266,0.309361,1.728887,0.134157,0.739408,0.446106,5.1945,1
0.023040482,35.666667,16.664549,3.06477,14.931596,1.739378,0.206022,-0.044851,1.72334,0.308326,1.730044,0.135425,0.73781,0.441955,5.213966,1
0.023094315,35.75,16.673997,3.061567,14.941458,1.739691,0.207507,-0.045455,1.724015,0.307278,1.731201,0.136705,0.736197,0.437802,5.233432,1
0.023148148,35.833333,16.683435,3.058358,14.951313,1.739995,0.209004,-0.046063,1.724686,0.306215,1.732356,0.137997,0.734571,0.433625,5.252898,1
0.023201981,35.916667,16.692864,3.055143,14.961162,1.74029,0.210512,-0.046675,1.725351,0.305139,1.733511,0.139302,0.732932,0.42945,5.272364,1
0.023255814,36.0,16.702282,3.051921,14.971005,1.740577,0.21203,-0.047291,1.726011,0.304051,1.734665,0.140618,0.731278,0.425268,5.29183,1
0.023309647,36.083333,16.71169,3.048693,14.980842,1.740854,0.213559,-0.047912,1.726667,0.30295,1.735819,0.141946,0.729611,0.421089,5.311296,1
0.02336348,36.166667,16.721089,3.045458,14.990672,1.741123,0.215097,-0.04854,1.727317,0.301838,1.736971,0.143287,0.72793,0.416923,5.330762,1
0.023417313,36.25,16.730477,3.042217,15.000496,1.741384,0.216644,-0.049173,1.727963,0.300714,1.738123,0.144639,0.726236,0.41276,5.350228,1
0.023471146,36.333333,16.739856,3.03897,15.010314,1.741636,0.218198,-0.049952,1.728603,0.299581,1.739274,0.146002,0.724528,0.408633,5.369694,1
0.023524978,36.416667,16.749224,3.035716,15.020125,1.74188,0.219762,-0.050774,1.729238,0.298436,1.740425,0.147378,0.722808,0.404508,5.38916,1
0.023578811,36.5,16.758582,3.032455,15.02993,1.742116,0.22133,-0.051807,1.729868,0.297286,1.741574,0.148764,0.721074,0.400442,5.408626,1
0.023632644,36.583333,16.767931,3.029188,15.039729,1.742344,0.222907,-0.0529,1.730492,0.296123,1.742723,0.150162,0.719328,0.396379,5.428092,1
0.023686477,36.666667,16.777269,3.025915,15.049521,1.742565,0.224486,-0.054185,1.731111,0.294958,1.743871,0.15157,0.71757,0.392396,5.447558,1
0.02374031,36.75,16.786597,3.022636,15.059306,1.742778,0.226074,-0.055527,1.731725,0.293781,1.745019,0.152989,0.7158,0.388418,5.467024,1
0.023794143,36.833333,16.795915,3.01935,15.069085,1.742984,0.227661,-0.057041,1.732334,0.292603,1.746165,0.154418,0.714018,0.384539,5.48649,1
0.023847976,36.916667,16.805223,3.016057,15.078858,1.743182,0.229255,-0.058608,1.732937,0.291415,1.747311,0.155857,0.712224,0.380669,5.505956,1
0.023901809,37.0,16.81452,3.012758,15.088624,1.743375,0.230847,-0.06033,1.733535,0.290229,1.748456,0.157306,0.71042,0.376913,5.525422,1
0.023955642,37.083333,16.823808,3.009453,15.098384,1.74356,0.232445,-0.0621,1.734127,0.289033,1.749601,0.158764,0.708605,0.373175,5.544888,1
0.024009475,37.166667,16.833085,3.006142,15.108137,1.74374,0.234039,-0.064006,1.734714,0.287841,1.750744,0.16023,0.70678,0.369563,5.564354,1
0.024063307,37.25,16.842352,3.002824,15.117883,1.743912,0.235637,-0.065957,1.735295,0.286642,1.751887,0.161705,0.704946,0.365979,5.58382,1
0.02411714,37.333333,16.851609,2.999499,15.127623,1.74408,0.237229,-0.068024,1.735871,0.285447,1.753029,0.163187,0.703102,0.362532,5.603286,1
0.024170973,37.416667,16.860855,2.996169,15.137356,1.744241,0.238823,-0.070133,1.736441,0.284248,1.75417,0.164677,0.70125,0.359125,5.622752,1
0.024224806,37.5,16.870091,2.992832,15.147083,1.744398,0.24041,-0.07234,1.737006,0.283055,1.755311,0.166174,0.69939,0.355862,5.642218,1
0.024278639,37.583333,16.879317,2.989489,15.156803,1.744507,0.24213,-0.074664,1.737565,0.28172,1.756451,0.167938,0.697256,0.352654,5.661684,1
0.024332472,37.666667,16.888533,2.986139,15.166516,1.744612,0.243841,-0.077067,1.738117,0.280393,1.757589,0.169707,0.695116,0.349595,5.68115,1
0.024386305,37.75,16.897738,2.982783,15.176223,1.744711,0.245549,-0.079504,1.738663,0.279067,1.758728,0.171481,0.692971,0.34661,5.700616,1
0.024440138,37.833333,16.906933,2.979421,15.185922,1.744806,0.247245,-0.082004,1.739202,0.277751,1.759865,0.173258,0.690821,0.343773,5.720082,1
0.024493971,37.916667,16.916118,2.976052,15.195616,1.744895,0.248936,-0.084532,1.739735,0.276438,1.761001,0.175038,0.688667,0.341033,5.739548,1
0.024547804,38.0,16.925292,2.972678,15.205302,1.744979,0.25062,-0.087105,1.740261,0.27513,1.762137,0.17682,0.68651,0.338379,5.759014,1
0.024601637,38.083333,16.934456,2.969297,15.214981,1.745057,0.2523,-0.089702,1.740781,0.273824,1.763272,0.178603,0.68435,0.335797,5.77848,1
0.024655469,38.166667,16.943609,2.965909,15.224654,1.745128,0.253979,-0.092328,1.741294,0.272516,1.764406,0.180389,0.682187,0.333232,5.797947,1
0.024709302,38.25,16.952752,2.962516,15.23432,1.745191,0.255659,-0.094971,1.741801,0.271206,1.76554,0.182175,0.680022,0.330686,5.817413,1
0.024763135,38.333333,16.961884,2.959116,15.243979,1.745247,0.257339,-0.097628,1.742302,0.269893,1.766672,0.183963,0.677855,0.328155,5.836879,1
0.024816968,38.416667,16.971006,2.955709,15.253632,1.745296,0.259018,-0.100296,1.742795,0.268578,1.767804,0.185752,0.675685,0.325645,5.856345,1
0.024870801,38.5,16.980117,2.952297,15.263277,1.745337,0.260698,-0.102964,1.743283,0.267261,1.768935,0.187542,0.673513,0.323148,5.875811,1
0.024924634,38.583333,16.989218,2.948878,15.272915,1.745372,0.262376,-0.105634,1.743764,0.265943,1.770065,0.189333,0.67134,0.320675,5.895277,1
0.024978467,38.666667,16.998308,2.945453,15.282547,1.745398,0.264055,-0.108295,1.744238,0.264622,1.771194,0.191125,0.669164,0.318213,5.914743,1
0.0250323,38.75,17.007388,2.942022,15.292172,1.745419,0.265732,-0.110947,1.744705,0.263301,1.772323,0.192917,0.666987,0.315778,5.934209,1
0.025086133,38.833333,17.016457,2.938585,15.301789,1.745431,0.267409,-0.113581,1.745167,0.261977,1.773451,0.19471,0.664809,0.313351,5.953675,1
0.025139966,38.916667,17.025515,2.935141,15.3114,1.745437,0.269083,-0.116198,1.745621,0.260654,1.774577,0.196504,0.662629,0.310955,5.973141,1
0.025193798,39.0,17.034563,2.931692,15.321003,1.745436,0.270758,-0.118786,1.746069,0.259328,1.775704,0.198298,0.660447,0.308564,5.992607,1
0.025247631,39.083333,17.0436,2.928236,15.3306,1.745428,0.272429,-0.121345,1.746511,0.258003,1.776829,0.200092,0.658265,0.306206,6.012073,1
0.025301464,39.166667,17.052627,2.924773,15.34019,1.745413,0.274101,-0.123868,1.746946,0.256675,1.777953,0.201886,0.656081,0.303851,6.031539,1
0.025355297,39.25,17.061643,2.921305,15.349772,1.745391,0.275769,-0.126348,1.747374,0.255349,1.779077,0.203681,0.653896,0.301534,6.051005,1
0.02540913,39.333333,17.070648,2.91783,15.359348,1.745362,0.277437,-0.128787,1.747796,0.254021,1.780199,0.205475,0.651711,0.299218,6.070471,1
0.025462963,39.416667,17.079642,2.91435,15.368916,1.745327,0.279101,-0.131167,1.748211,0.252694,1.781321,0.207269,0.649525,0.296939,6.089937,1
0.025516796,39.5,17.088626,2.910863,15.378477,1.745285,0.280764,-0.133503,1.74862,0.251366,1.782442,0.209063,0.647338,0.294664,6.109403,1
0.025570629,39.583333,17.097599,2.90737,15.388031,1.745236,0.282424,-0.135761,1.749022,0.250039,1.783563,0.210856,0.645151,0.292422,6.128869,1
0.025624462,39.666667,17.106561,2.903871,15.397578,1.745181,0.284082,-0.137976,1.749418,0.248712,1.784682,0.212649,0.642963,0.290188,6.148335,1
0.025678295,39.75,17.115512,2.900365,15.407118,1.745119,0.285737,-0.140092,1.749807,0.247385,1.785801,0.214441,0.640776,0.287985,6.167801,1
0.025732127,39.833333,17.124452,2.896854,15.41665,1.74505,0.28739,-0.142166,1.750189,0.246059,1.786918,0.216233,0.638588,0.285793,6.187267,1
0.02578596,39.916667,17.133382,2.893336,15.426175,1.744976,0.289039,-0.144118,1.750565,0.244734,1.788035,0.218023,0.6364,0.283629,6.206733,1
0.025839793,40.0,17.142301,2.889812,15.435693,1.744894,0.290685,-0.146034,1.750934,0.243409,1.789151,0.219813,0.634213,0.28148,6.226199,1
0.025893626,40.083333,17.151209,2.886283,15.445204,1.744806,0.292328,-0.147802,1.751297,0.242086,1.790266,0.221601,0.632026,0.279355,6.245665,1
0.025947459,40.166667,17.160106,2.882747,15.454707,1.744712,0.293967,-0.149541,1.751653,0.240763,1.791381,0.223389,0.629839,0.27725,6.265131,1
0.026001292,40.25,17.168992,2.879205,15.464204,1.744612,0.295603,-0.151104,1.752003,0.239442,1.792494,0.225175,0.627653,0.275165,6.284597,1
0.026055125,40.333333,17.177867,2.875656,15.473692,1.744505,0.297235,-0.152649,1.752346,0.238123,1.793607,0.226959,0.625468,0.273105,6.304063,1
0.026108958,40.416667,17.186731,2.872102,15.483174,1.744392,0.298864,-0.153986,1.752683,0.236805,1.794718,0.228742,0.623283,0.27106,6.323529,1
0.026162791,40.5,17.195584,2.868542,15.492648,1.744274,0.300488,-0.155319,1.753012,0.235489,1.795829,0.230523,0.621099,0.269045,6.342995,1
0.026216624,40.583333,17.204427,2.864976,15.502115,1.744148,0.302108,-0.15641,1.753336,0.234175,1.796939,0.232303,0.618917,0.26704,6.362461,1
0.026270457,40.666667,17.213258,2.861403,15.511574,1.744018,0.303723,-0.157502,1.753653,0.232863,1.798048,0.23408,0.616735,0.265071,6.381927,1
0.026324289,40.75,17.222078,2.857825,15.521026,1.74388,0.305336,-0.158453,1.753963,0.231553,1.799157,0.235855,0.614555,0.263108,6.401393,1
0.026378122,40.833333,17.230887,2.85424,15.53047,1.743737,0.306942,-0.159398,1.754267,0.230246,1.800264,0.237629,0.612377,0.261185,6.420859,1
0.026431955,40.916667,17.239685,2.85065,15.539907,1.743588,0.308545,-0.160335,1.754564,0.22894,1.801371,0.239399,0.6102,0.259263,6.440325,1
0.026485788,41.0,17.248472,2.847053,15.549337,1.743434,0.310141,-0.161271,1.754855,0.227639,1.802476,0.241168,0.608024,0.257387,6.459791,1
0.026539621,41.083333,17.257248,2.84345,15.558759,1.743273,0.311734,-0.1622,1.755139,0.226339,1.803581,0.242934,0.605851,0.255513,6.479257,1
0.026593454,41.166667,17.266013,2.839842,15.568173,1.743107,0.313321,-0.163128,1.755417,0.225043,1.804685,0.244697,0.60368,0.25368,6.498723,1
0.026647287,41.25,17.274767,2.836227,15.57758,1.742935,0.314903,-0.164049,1.755688,0.223749,1.805788,0.246457,0.60151,0.251854,6.51819,1
0.02670112,41.333333,17.283509,2.832606,15.586979,1.742757,0.316479,-0.164969,1.755952,0.222459,1.80689,0.248215,0.599343,0.250063,6.537656,1
0.026754953,41.416667,17.29224,2.82898,15.596371,1.742574,0.318051,-0.165883,1.756211,0.221172,1.807991,0.249969,0.597178,0.248286,6.557122,1
0.026808786,41.5,17.30096,2.825347,15.605755,1.742386,0.319616,-0.166795,1.756462,0.219889,1.809091,0.251721,0.595016,0.246538,6.576588,1
0.026862618,41.583333,17.309669,2.821709,15.615132,1.742191,0.321176,-0.167702,1.756707,0.218609,1.810191,0.253468,0.592857,0.24481,6.596054,1
0.026916451,41.666667,17.318367,2.818064,15.6245,1.741992,0.322729,-0.168606,1.756946,0.217333,1.811289,0.255213,0.5907,0.243106,6.61552,1
0.026970284,41.75,17.327053,2.814414,15.633862,1.741787,0.324277,-0.169507,1.757178,0.21606,1.812387,0.256954,0.588546,0.241428,6.634986,1
0.027024117,41.833333,17.335728,2.810757,15.643215,1.741576,0.325819,-0.170404,1.757404,0.214792,1.813484,0.258691,0.586395,0.239768,6.654452,1
0.02707795,41.916667,17.344392,2.807095,15.652561,1.74136,0.327354,-0.171298,1.757624,0.213528,1.81458,0.260425,0.584247,0.238141,6.673918,1
0.027131783,42.0,17.353045,2.803426,15.661899,1.741139,0.328884,-0.172188,1.757836,0.212267,1.815674,0.262154,0.582102,0.236525,6.693384,1
0.027185616,42.083333,17.361686,2.799752,15.671229,1.740913,0.330406,-0.173076,1.758043,0.211012,1.816768,0.26388,0.579961,0.234949,6.71285,1
0.027239449,42.166667,17.370316,2.796072,15.680552,1.740682,0.331923,-0.173959,1.758243,0.20976,1.817862,0.265601,0.577823,0.233378,6.732316,1
0.027293282,42.25,17.378934,2.792386,15.689866,1.740446,0.333431,-0.174841,1.758437,0.208515,1.818954,0.267318,0.575689,0.231854,6.751782,1
0.027347115,42.333333,17.387542,2.788694,15.699173,1.740204,0.334935,-0.175718,1.758624,0.207272,1.820045,0.26903,0.573559,0.230332,6.771248,1
0.027400947,42.416667,17.396137,2.784996,15.708472,1.739958,0.336429,-0.176593,1.758805,0.206036,1.821135,0.270738,0.571433,0.228856,6.790714,1
0.02745478,42.5,17.404722,2.781292,15.717764,1.739706,0.337919,-0.177464,1.758979,0.204803,1.822225,0.272441,0.56931,0.227386,6.81018,1
0.027508613,42.583333,17.413295,2.777582,15.727047,1.73945,0.3394,-0.178333,1.759147,0.203576,1.823313,0.274139,0.567192,0.22595,6.829646,1
0.027562446,42.666667,17.421856,2.773867,15.736323,1.739188,0.340876,-0.179196,1.759309,0.202352,1.824401,0.275833,0.565078,0.224526,6.849112,1
0.027616279,42.75,17.430406,2.770145,15.74559,1.738922,0.342345,-0.180057,1.759465,0.201133,1.825488,0.277521,0.562969,0.223116,6.868578,1
0.027670112,42.833333,17.438944,2.766418,15.75485,1.73865,0.343809,-0.180914,1.759614,0.199917,1.826573,0.279204,0.560863,0.221716,6.888044,1
0.027723945,42.916667,17.447471,2.762685,15.764102,1.738372,0.345267,-0.181768,1.759757,0.198705,1.827658,0.280883,0.558762,0.220327,6.90751,1
0.027777778,43.0,17.455987,2.758946,15.773346,1.73809,0.346719,-0.182618,1.759893,0.197497,1.828742,0.282556,0.556666,0.218951,6.926976,1
0.027831611,43.083333,17.464491,2.755201,15.782581,1.737802,0.348165,-0.183465,1.760024,0.196292,1.829825,0.284223,0.554574,0.217582,6.946442,1
0.027885444,43.166667,17.472983,2.75145,15.791809,1.737509,0.349605,-0.184309,1.760148,0.195092,1.830907,0.285886,0.552487,0.21623,6.965908,1
0.027939276,43.25,17.481464,2.747694,15.801029,1.737211,0.35104,-0.18515,1.760265,0.193895,1.831988,0.287544,0.550404,0.214882,6.985374,1
0.027993109,43.333333,17.489933,2.743931,15.810241,1.736909,0.352467,-0.185988,1.760377,0.192702,1.833068,0.289196,0.548325,0.213555,7.00484,1
0.028046942,43.416667,17.498391,2.740163,15.819444,1.736601,0.353889,-0.186823,1.760482,0.191513,1.834147,0.290843,0.546252,0.212229,7.024306,1
0.028100775,43.5,17.506837,2.736389,15.82864,1.736288,0.355304,-0.187656,1.760581,0.190329,1.835225,0.292484,0.544183,0.210925,7.043772,1
0.028154608,43.583333,17.515271,2.73261,15.837827,1.73597,0.356714,-0.188485,1.760674,0.189148,1.836303,0.29412,0.542119,0.209623,7.063238,1
0.028208441,43.666667,17.523694,2.728824,15.847007,1.735647,0.358116,-0.189312,1.760761,0.187972,1.837379,0.295751,0.540059,0.20834,7.082704,1
0.028262274,43.75,17.532104,2.725033,15.856178,1.735319,0.359513,-0.190137,1.760842,0.1868,1.838454,0.297376,0.538005,0.207063,7.10217,1
0.028316107,43.833333,17.540504,2.721236,15.865341,1.734987,0.360903,-0.190958,1.760916,0.185633,1.839529,0.298995,0.535955,0.205801,7.121636,1
0.02836994,43.916667,17.548891,2.717433,15.874496,1.734649,0.362287,-0.191778,1.760984,0.184469,1.840602,0.300609,0.53391,0.204548,7.141102,1
0.028423773,44.0,17.557267,2.713625,15.883643,1.734307,0.363665,-0.192595,1.761047,0.18331,1.841675,0.302218,0.53187,0.203307,7.160568,1
0.028477606,44.083333,17.565631,2.70981,15.892781,1.73396,0.365036,-0.19341,1.761103,0.182155,1.842746,0.30382,0.529835,0.20208,7.180034,1
0.028531438,44.166667,17.573983,2.70599,15.901912,1.733608,0.3664,-0.194222,1.761153,0.181005,1.843817,0.305417,0.527805,0.200859,7.1995,1
0.028585271,44.25,17.582324,2.702165,15.911034,1.733251,0.367758,-0.195033,1.761196,0.17986,1.844886,0.307009,0.52578,0.199657,7.218966,1
0.028639104,44.333333,17.590652,2.698333,15.920147,1.73289,0.36911,-0.195841,1.761234,0.178718,1.845955,0.308594,0.52376,0.198457,7.238432,1
0.028692937,44.416667,17.598969,2.694496,15.929253,1.732524,0.370453,-0.196647,1.761266,0.177582,1.847023,0.310174,0.521746,0.197282,7.257899,1
0.02874677,44.5,17.607274,2.690653,15.93835,1.732154,0.371792,-0.197451,1.761292,0.176449,1.848089,0.311748,0.519736,0.196107,7.277365,1
0.028800603,44.583333,17.615567,2.686805,15.947439,1.731779,0.373122,-0.198254,1.761312,0.175323,1.849155,0.313315,0.517732,0.194954,7.296831,1
0.028854436,44.666667,17.623848,2.682951,15.956519,1.731399,0.374447,-0.199055,1.761326,0.1742,1.85022,0.314877,0.515733,0.193805,7.316297,1
0.028908269,44.75,17.632118,2.679091,15.965591,1.731015,0.375764,-0.199854,1.761333,0.173083,1.851283,0.316433,0.51374,0.192673,7.335763,1
0.028962102,44.833333,17.640375,2.675225,15.974655,1.730627,0.377074,-0.200652,1.761335,0.17197,1.852346,0.317983,0.511751,0.191552,7.355229,1
0.029015935,44.916667,17.648621,2.671354,15.98371,1.730234,0.378378,-0.201447,1.761331,0.170862,1.853408,0.319527,0.509768,0.190441,7.374695,1
0.029069767,45.0,17.656854,2.667477,15.992757,1.729836,0.379675,-0.202242,1.761321,0.169759,1.854469,0.321064,0.507791,0.189347,7.394161,1
0.0291236,45.083333,17.665076,2.663594,16.001796,1.729434,0.380965,-0.203034,1.761305,0.16866,1.855528,0.322596,0.505819,0.188258,7.413627,1
0.029177433,45.166667,17.673285,2.659706,16.010826,1.729028,0.382247,-0.203826,1.761283,0.167568,1.856587,0.324121,0.503853,0.187191,7.433093,1
0.029231266,45.25,17.681483,2.655813,16.019847,1.728617,0.383523,-0.204615,1.761256,0.166479,1.857645,0.32564,0.501892,0.186125,7.452559,1
0.029285099,45.333333,17.689669,2.651913,16.02886,1.728203,0.384791,-0.205403,1.761222,0.165397,1.858702,0.327152,0.499936,0.185085,7.472025,1
0.029338932,45.416667,17.697842,2.648008,16.037864,1.727784,0.386053,-0.206187,1.761183,0.164318,1.859758,0.328658,0.497987,0.184046,7.491491,1
0.029392765,45.5,17.706004,2.644098,16.04686,1.72736,0.387307,-0.206967,1.761138,0.163246,1.860812,0.330158,0.496043,0.183029,7.510957,1
0.029446598,45.583333,17.714153,2.640181,16.055848,1.726933,0.388554,-0.207742,1.761087,0.162178,1.861866,0.331652,0.494105,0.182018,7.530423,1
0.029500431,45.666667,17.72229,2.63626,16.064826,1.726501,0.389794,-0.208513,1.76103,0.161116,1.862919,0.333138,0.492172,0.181023,7.549889,1
0.029554264,45.75,17.730416,2.632332,16.073797,1.726066,0.391026,-0.209279,1.760967,0.160059,1.863971,0.334618,0.490246,0.180041,7.569355,1
0.029608096,45.833333,17.738529,2.628399,16.082758,1.725626,0.392252,-0.210041,1.760899,0.159007,1.865021,0.336092,0.488325,0.179068,7.588821,1
0.029661929,45.916667,17.74663,2.624461,16.091711,1.725182,0.39347,-0.210798,1.760825,0.157961,1.866071,0.337559,0.48641,0.178114,7.608287,1
0.029715762,46.0,17.754718,2.620517,16.100655,1.724734,0.394681,-0.21155,1.760745,0.156919,1.86712,0.339019,0.484502,0.177164,7.627753,1
0.029769595,46.083333,17.762795,2.616567,16.109591,1.724282,0.395884,-0.212298,1.76066,0.155884,1.868168,0.340472,0.482599,0.176239,7.647219,1
0.029823428,46.166667,17.770859,2.612612,16.118518,1.723826,0.39708,-0.213041,1.760569,0.154854,1.869214,0.341919,0.480702,0.175316,7.666685,1
0.029877261,46.25,17.778912,2.608651,16.127436,1.723366,0.398268,-0.21378,1.760472,0.153829,1.87026,0.343359,0.478811,0.174417,7.686151,1
0.029931094,46.333333,17.786952,2.604685,16.136345,1.722902,0.39945,-0.214514,1.76037,0.15281,1.871305,0.344791,0.476927,0.173523,7.705617,1
0.029984927,46.416667,17.794979,2.600714,16.145246,1.722435,0.400623,-0.215243,1.760262,0.151796,1.872348,0.346217,0.475049,0.172646,7.725083,1
0.03003876,46.5,17.802995,2.596736,16.154138,1.721963,0.401789,-0.215968,1.760148,0.150788,1.873391,0.347636,0.473176,0.171782,7.744549,1
0.030092593,46.583333,17.810998,2.592754,16.163021,1.721488,0.402948,-0.216687,1.760029,0.149785,1.874433,0.349047,0.471311,0.170928,7.764015,1
0.030146425,46.666667,17.818989,2.588766,16.171895,1.721009,0.404099,-0.217401,1.759904,0.148788,1.875473,0.350452,0.469451,0.170094,7.783481,1
0.030200258,46.75,17.826968,2.584772,16.180761,1.720526,0.405243,-0.21811,1.759774,0.147796,1.876513,0.351849,0.467598,0.169263,7.802947,1
0.030254091,46.833333,17.834934,2.580773,16.189618,1.720039,0.406378,-0.218813,1.759638,0.146811,1.877551,0.353239,0.465751,0.168459,7.822413,1
0.030307924,46.916667,17.842888,2.576768,16.198465,1.719549,0.407507,-0.219512,1.759497,0.145831,1.878588,0.354622,0.463911,0.167656,7.841879,1
0.030361757,47.0,17.85083,2.572758,16.207304,1.719055,0.408628,-0.220205,1.75935,0.144857,1.879625,0.355998,0.462077,0.166878,7.861345,1
0.03041559,47.083333,17.858759,2.568743,16.216134,1.718558,0.409741,-0.220893,1.759198,0.143888,1.88066,0.357366,0.46025,0.166106,7.880811,1
0.030469423,47.166667,17.866676,2.564722,16.224955,1.718057,0.410847,-0.221575,1.75904,0.142925,1.881694,0.358726,0.458429,0.165351,7.900277,1
0.030523256,47.25,17.87458,2.560696,16.233768,1.717552,0.411944,-0.222252,1.758877,0.141968,1.882728,0.360079,0.456615,0.16461,7.919743,1
0.030577089,47.333333,17.882472,2.556664,16.242571,1.717044,0.413035,-0.222925,1.758708,0.141016,1.88376,0.361425,0.454807,0.163878,7.939209,1
0.030630922,47.416667,17.890352,2.552627,16.251365,1.716532,0.414117,-0.223591,1.758534,0.140071,1.884791,0.362762,0.453007,0.163168,7.958675,1
0.030684755,47.5,17.898219,2.548584,16.26015,1.716016,0.415193,-0.224252,1.758355,0.139131,1.885821,0.364093,0.451213,0.162458,7.978142,1
0.030738587,47.583333,17.906073,2.544537,16.268926,1.715498,0.41626,-0.224908,1.758171,0.138197,1.88685,0.365415,0.449426,0.161774,7.997608,1
0.03079242,47.666667,17.913915,2.540483,16.277694,1.714975,0.41732,-0.225558,1.757981,0.137268,1.887878,0.36673,0.447645,0.161091,8.017074,1
0.030846253,47.75,17.921745,2.536425,16.286452,1.71445,0.418372,-0.226203,1.757786,0.136345,1.888905,0.368037,0.445872,0.160426,8.03654,1
0.030900086,47.833333,17.929562,2.53236,16.295201,1.71392,0.419418,-0.226842,1.757585,0.135427,1.889931,0.369336,0.444105,0.159767,8.056006,1
0.030953919,47.916667,17.937367,2.528291,16.303941,1.713388,0.420456,-0.227476,1.75738,0.134515,1.890956,0.370627,0.442345,0.159118,8.075472,1
0.031007752,48.0,17.945159,2.524216,16.312672,1.712852,0.421487,-0.228104,1.757169,0.133608,1.891979,0.37191,0.440592,0.158481,8.094938,1
0.031061585,48.083333,17.952938,2.520136,16.321393,1.712312,0.422511,-0.228727,1.756953,0.132707,1.893002,0.373186,0.438847,0.157847,8.114404,1
0.031115418,48.166667,17.960705,2.516051,16.330106,1.711769,0.423527,-0.229344,1.756732,0.131811,1.894024,0.374453,0.437107,0.157231,8.13387,1
0.031169251,48.25,17.968459,2.51196,16.33881,1.711222,0.424536,-0.229956,1.756505,0.13092,1.895044,0.375713,0.435375,0.156615,8.153336,1
0.031223084,48.333333,17.976201,2.507864,16.347504,1.710672,0.425538,-0.230562,1.756274,0.130034,1.896064,0.376964,0.43365,0.156016,8.172802,1
0.031276916,48.416667,17.983929,2.503763,16.356189,1.710119,0.426533,-0.231163,1.756037,0.129154,1.897082,0.378208,0.431932,0.15542,8.192268,1
0.031330749,48.5,17.991646,2.499656,16.364865,1.709562,0.427521,-0.231758,1.755796,0.128279,1.898099,0.379443,0.430221,0.154833,8.211734,1
0.031384582,48.583333,17.999349,2.495544,16.373531,1.709003,0.428502,-0.232347,1.755549,0.127409,1.899115,0.380671,0.428517,0.154255,8.2312,1
0.031438415,48.666667,18.00704,2.491427,16.382189,1.708439,0.429476,-0.232931,1.755297,0.126544,1.900131,0.381891,0.426819,0.153682,8.250666,1
0.031492248,48.75,18.014718,2.487304,16.390837,1.707873,0.430442,-0.233509,1.75504,0.125685,1.901145,0.383102,0.425129,0.15312,8.270132,1
0.031546081,48.833333,18.022384,2.483177,16.399476,1.707303,0.431403,-0.234082,1.754779,0.12483,1.902158,0.384306,0.423446,0.152559,8.289598,1
0.031599914,48.916667,18.030037,2.479044,16.408105,1.706729,0.432356,-0.234648,1.754512,0.123981,1.903169,0.385501,0.42177,0.152013,8.309064,1
0.031653747,49.0,18.037677,2.474905,16.416725,1.706153,0.433302,-0.235211,1.75424,0.123137,1.90418,0.386689,0.4201,0.151468,8.32853,1
0.03170758,49.083333,18.045304,2.470762,16.425336,1.705573,0.434241,-0.235766,1.753963,0.122298,1.90519,0.387868,0.418438,0.150931,8.347996,1
0.031761413,49.166667,18.052918,2.466613,16.433938,1.70499,0.435174,-0.236317,1.753682,0.121463,1.906198,0.38904,0.416783,0.1504,8.367462,1
0.031815245,49.25,18.06052,2.462459,16.44253,1.704404,0.4361,-0.236861,1.753396,0.120634,1.907206,0.390203,0.415134,0.149873,8.386928,1
0.031869078,49.333333,18.068109,2.4583,16.451113,1.699303,0.435547,-0.235504,1.748359,0.11981,1.908212,0.386613,0.413493,0.149356,8.406394,0
0.031922911,49.416667,18.075685,2.454136,16.459686,1.694239,0.435,-0.234161,1.743358,0.11899,1.909217,0.383056,0.411858,0.148838,8.42586,0
0.031976744,49.5,18.083248,2.449966,16.46825,1.68921,0.434456,-0.232832,1.738394,0.118175,1.910221,0.379532,0.410231,0.148332,8.445326,0
0.032030577,49.583333,18.090798,2.445791,16.476804,1.684217,0.433918,-0.23152,1.733465,0.117365,1.911224,0.37604,0.40861,0.147826,8.464792,0
0.03208441,49.666667,18.098335,2.441612,16.485349,1.679259,0.433385,-0.230221,1.728571,0.11656,1.912226,0.37258,0.406997,0.147327,8.484258,0
0.032138243,49.75,18.10586,2.437427,16.493885,1.674337,0.432856,-0.228938,1.723713,0.11576,1.913227,0.369152,0.40539,0.146833,8.503724,0
0.032192076,49.833333,18.113371,2.433236,16.50241,1.669449,0.432332,-0.227668,1.718889,0.114964,1.914227,0.365756,0.40379,0.146341,8.52319,0
0.032245909,49.916667,18.12087,2.429041,16.510927,1.664596,0.431813,-0.226415,1.7141,0.114174,1.915225,0.362391,0.402197,0.145855,8.542656,0
0.032299742,50.0,18.128356,2.42484,16.519434,1.659776,0.431298,-0.225174,1.709345,0.113387,1.916223,0.359056,0.400611,0.14537,8.562122,0
0.032353575,50.083333,18.135828,2.420635,16.527931,1.654991,0.430788,-0.223951,1.704624,0.112606,1.917219,0.355753,0.399031,0.144892,8.581588,0
0.032407407,50.166667,18.143288,2.416424,16.536419,1.65024,0.430283,-0.222744,1.699937,0.111828,1.918214,0.35248,0.397459,0.144415,8.601054,0
0.03246124,50.25,18.150735,2.412208,16.544897,1.645522,0.429781,-0.221556,1.695283,0.111056,1.919209,0.349237,0.395893,0.143943,8.62052,0
0.032515073,50.333333,18.158168,2.407987,16.553366,1.640837,0.429285,-0.220401,1.690662,0.110288,1.920202,0.346024,0.394334,0.143473,8.639986,0
0.032568906,50.416667,18.165589,2.403761,16.561824,1.636185,0.428792,-0.219258,1.686074,0.109524,1.921193,0.34284,0.392782,0.143004,8.659452,0
0.032622739,50.5,18.172997,2.39953,16.570274,1.631565,0.428304,-0.218154,1.681519,0.108765,1.922184,0.339686,0.391236,0.14254,8.678918,0
0.032676572,50.583333,18.180391,2.395294,16.578713,1.626978,0.427821,-0.217062,1.676995,0.10801,1.923174,0.33656,0.389697,0.142077,8.698384,0
0.032730405,50.666667,18.187773,2.391053,16.587143,1.622423,0.427342,-0.215999,1.672504,0.10726,1.924162,0.333464,0.388165,0.141617,8.717851,0
0.032784238,50.75,18.195141,2.386806,16.595563,1.6179,0.426867,-0.214955,1.668045,0.106513,1.925149,0.330396,0.38664,0.141158,8.737317,0
0.032838071,50.833333,18.202496,2.382555,16.603974,1.613407,0.426396,-0.21393,1.663617,0.105771,1.926135,0.327356,0.385121,0.1407,8.756783,0
0.032891904,50.916667,18.209839,2.378298,16.612375,1.608947,0.42593,-0.21293,1.65922,0.105034,1.92712,0.324344,0.383608,0.140245,8.776249,0
0.032945736,51.0,18.217168,2.374037,16.620765,1.604517,0.425467,-0.211943,1.654854,0.1043,1.928104,0.32136,0.382102,0.13979,8.795715,0
0.032999569,51.083333,18.224484,2.369771,16.629147,1.600118,0.425009,-0.210984,1.650519,0.103571,1.929087,0.318403,0.380603,0.139336,8.815181,0
0.033053402,51.166667,18.231786,2.365499,16.637518,1.595749,0.424555,-0.210036,1.646214,0.102846,1.930069,0.315474,0.37911,0.138883,8.834647,0
0.033107235,51.25,18.239076,2.361223,16.64588,1.59141,0.424105,-0.209111,1.64194,0.102125,1.931049,0.312571,0.377624,0.138431,8.854113,0
0.033161068,51.333333,18.246352,2.356941,16.654231,1.587101,0.423659,-0.2082,1.637695,0.101407,1.932028,0.309695,0.376144,0.137979,8.873579,0
0.033214901,51.416667,18.253615,2.352655,16.662573,1.582822,0.423217,-0.207306,1.63348,0.100694,1.933006,0.306846,0.37467,0.137528,8.893045,0
0.033268734,51.5,18.260865,2.348363,16.670905,1.578572,0.422779,-0.20643,1.629294,0.099985,1.933983,0.304023,0.373202,0.137076,8.912511,0
0.033322567,51.583333,18.268102,2.344067,16.679228,1.574351,0.422345,-0.205565,1.625137,0.09928,1.934959,0.301226,0.371741,0.136624,8.931977,0
0.0333764,51.666667,18.275325,2.339765,16.68754,1.570159,0.421915,-0.20472,1.621009,0.098579,1.935934,0.298454,0.370286,0.136171,8.951443,0
0.033430233,51.75,18.282535,2.335459,16.695842,1.565995,0.421489,-0.203884,1.616909,0.097881,1.936907,0.295708,0.368838,0.135719,8.970909,0
0.033484065,51.833333,18.289732,2.331148,16.704135,1.561859,0.421067,-0.203066,1.612838,0.097188,1.93788,0.292988,0.367395,0.135265,8.990375,0
0.033537898,51.916667,18.296916,2.326831,16.712417,1.557752,0.420648,-0.202258,1.608794,0.096498,1.938851,0.290292,0.365959,0.13481,9.009841,0
0.033591731,52.0,18.304086,2.32251,16.72069,1.553672,0.420233,-0.201463,1.604779,0.095812,1.939821,0.287621,0.364528,0.134355,9.029307,0
0.033645564,52.083333,18.311243,2.318184,16.728952,1.54962,0.419822,-0.20068,1.60079,0.095129,1.94079,0.284975,0.363104,0.133896,9.048773,0
0.033699397,52.166667,18.318386,2.313853,16.737205,1.545595,0.419415,-0.199907,1.596829,0.094451,1.941757,0.282353,0.361686,0.133438,9.068239,0
0.03375323,52.25,18.325517,2.309518,16.745447,1.541597,0.419011,-0.199145,1.592895,0.093775,1.942724,0.279755,0.360273,0.132977,9.087705,0
0.033807063,52.333333,18.332633,2.305177,16.75368,1.537626,0.418611,-0.198393,1.588988,0.093104,1.943689,0.277181,0.358867,0.132515,9.107171,0
0.033860896,52.416667,18.339737,2.300831,16.761902,1.533681,0.418214,-0.19765,1.585107,0.092436,1.944653,0.274631,0.357466,0.132051,9.126637,0
0.033914729,52.5,18.346827,2.296481,16.770114,1.529762,0.417821,-0.196917,1.581252,0.091772,1.945616,0.272104,0.356071,0.131583,9.146103,0
0.033968562,52.583333,18.353903,2.292125,16.778317,1.525869,0.417432,-0.19619,1.577424,0.091111,1.946578,0.269601,0.354682,0.131116,9.165569,0
0.034022394,52.666667,18.360966,2.287765,16.786509,1.522002,0.417046,-0.195472,1.57362,0.090454,1.947538,0.26712,0.353298,0.130646,9.185035,0
0.034076227,52.75,18.368016,2.2834,16.794691,1.51816,0.416663,-0.194762,1.569843,0.0898,1.948498,0.264663,0.35192,0.130177,9.204501,0
0.03413006,52.833333,18.375052,2.27903,16.802863,1.514344,0.416283,-0.194055,1.56609,0.08915,1.949456,0.262228,0.350548,0.129708,9.223967,0
0.034183893,52.916667,18.382075,2.274656,16.811024,1.510552,0.415906,-0.193358,1.562363,0.088504,1.950413,0.259815,0.349182,0.129238,9.243433,0
0.034237726,53.0,18.389084,2.270276,16.819176,1.506786,0.415533,-0.192662,1.55866,0.087861,1.951369,0.257425,0.34782,0.128769,9.262899,0
0.034291559,53.083333,18.39608,2.265892,16.827317,1.503044,0.415162,-0.191974,1.554981,0.087222,1.952323,0.255056,0.346465,0.128299,9.282365,0
0.034345392,53.166667,18.403062,2.261503,16.835448,1.499327,0.414795,-0.191289,1.551327,0.086587,1.953277,0.252709,0.345115,0.12783,9.301831,0
0.034399225,53.25,18.410031,2.257109,16.843569,1.495633,0.41443,-0.190607,1.547697,0.085955,1.954229,0.250384,0.34377,0.127361,9.321297,0
0.034453058,53.333333,18.416986,2.25271,16.85168,1.491964,0.414068,-0.189933,1.544091,0.085327,1.95518,0.248081,0.342431,0.126893,9.340763,0
0.034506891,53.416667,18.423927,2.248307,16.85978,1.488319,0.413709,-0.189253,1.540509,0.084703,1.95613,0.245798,0.341097,0.126425,9.360229,0
0.034560724,53.5,18.430855,2.243899,16.86787,1.484697,0.413353,-0.188582,1.53695,0.084082,1.957078,0.243537,0.339768,0.125958,9.379695,0
0.034614556,53.583333,18.437769,2.239486,16.87595,1.481098,0.413,-0.187909,1.533414,0.083464,1.958025,0.241296,0.338445,0.125491,9.399161,0
0.034668389,53.666667,18.44467,2.235068,16.88402,1.477523,0.412649,-0.187238,1.529901,0.082851,1.958972,0.239076,0.337127,0.125025,9.418627,0
0.034722222,53.75,18.451557,2.230646,16.892079,1.47397,0.412301,-0.18657,1.526411,0.082241,1.959917,0.236876,0.335815,0.12456,9.438094,0
0.034776055,53.833333,18.45843,2.226219,16.900128,1.47044,0.411955,-0.185896,1.522944,0.081634,1.96086,0.234697,0.334507,0.124096,9.45756,0
0.034829888,53.916667,18.46529,2.221787,16.908166,1.466933,0.411612,-0.18523,1.519499,0.081031,1.961803,0.232538,0.333205,0.123633,9.477026,0
0.034883721,54.0,18.472136,2.217351,16.916194,1.463449,0.411271,-0.184553,1.516076,0.080432,1.962744,0.230398,0.331908,0.12317,9.496492,0
0.034937554,54.083333,18.478968,2.212909,16.924212,1.459986,0.410933,-0.183882,1.512675,0.079836,1.963684,0.228278,0.330616,0.122709,9.515958,0
0.034991387,54.166667,18.485787,2.208464,16.932219,1.456546,0.410597,-0.183206,1.509296,0.079243,1.964623,0.226178,0.329329,0.122249,9.535424,0
0.03504522,54.25,18.492592,2.204013,16.940216,1.453127,0.410264,-0.182526,1.505939,0.078654,1.965561,0.224097,0.328048,0.12179,9.55489,0
0.035099053,54.333333,18.499383,2.199558,16.948202,1.44973,0.409933,-0.181852,1.502603,0.078069,1.966497,0.222035,0.326771,0.121333,9.574356,0
0.035152885,54.416667,18.50616,2.195098,16.956178,1.446354,0.409604,-0.18116,1.499288,0.077487,1.967432,0.219992,0.3255,0.120877,9.593822,0
0.035206718,54.5,18.512924,2.190633,16.964143,1.443,0.409277,-0.180475,1.495995,0.076909,1.968366,0.217968,0.324234,0.120423,9.613288,0
0.035260551,54.583333,18.519674,2.186164,16.972098,1.439667,0.408952,-0.17978,1.492722,0.076334,1.969299,0.215963,0.322972,0.11997,9.632754,0
0.035314384,54.666667,18.52641,2.181691,16.980043,1.436355,0.40863,-0.179081,1.48947,0.075763,1.970231,0.213976,0.321716,0.119518,9.65222,0
0.035368217,54.75,18.533132,2.177212,16.987977,1.433063,0.40831,-0.178382,1.486239,0.075195,1.971161,0.212007,0.320465,0.119069,9.671686,0
0.03542205,54.833333,18.539841,2.172729,16.9959,1.429793,0.407992,-0.177667,1.483028,0.074631,1.97209,0.210057,0.319218,0.118621,9.691152,0
0.035475883,54.916667,18.546536,2.168242,17.003813,1.426542,0.407676,-0.176959,1.479837,0.07407,1.973018,0.208124,0.317977,0.118174,9.710618,0
0.035529716,55.0,18.553216,2.163749,17.011715,1.423312,0.407361,-0.176231,1.476666,0.073513,1.973944,0.206209,0.31674,0.117731,9.730084,0
0.035583549,55.083333,18.559883,2.159253,17.019606,1.420102,0.407049,-0.175503,1.473515,0.072959,1.97487,0.204312,0.315509,0.117287,9.74955,0
0.035637382,55.166667,18.566536,2.154751,17.027487,1.416912,0.406739,-0.174769,1.470384,0.072408,1.975794,0.202432,0.314282,0.116848,9.769016,0
0.035691214,55.25,18.573176,2.150246,17.035358,1.413742,0.40643,-0.174021,1.467272,0.071861,1.976716,0.20057,0.31306,0.11641,9.788482,0
0.035745047,55.333333,18.579801,2.145735,17.043217,1.410591,0.406124,-0.173279,1.464179,0.071318,1.977638,0.198724,0.311843,0.115974,9.807948,0
0.03579888,55.416667,18.586412,2.14122,17.051066,1.40746,0.405819,-0.172533,1.461106,0.070778,1.978558,0.196896,0.310631,0.115541,9.827414,0
0.035852713,55.5,18.59301,2.136701,17.058904,1.404348,0.405516,-0.171793,1.458052,0.070241,1.979477,0.195084,0.309423,0.115108,9.84688,0
0.035906546,55.583333,18.599593,2.132177,17.066732,1.401255,0.405214,-0.171057,1.455017,0.069708,1.980395,0.19329,0.308221,0.11468,9.866346,0
0.035960379,55.666667,18.606162,2.127648,17.074549,1.398182,0.404915,-0.170325,1.452,0.069178,1.981312,0.191511,0.307023,0.114253,9.885812,0
0.036014212,55.75,18.612718,2.123115,17.082355,1.395127,0.404617,-0.169599,1.449002,0.068651,1.982227,0.189749,0.30583,0.113829,9.905278,0
0.036068045,55.833333,18.61926,2.118578,17.09015,1.392091,0.40432,-0.168876,1.446022,0.068128,1.983141,0.188003,0.304642,0.113408,9.924744,0
0.036121878,55.916667,18.625787,2.114036,17.097935,1.389074,0.404026,-0.168159,1.443061,0.067609,1.984054,0.186274,0.303458,0.112988,9.94421,0
0.036175711,56.0,18.632301,2.109489,17.105709,1.386075,0.403732,-0.167445,1.440118,0.067093,1.984965,0.18456,0.30228,0.112573,9.963676,0
0.036229543,56.083333,18.6388,2.104938,17.113472,1.383094,0.403441,-0.166737,1.437193,0.06658,1.985876,0.182862,0.301105,0.112159,9.983142,0
0.036283376,56.166667,18.645286,2.100383,17.121224,1.380132,0.403151,-0.166034,1.434286,0.06607,1.986785,0.181179,0.299936,0.111747,10.002608,0
0.036337209,56.25,18.651757,2.095823,17.128965,1.377188,0.402862,-0.165333,1.431396,0.065564,1.987692,0.179512,0.298772,0.111341,10.022074,0
0.036391042,56.333333,18.658214,2.091259,17.136696,1.374261,0.402575,-0.164639,1.428524,0.065061,1.988599,0.177861,0.297612,0.110935,10.04154,0
0.036444875,56.416667,18.664657,2.08669,17.144416,1.371353,0.402289,-0.163948,1.42567,0.064562,1.989504,0.176224,0.296456,0.110534,10.061006,0
0.036498708,56.5,18.671087,2.082117,17.152124,1.368462,0.402005,-0.163262,1.422833,0.064066,1.990408,0.174603,0.295306,0.110135,10.080472,0
0.036552541,56.583333,18.677502,2.07754,17.159822,1.365588,0.401722,-0.162581,1.420013,0.063573,1.99131,0.172997,0.29416,0.109737,10.099938,0
0.036606374,56.666667,18.683902,2.072958,17.167509,1.362732,0.40144,-0.161903,1.41721,0.063083,1.992212,0.171405,0.293018,0.109347,10.119404,0
0.036660207,56.75,18.690289,2.068372,17.175185,1.359893,0.40116,-0.16123,1.414424,0.062597,1.993112,0.169828,0.291882,0.108957,10.13887,0
0.03671404,56.833333,18.696662,2.063781,17.18285,1.357072,0.400881,-0.160562,1.411655,0.062114,1.99401,0.168265,0.29075,0.10857,10.158336,0
0.036767873,56.916667,18.70302,2.059186,17.190505,1.354267,0.400603,-0.159897,1.408903,0.061635,1.994908,0.166717,0.289622,0.108188,10.177803,0
0.036821705,57.0,18.709365,2.054587,17.198148,1.35148,0.400326,-0.159238,1.406167,0.061159,1.995804,0.165183,0.2885,0.107807,10.197269,0
0.036875538,57.083333,18.715695,2.049983,17.20578,1.348709,0.400051,-0.158582,1.403447,0.060686,1.996699,0.163664,0.287381,0.107433,10.216735,0
0.036929371,57.166667,18.72201,2.045375,17.213401,1.345955,0.399777,-0.157931,1.400744,0.060216,1.997593,0.162158,0.286268,0.10706,10.236201,0
0.036983204,57.25,18.728312,2.040762,17.221011,1.343217,0.399504,-0.157284,1.398057,0.059749,1.998485,0.160666,0.285159,0.106689,10.255667,0
0.037037037,57.333333,18.7346,2.036146,17.22861,1.340496,0.399232,-0.156641,1.395386,0.059286,1.999376,0.159188,0.284054,0.106326,10.275133,0
0.03709087,57.416667,18.740873,2.031525,17.236198,1.337791,0.398961,-0.156004,1.392732,0.058826,2.000266,0.157723,0.282955,0.105963,10.294599,0
0.037144703,57.5,18.747132,2.026899,17.243775,1.335103,0.398692,-0.155369,1.390093,0.05837,2.001154,0.156272,0.281859,0.105605,10.314065,0
0.037198536,57.583333,18.753376,2.02227,17.251341,1.33243,0.398423,-0.154739,1.387469,0.057916,2.002041,0.154834,0.280769,0.105252,10.333531,0
0.037252369,57.666667,18.759607,2.017636,17.258896,1.329774,0.398156,-0.154114,1.384862,0.057466,2.002927,0.15341,0.279683,0.104899,10.352997,0
0.037306202,57.75,18.765823,2.012998,17.266439,1.327133,0.397889,-0.153492,1.38227,0.057019,2.003811,0.151998,0.278601,0.104555,10.372463,0
0.037360034,57.833333,18.772024,2.008355,17.273972,1.324509,0.397624,-0.152875,1.379693,0.056575,2.004695,0.1506,0.277524,0.104212,10.391929,0
0.037413867,57.916667,18.778212,2.003709,17.281493,1.3219,0.39736,-0.152261,1.377132,0.056135,2.005577,0.149214,0.276452,0.103871,10.411395,0
0.0374677,58.0,18.784385,1.999058,17.289003,1.319307,0.397096,-0.151653,1.374586,0.055697,2.006457,0.147841,0.275384,0.103538,10.430861,0
0.037521533,58.083333,18.790543,1.994403,17.296502,1.316729,0.396834,-0.151048,1.372055,0.055263,2.007336,0.146481,0.27432,0.103206,10.450327,0
0.037575366,58.166667,18.796688,1.989744,17.30399,1.314166,0.396573,-0.150447,1.369539,0.054832,2.008214,0.145133,0.273261,0.102877,10.469793,0
0.037629199,58.25,18.802818,1.98508,17.311466,1.311619,0.396313,-0.149851,1.367038,0.054404,2.009091,0.143798,0.272207,0.10255,10.489259,0
0.037683032,58.333333,18.808933,1.980412,17.318932,1.309087,0.396054,-0.149257,1.364552,0.053978,2.009966,0.142475,0.271157,0.102224,10.508725,0
0.037736865,58.416667,18.815035,1.97574,17.326386,1.30657,0.395796,-0.148669,1.362081,0.053556,2.01084,0.141164,0.270112,0.101899,10.528191,0
0.037790698,58.5,18.821121,1.971064,17.333828,1.304068,0.395539,-0.148085,1.359624,0.053137,2.011713,0.139865,0.269071,0.101575,10.547657,0
0.037844531,58.583333,18.827194,1.966384,17.34126,1.30158,0.395284,-0.147504,1.357181,0.05272,2.012584,0.138578,0.268035,0.101252,10.567123,0
0.037898363,58.666667,18.833252,1.9617,17.34868,1.299108,0.395029,-0.146928,1.354753,0.052306,2.013454,0.137303,0.267003,0.10093,10.586589,0
0.037952196,58.75,18.839295,1.957011,17.356089,1.296649,0.394775,-0.146355,1.352339,0.051895,2.014323,0.13604,0.265975,0.10061,10.606055,0
0.038006029,58.833333,18.845324,1.952318,17.363486,1.294206,0.394523,-0.145787,1.349939,0.051487,2.015191,0.134789,0.264952,0.10029,10.625521,0
0.038059862,58.916667,18.851338,1.947621,17.370873,1.291776,0.394271,-0.145223,1.347553,0.051082,2.016057,0.133548,0.263933,0.099972,10.644987,0
0.038113695,59.0,18.857338,1.94292,17.378247,1.289361,0.39402,-0.144662,1.345181,0.05068,2.016921,0.13232,0.262918,0.099655,10.664453,0
0.038167528,59.083333,18.863324,1.938215,17.385611,1.286959,0.393771,-0.144106,1.342823,0.05028,2.017785,0.131102,0.261908,0.09934,10.683919,0
0.038221361,59.166667,18.869295,1.933506,17.392963,1.284572,0.393522,-0.143553,1.340478,0.049883,2.018647,0.129896,0.260902,0.099026,10.703385,0
0.038275194,59.25,18.875251,1.928793,17.400304,1.282198,0.393274,-0.143005,1.338147,0.049489,2.019507,0.128701,0.2599,0.098712,10.722851,0
0.038329027,59.333333,18.881193,1.924076,17.407633,1.279839,0.393027,-0.14246,1.335829,0.049098,2.020367,0.127517,0.258903,0.098402,10.742317,0
0.03838286,59.416667,18.887121,1.919354,17.414951,1.277492,0.392781,-0.14192,1.333524,0.04871,2.021225,0.126344,0.25791,0.098092,10.761783,0
0.038436693,59.5,18.893033,1.914629,17.422257,1.27516,0.392536,-0.141384,1.331233,0.048324,2.022082,0.125181,0.256921,0.097783,10.781249,0
0.038490525,59.583333,18.898931,1.909899,17.429552,1.272841,0.392291,-0.140852,1.328955,0.047941,2.022937,0.124029,0.255936,0.097477,10.800715,0
0.038544358,59.666667,18.904815,1.905166,17.436835,1.270535,0.392048,-0.140324,1.326689,0.047561,2.023791,0.122888,0.254956,0.097171,10.820181,0
0.038598191,59.75,18.910684,1.900428,17.444107,1.268242,0.391805,-0.139801,1.324437,0.047183,2.024644,0.121758,0.253979,0.096868,10.839647,0
0.038652024,59.833333,18.916538,1.895686,17.451367,1.265963,0.391563,-0.139282,1.322197,0.046809,2.025495,0.120637,0.253007,0.096567,10.859113,0
0.038705857,59.916667,18.922378,1.890941,17.458616,1.263696,0.391322,-0.138768,1.319971,0.046437,2.026345,0.119528,0.252039,0.096266,10.878579,0
0.03875969,60.0,18.928203,1.886191,17.465854,1.261443,0.391082,-0.138257,1.317756,0.046067,2.027193,0.118428,0.251075,0.095968,10.898046,0
0.038813523,60.083333,18.934014,1.881437,17.473079,1.259202,0.390842,-0.137752,1.315554,0.0457,2.028041,0.117338,0.250115,0.095672,10.917512,0
0.038867356,60.166667,18.939809,1.87668,17.480293,1.256975,0.390603,-0.13725,1.313365,0.045336,2.028886,0.116259,0.24916,0.095377,10.936978,0
0.038921189,60.25,18.945591,1.871918,17.487496,1.254759,0.390365,-0.136753,1.311188,0.044975,2.029731,0.115189,0.248208,0.095085,10.956444,0
0.038975022,60.333333,18.951357,1.867153,17.494687,1.252557,0.390128,-0.13626,1.309023,0.044616,2.030574,0.114129,0.247261,0.094794,10.97591,0
0.039028854,60.416667,18.957109,1.862383,17.501866,1.250367,0.389891,-0.135771,1.30687,0.04426,2.031416,0.113079,0.246317,0.094505,10.995376,0
0.039082687,60.5,18.962846,1.85761,17.509034,1.248189,0.389655,-0.135288,1.30473,0.043907,2.032256,0.112039,0.245378,0.094219,11.014842,0
0.03913652,60.583333,18.968568,1.852832,17.51619,1.246024,0.389419,-0.134808,1.302601,0.043556,2.033095,0.111008,0.244442,0.093934,11.034308,0
0.039190353,60.666667,18.974275,1.848051,17.523334,1.243871,0.389185,-0.134332,1.300484,0.043207,2.033933,0.109987,0.243511,0.093651,11.053774,0
0.039244186,60.75,18.979968,1.843266,17.530467,1.24173,0.388951,-0.133861,1.298379,0.042861,2.034769,0.108975,0.242584,0.093371,11.07324,0
0.039298019,60.833333,18.985646,1.838477,17.537588,1.239601,0.388717,-0.133394,1.296286,0.042518,2.035604,0.107972,0.241661,0.093092,11.092706,0
0.039351852,60.916667,18.991309,1.833684,17.544697,1.237484,0.388484,-0.132928,1.294204,0.042178,2.036438,0.106979,0.240741,0.092816,11.112172,0
0.039405685,61.0,18.996958,1.828887,17.551795,1.235379,0.388252,-0.132463,1.292134,0.04184,2.03727,0.105994,0.239826,0.092542,11.131638,0
0.039459518,61.083333,19.002591,1.824086,17.558881,1.233285,0.38802,-0.132001,1.290075,0.041504,2.038101,0.105019,0.238915,0.092269,11.151104,0
0.039513351,61.166667,19.00821,1.819282,17.565955,1.231204,0.387789,-0.131536,1.288028,0.041171,2.03893,0.104053,0.238007,0.092001,11.17057,0
0.039567183,61.25,19.013814,1.814473,17.573017,1.229134,0.387559,-0.131072,1.285992,0.040841,2.039759,0.103096,0.237104,0.091733,11.190036,0
0.039621016,61.333333,19.019403,1.809661,17.580067,1.227076,0.387329,-0.130611,1.283967,0.040512,2.040585,0.102147,0.236204,0.091467,11.209502,0
0.039674849,61.416667,19.024977,1.804845,17.587106,1.225029,0.3871,-0.130146,1.281954,0.040187,2.041411,0.101207,0.235309,0.091206,11.228968,0
0.039728682,61.5,19.030537,1.800025,17.594133,1.222994,0.386871,-0.129685,1.279951,0.039864,2.042234,0.100276,0.234417,0.090946,11.248434,0
0.039782515,61.583333,19.036081,1.795201,17.601148,1.22097,0.386643,-0.129224,1.27796,0.039543,2.043057,0.099353,0.233529,0.090687,11.2679,0
0.039836348,61.666667,19.041611,1.790374,17.608151,1.218957,0.386415,-0.128763,1.275979,0.039225,2.043878,0.098439,0.232646,0.090433,11.287366,0
0.039890181,61.75,19.047126,1.785543,17.615142,1.216956,0.386188,-0.128305,1.274009,0.03891,2.044698,0.097534,0.231766,0.090179,11.306832,0
0.039944014,61.833333,19.052626,1.780708,17.622122,1.214965,0.385962,-0.127846,1.27205,0.038596,2.045516,0.096636,0.23089,0.089928,11.326298,0
0.039997847,61.916667,19.058111,1.775869,17.629089,1.212986,0.385735,-0.127388,1.270102,0.038286,2.046333,0.095747,0.230017,0.089682,11.345764,0
0.04005168,62.0,19.063581,1.771026,17.636045,1.211018,0.38551,-0.126934,1.268164,0.037977,2.047149,0.094866,0.229149,0.089436,11.36523,0
0.040105512,62.083333,19.069036,1.76618,17.642988,1.209061,0.385285,-0.126478,1.266237,0.037671,2.047963,0.093993,0.228285,0.089193,11.384696,0
0.040159345,62.166667,19.074476,1.76133,17.64992,1.207114,0.38506,-0.126025,1.264321,0.037368,2.048776,0.093129,0.227424,0.088954,11.404162,0
0.040213178,62.25,19.079901,1.756476,17.65684,1.205179,0.384836,-0.125574,1.262415,0.037066,2.049587,0.092272,0.226567,0.088715,11.423628,0
0.040267011,62.333333,19.085311,1.751618,17.663748,1.203254,0.384612,-0.125123,1.260519,0.036768,2.050397,0.091423,0.225714,0.088481,11.443094,0
0.040320844,62.416667,19.090706,1.746757,17.670644,1.20134,0.384389,-0.124676,1.258634,0.036471,2.051206,0.090582,0.224865,0.08825,11.46256,0
0.040374677,62.5,19.096087,1.741892,17.677528,1.199436,0.384167,-0.12423,1.256759,0.036177,2.052013,0.089748,0.22402,0.088019,11.482026,0
0.04042851,62.583333,19.101452,1.737024,17.684399,1.197543,0.383944,-0.123785,1.254894,0.035885,2.052818,0.088923,0.223179,0.087793,11.501492,0
0.040482343,62.666667,19.106802,1.732151,17.691259,1.195661,0.383723,-0.123343,1.253039,0.035596,2.053623,0.088104,0.222341,0.08757,11.520958,0
0.040536176,62.75,19.112137,1.727275,17.698107,1.193789,0.383501,-0.122903,1.251194,0.035308,2.054426,0.087294,0.221507,0.087347,11.540424,0
0.040590009,62.833333,19.117457,1.722396,17.704943,1.191927,0.383281,-0.122465,1.24936,0.035024,2.055227,0.086491,0.220677,0.08713,11.55989,0
0.040643842,62.916667,19.122762,1.717513,17.711766,1.190076,0.38306,-0.12203,1.247535,0.034741,2.056027,0.085695,0.219851,0.086915,11.579356,0
0.040697674,63.0,19.128052,1.712626,17.718578,1.188234,0.38284,-0.121596,1.24572,0.034461,2.056826,0.084907,0.219028,0.086701,11.598822,0
0.040751507,63.083333,19.133327,1.707735,17.725377,1.186404,0.382621,-0.121166,1.243915,0.034183,2.057623,0.084125,0.21821,0.086493,11.618289,0
0.04080534,63.166667,19.138587,1.702841,17.732165,1.184583,0.382402,-0.120738,1.24212,0.033907,2.058419,0.083351,0.217395,0.086287,11.637755,0
0.040859173,63.25,19.143832,1.697943,17.73894,1.182772,0.382183,-0.120312,1.240335,0.033633,2.059214,0.082584,0.216584,0.086081,11.657221,0
0.040913006,63.333333,19.149061,1.693042,17.745703,1.180971,0.381965,-0.11989,1.238559,0.033362,2.060007,0.081825,0.215776,0.085882,11.676687,0
0.040966839,63.416667,19.154276,1.688137,17.752454,1.179181,0.381747,-0.11947,1.236793,0.033093,2.060798,0.081072,0.214973,0.085685,11.696153,0
0.041020672,63.5,19.159475,1.683229,17.759193,1.1774,0.38153,-0.119054,1.235037,0.032826,2.061588,0.080326,0.214173,0.085487,11.715619,0
0.041074505,63.583333,19.164659,1.678317,17.765919,1.175629,0.381313,-0.11864,1.23329,0.032561,2.062377,0.079587,0.213377,0.085298,11.735085,0
0.041128338,63.666667,19.169828,1.673401,17.772634,1.173868,0.381097,-0.11823,1.231553,0.032299,2.063164,0.078855,0.212584,0.085109,11.754551,0
0.041182171,63.75,19.174982,1.668482,17.779336,1.172117,0.380881,-0.117822,1.229825,0.032038,2.06395,0.078129,0.211796,0.084921,11.774017,0
0.041236003,63.833333,19.180121,1.663559,17.786026,1.170376,0.380665,-0.117418,1.228106,0.03178,2.064735,0.07741,0.211011,0.084741,11.793483,0
0.041289836,63.916667,19.185244,1.658633,17.792704,1.168644,0.38045,-0.117018,1.226397,0.031524,2.065517,0.076698,0.21023,0.084562,11.812949,0
0.041343669,64.0,19.190352,1.653703,17.799369,1.166922,0.380235,-0.116621,1.224697,0.03127,2.066299,0.075992,0.209452,0.084383,11.832415,0
0.041397502,64.083333,19.195445,1.64877,17.806022,1.165209,0.380021,-0.116227,1.223007,0.031018,2.067079,0.075293,0.208679,0.084212,11.851881,0
0.041451335,64.166667,19.200523,1.643834,17.812663,1.163506,0.379807,-0.115838,1.221325,0.030769,2.067858,0.0746,0.207909,0.084042,11.871347,0
0.041505168,64.25,19.205586,1.638894,17.819292,1.161813,0.379593,-0.115451,1.219653,0.030521,2.068635,0.073914,0.207142,0.083873,11.890813,0
0.041559001,64.333333,19.210633,1.63395,17.825908,1.160129,0.37938,-0.115068,1.21799,0.030275,2.069411,0.073234,0.20638,0.08371,11.910279,0
0.041612834,64.416667,19.215665,1.629003,17.832512,1.158454,0.379168,-0.114691,1.216336,0.030032,2.070185,0.07256,0.205621,0.083548,11.929745,0
0.041666667,64.5,19.220682,1.624052,17.839104,1.156789,0.378956,-0.114317,1.214691,0.02979,2.070958,0.071893,0.204866,0.083387,11.949211,0
0.0417205,64.583333,19.225684,1.619098,17.845683,1.155133,0.378744,-0.113946,1.213055,0.029551,2.071729,0.071231,0.204114,0.08323,11.968677,0
0.041774332,64.666667,19.23067,1.614141,17.85225,1.153486,0.378533,-0.113583,1.211428,0.029314,2.072499,0.070576,0.203367,0.083074,11.988143,0
0.041828165,64.75,19.235641,1.60918,17.858805,1.151848,0.378322,-0.113221,1.20981,0.029078,2.073268,0.069927,0.202622,0.082919,12.007609,0
0.041881998,64.833333,19.240597,1.604216,17.865347,1.15022,0.378112,-0.112865,1.208201,0.028844,2.074035,0.069283,0.201882,0.082767,12.027075,0
0.041935831,64.916667,19.245537,1.599249,17.871877,1.1486,0.377902,-0.112515,1.2066,0.028613,2.074801,0.068646,0.201145,0.082617,12.046541,0
0.041989664,65.0,19.250462,1.594278,17.878394,1.14699,0.377693,-0.112167,1.205008,0.028383,2.075565,0.068014,0.200412,0.082466,12.066007,0
0.042043497,65.083333,19.255372,1.589303,17.884899,1.145388,0.377484,-0.111825,1.203425,0.028155,2.076328,0.067388,0.199682,0.08232,12.085473,0
0.04209733,65.166667,19.260266,1.584326,17.891391,1.143795,0.377276,-0.111489,1.20185,0.027929,2.077089,0.066768,0.198956,0.082174,12.104939,0
0.042151163,65.25,19.265145,1.579345,17.897871,1.142212,0.377068,-0.111155,1.200284,0.027705,2.077849,0.066154,0.198234,0.082029,12.124405,0
0.042204996,65.333333,19.270009,1.57436,17.904339,1.140636,0.376861,-0.110828,1.198727,0.027483,2.078607,0.065545,0.197515,0.081887,12.143871,0
0.042258829,65.416667,19.274857,1.569372,17.910794,1.13907,0.376654,-0.110507,1.197177,0.027263,2.079364,0.064942,0.1968,0.081747,12.163337,0
0.042312661,65.5,19.27969,1.564381,17.917236,1.137513,0.376447,-0.110188,1.195637,0.027044,2.080119,0.064345,0.196088,0.081607,12.182803,0
0.042366494,65.583333,19.284508,1.559387,17.923666,1.135964,0.376241,-0.109876,1.194104,0.026828,2.080873,0.063753,0.19538,0.081469,12.202269,0
0.042420327,65.666667,19.28931,1.554389,17.930084,1.134423,0.376036,-0.10957,1.19258,0.026613,2.081626,0.063166,0.194676,0.081334,12.221735,0
0.04247416,65.75,19.294096,1.549388,17.936489,1.132891,0.375831,-0.109266,1.191064,0.0264,2.082377,0.062585,0.193974,0.081198,12.241201,0
0.042527993,65.833333,19.298868,1.544384,17.942881,1.131368,0.375626,-0.10897,1.189557,0.026189,2.083126,0.062009,0.193277,0.081065,12.260667,0
0.042581826,65.916667,19.303623,1.539377,17.949261,1.129853,0.375422,-0.10868,1.188057,0.025979,2.083874,0.061439,0.192583,0.080933,12.280133,0
0.042635659,66.0,19.308364,1.534366,17.955628,1.128346,0.375219,-0.108392,1.186566,0.025771,2.084621,0.060873,0.191892,0.080802,12.299599,0
0.042689492,66.083333,19.313089,1.529352,17.961983,1.126848,0.375016,-0.108112,1.185082,0.025565,2.085366,0.060313,0.191205,0.080673,12.319065,0
0.042743325,66.166667,19.317798,1.524335,17.968325,1.125358,0.374813,-0.107838,1.183607,0.025361,2.08611,0.059759,0.190521,0.080545,12.338531,0
0.042797158,66.25,19.322492,1.519314,17.974654,1.123876,0.374611,-0.107566,1.18214,0.025159,2.086852,0.059209,0.189841,0.080418,12.357998,0
0.042850991,66.333333,19.32717,1.514291,17.980971,1.122402,0.374409,-0.107303,1.18068,0.024958,2.087592,0.058664,0.189164,0.080292,12.377464,0
0.042904823,66.416667,19.331833,1.509264,17.987275,1.120936,0.374208,-0.107046,1.179228,0.024759,2.088332,0.058124,0.188491,0.080169,12.39693,0
0.042958656,66.5,19.336481,1.504234,17.993566,1.119479,0.374007,-0.10679,1.177785,0.024561,2.089069,0.057589,0.187821,0.080046,12.416396,0
0.043012489,66.583333,19.341112,1.499201,17.999845,1.118029,0.373807,-0.106544,1.176348,0.024365,2.089805,0.05706,0.187154,0.079923,12.435862,0
0.043066322,66.666667,19.345729,1.494164,18.006111,1.116587,0.373607,-0.106304,1.17492,0.024171,2.09054,0.056535,0.186491,0.079803,12.455328,0
0.043120155,66.75,19.35033,1.489125,18.012364,1.115154,0.373407,-0.106065,1.173499,0.023978,2.091273,0.056014,0.185831,0.079684,12.474794,0
0.043173988,66.833333,19.354915,1.484082,18.018605,1.113728,0.373208,-0.105837,1.172086,0.023788,2.092005,0.055499,0.185174,0.079565,12.49426,0
0.043227821,66.916667,19.359485,1.479036,18.024833,1.11231,0.37301,-0.105614,1.170681,0.023598,2.092735,0.054988,0.184521,0.079448,12.513726,0
0.043281654,67.0,19.364039,1.473987,18.031048,1.110899,0.372812,-0.105393,1.169282,0.023411,2.093464,0.054483,0.183871,0.079332,12.533192,0
0.043335487,67.083333,19.368577,1.468935,18.03725,1.109497,0.372614,-0.105178,1.167892,0.023224,2.094191,0.053981,0.183225,0.079216,12.552658,0
0.04338932,67.166667,19.3731,1.46388,18.04344,1.108102,0.372417,-0.104968,1.166509,0.02304,2.094917,0.053485,0.182581,0.079102,12.572124,0
0.043443152,67.25,19.377608,1.458822,18.049617,1.106714,0.37222,-0.104759,1.165133,0.022857,2.095641,0.052993,0.181941,0.078989,12.59159,0
0.043496985,67.333333,19.3821,1.45376,18.055781,1.105335,0.372024,-0.104553,1.163764,0.022675,2.096364,0.052505,0.181304,0.078876,12.611056,0
0.043550818,67.416667,19.386576,1.448696,18.061932,1.103962,0.371828,-0.104347,1.162403,0.022495,2.097085,0.052022,0.180671,0.078765,12.630522,0
0.043604651,67.5,19.391036,1.443628,18.068071,1.102598,0.371633,-0.104144,1.161049,0.022317,2.097805,0.051543,0.180041,0.078655,12.649988,0
0.043658484,67.583333,19.395481,1.438558,18.074196,1.10124,0.371438,-0.103942,1.159702,0.02214,2.098523,0.051069,0.179413,0.078545,12.669454,0
0.043712317,67.666667,19.39991,1.433484,18.080309,1.09989,0.371244,-0.103742,1.158362,0.021965,2.09924,0.050599,0.17879,0.078435,12.68892,0
0.04376615,67.75,19.404324,1.428407,18.086409,1.098547,0.37105,-0.103543,1.15703,0.021791,2.099955,0.050134,0.178169,0.078328,12.708386,0
0.043819983,67.833333,19.408722,1.423328,18.092496,1.097212,0.370856,-0.103346,1.155704,0.021618,2.100669,0.049672,0.177551,0.078221,12.727852,0
0.043873816,67.916667,19.413104,1.418245,18.09857,1.095884,0.370663,-0.10315,1.154386,0.021447,2.101381,0.049215,0.176937,0.078114,12.747318,0
0.043927649,68.0,19.417471,1.413159,18.104631,1.094562,0.37047,-0.102956,1.153074,0.021278,2.102092,0.048763,0.176326,0.078009,12.766784,0
0.043981481,68.083333,19.421822,1.408071,18.110679,1.093248,0.370278,-0.102763,1.151769,0.02111,2.102801,0.048314,0.175718,0.077904,12.78625,0
0.044035314,68.166667,19.426157,1.402979,18.116715,1.091942,0.370086,-0.102572,1.150471,0.020943,2.103509,0.047869,0.175113,0.0778,12.805716,0
0.044089147,68.25,19.430476,1.397884,18.122737,1.090642,0.369895,-0.102382,1.14918,0.020778,2.104215,0.047429,0.174511,0.077696,12.825182,0
0.04414298,68.333333,19.43478,1.392787,18.128746,1.089349,0.369704,-0.102194,1.147896,0.020614,2.104919,0.046993,0.173912,0.077594,12.844648,0
0.044196813,68.416667,19.439068,1.387686,18.134743,1.088063,0.369514,-0.102007,1.146618,0.020452,2.105623,0.04656,0.173316,0.077492,12.864114,0
0.044250646,68.5,19.443341,1.382583,18.140726,1.086784,0.369324,-0.101821,1.145348,0.02029,2.106324,0.046132,0.172723,0.07739,12.88358,0
0.044304479,68.583333,19.447597,1.377476,18.146697,1.085512,0.369134,-0.101637,1.144083,0.020131,2.107024,0.045707,0.172134,0.07729,12.903046,0
0.044358312,68.666667,19.451838,1.372367,18.152654,1.084246,0.368945,-0.101454,1.142826,0.019972,2.107723,0.045287,0.171547,0.077189,12.922512,0
0.044412145,68.75,19.456063,1.367255,18.158599,1.082988,0.368756,-0.101272,1.141575,0.019815,2.10842,0.04487,0.170964,0.077089,12.941978,0
0.044465978,68.833333,19.460272,1.36214,18.16453,1.081736,0.368568,-0.101092,1.14033,0.01966,2.109115,0.044457,0.170383,0.07699,12.961444,0
0.044519811,68.916667,19.464466,1.357022,18.170449,1.08049,0.36838,-0.100912,1.139092,0.019505,2.109809,0.044048,0.169805,0.076892,12.98091,0
0.044573643,69.0,19.468643,1.351901,18.176354,1.079252,0.368193,-0.100734,1.13786,0.019352,2.110502,0.043643,0.169231,0.076794,13.000376,0
0.044627476,69.083333,19.472805,1.346777,18.182247,1.07802,0.368006,-0.100557,1.136635,0.019201,2.111193,0.043242,0.168659,0.076696,13.019842,0
0.044681309,69.166667,19.476951,1.341651,18.188126,1.076794,0.367819,-0.100381,1.135416,0.01905,2.111882,0.042844,0.16809,0.076599,13.039308,0
0.044735142,69.25,19.481082,1.336521,18.193992,1.075575,0.367633,-0.100206,1.134203,0.018901,2.11257,0.04245,0.167524,0.076503,13.058774,0
0.044788975,69.333333,19.485196,1.331389,18.199845,1.074363,0.367447,-0.100033,1.132997,0.018753,2.113256,0.042059,0.166961,0.076406,13.078241,0
0.044842808,69.416667,19.489295,1.326254,18.205685,1.073156,0.367262,-0.09986,1.131796,0.018606,2.113941,0.041672,0.166401,0.076311,13.097707,0
0.044896641,69.5,19.493378,1.321116,18.211512,1.071956,0.367077,-0.099689,1.130602,0.018461,2.114624,0.041289,0.165844,0.076216,13.117173,0
0.044950474,69.583333,19.497444,1.315975,18.217325,1.070763,0.366892,-0.099519,1.129414,0.018317,2.115306,0.040909,0.165289,0.07612,13.136639,0
0.045004307,69.666667,19.501495,1.310832,18.223126,1.069576,0.366708,-0.099349,1.128232,0.018174,2.115986,0.040532,0.164738,0.076026,13.156105,0
0.04505814,69.75,19.505531,1.305686,18.228913,1.068394,0.366525,-0.099181,1.127056,0.018032,2.116664,0.040159,0.164189,0.075932,13.175571,0
0.045111972,69.833333,19.50955,1.300537,18.234687,1.06722,0.366341,-0.099014,1.125886,0.017891,2.117341,0.03979,0.163643,0.075838,13.195037,0
0.045165805,69.916667,19.513553,1.295385,18.240448,1.066051,0.366158,-0.098848,1.124722,0.017752,2.118017,0.039424,0.1631,0.075744,13.214503,0
0.045219638,70.0,19.517541,1.290231,18.246196,1.064888,0.365976,-0.098682,1.123564,0.017614,2.118691,0.039061,0.16256,0.075651,13.233969,0
0.045273471,70.083333,19.521513,1.285073,18.251931,1.063731,0.365794,-0.098518,1.122412,0.017477,2.119363,0.038702,0.162022,0.075558,13.253435,0
0.045327304,70.166667,19.525468,1.279914,18.257652,1.062581,0.365612,-0.098355,1.121265,0.017341,2.120034,0.038346,0.161488,0.075465,13.272901,0
0.045381137,70.25,19.529408,1.274751,18.26336,1.061436,0.365431,-0.098193,1.120125,0.017206,2.120703,0.037993,0.160956,0.075373,13.292367,0
0.04543497,70.333333,19.533332,1.269586,18.269055,1.060297,0.36525,-0.098033,1.11899,0.017073,2.121371,0.037643,0.160426,0.07528,13.311833,0
0.045488803,70.416667,19.53724,1.264418,18.274737,1.059164,0.365069,-0.097873,1.117861,0.01694,2.122037,0.037297,0.1599,0.075188,13.331299,0
0.045542636,70.5,19.541132,1.259247,18.280405,1.058037,0.364889,-0.097715,1.116737,0.016809,2.122702,0.036954,0.159376,0.075097,13.350765,0
0.045596469,70.583333,19.545008,1.254074,18.28606,1.056916,0.364709,-0.097558,1.115619,0.016679,2.123365,0.036614,0.158854,0.075005,13.370231,0
0.045650301,70.666667,19.548868,1.248898,18.291702,1.0558,0.36453,-0.097402,1.114507,0.01655,2.124026,0.036277,0.158336,0.074914,13.389697,0
0.045704134,70.75,19.552712,1.243719,18.29733,1.054691,0.364351,-0.097247,1.1134,0.016422,2.124686,0.035943,0.15782,0.074822,13.409163,0
0.045757967,70.833333,19.55654,1.238538,18.302945,1.053586,0.364172,-0.097093,1.112299,0.016295,2.125345,0.035612,0.157306,0.074731,13.428629,0
0.0458118,70.916667,19.560352,1.233354,18.308547,1.052488,0.363994,-0.09694,1.111203,0.016169,2.126002,0.035285,0.156796,0.07464,13.448095,0
0.045865633,71.0,19.564149,1.228167,18.314135,1.051395,0.363816,-0.096789,1.110112,0.016044,2.126657,0.03496,0.156287,0.074549,13.467561,0
0.045919466,71.083333,19.567929,1.222978,18.319711,1.050307,0.363639,-0.096638,1.109027,0.015921,2.127311,0.034639,0.155782,0.074459,13.487027,0
0.045973299,71.166667,19.571693,1.217787,18.325272,1.049226,0.363462,-0.096489,1.107947,0.015798,2.127963,0.03432,0.155279,0.074368,13.506493,0
0.046027132,71.25,19.575441,1.212592,18.330821,1.048149,0.363285,-0.096341,1.106873,0.015676,2.128613,0.034004,0.154778,0.074277,13.525959,0
0.046080965,71.333333,19.579173,1.207396,18.336356,1.047078,0.363108,-0.096194,1.105803,0.015556,2.129262,0.033691,0.15428,0.074187,13.545425,0
0.046134798,71.416667,19.582889,1.202196,18.341877,1.046012,0.362932,-0.096048,1.104739,0.015436,2.12991,0.033381,0.153785,0.074096,13.564891,0
0.04618863,71.5,19.586589,1.196994,18.347385,1.044952,0.362757,-0.095903,1.10368,0.015318,2.130555,0.033074,0.153292,0.074006,13.584357,0
0.046242463,71.583333,19.590273,1.19179,18.35288,1.043897,0.362581,-0.095759,1.102627,0.0152,2.1312,0.03277,0.152802,0.073916,13.603823,0
0.046296296,71.666667,19.593941,1.186583,18.358361,1.042847,0.362406,-0.095616,1.101578,0.015084,2.131842,0.032468,0.152314,0.073826,13.623289,0
0.046350129,71.75,19.597593,1.181374,18.363829,1.041803,0.362231,-0.095475,1.100534,0.014968,2.132484,0.03217,0.151828,0.073737,13.642755,0
0.046403962,71.833333,19.601229,1.176162,18.369283,1.040763,0.362057,-0.095334,1.099496,0.014854,2.133123,0.031874,0.151345,0.073648,13.662221,0
0.046457795,71.916667,19.604849,1.170947,18.374724,1.039729,0.361883,-0.095195,1.098462,0.01474,2.133761,0.03158,0.150865,0.073559,13.681687,0
0.046511628,72.0,19.608452,1.16573,18.380151,1.0387,0.361709,-0.095056,1.097434,0.014627,2.134397,0.03129,0.150386,0.073471,13.701153,0
0.046565461,72.083333,19.61204,1.160511,18.385565,1.037676,0.361536,-0.094919,1.09641,0.014516,2.135032,0.031002,0.149911,0.073383,13.720619,0
0.046619294,72.166667,19.615611,1.155289,18.390966,1.036657,0.361363,-0.094783,1.095391,0.014405,2.135665,0.030717,0.149437,0.073296,13.740085,0
0.046673127,72.25,19.619166,1.150065,18.396353,1.035643,0.36119,-0.094647,1.094377,0.014295,2.136297,0.030434,0.148966,0.073208,13.759551,0
0.04672696,72.333333,19.622706,1.144838,18.401726,1.034634,0.361018,-0.094513,1.093368,0.014186,2.136927,0.030154,0.148498,0.073122,13.779017,0
0.046780792,72.416667,19.626229,1.139609,18.407086,1.03363,0.360846,-0.09438,1.092364,0.014079,2.137556,0.029877,0.148031,0.073035,13.798483,0
0.046834625,72.5,19.629736,1.134377,18.412432,1.032631,0.360674,-0.094248,1.091364,0.013972,2.138182,0.029602,0.147568,0.072949,13.81795,0
0.046888458,72.583333,19.633226,1.129143,18.417765,1.031637,0.360502,-0.094117,1.090369,0.013865,2.138808,0.029329,0.147106,0.072864,13.837416,0
0.046942291,72.666667,19.636701,1.123907,18.423084,1.030648,0.360331,-0.093987,1.089379,0.01376,2.139431,0.02906,0.146647,0.072779,13.856882,0
0.046996124,72.75,19.64016,1.118668,18.428389,1.029663,0.36016,-0.093858,1.088394,0.013656,2.140053,0.028792,0.14619,0.072694,13.876348,0
0.047049957,72.833333,19.643602,1.113427,18.433681,1.028684,0.35999,-0.09373,1.087413,0.013553,2.140674,0.028527,0.145735,0.072609,13.895814,0
0.04710379,72.916667,19.647028,1.108184,18.438959,1.027709,0.35982,-0.093603,1.086437,0.01345,2.141293,0.028265,0.145283,0.072525,13.91528,0
0.047157623,73.0,19.650438,1.102938,18.444224,1.026738,0.35965,-0.093477,1.085465,0.013349,2.14191,0.028005,0.144833,0.072442,13.934746,0
0.047211456,73.083333,19.653832,1.09769,18.449475,1.025773,0.35948,-0.093353,1.084498,0.013248,2.142526,0.027747,0.144385,0.072358,13.954212,0
0.047265289,73.166667,19.657209,1.092439,18.454712,1.024812,0.359311,-0.093229,1.083535,0.013148,2.14314,0.027492,0.14394,0.072276,13.973678,0
0.047319121,73.25,19.660571,1.087186,18.459936,1.023856,0.359142,-0.093106,1.082577,0.013049,2.143752,0.027239,0.143496,0.072193,13.993144,0
0.047372954,73.333333,19.663916,1.081931,18.465146,1.022904,0.358973,-0.092984,1.081624,0.012951,2.144363,0.026988,0.143055,0.072111,14.01261,0
0.047426787,73.416667,19.667245,1.076674,18.470343,1.021957,0.358805,-0.092863,1.080674,0.012854,2.144973,0.02674,0.142616,0.072029,14.032076,0
0.04748062,73.5,19.670558,1.071414,18.475525,1.021015,0.358637,-0.092743,1.07973,0.012757,2.14558,0.026494,0.14218,0.071948,14.051542,0
0.047534453,73.583333,19.673854,1.066153,18.480694,1.020077,0.358469,-0.092625,1.078789,0.012662,2.146186,0.02625,0.141745,0.071867,14.071008,0
0.047588286,73.666667,19.677135,1.060888,18.48585,1.019143,0.358301,-0.092507,1.077853,0.012567,2.146791,0.026009,0.141313,0.071786,14.090474,0
0.047642119,73.75,19.680399,1.055622,18.490991,1.018214,0.358134,-0.09239,1.076921,0.012473,2.147394,0.025769,0.140883,0.071706,14.10994,0
0.047695952,73.833333,19.683647,1.050353,18.496119,1.01729,0.357967,-0.092274,1.075994,0.01238,2.147995,0.025532,0.140455,0.071626,14.129406,0
0.047749785,73.916667,19.686878,1.045082,18.501233,1.016369,0.3578,-0.092159,1.07507,0.012287,2.148595,0.025297,0.14003,0.071547,14.148872,0
0.047803618,74.0,19.690094,1.039809,18.506333,1.015454,0.357634,-0.092045,1.074151,0.012196,2.149193,0.025065,0.139606,0.071468,14.168338,0
0.04785745,74.083333,19.693293,1.034534,18.51142,1.014542,0.357468,-0.091932,1.073237,0.012105,2.149789,0.024834,0.139184,0.071389,14.187804,0
0.047911283,74.166667,19.696475,1.029257,18.516493,1.013635,0.357302,-0.09182,1.072326,0.012015,2.150384,0.024606,0.138765,0.071311,14.20727,0
0.047965116,74.25,19.699642,1.023977,18.521552,1.012732,0.357137,-0.091709,1.071419,0.011925,2.150977,0.024379,0.138348,0.071233,14.226736,0
0.048018949,74.333333,19.702792,1.018695,18.526597,1.011833,0.356971,-0.0916,1.070517,0.011837,2.151569,0.024155,0.137933,0.071156,14.246202,0
0.048072782,74.416667,19.705926,1.013411,18.531629,1.010939,0.356806,-0.09149,1.069619,0.011749,2.152159,0.023933,0.13752,0.071078,14.265668,0
0.048126615,74.5,19.709044,1.008125,18.536646,1.010049,0.356642,-0.091382,1.068724,0.011662,2.152747,0.023712,0.137109,0.071002,14.285134,0
0.048180448,74.583333,19.712145,1.002837,18.54165,1.009163,0.356477,-0.091275,1.067834,0.011576,2.153334,0.023494,0.1367,0.070925,14.3046,0
0.048234281,74.666667,19.71523,0.997547,18.54664,1.008281,0.356313,-0.091169,1.066948,0.01149,2.153919,0.023278,0.136293,0.070849,14.324066,0
0.048288114,74.75,19.718299,0.992254,18.551616,1.007403,0.356149,-0.091064,1.066066,0.011406,2.154502,0.023064,0.135888,0.070774,14.343532,0
0.048341947,74.833333,19.721351,0.98696,18.556578,1.006529,0.355986,-0.090959,1.065188,0.011322,2.155084,0.022852,0.135485,0.070698,14.362998,0
0.04839578,74.916667,19.724387,0.981663,18.561527,1.00566,0.355823,-0.090856,1.064313,0.011238,2.155664,0.022641,0.135085,0.070623,14.382464,0
0.048449612,75.0,19.727407,0.976364,18.566461,1.004794,0.355659,-0.090754,1.063443,0.011156,2.156243,0.022433,0.134686,0.070549,14.40193,0
0.048503445,75.083333,19.73041,0.971064,18.571382,1.003933,0.355497,-0.090652,1.062577,0.011074,2.15682,0.022227,0.134289,0.070475,14.421396,0
0.048557278,75.166667,19.733397,0.965761,18.576288,1.003075,0.355334,-0.090551,1.061714,0.010993,2.157395,0.022022,0.133894,0.070401,14.440862,0
0.048611111,75.25,19.736368,0.960456,18.581181,1.002222,0.355172,-0.090452,1.060855,0.010912,2.157969,0.02182,0.133502,0.070328,14.460328,0
0.048664944,75.333333,19.739322,0.955149,18.58606,1.001372,0.35501,-0.090353,1.06,0.010832,2.158541,0.021619,0.133111,0.070255,14.479794,0
0.048718777,75.416667,19.74226,0.94984,18.590925,1.000526,0.354848,-0.090255,1.059149,0.010753,2.159111,0.02142,0.132722,0.070183,14.49926,0
0.04877261,75.5,19.745181,0.944529,18.595776,0.999684,0.354687,-0.090158,1.058301,0.010675,2.15968,0.021223,0.132335,0.07011,14.518726,0
0.048826443,75.583333,19.748086,0.939216,18.600613,0.998846,0.354525,-0.090062,1.057458,0.010597,2.160247,0.021028,0.13195,0.070038,14.538193,0
0.048880276,75.666667,19.750975,0.933901,18.605436,0.998012,0.354364,-0.089967,1.056618,0.01052,2.160813,0.020834,0.131568,0.069967,14.557659,0
0.048934109,75.75,19.753847,0.928584,18.610245,0.997182,0.354204,-0.089872,1.055782,0.010444,2.161377,0.020642,0.131186,0.069896,14.577125,0
0.048987941,75.833333,19.756703,0.923265,18.61504,0.996356,0.354043,-0.089779,1.054949,0.010368,2.161939,0.020453,0.130807,0.069826,14.596591,0
0.049041774,75.916667,19.759543,0.917945,18.619821,0.995533,0.353883,-0.089687,1.05412,0.010293,2.162499,0.020264,0.13043,0.069755,14.616057,0
0.049095607,76.0,19.762366,0.912622,18.624589,0.994714,0.353723,-0.089595,1.053295,0.010218,2.163058,0.020078,0.130055,0.069685,14.635523,0
0.04914944,76.083333,19.765172,0.907297,18.629342,0.993899,0.353563,-0.089504,1.052473,0.010145,2.163616,0.019893,0.129681,0.069616,14.654989,0
0.049203273,76.166667,19.767963,0.901971,18.634081,0.993087,0.353404,-0.089414,1.051655,0.010071,2.164171,0.01971,0.12931,0.069547,14.674455,0
0.049257106,76.25,19.770737,0.896642,18.638806,0.992279,0.353245,-0.089325,1.05084,0.009999,2.164725,0.019529,0.12894,0.069478,14.693921,0
0.049310939,76.333333,19.773494,0.891312,18.643517,0.991475,0.353086,-0.089237,1.050029,0.009927,2.165278,0.019349,0.128572,0.069409,14.713387,0
0.049364772,76.416667,19.776235,0.885979,18.648214,0.990674,0.352927,-0.089149,1.049221,0.009856,2.165828,0.019171,0.128206,0.069342,14.732853,0
0.049418605,76.5,19.778959,0.880645,18.652897,0.989877,0.352769,-0.089062,1.048417,0.009785,2.166378,0.018995,0.127842,0.069274,14.752319,0
0.049472438,76.583333,19.781667,0.875309,18.657565,0.989084,0.35261,-0.088976,1.047617,0.009715,2.166925,0.01882,0.12748,0.069206,14.771785,0
0.04952627,76.666667,19.784359,0.869971,18.66222,0.988294,0.352452,-0.088891,1.04682,0.009646,2.167471,0.018647,0.12712,0.069139,14.791251,0
0.049580103,76.75,19.787034,0.864631,18.666861,0.987508,0.352295,-0.088806,1.046026,0.009577,2.168015,0.018475,0.126761,0.069073,14.810717,0
0.049633936,76.833333,19.789693,0.85929,18.671487,0.986725,0.352137,-0.088722,1.045236,0.009508,2.168557,0.018305,0.126404,0.069007,14.830183,0
0.049687769,76.916667,19.792335,0.853947,18.6761,0.985946,0.35198,-0.088639,1.044449,0.009441,2.169098,0.018137,0.126049,0.068941,14.849649,0
0.049741602,77.0,19.794961,0.848601,18.680698,0.98517,0.351823,-0.088556,1.043665,0.009374,2.169637,0.01797,0.125696,0.068875,14.869115,0
0.049795435,77.083333,19.79757,0.843254,18.685282,0.984398,0.351666,-0.088474,1.042885,0.009307,2.170175,0.017805,0.125344,0.068811,14.888581,0
0.049849268,77.166667,19.800162,0.837906,18.689852,0.983629,0.351509,-0.088392,1.042108,0.009241,2.170711,0.017641,0.124995,0.068746,14.908047,0
0.049903101,77.25,19.802739,0.832555,18.694408,0.982863,0.351353,-0.088312,1.041334,0.009176,2.171245,0.017479,0.124647,0.068682,14.927513,0
0.049956934,77.333333,19.805298,0.827203,18.69895,0.982101,0.351197,-0.088231,1.040564,0.009111,2.171777,0.017318,0.124301,0.068617,14.946979,0
0.050010767,77.416667,19.807841,0.821849,18.703477,0.981342,0.351041,-0.088152,1.039797,0.009047,2.172308,0.017158,0.123956,0.068554,14.966445,0
0.050064599,77.5,19.810368,0.816493,18.707991,0.980587,0.350885,-0.088073,1.039033,0.008983,2.172838,0.017001,0.123614,0.068491,14.985911,0
0.050118432,77.583333,19.812878,0.811135,18.71249,0.979835,0.35073,-0.087994,1.038272,0.00892,2.173365,0.016844,0.123273,0.068428,15.005377,0
0.050172265,77.666667,19.815372,0.805776,18.716975,0.979086,0.350575,-0.087916,1.037515,0.008857,2.173891,0.016689,0.122933,0.068365,15.024843,0
0.050226098,77.75,19.817849,0.800415,18.721446,0.978341,0.35042,-0.087839,1.036761,0.008795,2.174415,0.016536,0.122596,0.068303,15.044309,0
0.050279931,77.833333,19.820309,0.795053,18.725902,0.977599,0.350265,-0.087763,1.03601,0.008734,2.174938,0.016383,0.12226,0.068241,15.063775,0
0.050333764,77.916667,19.822753,0.789688,18.730344,0.97686,0.35011,-0.087687,1.035262,0.008673,2.175459,0.016233,0.121926,0.06818,15.083241,0
0.050387597,78.0,19.825181,0.784322,18.734773,0.976124,0.349956,-0.087611,1.034517,0.008612,2.175978,0.016083,0.121593,0.068119,15.102707,0
0.05044143,78.083333,19.827592,0.778955,18.739186,0.975391,0.349802,-0.087536,1.033775,0.008552,2.176495,0.015935,0.121263,0.068058,15.122173,0
0.050495263,78.166667,19.829986,0.773585,18.743586,0.974662,0.349648,-0.087462,1.033037,0.008493,2.177011,0.015789,0.120934,0.067998,15.141639,0
0.050549096,78.25,19.832364,0.768215,18.747971,0.973936,0.349494,-0.087388,1.032301,0.008434,2.177525,0.015644,0.120606,0.067938,15.161105,0
0.050602929,78.333333,19.834725,0.762842,18.752342,0.973213,0.349341,-0.087315,1.031569,0.008376,2.178038,0.0155,0.12028,0.067878,15.180571,0
0.050656761,78.416667,19.83707,0.757468,18.756699,0.972493,0.349188,-0.087243,1.030839,0.008318,2.178549,0.015357,0.119956,0.067819,15.200037,0
0.050710594,78.5,19.839398,0.752092,18.761041,0.971777,0.349035,-0.087171,1.030113,0.00826,2.179058,0.015216,0.119634,0.06776,15.219503,0
0.050764427,78.583333,19.841709,0.746715,18.76537,0.971063,0.348882,-0.087099,1.029389,0.008203,2.179565,0.015076,0.119313,0.067702,15.238969,0
0.05081826,78.666667,19.844004,0.741336,18.769683,0.970352,0.348729,-0.087028,1.028669,0.008147,2.180071,0.014937,0.118994,0.067644,15.258435,0
0.050872093,78.75,19.846282,0.735955,18.773983,0.969645,0.348577,-0.086958,1.027951,0.008091,2.180575,0.0148,0.118676,0.067586,15.277902,0
0.050925926,78.833333,19.848544,0.730573,18.778268,0.968941,0.348425,-0.086888,1.027237,0.008036,2.181078,0.014663,0.11836,0.067528,15.297368,0
0.050979759,78.916667,19.850789,0.72519,18.782539,0.968239,0.348273,-0.086819,1.026525,0.007981,2.181579,0.014528,0.118046,0.067471,15.316834,0
0.051033592,79.0,19.853017,0.719804,18.786796,0.967541,0.348121,-0.08675,1.025816,0.007926,2.182078,0.014395,0.117733,0.067414,15.3363,0
0.051087425,79.083333,19.855229,0.714418,18.791038,0.966845,0.347969,-0.086682,1.025111,0.007872,2.182575,0.014262,0.117422,0.067358,15.355766,0
0.051141258,79.166667,19.857425,0.70903,18.795265,0.966153,0.347818,-0.086614,1.024408,0.007818,2.183071,0.014131,0.117112,0.067302,15.375232,0
0.05119509,79.25,19.859603,0.70364,18.799479,0.965463,0.347667,-0.086547,1.023707,0.007765,2.183565,0.014001,0.116804,0.067246,15.394698,0
0.051248923,79.333333,19.861765,0.698249,18.803678,0.964777,0.347516,-0.086481,1.02301,0.007713,2.184057,0.013872,0.116497,0.067191,15.414164,0
0.051302756,79.416667,19.863911,0.692856,18.807863,0.964093,0.347365,-0.086415,1.022316,0.007661,2.184548,0.013745,0.116192,0.067136,15.43363,0
0.051356589,79.5,19.866039,0.687462,18.812033,0.963412,0.347214,-0.086349,1.021624,0.007609,2.185037,0.013618,0.115889,0.067081,15.453096,0
0.051410422,79.583333,19.868151,0.682066,18.816189,0.962735,0.347064,-0.086284,1.020935,0.007558,2.185524,0.013493,0.115587,0.067026,15.472562,0
0.051464255,79.666667,19.870247,0.676669,18.82033,0.96206,0.346914,-0.08622,1.020249,0.007507,2.18601,0.013369,0.115287,0.066972,15.492028,0
0.051518088,79.75,19.872326,0.671271,18.824457,0.961387,0.346764,-0.086156,1.019566,0.007456,2.186494,0.013246,0.114988,0.066919,15.511494,0
0.051571921,79.833333,19.874388,0.665871,18.82857,0.960718,0.346614,-0.086092,1.018885,0.007406,2.186976,0.013124,0.11469,0.066866,15.53096,0
0.051625754,79.916667,19.876433,0.66047,18.832668,0.960052,0.346465,-0.086029,1.018207,0.007357,2.187456,0.013003,0.114395,0.066813,15.550426,0
0.051679587,80.0,19.878462,0.655067,18.836751,0.959388,0.346315,-0.085967,1.017532,0.007308,2.187935,0.012884,0.1141,0.06676,15.569892,0
0.051733419,80.083333,19.880474,0.649663,18.84082,0.958727,0.346166,-0.085905,1.016859,0.007259,2.188412,0.012765,0.113807,0.066707,15.589358,0
0.051787252,80.166667,19.88247,0.644258,18.844875,0.958069,0.346017,-0.085843,1.016189,0.007211,2.188888,0.012648,0.113516,0.066656,15.608824,0
0.051841085,80.25,19.884448,0.638851,18.848915,0.957414,0.345868,-0.085782,1.015522,0.007163,2.189361,0.012531,0.113226,0.066604,15.62829,0
0.051894918,80.333333,19.886411,0.633443,18.852941,0.956761,0.345719,-0.085722,1.014858,0.007115,2.189833,0.012416,0.112938,0.066553,15.647756,0
0.051948751,80.416667,19.888356,0.628033,18.856952,0.956111,0.345571,-0.085662,1.014196,0.007068,2.190304,0.012302,0.112651,0.066502,15.667222,0
0.052002584,80.5,19.890285,0.622623,18.860949,0.955464,0.345423,-0.085602,1.013537,0.007022,2.190772,0.012188,0.112366,0.066451,15.686688,0
0.052056417,80.583333,19.892197,0.617211,18.864931,0.954819,0.345275,-0.085543,1.01288,0.006975,2.191239,0.012076,0.112082,0.066401,15.706154,0
0.05211025,80.666667,19.894092,0.611797,18.868899,0.954177,0.345127,-0.085484,1.012226,0.00693,2.191704,0.011965,0.111799,0.066351,15.72562,0
0.052164083,80.75,19.895971,0.606382,18.872852,0.953538,0.344979,-0.085426,1.011574,0.006884,2.192168,0.011855,0.111518,0.066301,15.745086,0
0.052217916,80.833333,19.897833,0.600966,18.876791,0.952902,0.344831,-0.085368,1.010925,0.006839,2.19263,0.011746,0.111238,0.066252,15.764552,0
0.052271748,80.916667,19.899678,0.595549,18.880715,0.952268,0.344684,-0.085311,1.010279,0.006794,2.19309,0.011638,0.11096,0.066203,15.784018,0
0.052325581,81.0,19.901507,0.590131,18.884624,0.951636,0.344537,-0.085254,1.009635,0.00675,2.193548,0.011531,0.110683,0.066154,15.803484,0
0.052379414,81.083333,19.903319,0.584711,18.888519,0.951008,0.34439,-0.085198,1.008993,0.006706,2.194005,0.011425,0.110408,0.066105,15.82295,0
0.052433247,81.166667,19.905114,0.57929,18.8924,0.950381,0.344243,-0.085142,1.008354,0.006663,2.19446,0.01132,0.110134,0.066057,15.842416,0
0.05248708,81.25,19.906892,0.573868,18.896266,0.949758,0.344096,-0.085087,1.007718,0.00662,2.194913,0.011216,0.109861,0.066009,15.861882,0
0.052540913,81.333333,19.908654,0.568444,18.900117,0.949137,0.34395,-0.085032,1.007084,0.006577,2.195365,0.011112,0.10959,0.065961,15.881348,0
0.052594746,81.416667,19.910399,0.563019,18.903953,0.948518,0.343804,-0.084977,1.006452,0.006534,2.195815,0.01101,0.10932,0.065914,15.900814,0
0.052648579,81.5,19.912127,0.557594,18.907775,0.947902,0.343657,-0.084923,1.005823,0.006492,2.196263,0.010909,0.109051,0.065866,15.92028,0
0.052702412,81.583333,19.913838,0.552167,18.911583,0.947289,0.343511,-0.084869,1.005196,0.006451,2.196709,0.010808,0.108784,0.065819,15.939746,0
0.052756245,81.666667,19.915533,0.546738,18.915376,0.946677,0.343366,-0.084816,1.004572,0.006409,2.197154,0.010709,0.108519,0.065772,15.959212,0
0.052810078,81.75,19.917211,0.541309,18.919154,0.946069,0.34322,-0.084763,1.00395,0.006368,2.197597,0.010611,0.108254,0.065726,15.978678,0
0.05286391,81.833333,19.918872,0.535879,18.922917,0.945463,0.343075,-0.084711,1.00333,0.006328,2.198038,0.010513,0.107991,0.065679,15.998145,0
0.052917743,81.916667,19.920517,0.530447,18.926666,0.944859,0.342929,-0.084659,1.002713,0.006288,2.198478,0.010416,0.107729,0.065634,16.017611,0
0.052971576,82.0,19.922145,0.525014,18.9304,0.944258,0.342784,-0.084607,1.002098,0.006248,2.198916,0.01032,0.107469,0.065588,16.037077,0
0.053025409,82.083333,19.923756,0.51958,18.93412,0.943659,0.342639,-0.084556,1.001485,0.006208,2.199352,0.010225,0.10721,0.065542,16.056543,0
0.053079242,82.166667,19.92535,0.514145,18.937825,0.943062,0.342494,-0.084505,1.000875,0.006169,2.199786,0.010131,0.106952,0.065497,16.076009,0
0.053133075,82.25,19.926927,0.508709,18.941515,0.942468,0.34235,-0.084455,1.000267,0.00613,2.200219,0.010038,0.106696,0.065452,16.095475,0
0.053186908,82.333333,19.928488,0.503272,18.945191,0.941877,0.342205,-0.084405,0.999661,0.006091,2.20065,0.009946,0.106441,0.065407,16.114941,0
0.053240741,82.416667,19.930032,0.497834,18.948852,0.941287,0.342061,-0.084355,0.999058,0.006053,2.201079,0.009854,0.106187,0.065363,16.134407,0
0.053294574,82.5,19.931559,0.492395,18.952498,0.9407,0.341916,-0.084306,0.998457,0.006015,2.201507,0.009764,0.105934,0.065318,16.153873,0
0.053348407,82.583333,19.933069,0.486954,18.956129,0.940115,0.341772,-0.084257,0.997858,0.005978,2.201932,0.009674,0.105683,0.065274,16.173339,0
0.053402239,82.666667,19.934563,0.481513,18.959746,0.939533,0.341629,-0.084209,0.997261,0.00594,2.202357,0.009585,0.105433,0.06523,16.192805,0
0.053456072,82.75,19.93604,0.476071,18.963348,0.938953,0.341485,-0.084161,0.996666,0.005903,2.202779,0.009497,0.105185,0.065187,16.212271,0
0.053509905,82.833333,19.9375,0.470627,18.966935,0.938375,0.341341,-0.084113,0.996074,0.005867,2.203199,0.009409,0.104937,0.065144,16.231737,0
0.053563738,82.916667,19.938943,0.465183,18.970508,0.9378,0.341198,-0.084066,0.995484,0.00583,2.203618,0.009323,0.104691,0.065101,16.251203,0
0.053617571,83.0,19.940369,0.459738,18.974065,0.937226,0.341054,-0.084019,0.994896,0.005794,2.204036,0.009237,0.104446,0.065058,16.270669,0
0.053671404,83.083333,19.941779,0.454291,18.977608,0.936655,0.340911,-0.083973,0.99431,0.005759,2.204451,0.009152,0.104203,0.065015,16.290135,0
0.053725237,83.166667,19.943172,0.448844,18.981137,0.936086,0.340768,-0.083927,0.993727,0.005723,2.204865,0.009068,0.10396,0.064973,16.309601,0
0.05377907,83.25,19.944548,0.443396,18.98465,0.93552,0.340625,-0.083881,0.993145,0.005688,2.205277,0.008984,0.103719,0.064931,16.329067,0
0.053832903,83.333333,19.945907,0.437947,18.988149,0.934955,0.340483,-0.083836,0.992566,0.005653,2.205687,0.008902,0.103479,0.064889,16.348533,0
0.053886736,83.416667,19.947249,0.432497,18.991633,0.934393,0.34034,-0.083791,0.991988,0.005619,2.206095,0.00882,0.10324,0.064848,16.367999,0
0.053940568,83.5,19.948575,0.427046,18.995102,0.933833,0.340197,-0.083746,0.991413,0.005585,2.206502,0.008739,0.103003,0.064806,16.387465,0
0.053994401,83.583333,19.949884,0.421594,18.998556,0.933275,0.340055,-0.083702,0.99084,0.005551,2.206907,0.008658,0.102767,0.064765,16.406931,0
0.054048234,83.666667,19.951176,0.416141,19.001996,0.932719,0.339913,-0.083658,0.990269,0.005517,2.20731,0.008578,0.102532,0.064724,16.426397,0
0.054102067,83.75,19.952451,0.410687,19.005421,0.932165,0.339771,-0.083615,0.9897,0.005484,2.207712,0.0085,0.102298,0.064684,16.445863,0
0.0541559,83.833333,19.953709,0.405233,19.008831,0.931614,0.339629,-0.083572,0.989133,0.005451,2.208112,0.008421,0.102065,0.064644,16.465329,0
0.054209733,83.916667,19.954951,0.399778,19.012226,0.931065,0.339487,-0.083529,0.988568,0.005418,2.20851,0.008344,0.101834,0.064603,16.484795,0
0.054263566,84.0,19.956175,0.394321,19.015606,0.930517,0.339345,-0.083487,0.988005,0.005385,2.208906,0.008267,0.101603,0.064564,16.504261,0
0.054317399,84.083333,19.957383,0.388864,19.018971,0.929972,0.339204,-0.083445,0.987444,0.005353,2.209301,0.008191,0.101374,0.064524,16.523727,0
0.054371232,84.166667,19.958574,0.383406,19.022322,0.929429,0.339062,-0.083403,0.986885,0.005321,2.209694,0.008116,0.101146,0.064484,16.543193,0
0.054425065,84.25,19.959748,0.377948,19.025658,0.928888,0.338921,-0.083363,0.986328,0.00529,2.210085,0.008041,0.10092,0.064445,16.562659,0
0.054478898,84.333333,19.960905,0.372488,19.028979,0.928349,0.33878,-0.083322,0.985773,0.005258,2.210474,0.007967,0.100694,0.064407,16.582125,0
0.05453273,84.416667,19.962046,0.367028,19.032285,0.927812,0.338639,-0.083282,0.98522,0.005227,2.210862,0.007894,0.10047,0.064368,16.601591,0
0.054586563,84.5,19.96317,0.361567,19.035576,0.927277,0.338498,-0.083242,0.984669,0.005196,2.211248,0.007821,0.100246,0.064329,16.621057,0
0.054640396,84.583333,19.964276,0.356105,19.038852,0.926744,0.338357,-0.083202,0.98412,0.005165,2.211632,0.007749,0.100024,0.064291,16.640523,0
0.054694229,84.666667,19.965366,0.350642,19.042113,0.926213,0.338216,-0.083163,0.983573,0.005135,2.212014,0.007678,0.099803,0.064253,16.659989,0
0.054748062,84.75,19.966439,0.345179,19.04536,0.925684,0.338076,-0.083124,0.983027,0.005105,2.212395,0.007607,0.099583,0.064216,16.679455,0
0.054801895,84.833333,19.967496,0.339715,19.048591,0.925157,0.337935,-0.083085,0.982484,0.005075,2.212774,0.007537,0.099365,0.064178,16.698921,0
0.054855728,84.916667,19.968535,0.33425,19.051808,0.924632,0.337795,-0.083047,0.981942,0.005046,2.213151,0.007468,0.099147,0.064141,16.718387,0
0.054909561,85.0,19.969558,0.328785,19.05501,0.924108,0.337655,-0.083009,0.981403,0.005016,2.213526,0.007399,0.09893,0.064104,16.737854,0
0.054963394,85.083333,19.970563,0.323319,19.058196,0.923587,0.337515,-0.082972,0.980865,0.004987,2.2139,0.007331,0.098715,0.064067,16.75732,0
0.055017227,85.166667,19.971552,0.317852,19.061368,0.923068,0.337375,-0.082935,0.980329,0.004958,2.214272,0.007264,0.098501,0.064031,16.776786,0
0.055071059,85.25,19.972524,0.312384,19.064525,0.922592,0.33725,-0.082916,0.97984,0.00493,2.214642,0.007241,0.098287,0.063994,16.796252,0
0.055124892,85.333333,19.973479,0.306916,19.067667,0.922118,0.337125,-0.082897,0.979351,0.004901,2.215011,0.007219,0.098075,0.063958,16.815718,0
0.055178725,85.416667,19.974417,0.301447,19.070794,0.921646,0.337,-0.082878,0.978864,0.004873,2.215377,0.007197,0.097864,0.063923,16.835184,0
0.055232558,85.5,19.975339,0.295978,19.073906,0.921174,0.336875,-0.082859,0.978378,0.004845,2.215742,0.007175,0.097654,0.063887,16.85465,0
0.055286391,85.583333,19.976243,0.290508,19.077003,0.920704,0.33675,-0.08284,0.977894,0.004818,2.216105,0.007153,0.097446,0.063852,16.874116,0
0.055340224,85.666667,19.977131,0.285037,19.080085,0.920236,0.336625,-0.082822,0.977411,0.00479,2.216467,0.007131,0.097238,0.063816,16.893582,0
0.055394057,85.75,19.978001,0.279566,19.083153,0.919768,0.3365,-0.082804,0.976929,0.004763,2.216826,0.007109,0.097031,0.063782,16.913048,0
0.05544789,85.833333,19.978855,0.274094,19.086205,0.919302,0.336375,-0.082785,0.976448,0.004736,2.217184,0.007087,0.096825,0.063747,16.932514,0
0.055501723,85.916667,19.979692,0.268621,19.089242,0.918838,0.33625,-0.082767,0.975968,0.00471,2.21754,0.007065,0.096621,0.063713,16.95198,0
0.055555556,86.0,19.980512,0.263148,19.092264,0.918375,0.336124,-0.082749,0.97549,0.004683,2.217895,0.007043,0.096417,0.063678,16.971446,0
0.055609388,86.083333,19.981316,0.257674,19.095271,0.917913,0.335999,-0.082731,0.975013,0.004657,2.218247,0.007022,0.096215,0.063644,16.990912,0
0.055663221,86.166667,19.982102,0.2522,19.098264,0.917452,0.335873,-0.082713,0.974537,0.004631,2.218598,0.007,0.096013,0.06361,17.010378,0
0.055717054,86.25,19.982871,0.246726,19.101241,0.916993,0.335748,-0.082695,0.974063,0.004605,2.218947,0.006978,0.095813,0.063577,17.029844,0
0.055770887,86.333333,19.983624,0.24125,19.104203,0.916535,0.335622,-0.082677,0.973589,0.004579,2.219295,0.006957,0.095613,0.063544,17.04931,0
0.05582472,86.416667,19.98436,0.235775,19.10715,0.916078,0.335496,-0.08266,0.973117,0.004554,2.21964,0.006936,0.095415,0.063511,17.068776,0
0.055878553,86.5,19.985078,0.230298,19.110082,0.915623,0.33537,-0.082642,0.972646,0.004529,2.219984,0.006914,0.095218,0.063478,17.088242,0
0.055932386,86.583333,19.98578,0.224822,19.112999,0.915169,0.335245,-0.082624,0.972177,0.004504,2.220326,0.006893,0.095021,0.063445,17.107708,0
0.055986219,86.666667,19.986465,0.219345,19.115901,0.914717,0.335119,-0.082607,0.971708,0.004479,2.220666,0.006872,0.094826,0.063413,17.127174,0
0.056040052,86.75,19.987133,0.213867,19.118788,0.914265,0.334993,-0.08259,0.971241,0.004455,2.221005,0.006851,0.094632,0.06338,17.14664,0
0.056093885,86.833333,19.987785,0.208389,19.12166,0.913815,0.334867,-0.082572,0.970775,0.00443,2.221341,0.00683,0.094439,0.063348,17.166106,0
0.056147717,86.916667,19.988419,0.20291,19.124517,0.913366,0.33474,-0.082555,0.97031,0.004406,2.221676,0.006809,0.094246,0.063317,17.185572,0
0.05620155,87.0,19.989036,0.197431,19.127358,0.912919,0.334614,-0.082538,0.969846,0.004382,2.22201,0.006788,0.094055,0.063285,17.205038,0
0.056255383,87.083333,19.989637,0.191952,19.130185,0.912472,0.334488,-0.082521,0.969383,0.004359,2.222341,0.006767,0.093865,0.063254,17.224504,0
0.056309216,87.166667,19.99022,0.186472,19.132997,0.912027,0.334361,-0.082504,0.968922,0.004335,2.222671,0.006746,0.093675,0.063223,17.24397,0
0.056363049,87.25,19.990787,0.180992,19.135793,0.911584,0.334235,-0.082487,0.968462,0.004312,2.222999,0.006725,0.093487,0.063192,17.263436,0
0.056416882,87.333333,19.991337,0.175511,19.138574,0.911141,0.334109,-0.08247,0.968002,0.004289,2.223325,0.006704,0.0933,0.063161,17.282902,0
0.056470715,87.416667,19.99187,0.17003,19.141341,0.9107,0.333982,-0.082453,0.967544,0.004266,2.223649,0.006684,0.093113,0.063131,17.302368,0
0.056524548,87.5,19.992386,0.164549,19.144092,0.91026,0.333855,-0.082436,0.967088,0.004243,2.223972,0.006663,0.092928,0.063101,17.321834,0
0.056578381,87.583333,19.992885,0.159067,19.146828,0.909821,0.333729,-0.082419,0.966632,0.004221,2.224292,0.006643,0.092743,0.063071,17.3413,0
0.056632214,87.666667,19.993367,0.153585,19.149549,0.909383,0.333602,-0.082403,0.966177,0.004198,2.224611,0.006622,0.09256,0.063041,17.360766,0
0.056686047,87.75,19.993832,0.148103,19.152255,0.908947,0.333475,-0.082386,0.965724,0.004176,2.224929,0.006602,0.092377,0.063012,17.380232,0
0.056739879,87.833333,19.994281,0.14262,19.154946,0.908512,0.333348,-0.08237,0.965272,0.004154,2.225244,0.006582,0.092196,0.062982,17.399698,0
0.056793712,87.916667,19.994712,0.137137,19.157621,0.908078,0.333221,-0.082353,0.96482,0.004132,2.225558,0.006561,0.092015,0.062953,17.419164,0
0.056847545,88.0,19.995127,0.131654,19.160282,0.907645,0.333094,-0.082337,0.96437,0.004111,2.22587,0.006541,0.091835,0.062924,17.43863,0
0.056901378,88.083333,19.995524,0.126171,19.162927,0.907214,0.332967,-0.08232,0.963921,0.004089,2.22618,0.006521,0.091656,0.062895,17.458097,0
0.056955211,88.166667,19.995905,0.120687,19.165557,0.906783,0.33284,-0.082304,0.963473,0.004068,2.226488,0.006501,0.091478,0.062867,17.477563,0
0.057009044,88.25,19.996269,0.115203,19.168172,0.906354,0.332713,-0.082288,0.963027,0.004047,2.226795,0.006481,0.091301,0.062839,17.497029,0
0.057062877,88.333333,19.996616,0.109719,19.170772,0.905926,0.332585,-0.082272,0.962581,0.004026,2.2271,0.006461,0.091125,0.062811,17.516495,0
0.05711671,88.416667,19.996946,0.104234,19.173356,0.9055,0.332458,-0.082255,0.962136,0.004005,2.227403,0.006441,0.09095,0.062783,17.535961,0
0.057170543,88.5,19.997259,0.098749,19.175926,0.905074,0.33233,-0.082239,0.961693,0.003985,2.227704,0.006421,0.090776,0.062755,17.555427,0
0.057224376,88.583333,19.997555,0.093265,19.17848,0.90465,0.332203,-0.082223,0.96125,0.003965,2.228004,0.006402,0.090603,0.062727,17.574893,0
0.057278208,88.666667,19.997834,0.087779,19.181019,0.904226,0.332075,-0.082207,0.960809,0.003944,2.228301,0.006382,0.09043,0.0627,17.594359,0
0.057332041,88.75,19.998096,0.082294,19.183543,0.903804,0.331948,-0.082191,0.960369,0.003924,2.228597,0.006362,0.090259,0.062673,17.613825,0
0.057385874,88.833333,19.998342,0.076809,19.186052,0.903383,0.33182,-0.082175,0.959929,0.003904,2.228892,0.006343,0.090088,0.062647,17.633291,0
0.057439707,88.916667,19.99857,0.071323,19.188545,0.902964,0.331692,-0.082159,0.959491,0.003885,2.229184,0.006323,0.089919,0.06262,17.652757,0
0.05749354,89.0,19.998782,0.065837,19.191024,0.902545,0.331564,-0.082143,0.959054,0.003865,2.229475,0.006304,0.08975,0.062594,17.672223,0
0.057547373,89.083333,19.998976,0.060351,19.193487,0.902127,0.331436,-0.082127,0.958618,0.003846,2.229763,0.006284,0.089582,0.062567,17.691689,0
0.057601206,89.166667,19.999154,0.054865,19.195934,0.901711,0.331309,-0.082112,0.958183,0.003827,2.23005,0.006265,0.089415,0.062541,17.711155,0
0.057655039,89.25,19.999315,0.049379,19.198367,0.901296,0.33118,-0.082096,0.957749,0.003808,2.230336,0.006246,0.089248,0.062515,17.730621,0
0.057708872,89.333333,19.999458,0.043893,19.200785,0.900882,0.331052,-0.08208,0.957316,0.003789,2.230619,0.006227,0.089083,0.06249,17.750087,0
0.057762705,89.416667,19.999585,0.038406,19.203187,0.900469,0.330924,-0.082065,0.956884,0.00377,2.230901,0.006207,0.088919,0.062464,17.769553,0
0.057816537,89.5,19.999695,0.03292,19.205574,0.900057,0.330796,-0.082049,0.956453,0.003752,2.231181,0.006188,0.088755,0.062439,17.789019,0
0.05787037,89.583333,19.999788,0.027433,19.207945,0.899646,0.330668,-0.082033,0.956023,0.003733,2.231459,0.006169,0.088592,0.062414,17.808485,0
0.057924203,89.666667,19.999865,0.021947,19.210302,0.899236,0.330539,-0.082017,0.955594,0.003715,2.231735,0.00615,0.08843,0.06239,17.827951,0
0.057978036,89.75,19.999924,0.01646,19.212643,0.898827,0.330411,-0.082002,0.955166,0.003697,2.232009,0.006131,0.088269,0.062365,17.847417,0
0.058031869,89.833333,19.999966,0.010973,19.214969,0.89842,0.330282,-0.081986,0.954739,0.003679,2.232282,0.006113,0.088109,0.062341,17.866883,0
0.058085702,89.916667,19.999992,0.005487,19.21728,0.898014,0.330154,-0.081971,0.954313,0.003661,2.232553,0.006094,0.08795,0.062316,17.886349,0
0.058139535,90.0,20.0,0.0,19.219575,0.897608,0.330025,-0.081955,0.953888,0.003644,2.232822,0.006075,0.087791,0.062292,17.905815,0
0.058193368,90.083333,19.999992,-0.005487,19.221855,0.897152,0.329877,-0.081918,0.953409,0.003626,2.23309,0.006001,0.087633,0.062268,17.925281,0
0.058247201,90.166667,19.999966,-0.010973,19.22412,0.896697,0.32973,-0.08188,0.952931,0.003609,2.233355,0.005927,0.087477,0.062245,17.944747,0
0.058301034,90.25,19.999924,-0.01646,19.22637,0.896244,0.329583,-0.081843,0.952455,0.003592,2.233619,0.005854,0.087321,0.062222,17.964213,0
0.058354866,90.333333,19.999865,-0.021947,19.228604,0.895793,0.329435,-0.081806,0.951981,0.003575,2.233881,0.005783,0.087165,0.062199,17.983679,0
0.058408699,90.416667,19.999788,-0.027433,19.230823,0.895854,0.329474,-0.079485,0.952052,0.003558,2.234141,0.006255,0.087011,0.062176,0.019466,1
0.058462532,90.5,19.999695,-0.03292,19.233027,0.895911,0.329511,-0.079478,0.952118,0.003541,2.2344,0.006722,0.086857,0.062153,0.038932,1
0.058516365,90.583333,19.999585,-0.038406,19.235215,0.895964,0.329546,-0.07947,0.95218,0.003524,2.234656,0.007183,0.086704,0.06213,0.058398,1
0.058570198,90.666667,19.999458,-0.043893,19.237388,0.896012,0.329579,-0.079462,0.952236,0.003508,2.234911,0.007639,0.086552,0.062107,0.077864,1
0.058624031,90.75,19.999315,-0.049379,19.239546,0.896057,0.32961,-0.079454,0.952289,0.003492,2.235164,0.008089,0.086401,0.062085,0.09733,1
0.058677864,90.833333,19.999154,-0.054865,19.241689,0.896097,0.329639,-0.079447,0.952336,0.003475,2.235415,0.008534,0.086251,0.062063,0.116796,1
0.058731697,90.916667,19.998976,-0.060351,19.243816,0.896133,0.329666,-0.07944,0.952379,0.003459,2.235665,0.008973,0.086101,0.062041,0.136262,1
0.05878553,91.0,19.998782,-0.065837,19.245928,0.896165,0.329691,-0.079432,0.952418,0.003443,2.235912,0.009407,0.085953,0.06202,0.155728,1
0.058839363,91.083333,19.99857,-0.071323,19.248024,0.896192,0.329714,-0.079426,0.952452,0.003428,2.236158,0.009835,0.085805,0.061998,0.175194,1
0.058893196,91.166667,19.998342,-0.076809,19.250105,0.896216,0.329736,-0.079419,0.952481,0.003412,2.236402,0.010259,0.085657,0.061977,0.19466,1
0.058947028,91.25,19.998096,-0.082294,19.252171,0.896236,0.329755,-0.079412,0.952507,0.003396,2.236644,0.010676,0.085511,0.061956,0.214126,1
0.059000861,91.333333,19.997834,-0.087779,19.254222,0.896251,0.329772,-0.079406,0.952527,0.003381,2.236885,0.011089,0.085365,0.061935,0.233592,1
0.059054694,91.416667,19.997555,-0.093265,19.256257,0.896263,0.329788,-0.079399,0.952544,0.003366,2.237123,0.011496,0.08522,0.061914,0.253058,1
0.059108527,91.5,19.997259,-0.098749,19.258277,0.896271,0.329802,-0.079393,0.952556,0.003351,2.23736,0.011898,0.085076,0.061894,0.272524,1
0.05916236,91.583333,19.996946,-0.104234,19.260281,0.896275,0.329814,-0.079387,0.952563,0.003336,2.237595,0.012295,0.084933,0.061873,0.29199,1
0.059216193,91.666667,19.996616,-0.109719,19.26227,0.896275,0.329824,-0.079382,0.952567,0.003321,2.237828,0.012687,0.08479,0.061853,0.311456,1
0.059270026,91.75,19.996269,-0.115203,19.264244,0.896271,0.329832,-0.079377,0.952566,0.003306,2.23806,0.013074,0.084648,0.061833,0.330922,1
0.059323859,91.833333,19.995905,-0.120687,19.266202,0.896263,0.329838,-0.079372,0.952561,0.003291,2.238289,0.013456,0.084507,0.061814,0.350388,1
0.059377692,91.916667,19.995524,-0.126171,19.268145,0.896252,0.329843,-0.079367,0.952552,0.003277,2.238517,0.013833,0.084367,0.061794,0.369855,1
0.059431525,92.0,19.995127,-0.131654,19.270073,0.896237,0.329845,-0.079362,0.952539,0.003263,2.238743,0.014204,0.084227,0.061775,0.389321,1
0.059485357,92.083333,19.994712,-0.137137,19.271985,0.896218,0.329846,-0.079358,0.952521,0.003248,2.238967,0.014571,0.084088,0.061755,0.408787,1
0.05953919,92.166667,19.994281,-0.14262,19.273882,0.896195,0.329845,-0.079354,0.9525,0.003234,2.23919,0.014933,0.08395,0.061736,0.428253,1
0.059593023,92.25,19.993832,-0.148103,19.275763,0.896169,0.329843,-0.07935,0.952474,0.00322,2.23941,0.01529,0.083813,0.061717,0.447719,1
0.059646856,92.333333,19.993367,-0.153585,19.277629,0.896139,0.329838,-0.079347,0.952444,0.003206,2.239629,0.015642,0.083676,0.061699,0.467185,1
0.059700689,92.416667,19.992885,-0.159067,19.27948,0.896105,0.329832,-0.079344,0.952411,0.003193,2.239846,0.01599,0.08354,0.06168,0.486651,1
0.059754522,92.5,19.992386,-0.164549,19.281315,0.896068,0.329825,-0.079342,0.952373,0.003179,2.240061,0.016332,0.083405,0.061662,0.506117,1
0.059808355,92.583333,19.99187,-0.17003,19.283135,0.896027,0.329815,-0.079339,0.952332,0.003165,2.240275,0.01667,0.083271,0.061644,0.525583,1
0.059862188,92.666667,19.991337,-0.175511,19.28494,0.895983,0.329804,-0.079337,0.952286,0.003152,2.240486,0.017003,0.083137,0.061626,0.545049,1
0.059916021,92.75,19.990787,-0.180992,19.286729,0.895935,0.329791,-0.079335,0.952237,0.003139,2.240696,0.017332,0.083004,0.061608,0.564515,1
0.059969854,92.833333,19.99022,-0.186472,19.288502,0.895884,0.329776,-0.079334,0.952184,0.003125,2.240904,0.017656,0.082871,0.06159,0.583981,1
0.060023686,92.916667,19.989637,-0.191952,19.290261,0.895829,0.32976,-0.079333,0.952127,0.003112,2.24111,0.017975,0.08274,0.061573,0.603447,1
0.060077519,93.0,19.989036,-0.197431,19.292004,0.895771,0.329742,-0.079332,0.952066,0.003099,2.241315,0.01829,0.082609,0.061556,0.622913,1
0.060131352,93.083333,19.988419,-0.20291,19.293731,0.895709,0.329722,-0.079332,0.952001,0.003086,2.241517,0.0186,0.082479,0.061539,0.642379,1
0.060185185,93.166667,19.987785,-0.208389,19.295443,0.895644,0.329701,-0.079332,0.951933,0.003074,2.241718,0.018905,0.082349,0.061522,0.661845,1
0.060239018,93.25,19.987133,-0.213867,19.297139,0.895576,0.329678,-0.079332,0.951861,0.003061,2.241917,0.019207,0.08222,0.061505,0.681311,1
0.060292851,93.333333,19.986465,-0.219345,19.29882,0.895504,0.329653,-0.079333,0.951785,0.003048,2.242114,0.019503,0.082092,0.061488,0.700777,1
0.060346684,93.416667,19.98578,-0.224822,19.300486,0.895429,0.329627,-0.079334,0.951706,0.003036,2.242309,0.019796,0.081965,0.061472,0.720243,1
0.060400517,93.5,19.985078,-0.230298,19.302136,0.895351,0.3296,-0.079336,0.951623,0.003024,2.242503,0.020084,0.081838,0.061456,0.739709,1
0.06045435,93.583333,19.98436,-0.235775,19.303771,0.895269,0.32957,-0.079337,0.951536,0.003012,2.242694,0.020367,0.081712,0.06144,0.759175,1
0.060508183,93.666667,19.983624,-0.24125,19.30539,0.895185,0.329539,-0.07934,0.951446,0.002999,2.242884,0.020646,0.081587,0.061424,0.778641,1
0.060562016,93.75,19.982871,-0.246726,19.306994,0.895097,0.329507,-0.079342,0.951352,0.002987,2.243072,0.020921,0.081462,0.061408,0.798107,1
0.060615848,93.833333,19.982102,-0.2522,19.308583,0.895005,0.329473,-0.079345,0.951255,0.002975,2.243259,0.021192,0.081338,0.061393,0.817573,1
0.060669681,93.916667,19.981316,-0.257674,19.310156,0.894911,0.329437,-0.079349,0.951154,0.002964,2.243443,0.021458,0.081215,0.061377,0.837039,1
0.060723514,94.0,19.980512,-0.263148,19.311713,0.894814,0.3294,-0.079352,0.95105,0.002952,2.243626,0.021721,0.081092,0.061362,0.856505,1
0.060777347,94.083333,19.979692,-0.268621,19.313255,0.894713,0.329361,-0.079357,0.950942,0.00294,2.243806,0.021979,0.08097,0.061347,0.875971,1
0.06083118,94.166667,19.978855,-0.274094,19.314782,0.894609,0.329321,-0.079361,0.950831,0.002929,2.243985,0.022233,0.080849,0.061332,0.895437,1
0.060885013,94.25,19.978001,-0.279566,19.316293,0.894503,0.329279,-0.079366,0.950716,0.002917,2.244163,0.022483,0.080728,0.061317,0.914903,1
0.060938846,94.333333,19.977131,-0.285037,19.317788,0.894393,0.329236,-0.079372,0.950598,0.002906,2.244338,0.022728,0.080608,0.061303,0.934369,1
0.060992679,94.416667,19.976243,-0.290508,19.319268,0.89428,0.329191,-0.079377,0.950477,0.002895,2.244512,0.02297,0.080489,0.061288,0.953835,1
0.061046512,94.5,19.975339,-0.295978,19.320733,0.894164,0.329145,-0.079383,0.950352,0.002884,2.244683,0.023208,0.08037,0.061274,0.973301,1
0.061100345,94.583333,19.974417,-0.301447,19.322182,0.894045,0.329097,-0.07939,0.950225,0.002873,2.244853,0.023441,0.080252,0.06126,0.992767,1
0.061154177,94.666667,19.973479,-0.306916,19.323616,0.893924,0.329048,-0.079397,0.950093,0.002862,2.245021,0.023671,0.080134,0.061247,1.012233,1
0.06120801,94.75,19.972524,-0.312384,19.325034,0.893799,0.328997,-0.079404,0.949959,0.002851,2.245188,0.023897,0.080017,0.061233,1.031699,1
0.061261843,94.833333,19.971552,-0.317852,19.326436,0.893671,0.328945,-0.079412,0.949821,0.00284,2.245352,0.024119,0.079901,0.061219,1.051165,1
0.061315676,94.916667,19.970563,-0.323319,19.327824,0.893541,0.328892,-0.07942,0.949681,0.00283,2.245515,0.024337,0.079786,0.061206,1.070631,1
0.061369509,95.0,19.969558,-0.328785,19.329195,0.893408,0.328837,-0.079429,0.949537,0.002819,2.245676,0.024551,0.079671,0.061193,1.090097,1
0.061423342,95.083333,19.968535,-0.33425,19.330551,0.893271,0.328781,-0.079437,0.949389,0.002809,2.245835,0.024761,0.079557,0.06118,1.109564,1
0.061477175,95.166667,19.967496,-0.339715,19.331892,0.893133,0.328723,-0.079447,0.949239,0.002798,2.245992,0.024968,0.079443,0.061167,1.12903,1
0.061531008,95.25,19.966439,-0.345179,19.333217,0.892991,0.328664,-0.079456,0.949086,0.002788,2.246147,0.025171,0.07933,0.061154,1.148496,1
0.061584841,95.333333,19.965366,-0.350642,19.334527,0.892846,0.328603,-0.079466,0.948929,0.002778,2.246301,0.02537,0.079218,0.061142,1.167962,1
0.061638674,95.416667,19.964276,-0.356105,19.335821,0.892699,0.328541,-0.079477,0.94877,0.002768,2.246452,0.025565,0.079106,0.061129,1.187428,1
0.061692506,95.5,19.96317,-0.361567,19.3371,0.892549,0.328478,-0.079488,0.948607,0.002758,2.246602,0.025756,0.078995,0.061117,1.206894,1
0.061746339,95.583333,19.962046,-0.367028,19.338363,0.892396,0.328413,-0.079499,0.948441,0.002748,2.24675,0.025944,0.078884,0.061105,1.22636,1
0.061800172,95.666667,19.960905,-0.372488,19.33961,0.892241,0.328347,-0.079511,0.948273,0.002738,2.246897,0.026129,0.078774,0.061093,1.245826,1
0.061854005,95.75,19.959748,-0.377948,19.340842,0.892083,0.32828,-0.079523,0.948101,0.002728,2.247041,0.026309,0.078665,0.061081,1.265292,1
0.061907838,95.833333,19.958574,-0.383406,19.342059,0.891922,0.328211,-0.079535,0.947927,0.002718,2.247184,0.026486,0.078556,0.06107,1.284758,1
0.061961671,95.916667,19.957383,-0.388864,19.34326,0.891758,0.328141,-0.079548,0.947749,0.002709,2.247325,0.02666,0.078448,0.061059,1.304224,1
0.062015504,96.0,19.956175,-0.394321,19.344445,0.891592,0.328069,-0.079561,0.947569,0.002699,2.247464,0.02683,0.07834,0.061047,1.32369,1
0.062069337,96.083333,19.954951,-0.399778,19.345615,0.891424,0.327996,-0.079574,0.947386,0.00269,2.247601,0.026996,0.078233,0.061036,1.343156,1
0.06212317,96.166667,19.953709,-0.405233,19.346769,0.891253,0.327922,-0.079588,0.9472,0.002681,2.247736,0.027159,0.078127,0.061025,1.362622,1
0.062177003,96.25,19.952451,-0.410687,19.347908,0.891079,0.327847,-0.079602,0.947011,0.002671,2.24787,0.027319,0.078021,0.061015,1.382088,1
0.062230835,96.333333,19.951176,-0.416141,19.349031,0.890903,0.32777,-0.079617,0.946819,0.002662,2.248001,0.027475,0.077916,0.061004,1.401554,1
0.062284668,96.416667,19.949884,-0.421594,19.350139,0.890724,0.327693,-0.079632,0.946624,0.002653,2.248131,0.027628,0.077812,0.060994,1.42102,1
0.062338501,96.5,19.948575,-0.427046,19.351231,0.890543,0.327613,-0.079647,0.946427,0.002644,2.248259,0.027777,0.077708,0.060983,1.440486,1
0.062392334,96.583333,19.947249,-0.432497,19.352308,0.890359,0.327533,-0.079663,0.946227,0.002635,2.248386,0.027923,0.077604,0.060973,1.459952,1
0.062446167,96.666667,19.945907,-0.437947,19.353369,0.890173,0.327451,-0.079679,0.946024,0.002626,2.24851,0.028066,0.077501,0.060963,1.479418,1
0.0625,96.75,19.944548,-0.443396,19.354414,0.889984,0.327368,-0.079695,0.945819,0.002617,2.248633,0.028205,0.077399,0.060953,1.498884,1
0.062553833,96.833333,19.943172,-0.448844,19.355444,0.889793,0.327284,-0.079712,0.94561,0.002609,2.248753,0.028341,0.077297,0.060944,1.51835,1
0.062607666,96.916667,19.941779,-0.454291,19.356459,0.8896,0.327198,-0.079729,0.945399,0.0026,2.248872,0.028474,0.077196,0.060934,1.537816,1
0.062661499,97.0,19.940369,-0.459738,19.357458,0.889404,0.327112,-0.079746,0.945186,0.002592,2.248989,0.028603,0.077096,0.060925,1.557282,1
0.062715332,97.083333,19.938943,-0.465183,19.358441,0.889206,0.327024,-0.079764,0.94497,0.002583,2.249105,0.02873,0.076996,0.060915,1.576748,1
0.062769165,97.166667,19.9375,-0.470627,19.359409,0.889005,0.326935,-0.079781,0.944751,0.002575,2.249218,0.028853,0.076896,0.060906,1.596214,1
0.062822997,97.25,19.93604,-0.476071,19.360361,0.888802,0.326844,-0.0798,0.944529,0.002566,2.24933,0.028973,0.076797,0.060897,1.61568,1
0.06287683,97.333333,19.934563,-0.481513,19.361297,0.888597,0.326753,-0.079818,0.944305,0.002558,2.24944,0.02909,0.076699,0.060889,1.635146,1
0.062930663,97.416667,19.933069,-0.486954,19.362218,0.88839,0.32666,-0.079837,0.944079,0.00255,2.249548,0.029203,0.076601,0.06088,1.654612,1
0.062984496,97.5,19.931559,-0.492395,19.363124,0.88818,0.326566,-0.079856,0.94385,0.002542,2.249654,0.029314,0.076504,0.060872,1.674078,1
0.063038329,97.583333,19.930032,-0.497834,19.364013,0.887968,0.326471,-0.079876,0.943618,0.002534,2.249758,0.029421,0.076407,0.060863,1.693544,1
0.063092162,97.666667,19.928488,-0.503272,19.364888,0.887754,0.326375,-0.079895,0.943384,0.002526,2.249861,0.029526,0.076311,0.060855,1.71301,1
0.063145995,97.75,19.926927,-0.508709,19.365746,0.887538,0.326278,-0.079915,0.943148,0.002518,2.249961,0.029627,0.076216,0.060847,1.732476,1
0.063199828,97.833333,19.92535,-0.514145,19.36659,0.887319,0.326179,-0.079936,0.942909,0.00251,2.25006,0.029726,0.076121,0.060839,1.751942,1
0.063253661,97.916667,19.923756,-0.51958,19.367417,0.887098,0.326079,-0.079956,0.942667,0.002503,2.250157,0.029821,0.076026,0.060832,1.771408,1
0.063307494,98.0,19.922145,-0.525014,19.368229,0.886875,0.325978,-0.079977,0.942423,0.002495,2.250252,0.029914,0.075932,0.060824,1.790874,1
0.063361326,98.083333,19.920517,-0.530447,19.369025,0.88665,0.325877,-0.079998,0.942177,0.002487,2.250346,0.030003,0.075839,0.060817,1.81034,1
0.063415159,98.166667,19.918872,-0.535879,19.369806,0.886423,0.325773,-0.080019,0.941928,0.00248,2.250437,0.03009,0.075746,0.06081,1.829807,1
0.063468992,98.25,19.917211,-0.541309,19.370571,0.886194,0.325669,-0.080041,0.941677,0.002472,2.250527,0.030173,0.075654,0.060803,1.849273,1
0.063522825,98.333333,19.915533,-0.546738,19.371321,0.885962,0.325564,-0.080062,0.941424,0.002465,2.250615,0.030254,0.075562,0.060796,1.868739,1
0.063576658,98.416667,19.913838,-0.552167,19.372055,0.885729,0.325457,-0.080084,0.941168,0.002458,2.250701,0.030332,0.07547,0.060789,1.888205,1
0.063630491,98.5,19.912127,-0.557594,19.372773,0.885493,0.32535,-0.080106,0.94091,0.00245,2.250785,0.030407,0.07538,0.060782,1.907671,1
0.063684324,98.583333,19.910399,-0.563019,19.373476,0.885256,0.325241,-0.080129,0.94065,0.002443,2.250868,0.03048,0.075289,0.060776,1.927137,1
0.063738157,98.666667,19.908654,-0.568444,19.374163,0.885016,0.325132,-0.080151,0.940387,0.002436,2.250948,0.030549,0.0752,0.060769,1.946603,1
0.06379199,98.75,19.906892,-0.573868,19.374835,0.884774,0.325021,-0.080174,0.940122,0.002429,2.251027,0.030616,0.07511,0.060763,1.966069,1
0.063845823,98.833333,19.905114,-0.57929,19.375491,0.884531,0.324909,-0.080197,0.939855,0.002422,2.251104,0.03068,0.075022,0.060757,1.985535,1
0.063899655,98.916667,19.903319,-0.584711,19.376131,0.884285,0.324796,-0.08022,0.939586,0.002415,2.251179,0.030741,0.074933,0.060751,2.005001,1
0.063953488,99.0,19.901507,-0.590131,19.376756,0.884037,0.324682,-0.080244,0.939314,0.002408,2.251252,0.0308,0.074846,0.060745,2.024467,1
0.064007321,99.083333,19.899678,-0.595549,19.377365,0.883788,0.324567,-0.080267,0.93904,0.002401,2.251324,0.030856,0.074759,0.06074,2.043933,1
0.064061154,99.166667,19.897833,-0.600966,19.377959,0.883536,0.324451,-0.080291,0.938764,0.002395,2.251393,0.030909,0.074672,0.060734,2.063399,1
0.064114987,99.25,19.895971,-0.606382,19.378537,0.883283,0.324334,-0.080315,0.938486,0.002388,2.251461,0.03096,0.074586,0.060729,2.082865,1
0.06416882,99.333333,19.894092,-0.611797,19.379099,0.883027,0.324216,-0.080339,0.938206,0.002381,2.251527,0.031008,0.0745,0.060723,2.102331,1
0.064222653,99.416667,19.892197,-0.617211,19.379646,0.88277,0.324097,-0.080363,0.937924,0.002375,2.251591,0.031053,0.074415,0.060718,2.121797,1
0.064276486,99.5,19.890285,-0.622623,19.380177,0.882511,0.323977,-0.080387,0.937639,0.002368,2.251653,0.031096,0.07433,0.060713,2.141263,1
0.064330319,99.583333,19.888356,-0.628033,19.380692,0.88225,0.323855,-0.080412,0.937352,0.002362,2.251714,0.031136,0.074246,0.060709,2.160729,1
0.064384152,99.666667,19.886411,-0.633443,19.381192,0.881987,0.323733,-0.080436,0.937064,0.002356,2.251772,0.031174,0.074162,0.060704,2.180195,1
0.064437984,99.75,19.884448,-0.638851,19.381677,0.881722,0.32361,-0.080461,0.936773,0.002349,2.251829,0.031209,0.074079,0.0607,2.199661,1
0.064491817,99.833333,19.88247,-0.644258,19.382145,0.881456,0.323486,-0.080485,0.93648,0.002343,2.251884,0.031241,0.073996,0.060696,2.219127,1
0.06454565,99.916667,19.880474,-0.649663,19.382598,0.881187,0.323361,-0.08051,0.936185,0.002337,2.251937,0.031271,0.073914,0.060691,2.238593,1
0.064599483,100.0,19.878462,-0.655067,19.383036,0.880917,0.323235,-0.080535,0.935889,0.002331,2.251988,0.031299,0.073832,0.060687,2.258059,1
0.064653316,100.083333,19.876433,-0.66047,19.383458,0.880645,0.323107,-0.08056,0.93559,0.002325,2.252038,0.031324,0.073751,0.060684,2.277525,1
0.064707149,100.166667,19.874388,-0.665871,19.383864,0.880371,0.322979,-0.080585,0.935289,0.002319,2.252086,0.031347,0.07367,0.06068,2.296991,1
0.064760982,100.25,19.872326,-0.671271,19.384254,0.880096,0.32285,-0.08061,0.934986,0.002313,2.252131,0.031367,0.07359,0.060676,2.316457,1
0.064814815,100.333333,19.870247,-0.676669,19.384629,0.879819,0.32272,-0.080635,0.934681,0.002307,2.252175,0.031385,0.07351,0.060673,2.335923,1
0.064868648,100.416667,19.868151,-0.682066,19.384989,0.87954,0.322589,-0.08066,0.934375,0.002301,2.252217,0.031401,0.073431,0.06067,2.355389,1
0.064922481,100.5,19.866039,-0.687462,19.385333,0.879259,0.322458,-0.080686,0.934066,0.002295,2.252258,0.031414,0.073352,0.060667,2.374855,1
0.064976314,100.583333,19.863911,-0.692856,19.385661,0.878977,0.322325,-0.080711,0.933755,0.00229,2.252296,0.031424,0.073273,0.060664,2.394321,1
0.065030146,100.666667,19.861765,-0.698249,19.385973,0.878693,0.322191,-0.080736,0.933443,0.002284,2.252333,0.031433,0.073195,0.060661,2.413787,1
0.065083979,100.75,19.859603,-0.70364,19.38627,0.878407,0.322056,-0.080762,0.933129,0.002278,2.252368,0.031439,0.073118,0.060658,2.433253,1
0.065137812,100.833333,19.857425,-0.70903,19.386551,0.87812,0.321921,-0.080787,0.932812,0.002273,2.252401,0.031443,0.073041,0.060655,2.452719,1
0.065191645,100.916667,19.855229,-0.714418,19.386817,0.877831,0.321784,-0.080812,0.932494,0.002267,2.252432,0.031444,0.072964,0.060653,2.472185,1
0.065245478,101.0,19.853017,-0.719804,19.387067,0.877541,0.321647,-0.080837,0.932174,0.002262,2.252461,0.031444,0.072888,0.060651,2.491651,1
0.065299311,101.083333,19.850789,-0.72519,19.387301,0.877248,0.321508,-0.080863,0.931853,0.002257,2.252489,0.031441,0.072813,0.060649,2.511117,1
0.065353144,101.166667,19.848544,-0.730573,19.38752,0.876955,0.321369,-0.080888,0.931529,0.002251,2.252514,0.031436,0.072737,0.060647,2.530583,1
0.065406977,101.25,19.846282,-0.735955,19.387723,0.876659,0.321229,-0.080913,0.931204,0.002246,2.252538,0.031428,0.072663,0.060645,2.550049,1
0.06546081,101.333333,19.844004,-0.741336,19.38791,0.876362,0.321088,-0.080938,0.930877,0.002241,2.25256,0.031419,0.072588,0.060643,2.569516,1
0.065514643,101.416667,19.841709,-0.746715,19.388082,0.876064,0.320946,-0.080963,0.930548,0.002236,2.25258,0.031407,0.072514,0.060641,2.588982,1
0.065568475,101.5,19.839398,-0.752092,19.388239,0.875763,0.320803,-0.080988,0.930217,0.00223,2.252599,0.031393,0.072441,0.06064,2.608448,1
0.065622308,101.583333,19.83707,-0.757468,19.388379,0.875462,0.32066,-0.081013,0.929885,0.002225,2.252615,0.031377,0.072368,0.060639,2.627914,1
0.065676141,101.666667,19.834725,-0.762842,19.388504,0.875159,0.320515,-0.081038,0.929551,0.00222,2.25263,0.031359,0.072296,0.060638,2.64738,1
0.065729974,101.75,19.832364,-0.768215,19.388613,0.874854,0.32037,-0.081063,0.929215,0.002215,2.252642,0.031339,0.072224,0.060637,2.666846,1
0.065783807,101.833333,19.829986,-0.773585,19.388707,0.874548,0.320224,-0.081088,0.928877,0.002211,2.252653,0.031316,0.072152,0.060636,2.686312,1
0.06583764,101.916667,19.827592,-0.778955,19.388785,0.87424,0.320077,-0.081112,0.928538,0.002206,2.252663,0.031292,0.072081,0.060635,2.705778,1
0.065891473,102.0,19.825181,-0.784322,19.388848,0.873931,0.319929,-0.081137,0.928197,0.002201,2.25267,0.031265,0.07201,0.060635,2.725244,1
0.065945306,102.083333,19.822753,-0.789688,19.388894,0.87362,0.31978,-0.081161,0.927855,0.002196,2.252675,0.031237,0.07194,0.060634,2.74471,1
0.065999139,102.166667,19.820309,-0.795053,19.388926,0.873308,0.319631,-0.081185,0.92751,0.002191,2.252679,0.031206,0.07187,0.060634,2.764176,1
0.066052972,102.25,19.817849,-0.800415,19.388941,0.872995,0.31948,-0.081209,0.927164,0.002187,2.252681,0.031174,0.0718,0.060634,2.783642,1
0.066106804,102.333333,19.815372,-0.805776,19.388941,0.87268,0.319329,-0.081233,0.926817,0.002182,2.252681,0.031139,0.071731,0.060634,2.803108,1
0.066160637,102.416667,19.812878,-0.811135,19.388925,0.872363,0.319177,-0.081257,0.926468,0.002178,2.252679,0.031103,0.071663,0.060634,2.822574,1
0.06621447,102.5,19.810368,-0.816493,19.388894,0.872046,0.319024,-0.081281,0.926117,0.002173,2.252675,0.031064,0.071594,0.060634,2.84204,1
0.066268303,102.583333,19.807841,-0.821849,19.388847,0.871726,0.31887,-0.081304,0.925765,0.002169,2.25267,0.031024,0.071527,0.060635,2.861506,1
0.066322136,102.666667,19.805298,-0.827203,19.388784,0.871406,0.318716,-0.081327,0.925411,0.002164,2.252663,0.030981,0.071459,0.060635,2.880972,1
0.066375969,102.75,19.802739,-0.832555,19.388706,0.871084,0.318561,-0.08135,0.925056,0.00216,2.252653,0.030937,0.071392,0.060636,2.900438,1
0.066429802,102.833333,19.800162,-0.837906,19.388612,0.87076,0.318405,-0.081373,0.924699,0.002156,2.252642,0.030891,0.071326,0.060637,2.919904,1
0.066483635,102.916667,19.79757,-0.843254,19.388503,0.870436,0.318248,-0.081396,0.92434,0.002151,2.25263,0.030843,0.07126,0.060638,2.93937,1
0.066537468,103.0,19.794961,-0.848601,19.388378,0.87011,0.31809,-0.081418,0.92398,0.002147,2.252615,0.030793,0.071194,0.060639,2.958836,1
0.066591301,103.083333,19.792335,-0.853947,19.388237,0.869782,0.317932,-0.08144,0.923618,0.002143,2.252598,0.030741,0.071129,0.06064,2.978302,1
0.066645134,103.166667,19.789693,-0.85929,19.388081,0.869454,0.317773,-0.081462,0.923255,0.002139,2.25258,0.030687,0.071064,0.060642,2.997768,1
0.066698966,103.25,19.787034,-0.864631,19.387909,0.869124,0.317613,-0.081484,0.922891,0.002135,2.25256,0.030631,0.071,0.060643,3.017234,1
0.066752799,103.333333,19.784359,-0.869971,19.387721,0.868792,0.317452,-0.081505,0.922525,0.002131,2.252538,0.030574,0.070936,0.060645,3.0367,1
0.066806632,103.416667,19.781667,-0.875309,19.387518,0.86846,0.317291,-0.081526,0.922157,0.002127,2.252514,0.030515,0.070872,0.060647,3.056166,1
0.066860465,103.5,19.778959,-0.880645,19.387299,0.868126,0.317128,-0.081547,0.921788,0.002123,2.252488,0.030454,0.070809,0.060649,3.075632,1
0.066914298,103.583333,19.776235,-0.885979,19.387064,0.867791,0.316965,-0.081568,0.921418,0.002119,2.252461,0.030391,0.070746,0.060651,3.095098,1
0.066968131,103.666667,19.773494,-0.891312,19.386814,0.867454,0.316802,-0.081588,0.921046,0.002115,2.252432,0.030327,0.070684,0.060653,3.114564,1
0.067021964,103.75,19.770737,-0.896642,19.386548,0.867117,0.316637,-0.081608,0.920673,0.002112,2.2524,0.03026,0.070622,0.060655,3.13403,1
0.067075797,103.833333,19.767963,-0.901971,19.386267,0.866778,0.316472,-0.081628,0.920298,0.002108,2.252367,0.030192,0.07056,0.060658,3.153496,1
0.06712963,103.916667,19.765172,-0.907297,19.38597,0.866438,0.316306,-0.081647,0.919922,0.002104,2.252333,0.030123,0.070499,0.060661,3.172962,1
0.067183463,104.0,19.762366,-0.912622,19.385657,0.866096,0.316139,-0.081666,0.919544,0.002101,2.252296,0.030051,0.070438,0.060664,3.192428,1
0.067237295,104.083333,19.759543,-0.917945,19.385329,0.865754,0.315972,-0.081685,0.919166,0.002097,2.252257,0.029978,0.070378,0.060667,3.211894,1
0.067291128,104.166667,19.756703,-0.923265,19.384985,0.86541,0.315804,-0.081704,0.918785,0.002093,2.252217,0.029904,0.070318,0.06067,3.23136,1
0.067344961,104.25,19.753847,-0.928584,19.384626,0.865065,0.315635,-0.081722,0.918404,0.00209,2.252175,0.029827,0.070258,0.060673,3.250826,1
0.067398794,104.333333,19.750975,-0.933901,19.38425,0.864719,0.315466,-0.081739,0.918021,0.002086,2.252131,0.029749,0.070199,0.060676,3.270292,1
0.067452627,104.416667,19.748086,-0.939216,19.38386,0.864372,0.315295,-0.081757,0.917637,0.002083,2.252085,0.029669,0.07014,0.06068,3.289759,1
0.06750646,104.5,19.745181,-0.944529,19.383453,0.864023,0.315125,-0.081774,0.917251,0.00208,2.252037,0.029588,0.070081,0.060684,3.309225,1
0.067560293,104.583333,19.74226,-0.94984,19.383031,0.863674,0.314953,-0.08179,0.916864,0.002076,2.251988,0.029505,0.070023,0.060687,3.328691,1
0.067614126,104.666667,19.739322,-0.955149,19.382594,0.863323,0.314781,-0.081807,0.916476,0.002073,2.251937,0.02942,0.069966,0.060691,3.348157,1
0.067667959,104.75,19.736368,-0.960456,19.38214,0.862971,0.314608,-0.081822,0.916086,0.00207,2.251884,0.029334,0.069908,0.060696,3.367623,1
0.067721792,104.833333,19.733397,-0.965761,19.381672,0.862618,0.314434,-0.081838,0.915695,0.002066,2.251829,0.029246,0.069851,0.0607,3.387089,1
0.067775624,104.916667,19.73041,-0.971064,19.381187,0.862264,0.31426,-0.081853,0.915303,0.002063,2.251772,0.029157,0.069795,0.060704,3.406555,1
0.067829457,105.0,19.727407,-0.976364,19.380687,0.861909,0.314085,-0.081867,0.91491,0.00206,2.251713,0.029066,0.069739,0.060709,3.426021,1
0.06788329,105.083333,19.724387,-0.981663,19.380171,0.861552,0.313909,-0.081882,0.914515,0.002057,2.251653,0.028974,0.069683,0.060714,3.445487,1
0.067937123,105.166667,19.721351,-0.98696,19.37964,0.861195,0.313732,-0.081895,0.91412,0.002054,2.25159,0.02888,0.069627,0.060718,3.464953,1
0.067990956,105.25,19.718299,-0.992254,19.379093,0.860836,0.313555,-0.081909,0.913722,0.002051,2.251526,0.028784,0.069572,0.060724,3.484419,1
0.068044789,105.333333,19.71523,-0.997547,19.378531,0.860477,0.313378,-0.081922,0.913324,0.002048,2.25146,0.028687,0.069518,0.060729,3.503885,1
0.068098622,105.416667,19.712145,-1.002837,19.377952,0.860116,0.313199,-0.081934,0.912925,0.002045,2.251392,0.028589,0.069463,0.060734,3.523351,1
0.068152455,105.5,19.709044,-1.008125,19.377359,0.859755,0.31302,-0.081946,0.912524,0.002042,2.251323,0.028489,0.069409,0.06074,3.542817,1
0.068206288,105.583333,19.705926,-1.013411,19.376749,0.859392,0.312841,-0.081957,0.912122,0.002039,2.251251,0.028388,0.069356,0.060745,3.562283,1
0.068260121,105.666667,19.702792,-1.018695,19.376124,0.859028,0.312661,-0.081968,0.911719,0.002037,2.251178,0.028285,0.069303,0.060751,3.581749,1
0.068313953,105.75,19.699642,-1.023977,19.375484,0.858663,0.31248,-0.081979,0.911315,0.002034,2.251103,0.028181,0.06925,0.060757,3.601215,1
0.068367786,105.833333,19.696475,-1.029257,19.374828,0.858298,0.312298,-0.081989,0.910909,0.002031,2.251026,0.028075,0.069197,0.060763,3.620681,1
0.068421619,105.916667,19.693293,-1.034534,19.374156,0.857931,0.312116,-0.081998,0.910503,0.002029,2.250947,0.027968,0.069145,0.060769,3.640147,1
0.068475452,106.0,19.690094,-1.039809,19.373469,0.857563,0.311933,-0.082008,0.910095,0.002026,2.250867,0.027859,0.069093,0.060776,3.659613,1
0.068529285,106.083333,19.686878,-1.045082,19.372766,0.857194,0.31175,-0.082016,0.909686,0.002023,2.250784,0.027749,0.069042,0.060782,3.679079,1
0.068583118,106.166667,19.683647,-1.050353,19.372047,0.856824,0.311566,-0.082024,0.909276,0.002021,2.2507,0.027638,0.068991,0.060789,3.698545,1
0.068636951,106.25,19.680399,-1.055622,19.371313,0.856454,0.311381,-0.082032,0.908865,0.002018,2.250614,0.027525,0.06894,0.060796,3.718011,1
0.068690784,106.333333,19.677135,-1.060888,19.370563,0.856082,0.311196,-0.082038,0.908452,0.002016,2.250526,0.027411,0.06889,0.060803,3.737477,1
0.068744617,106.416667,19.673854,-1.066153,19.369798,0.855709,0.31101,-0.082045,0.908039,0.002013,2.250436,0.027296,0.06884,0.06081,3.756943,1
0.06879845,106.5,19.670558,-1.071414,19.369017,0.855336,0.310823,-0.082051,0.907624,0.002011,2.250345,0.027179,0.06879,0.060817,3.776409,1
0.068852283,106.583333,19.667245,-1.076674,19.36822,0.854961,0.310636,-0.082056,0.907209,0.002009,2.250251,0.027061,0.068741,0.060824,3.795875,1
0.068906115,106.666667,19.663916,-1.081931,19.367408,0.854586,0.310448,-0.082061,0.906792,0.002006,2.250156,0.026942,0.068692,0.060832,3.815341,1
0.068959948,106.75,19.660571,-1.087186,19.366581,0.854209,0.31026,-0.082065,0.906375,0.002004,2.250059,0.026821,0.068644,0.06084,3.834807,1
0.069013781,106.833333,19.657209,-1.092439,19.365737,0.853832,0.310071,-0.082069,0.905956,0.002002,2.24996,0.026699,0.068595,0.060847,3.854273,1
0.069067614,106.916667,19.653832,-1.09769,19.364879,0.853454,0.309882,-0.082072,0.905536,0.002,2.24986,0.026576,0.068548,0.060855,3.873739,1
0.069121447,107.0,19.650438,-1.102938,19.364004,0.853074,0.309692,-0.082074,0.905115,0.001997,2.249757,0.026451,0.0685,0.060863,3.893205,1
0.06917528,107.083333,19.647028,-1.108184,19.363114,0.852694,0.309501,-0.082076,0.904693,0.001995,2.249653,0.026325,0.068453,0.060872,3.912671,1
0.069229113,107.166667,19.643602,-1.113427,19.362209,0.852313,0.30931,-0.082077,0.90427,0.001993,2.249546,0.026198,0.068406,0.06088,3.932137,1
0.069282946,107.25,19.64016,-1.118668,19.361287,0.851932,0.309118,-0.082078,0.903846,0.001991,2.249438,0.02607,0.068359,0.060889,3.951603,1
0.069336779,107.333333,19.636701,-1.123907,19.360351,0.851549,0.308926,-0.082078,0.903421,0.001989,2.249329,0.02594,0.068313,0.060897,3.971069,1
0.069390612,107.416667,19.633226,-1.129143,19.359398,0.851165,0.308733,-0.082077,0.902995,0.001987,2.249217,0.025809,0.068267,0.060906,3.990535,1
0.069444444,107.5,19.629736,-1.134377,19.35843,0.850781,0.308539,-0.082076,0.902568,0.001985,2.249103,0.025677,0.068222,0.060915,4.010002,1
0.069498277,107.583333,19.626229,-1.139609,19.357447,0.850396,0.308345,-0.082074,0.90214,0.001983,2.248988,0.025544,0.068177,0.060925,4.029468,1
0.06955211,107.666667,19.622706,-1.144838,19.356448,0.850009,0.308151,-0.082072,0.901711,0.001981,2.248871,0.02541,0.068132,0.060934,4.048934,1
0.069605943,107.75,19.619166,-1.150065,19.355434,0.849622,0.307956,-0.082069,0.901281,0.00198,2.248752,0.025274,0.068088,0.060944,4.0684,1
0.069659776,107.833333,19.615611,-1.155289,19.354403,0.849235,0.30776,-0.082065,0.900851,0.001978,2.248631,0.025137,0.068043,0.060953,4.087866,1
0.069713609,107.916667,19.61204,-1.160511,19.353358,0.848846,0.307564,-0.082061,0.900419,0.001976,2.248509,0.024999,0.068,0.060963,4.107332,1
0.069767442,108.0,19.608452,-1.16573,19.352296,0.848456,0.307367,-0.082056,0.899986,0.001974,2.248384,0.02486,0.067956,0.060973,4.126798,1
0.069821275,108.083333,19.604849,-1.170947,19.35122,0.848066,0.30717,-0.08205,0.899552,0.001973,2.248258,0.02472,0.067913,0.060983,4.146264,1
0.069875108,108.166667,19.601229,-1.176162,19.350127,0.847675,0.306972,-0.082044,0.899118,0.001971,2.24813,0.024578,0.06787,0.060994,4.16573,1
0.069928941,108.25,19.597593,-1.181374,19.349019,0.847283,0.306773,-0.082037,0.898682,0.001969,2.248,0.024436,0.067828,0.061004,4.185196,1
0.069982773,108.333333,19.593941,-1.186583,19.347896,0.846891,0.306574,-0.082029,0.898245,0.001968,2.247868,0.024292,0.067786,0.061015,4.204662,1
0.070036606,108.416667,19.590273,-1.19179,19.346757,0.846497,0.306375,-0.082021,0.897808,0.001966,2.247735,0.024148,0.067744,0.061026,4.224128,1
0.070090439,108.5,19.586589,-1.196994,19.345603,0.846103,0.306175,-0.082012,0.89737,0.001965,2.247599,0.024002,0.067702,0.061036,4.243594,1
0.070144272,108.583333,19.582889,-1.202196,19.344433,0.845708,0.305975,-0.082002,0.896931,0.001963,2.247462,0.023855,0.067661,0.061047,4.26306,1
0.070198105,108.666667,19.579173,-1.207396,19.343247,0.845312,0.305774,-0.081991,0.89649,0.001962,2.247323,0.023707,0.06762,0.061059,4.282526,1
0.070251938,108.75,19.575441,-1.212592,19.342046,0.844916,0.305572,-0.08198,0.896049,0.001961,2.247182,0.023558,0.06758,0.06107,4.301992,1
0.070305771,108.833333,19.571693,-1.217787,19.340829,0.844518,0.30537,-0.081968,0.895608,0.001959,2.24704,0.023407,0.06754,0.061081,4.321458,1
0.070359604,108.916667,19.567929,-1.222978,19.339597,0.84412,0.305168,-0.081956,0.895165,0.001958,2.246895,0.023256,0.0675,0.061093,4.340924,1
0.070413437,109.0,19.564149,-1.228167,19.338349,0.843722,0.304965,-0.081943,0.894721,0.001957,2.246749,0.023104,0.06746,0.061105,4.36039,1
0.07046727,109.083333,19.560352,-1.233354,19.337086,0.843322,0.304761,-0.081929,0.894277,0.001955,2.246601,0.022951,0.067421,0.061117,4.379856,1
0.070521102,109.166667,19.55654,-1.238538,19.335807,0.842922,0.304557,-0.081914,0.893832,0.001954,2.246451,0.022796,0.067382,0.06113,4.399322,1
0.070574935,109.25,19.552712,-1.243719,19.334513,0.842521,0.304353,-0.081899,0.893386,0.001953,2.246299,0.022641,0.067343,0.061142,4.418788,1
0.070628768,109.333333,19.548868,-1.248898,19.333203,0.84212,0.304148,-0.081882,0.892939,0.001952,2.246145,0.022485,0.067305,0.061155,4.438254,1
0.070682601,109.416667,19.545008,-1.254074,19.331878,0.841717,0.303942,-0.081866,0.892491,0.001951,2.24599,0.022327,0.067267,0.061167,4.45772,1
0.070736434,109.5,19.541132,-1.259247,19.330537,0.841314,0.303736,-0.081848,0.892042,0.00195,2.245833,0.022169,0.067229,0.06118,4.477186,1
0.070790267,109.583333,19.53724,-1.264418,19.329181,0.84091,0.30353,-0.08183,0.891593,0.001949,2.245674,0.022009,0.067192,0.061193,4.496652,1
0.0708441,109.666667,19.533332,-1.269586,19.327809,0.840506,0.303323,-0.081811,0.891143,0.001948,2.245513,0.021849,0.067155,0.061206,4.516118,1
0.070897933,109.75,19.529408,-1.274751,19.326422,0.840101,0.303115,-0.081791,0.890692,0.001947,2.24535,0.021688,0.067118,0.06122,4.535584,1
0.070951766,109.833333,19.525468,-1.279914,19.325019,0.839695,0.302907,-0.08177,0.89024,0.001946,2.245186,0.021526,0.067082,0.061233,4.55505,1
0.071005599,109.916667,19.521513,-1.285073,19.323601,0.839289,0.302699,-0.081749,0.889787,0.001945,2.24502,0.021362,0.067046,0.061247,4.574516,1
0.071059432,110.0,19.517541,-1.290231,19.322167,0.838882,0.30249,-0.081727,0.889334,0.001944,2.244851,0.021198,0.06701,0.06126,4.593982,1
0.071113264,110.083333,19.513553,-1.295385,19.320717,0.838474,0.302281,-0.081704,0.88888,0.001943,2.244681,0.021033,0.066974,0.061274,4.613448,1
0.071167097,110.166667,19.50955,-1.300537,19.319253,0.838065,0.302071,-0.081681,0.888425,0.001942,2.24451,0.020867,0.066939,0.061289,4.632914,1
0.07122093,110.25,19.505531,-1.305686,19.317772,0.837656,0.301861,-0.081656,0.887969,0.001942,2.244336,0.0207,0.066904,0.061303,4.65238,1
0.071274763,110.333333,19.501495,-1.310832,19.316277,0.837247,0.30165,-0.081631,0.887513,0.001941,2.244161,0.020532,0.06687,0.061318,4.671846,1
0.071328596,110.416667,19.497444,-1.315975,19.314765,0.836836,0.301439,-0.081605,0.887056,0.00194,2.243984,0.020363,0.066835,0.061332,4.691312,1
0.071382429,110.5,19.493378,-1.321116,19.313239,0.836425,0.301228,-0.081579,0.886598,0.001939,2.243805,0.020194,0.066801,0.061347,4.710778,1
0.071436262,110.583333,19.489295,-1.326254,19.311697,0.836014,0.301016,-0.081551,0.886139,0.001939,2.243624,0.020023,0.066768,0.061362,4.730244,1
0.071490095,110.666667,19.485196,-1.331389,19.310139,0.835602,0.300803,-0.081523,0.88568,0.001938,2.243441,0.019852,0.066734,0.061377,4.749711,1
0.071543928,110.75,19.481082,-1.336521,19.308566,0.835189,0.30059,-0.081494,0.88522,0.001938,2.243257,0.019679,0.066701,0.061393,4.769177,1
0.071597761,110.833333,19.476951,-1.341651,19.306977,0.834775,0.300377,-0.081464,0.884759,0.001937,2.24307,0.019506,0.066669,0.061408,4.788643,1
0.071651593,110.916667,19.472805,-1.346777,19.305373,0.834361,0.300163,-0.081434,0.884298,0.001937,2.242882,0.019332,0.066636,0.061424,4.808109,1
0.071705426,111.0,19.468643,-1.351901,19.303754,0.833947,0.299949,-0.081403,0.883835,0.001936,2.242692,0.019157,0.066604,0.06144,4.827575,1
0.071759259,111.083333,19.464466,-1.357022,19.302119,0.833531,0.299734,-0.081371,0.883373,0.001936,2.242501,0.018981,0.066572,0.061456,4.847041,1
0.071813092,111.166667,19.460272,-1.36214,19.300469,0.833116,0.299519,-0.081338,0.882909,0.001935,2.242307,0.018805,0.06654,0.061472,4.866507,1
0.071866925,111.25,19.456063,-1.367255,19.298803,0.832699,0.299304,-0.081304,0.882445,0.001935,2.242112,0.018627,0.066509,0.061488,4.885973,1
0.071920758,111.333333,19.451838,-1.372367,19.297121,0.832282,0.299088,-0.08127,0.88198,0.001935,2.241915,0.018449,0.066478,0.061505,4.905439,1
0.071974591,111.416667,19.447597,-1.377476,19.295425,0.831865,0.298871,-0.081234,0.881514,0.001934,2.241716,0.01827,0.066448,0.061522,4.924905,1
0.072028424,111.5,19.443341,-1.382583,19.293713,0.831447,0.298654,-0.081198,0.881048,0.001934,2.241515,0.01809,0.066417,0.061539,4.944371,1
0.072082257,111.583333,19.439068,-1.387686,19.291985,0.831028,0.298437,-0.081161,0.880581,0.001934,2.241313,0.017909,0.066387,0.061556,4.963837,1
0.07213609,111.666667,19.43478,-1.392787,19.290242,0.830609,0.29822,-0.081124,0.880113,0.001934,2.241108,0.017728,0.066357,0.061573,4.983303,1
0.072189922,111.75,19.430476,-1.397884,19.288484,0.830189,0.298002,-0.081085,0.879645,0.001934,2.240902,0.017546,0.066328,0.061591,5.002769,1
0.072243755,111.833333,19.426157,-1.402979,19.28671,0.829769,0.297783,-0.081046,0.879176,0.001934,2.240694,0.017363,0.066298,0.061608,5.022235,1
0.072297588,111.916667,19.421822,-1.408071,19.284921,0.829348,0.297564,-0.081006,0.878707,0.001933,2.240484,0.017179,0.06627,0.061626,5.041701,1
0.072351421,112.0,19.417471,-1.413159,19.283116,0.828926,0.297345,-0.080965,0.878236,0.001933,2.240273,0.016994,0.066241,0.061644,5.061167,1
0.072405254,112.083333,19.413104,-1.418245,19.281296,0.828504,0.297126,-0.080924,0.877766,0.001933,2.240059,0.016809,0.066212,0.061662,5.080633,1
0.072459087,112.166667,19.408722,-1.423328,19.279461,0.828082,0.296905,-0.080881,0.877294,0.001933,2.239844,0.016623,0.066184,0.06168,5.100099,1
0.07251292,112.25,19.404324,-1.428407,19.27761,0.827659,0.296685,-0.080838,0.876822,0.001933,2.239627,0.016436,0.066157,0.061699,5.119565,1
0.072566753,112.333333,19.39991,-1.433484,19.275743,0.827235,0.296464,-0.080794,0.87635,0.001934,2.239408,0.016248,0.066129,0.061718,5.139031,1
0.072620586,112.416667,19.395481,-1.438558,19.273862,0.826811,0.296243,-0.080749,0.875876,0.001934,2.239188,0.01606,0.066102,0.061736,5.158497,1
0.072674419,112.5,19.391036,-1.443628,19.271965,0.826387,0.296021,-0.080703,0.875402,0.001934,2.238965,0.015871,0.066075,0.061756,5.177963,1
0.072728252,112.583333,19.386576,-1.448696,19.270052,0.825962,0.295799,-0.080657,0.874928,0.001934,2.238741,0.015681,0.066048,0.061775,5.197429,1
0.072782084,112.666667,19.3821,-1.45376,19.268125,0.825536,0.295577,-0.08061,0.874453,0.001934,2.238515,0.01549,0.066022,0.061794,5.216895,1
0.072835917,112.75,19.377608,-1.458822,19.266182,0.82511,0.295354,-0.080561,0.873977,0.001934,2.238287,0.015299,0.065996,0.061814,5.236361,1
0.07288975,112.833333,19.3731,-1.46388,19.264223,0.824684,0.295131,-0.080513,0.873501,0.001935,2.238057,0.015107,0.06597,0.061834,5.255827,1
0.072943583,112.916667,19.368577,-1.468935,19.262249,0.824257,0.294908,-0.080463,0.873024,0.001935,2.237826,0.014914,0.065945,0.061853,5.275293,1
0.072997416,113.0,19.364039,-1.473987,19.26026,0.82383,0.294684,-0.080412,0.872547,0.001935,2.237593,0.014721,0.065919,0.061873,5.294759,1
0.073051249,113.083333,19.359485,-1.479036,19.258255,0.823402,0.294459,-0.080361,0.872069,0.001936,2.237358,0.014527,0.065894,0.061894,5.314225,1
0.073105082,113.166667,19.354915,-1.484082,19.256235,0.822973,0.294235,-0.080309,0.871591,0.001936,2.237121,0.014332,0.06587,0.061914,5.333691,1
0.073158915,113.25,19.35033,-1.489125,19.2542,0.822544,0.29401,-0.080256,0.871112,0.001937,2.236882,0.014137,0.065845,0.061935,5.353157,1
0.073212748,113.333333,19.345729,-1.494164,19.252149,0.822115,0.293784,-0.080202,0.870632,0.001937,2.236642,0.013941,0.065821,0.061956,5.372623,1
0.073266581,113.416667,19.341112,-1.499201,19.250083,0.821685,0.293559,-0.080148,0.870152,0.001938,2.236399,0.013744,0.065797,0.061977,5.392089,1
0.073320413,113.5,19.336481,-1.504234,19.248002,0.821255,0.293333,-0.080093,0.869671,0.001938,2.236155,0.013546,0.065774,0.061999,5.411555,1
0.073374246,113.583333,19.331833,-1.509264,19.245905,0.820824,0.293106,-0.080037,0.86919,0.001939,2.23591,0.013348,0.065751,0.06202,5.431021,1
0.073428079,113.666667,19.32717,-1.514291,19.243793,0.820393,0.292879,-0.07998,0.868708,0.001939,2.235662,0.01315,0.065728,0.062042,5.450487,1
0.073481912,113.75,19.322492,-1.519314,19.241666,0.819962,0.292652,-0.079922,0.868226,0.00194,2.235412,0.01295,0.065705,0.062063,5.469954,1
0.073535745,113.833333,19.317798,-1.524335,19.239523,0.81953,0.292425,-0.079864,0.867743,0.001941,2.235161,0.01275,0.065682,0.062085,5.48942,1
0.073589578,113.916667,19.313089,-1.529352,19.237365,0.819097,0.292197,-0.079804,0.86726,0.001941,2.234908,0.01255,0.06566,0.062108,5.508886,1
0.073643411,114.0,19.308364,-1.534366,19.235192,0.818664,0.291968,-0.079744,0.866776,0.001942,2.234653,0.012348,0.065638,0.06213,5.528352,1
0.073697244,114.083333,19.303623,-1.539377,19.233003,0.818231,0.29174,-0.079683,0.866292,0.001943,2.234397,0.012147,0.065617,0.062153,5.547818,1
0.073751077,114.166667,19.298868,-1.544384,19.2308,0.817797,0.291511,-0.079622,0.865807,0.001944,2.234138,0.011944,0.065595,0.062176,5.567284,1
0.07380491,114.25,19.294096,-1.549388,19.22858,0.817363,0.291282,-0.079559,0.865322,0.001945,2.233878,0.011741,0.065574,0.062199,5.58675,1
0.073858742,114.333333,19.28931,-1.554389,19.226346,0.816929,0.291052,-0.079496,0.864836,0.001946,2.233616,0.011537,0.065554,0.062222,5.606216,1
0.073912575,114.416667,19.284508,-1.559387,19.224096,0.816494,0.290822,-0.079432,0.864349,0.001946,2.233352,0.011333,0.065533,0.062245,5.625682,1
0.073966408,114.5,19.27969,-1.564381,19.221831,0.816059,0.290592,-0.079367,0.863863,0.001947,2.233087,0.011128,0.065513,0.062269,5.645148,1
0.074020241,114.583333,19.274857,-1.569372,19.219551,0.815623,0.290361,-0.079302,0.863375,0.001948,2.232819,0.010923,0.065493,0.062292,5.664614,1
0.074074074,114.666667,19.270009,-1.57436,19.217255,0.815187,0.29013,-0.079235,0.862888,0.001949,2.23255,0.010717,0.065473,0.062317,5.68408,1
0.074127907,114.75,19.265145,-1.579345,19.214944,0.81475,0.289899,-0.079168,0.8624,0.00195,2.232279,0.01051,0.065454,0.062341,5.703546,1
0.07418174,114.833333,19.260266,-1.584326,19.212618,0.814313,0.289667,-0.0791,0.861911,0.001952,2.232007,0.010303,0.065435,0.062365,5.723012,1
0.074235573,114.916667,19.255372,-1.589303,19.210277,0.813876,0.289436,-0.079032,0.861422,0.001953,2.231732,0.010095,0.065416,0.06239,5.742478,1
0.074289406,115.0,19.250462,-1.594278,19.20792,0.813438,0.289203,-0.078962,0.860932,0.001954,2.231456,0.009887,0.065397,0.062415,5.761944,1
0.074343239,115.083333,19.245537,-1.599249,19.205548,0.813,0.288971,-0.078892,0.860442,0.001955,2.231178,0.009678,0.065379,0.06244,5.78141,1
0.074397071,115.166667,19.240597,-1.604216,19.203161,0.812562,0.288738,-0.078821,0.859952,0.001956,2.230898,0.009468,0.065361,0.062465,5.800876,1
0.074450904,115.25,19.235641,-1.60918,19.200759,0.812123,0.288505,-0.07875,0.859461,0.001957,2.230616,0.009258,0.065343,0.06249,5.820342,1
0.074504737,115.333333,19.23067,-1.614141,19.198341,0.811684,0.288271,-0.078677,0.858969,0.001959,2.230333,0.009048,0.065325,0.062516,5.839808,1
0.07455857,115.416667,19.225684,-1.619098,19.195909,0.811245,0.288037,-0.078604,0.858477,0.00196,2.230047,0.008837,0.065308,0.062542,5.859274,1
0.074612403,115.5,19.220682,-1.624052,19.193461,0.810805,0.287803,-0.07853,0.857985,0.001961,2.22976,0.008625,0.065291,0.062568,5.87874,1
0.074666236,115.583333,19.215665,-1.629003,19.190997,0.810365,0.287569,-0.078455,0.857493,0.001963,2.229471,0.008413,0.065274,0.062594,5.898206,1
0.074720069,115.666667,19.210633,-1.63395,19.188519,0.809924,0.287334,-0.07838,0.856999,0.001964,2.229181,0.0082,0.065258,0.06262,5.917672,1
0.074773902,115.75,19.205586,-1.638894,19.186025,0.809483,0.287099,-0.078304,0.856506,0.001966,2.228888,0.007987,0.065241,0.062647,5.937138,1
0.074827735,115.833333,19.200523,-1.643834,19.183516,0.809042,0.286863,-0.078227,0.856012,0.001967,2.228594,0.007773,0.065225,0.062674,5.956604,1
0.074881568,115.916667,19.195445,-1.64877,19.180992,0.8086,0.286628,-0.078149,0.855518,0.001969,2.228298,0.007559,0.06521,0.0627,5.97607,1
0.074935401,116.0,19.190352,-1.653703,19.178453,0.808158,0.286392,-0.078071,0.855023,0.00197,2.228001,0.007345,0.065194,0.062728,5.995536,1
0.074989233,116.083333,19.185244,-1.658633,19.175899,0.807716,0.286156,-0.077992,0.854528,0.001972,2.227701,0.007129,0.065179,0.062755,6.015002,1
0.075043066,116.166667,19.180121,-1.663559,19.173329,0.807274,0.285919,-0.077912,0.854032,0.001973,2.2274,0.006914,0.065164,0.062783,6.034468,1
0.075096899,116.25,19.174982,-1.668482,19.170744,0.806831,0.285682,-0.077832,0.853536,0.001975,2.227097,0.006698,0.06515,0.062811,6.053934,1
0.075150732,116.333333,19.169828,-1.673401,19.168144,0.806388,0.285445,-0.07775,0.85304,0.001977,2.226792,0.006481,0.065135,0.062839,6.0734,1
0.075204565,116.416667,19.164659,-1.678317,19.165529,0.805944,0.285208,-0.077669,0.852543,0.001979,2.226485,0.006264,0.065121,0.062867,6.092866,1
0.075258398,116.5,19.159475,-1.683229,19.162899,0.8055,0.28497,-0.077586,0.852046,0.00198,2.226177,0.006046,0.065107,0.062896,6.112332,1
0.075312231,116.583333,19.154276,-1.688137,19.160253,0.805056,0.284732,-0.077503,0.851549,0.001982,2.225867,0.005828,0.065094,0.062924,6.131798,1
0.075366064,116.666667,19.149061,-1.693042,19.157593,0.804612,0.284493,-0.077419,0.851051,0.001984,2.225555,0.005609,0.06508,0.062953,6.151264,1
0.075419897,116.75,19.143832,-1.697943,19.154917,0.804167,0.284255,-0.077334,0.850553,0.001986,2.225241,0.00539,0.065067,0.062982,6.17073,1
0.07547373,116.833333,19.138587,-1.702841,19.152226,0.803722,0.284016,-0.077248,0.850054,0.001988,2.224925,0.005171,0.065055,0.063012,6.190196,1
0.075527562,116.916667,19.133327,-1.707735,19.14952,0.803276,0.283777,-0.077162,0.849555,0.00199,2.224608,0.004951,0.065042,0.063041,6.209663,1
0.075581395,117.0,19.128052,-1.712626,19.146799,0.802831,0.283537,-0.077076,0.849056,0.001992,2.224289,0.00473,0.06503,0.063071,6.229129,1
0.075635228,117.083333,19.122762,-1.717513,19.144063,0.802385,0.283298,-0.076988,0.848556,0.001994,2.223968,0.00451,0.065018,0.063101,6.248595,1
0.075689061,117.166667,19.117457,-1.722396,19.141312,0.801939,0.283058,-0.0769,0.848056,0.001996,2.223646,0.004288,0.065006,0.063131,6.268061,1
0.075742894,117.25,19.112137,-1.727275,19.138545,0.801492,0.282817,-0.076812,0.847556,0.001998,2.223321,0.004067,0.064994,0.063162,6.287527,1
0.075796727,117.333333,19.106802,-1.732151,19.135764,0.801045,0.282577,-0.076722,0.847055,0.002,2.222995,0.003844,0.064983,0.063192,6.306993,1
0.07585056,117.416667,19.101452,-1.737024,19.132967,0.800598,0.282336,-0.076632,0.846554,0.002002,2.222667,0.003622,0.064972,0.063223,6.326459,1
0.075904393,117.5,19.096087,-1.741892,19.130155,0.800151,0.282095,-0.076542,0.846053,0.002004,2.222338,0.003399,0.064962,0.063254,6.345925,1
0.075958226,117.583333,19.090706,-1.746757,19.127328,0.799703,0.281854,-0.07645,0.845551,0.002006,2.222006,0.003175,0.064951,0.063286,6.365391,1
0.076012059,117.666667,19.085311,-1.751618,19.124486,0.799256,0.281612,-0.076358,0.845049,0.002009,2.221673,0.002951,0.064941,0.063317,6.384857,1
0.076065891,117.75,19.079901,-1.756476,19.121629,0.798807,0.28137,-0.076266,0.844546,0.002011,2.221338,0.002727,0.064931,0.063349,6.404323,1
0.076119724,117.833333,19.074476,-1.76133,19.118757,0.798359,0.281128,-0.076173,0.844044,0.002013,2.221001,0.002502,0.064921,0.063381,6.423789,1
0.076173557,117.916667,19.069036,-1.76618,19.11587,0.79791,0.280886,-0.076079,0.843541,0.002016,2.220663,0.002277,0.064912,0.063413,6.443255,1
0.07622739,118.0,19.063581,-1.771026,19.112968,0.797462,0.280643,-0.075985,0.843037,0.002018,2.220322,0.002052,0.064903,0.063446,6.462721,1
0.076281223,118.083333,19.058111,-1.775869,19.110051,0.797012,0.2804,-0.07589,0.842534,0.00202,2.21998,0.001826,0.064894,0.063478,6.482187,1
0.076335056,118.166667,19.052626,-1.780708,19.107119,0.796563,0.280157,-0.075794,0.84203,0.002023,2.219636,0.001599,0.064885,0.063511,6.501653,1
0.076388889,118.25,19.047126,-1.785543,19.104172,0.796113,0.279914,-0.075698,0.841526,0.002025,2.219291,0.001373,0.064877,0.063544,6.521119,1
0.076442722,118.333333,19.041611,-1.790374,19.101209,0.795664,0.27967,-0.075601,0.841021,0.002028,2.218944,0.001145,0.064869,0.063577,6.540585,1
0.076496555,118.416667,19.036081,-1.795201,19.098232,0.795213,0.279426,-0.075504,0.840516,0.002031,2.218594,0.000918,0.064861,0.063611,6.560051,1
0.076550388,118.5,19.030537,-1.800025,19.09524,0.794763,0.279182,-0.075406,0.840011,0.002033,2.218244,0.00069,0.064853,0.063645,6.579517,1
0.07660422,118.583333,19.024977,-1.804845,19.092232,0.794312,0.278938,-0.075307,0.839506,0.002036,2.217891,0.000462,0.064846,0.063679,6.598983,1
0.076658053,118.666667,19.019403,-1.809661,19.08921,0.793862,0.278693,-0.075208,0.839,0.002039,2.217537,0.000233,0.064839,0.063713,6.618449,1
0.076711886,118.75,19.013814,-1.814473,19.086173,0.793411,0.278448,-0.075109,0.838494,0.002041,2.21718,4e-06,0.064832,0.063747,6.637915,1
0.076765719,118.833333,19.00821,-1.819282,19.08312,0.793172,0.278276,-0.07509,0.838213,0.002044,2.216823,0.0,0.064825,0.063782,6.657381,1
0.076819552,118.916667,19.002591,-1.824086,19.080053,0.792938,0.278106,-0.075072,0.837936,0.002047,2.216463,0.0,0.064819,0.063817,6.676847,1
0.076873385,119.0,18.996958,-1.828887,19.076971,0.792704,0.277935,-0.075054,0.837659,0.00205,2.216101,0.0,0.064813,0.063852,6.696313,1
0.076927218,119.083333,18.991309,-1.833684,19.073873,0.79247,0.277764,-0.075036,0.837382,0.002053,2.215738,0.0,0.064807,0.063887,6.715779,1
0.076981051,119.166667,18.985646,-1.838477,19.070761,0.792236,0.277593,-0.075019,0.837106,0.002055,2.215373,0.0,0.064801,0.063923,6.735245,1
0.077034884,119.25,18.979968,-1.843266,19.067634,0.792002,0.277422,-0.075001,0.836829,0.002058,2.215007,0.0,0.064796,0.063959,6.754711,1
0.077088717,119.333333,18.974275,-1.848051,19.064492,0.791769,0.27725,-0.074983,0.836553,0.002061,2.214638,0.0,0.064791,0.063995,6.774177,1
0.07714255,119.416667,18.968568,-1.852832,19.061335,0.791535,0.277079,-0.074966,0.836277,0.002064,2.214268,0.0,0.064786,0.064031,6.793643,1
0.077196382,119.5,18.962846,-1.85761,19.058163,0.791302,0.276907,-0.074948,0.836,0.002067,2.213896,0.0,0.064782,0.064068,6.813109,1
0.077250215,119.583333,18.957109,-1.862383,19.054976,0.791069,0.276735,-0.07493,0.835724,0.002071,2.213523,0.0,0.064777,0.064104,6.832575,1
0.077304048,119.666667,18.951357,-1.867153,19.051774,0.790836,0.276563,-0.074912,0.835448,0.002074,2.213147,0.0,0.064773,0.064141,6.852041,1
0.077357881,119.75,18.945591,-1.871918,19.048557,0.790603,0.276391,-0.074895,0.835172,0.002077,2.21277,0.0,0.064769,0.064179,6.871507,1
0.077411714,119.833333,18.939809,-1.87668,19.045325,0.79037,0.276219,-0.074877,0.834896,0.00208,2.212391,0.0,0.064766,0.064216,6.890973,1
0.077465547,119.916667,18.934014,-1.881437,19.042079,0.790138,0.276046,-0.074859,0.834621,0.002083,2.21201,0.0,0.064763,0.064254,6.910439,1
0.07751938,120.0,18.928203,-1.886191,19.038817,0.789905,0.275874,-0.074842,0.834345,0.002087,2.211628,0.0,0.06476,0.064292,6.929906,1
0.077573213,120.083333,18.922378,-1.890941,19.035541,0.789673,0.275701,-0.074824,0.834069,0.00209,2.211244,0.0,0.064757,0.06433,6.949372,1
0.077627046,120.166667,18.916538,-1.895686,19.03225,0.789441,0.275528,-0.074806,0.833794,0.002093,2.210858,0.0,0.064754,0.064368,6.968838,1
0.077680879,120.25,18.910684,-1.900428,19.028944,0.789209,0.275355,-0.074789,0.833518,0.002097,2.21047,0.0,0.064752,0.064407,6.988304,1
0.077734711,120.333333,18.904815,-1.905166,19.025623,0.788977,0.275181,-0.074771,0.833243,0.0021,2.210081,0.0,0.06475,0.064446,7.00777,1
0.077788544,120.416667,18.898931,-1.909899,19.022287,0.788745,0.275008,-0.074754,0.832968,0.002104,2.20969,0.0,0.064748,0.064485,7.027236,1
0.077842377,120.5,18.893033,-1.914629,19.018936,0.788513,0.274834,-0.074736,0.832692,0.002107,2.209297,0.0,0.064747,0.064524,7.046702,1
0.07789621,120.583333,18.887121,-1.919354,19.01557,0.788282,0.27466,-0.074718,0.832417,0.002111,2.208902,0.0,0.064745,0.064564,7.066168,1
0.077950043,120.666667,18.881193,-1.924076,19.01219,0.78805,0.274486,-0.074701,0.832142,0.002114,2.208506,0.0,0.064744,0.064604,7.085634,1
0.078003876,120.75,18.875251,-1.928793,19.008795,0.787819,0.274312,-0.074683,0.831867,0.002118,2.208108,0.0,0.064744,0.064644,7.1051,1
0.078057709,120.833333,18.869295,-1.933506,19.005385,0.787588,0.274138,-0.074665,0.831593,0.002122,2.207708,0.0,0.064743,0.064684,7.124566,1
0.078111542,120.916667,18.863324,-1.938215,19.00196,0.787357,0.273963,-0.074648,0.831318,0.002125,2.207306,0.0,0.064743,0.064725,7.144032,1
0.078165375,121.0,18.857338,-1.94292,18.99852,0.787126,0.273789,-0.074631,0.831043,0.002129,2.206903,0.0,0.064743,0.064766,7.163498,1
0.078219208,121.083333,18.851338,-1.947621,18.995065,0.786895,0.273614,-0.074613,0.830768,0.002133,2.206498,0.0,0.064743,0.064807,7.182964,1
0.07827304,121.166667,18.845324,-1.952318,18.991596,0.786663,0.273439,-0.074596,0.830492,0.002137,2.206091,0.0,0.064743,0.064848,7.20243,1
0.078326873,121.25,18.839295,-1.957011,18.988112,0.786431,0.273263,-0.074578,0.830216,0.002141,2.205683,0.0,0.064743,0.06489,7.221896,1
0.078380706,121.333333,18.833252,-1.9617,18.984613,0.786198,0.273087,-0.074561,0.829939,0.002145,2.205272,0.0,0.064743,0.064931,7.241362,1
0.078434539,121.416667,18.827194,-1.966384,18.981099,0.785965,0.272911,-0.074543,0.829662,0.002149,2.20486,0.0,0.064744,0.064973,7.260828,1
0.078488372,121.5,18.821121,-1.971064,18.977571,0.785732,0.272734,-0.074526,0.829384,0.002152,2.204447,0.0,0.064744,0.065016,7.280294,1
0.078542205,121.583333,18.815035,-1.97574,18.974028,0.785498,0.272557,-0.074509,0.829106,0.002156,2.204031,0.0,0.064744,0.065058,7.29976,1
0.078596038,121.666667,18.808933,-1.980412,18.97047,0.785263,0.27238,-0.074491,0.828827,0.00216,2.203614,0.0,0.064744,0.065101,7.319226,1
0.078649871,121.75,18.802818,-1.98508,18.966897,0.785028,0.272202,-0.074474,0.828547,0.002164,2.203195,0.0,0.064744,0.065144,7.338692,1
0.078703704,121.833333,18.796688,-1.989744,18.96331,0.784793,0.272024,-0.074457,0.828268,0.002168,2.202774,0.0,0.064745,0.065187,7.358158,1
0.078757537,121.916667,18.790543,-1.994403,18.959708,0.784557,0.271846,-0.074439,0.827987,0.002173,2.202352,0.0,0.064745,0.065231,7.377624,1
0.07881137,122.0,18.784385,-1.999058,18.956091,0.784321,0.271667,-0.074422,0.827706,0.002177,2.201928,0.0,0.064746,0.065275,7.39709,1
0.078865202,122.083333,18.778212,-2.003709,18.952459,0.784085,0.271488,-0.074405,0.827425,0.002181,2.201502,0.0,0.064746,0.065319,7.416556,1
0.078919035,122.166667,18.772024,-2.008355,18.948813,0.783848,0.271309,-0.074388,0.827143,0.002185,2.201075,0.0,0.064746,0.065363,7.436022,1
0.078972868,122.25,18.765823,-2.012998,18.945152,0.78361,0.271129,-0.074371,0.826861,0.002189,2.200645,0.0,0.064747,0.065408,7.455488,1
0.079026701,122.333333,18.759607,-2.017636,18.941476,0.783372,0.270949,-0.074354,0.826578,0.002193,2.200214,0.0,0.064747,0.065452,7.474954,1
0.079080534,122.416667,18.753376,-2.02227,18.937786,0.783134,0.270769,-0.074337,0.826294,0.002198,2.199782,0.0,0.064748,0.065497,7.49442,1
0.079134367,122.5,18.747132,-2.026899,18.934081,0.782895,0.270588,-0.07432,0.826011,0.002202,2.199347,0.0,0.064749,0.065543,7.513886,1
0.0791882,122.583333,18.740873,-2.031525,18.930361,0.782656,0.270407,-0.074303,0.825726,0.002206,2.198911,0.0,0.064749,0.065588,7.533352,1
0.079242033,122.666667,18.7346,-2.036146,18.926627,0.782417,0.270226,-0.074286,0.825441,0.00221,2.198473,0.0,0.06475,0.065634,7.552818,1
0.079295866,122.75,18.728312,-2.040762,18.922878,0.782176,0.270044,-0.07427,0.825156,0.002215,2.198034,0.0,0.064751,0.06568,7.572284,1
0.079349699,122.833333,18.72201,-2.045375,18.919114,0.781936,0.269862,-0.074253,0.82487,0.002219,2.197592,0.0,0.064751,0.065726,7.59175,1
0.079403531,122.916667,18.715695,-2.049983,18.915336,0.781695,0.26968,-0.074236,0.824584,0.002224,2.197149,0.0,0.064752,0.065773,7.611216,1
0.079457364,123.0,18.709365,-2.054587,18.911543,0.781454,0.269498,-0.074219,0.824297,0.002228,2.196705,0.0,0.064753,0.06582,7.630682,1
0.079511197,123.083333,18.70302,-2.059186,18.907735,0.781212,0.269315,-0.074203,0.824009,0.002233,2.196258,0.0,0.064754,0.065867,7.650148,1
0.07956503,123.166667,18.696662,-2.063781,18.903913,0.78097,0.269131,-0.074186,0.823722,0.002237,2.19581,0.0,0.064755,0.065914,7.669615,1
0.079618863,123.25,18.690289,-2.068372,18.900076,0.780727,0.268948,-0.07417,0.823433,0.002242,2.19536,0.0,0.064756,0.065961,7.689081,1
0.079672696,123.333333,18.683902,-2.072958,18.896225,0.780484,0.268764,-0.074153,0.823144,0.002246,2.194908,0.0,0.064757,0.066009,7.708547,1
0.079726529,123.416667,18.677502,-2.07754,18.892359,0.780241,0.26858,-0.074137,0.822855,0.002251,2.194455,0.0,0.064758,0.066058,7.728013,1
0.079780362,123.5,18.671087,-2.082117,18.888478,0.779997,0.268395,-0.07412,0.822565,0.002255,2.194,0.0,0.064759,0.066106,7.747479,1
0.079834195,123.583333,18.664657,-2.08669,18.884583,0.779753,0.26821,-0.074104,0.822275,0.00226,2.193543,0.0,0.06476,0.066154,7.766945,1
0.079888028,123.666667,18.658214,-2.091259,18.880673,0.779508,0.268025,-0.074088,0.821984,0.002265,2.193085,0.0,0.064761,0.066203,7.786411,1
0.07994186,123.75,18.651757,-2.095823,18.876749,0.779263,0.26784,-0.074072,0.821693,0.002269,2.192625,0.0,0.064762,0.066252,7.805877,1
0.079995693,123.833333,18.645286,-2.100383,18.87281,0.779018,0.267654,-0.074056,0.821401,0.002274,2.192163,0.0,0.064763,0.066302,7.825343,1
0.080049526,123.916667,18.6388,-2.104938,18.868857,0.778772,0.267468,-0.074039,0.821109,0.002279,2.1917,0.0,0.064764,0.066352,7.844809,1
0.080103359,124.0,18.632301,-2.109489,18.864889,0.778525,0.267281,-0.074024,0.820816,0.002284,2.191234,0.0,0.064766,0.066401,7.864275,1
0.080157192,124.083333,18.625787,-2.114036,18.860907,0.778279,0.267095,-0.074008,0.820523,0.002289,2.190767,0.0,0.064767,0.066452,7.883741,1
0.080211025,124.166667,18.61926,-2.118578,18.85691,0.778032,0.266908,-0.073992,0.820229,0.002293,2.190299,0.0,0.064768,0.066502,7.903207,1
0.080264858,124.25,18.612718,-2.123115,18.852899,0.777784,0.26672,-0.073976,0.819935,0.002298,2.189828,0.0,0.064769,0.066553,7.922673,1
0.080318691,124.333333,18.606162,-2.127648,18.848873,0.777536,0.266533,-0.073961,0.81964,0.002303,2.189356,0.0,0.064771,0.066605,7.942139,1
0.080372524,124.416667,18.599593,-2.132177,18.844832,0.777288,0.266345,-0.073945,0.819345,0.002308,2.188883,0.0,0.064772,0.066656,7.961605,1
0.080426357,124.5,18.59301,-2.136701,18.840777,0.777039,0.266156,-0.07393,0.81905,0.002313,2.188407,0.0,0.064774,0.066708,7.981071,1
0.080480189,124.583333,18.586412,-2.14122,18.836708,0.77679,0.265968,-0.073914,0.818754,0.002318,2.18793,0.0,0.064775,0.06676,8.000537,1
0.080534022,124.666667,18.579801,-2.145735,18.832624,0.77654,0.265779,-0.073899,0.818457,0.002323,2.187451,0.0,0.064777,0.066813,8.020003,1
0.080587855,124.75,18.573176,-2.150246,18.828526,0.77629,0.265589,-0.073884,0.81816,0.002329,2.186971,0.0,0.064778,0.066866,8.039469,1
0.080641688,124.833333,18.566536,-2.154751,18.824413,0.776039,0.2654,-0.073868,0.817862,0.002334,2.186488,0.0,0.06478,0.066919,8.058935,1
0.080695521,124.916667,18.559883,-2.159253,18.820286,0.775789,0.26521,-0.073853,0.817564,0.002339,2.186004,0.0,0.064782,0.066973,8.078401,1
0.080749354,125.0,18.553216,-2.163749,18.816145,0.775537,0.26502,-0.073838,0.817266,0.002344,2.185519,0.0,0.064784,0.067027,8.097867,1
0.080803187,125.083333,18.546536,-2.168242,18.811989,0.775286,0.264829,-0.073824,0.816967,0.002349,2.185032,0.0,0.064785,0.067082,8.117333,1
0.08085702,125.166667,18.539841,-2.172729,18.807818,0.775034,0.264639,-0.073809,0.816668,0.002355,2.184543,0.0,0.064787,0.067136,8.136799,1
0.080910853,125.25,18.533132,-2.177212,18.803634,0.774781,0.264447,-0.073794,0.816368,0.00236,2.184052,0.0,0.064789,0.067191,8.156265,1
0.080964686,125.333333,18.52641,-2.181691,18.799434,0.774528,0.264256,-0.073779,0.816068,0.002365,2.18356,0.0,0.064791,0.067246,8.175731,1
0.081018519,125.416667,18.519674,-2.186164,18.795221,0.774275,0.264064,-0.073765,0.815767,0.002371,2.183065,0.0,0.064793,0.067302,8.195197,1
0.081072351,125.5,18.512924,-2.190633,18.790993,0.774021,0.263872,-0.073751,0.815466,0.002376,2.18257,0.0,0.064795,0.067359,8.214663,1
0.081126184,125.583333,18.50616,-2.195098,18.786751,0.773767,0.26368,-0.073737,0.815164,0.002381,2.182072,0.0,0.064797,0.067415,8.234129,1
0.081180017,125.666667,18.499383,-2.199558,18.782494,0.773513,0.263487,-0.073722,0.814862,0.002387,2.181573,0.0,0.064799,0.067471,8.253595,1
0.08123385,125.75,18.492592,-2.204013,18.778223,0.773258,0.263295,-0.073708,0.814559,0.002393,2.181072,0.0,0.064801,0.067529,8.273061,1
0.081287683,125.833333,18.485787,-2.208464,18.773938,0.773003,0.263101,-0.073694,0.814256,0.002398,2.18057,0.0,0.064803,0.067586,8.292527,1
0.081341516,125.916667,18.478968,-2.212909,18.769638,0.772747,0.262908,-0.073681,0.813953,0.002404,2.180066,0.0,0.064805,0.067644,8.311993,1
0.081395349,126.0,18.472136,-2.217351,18.765324,0.772491,0.262714,-0.073667,0.813649,0.002409,2.17956,0.0,0.064807,0.067702,8.331459,1
0.081449182,126.083333,18.46529,-2.221787,18.760996,0.772235,0.26252,-0.073653,0.813344,0.002415,2.179052,0.0,0.06481,0.067761,8.350925,1
0.081503015,126.166667,18.45843,-2.226219,18.756653,0.771978,0.262326,-0.07364,0.813039,0.002421,2.178543,0.0,0.064812,0.06782,8.370391,1
0.081556848,126.25,18.451557,-2.230646,18.752296,0.771721,0.262131,-0.073626,0.812734,0.002426,2.178032,0.0,0.064814,0.067879,8.389858,1
0.08161068,126.333333,18.44467,-2.235068,18.747925,0.771481,0.261942,-0.073613,0.812447,0.002433,2.17752,0.0,0.064824,0.067939,8.409324,0
0.081664513,126.416667,18.437769,-2.239486,18.743539,0.771242,0.261752,-0.0736,0.812161,0.002439,2.177006,0.0,0.064834,0.067999,8.42879,0
0.081718346,126.5,18.430855,-2.243899,18.73914,0.771003,0.261562,-0.073587,0.811874,0.002445,2.17649,0.0,0.064844,0.068059,8.448256,0
0.081772179,126.583333,18.423927,-2.248307,18.734726,0.770763,0.261372,-0.073574,0.811587,0.002452,2.175972,0.0,0.064854,0.06812,8.467722,0
0.081826012,126.666667,18.416986,-2.25271,18.730297,0.770524,0.261182,-0.073561,0.8113,0.002458,2.175453,0.0,0.064864,0.068181,8.487188,0
0.081879845,126.75,18.410031,-2.257109,18.725855,0.770284,0.260991,-0.073548,0.811013,0.002465,2.174932,0.0,0.064874,0.068242,8.506654,0
0.081933678,126.833333,18.403062,-2.261503,18.721398,0.770044,0.260801,-0.073535,0.810725,0.002471,2.17441,0.0,0.064885,0.068304,8.52612,0
0.081987511,126.916667,18.39608,-2.265892,18.716927,0.769804,0.26061,-0.073523,0.810438,0.002478,2.173885,0.0,0.064895,0.068366,8.545586,0
0.082041344,127.0,18.389084,-2.270276,18.712442,0.769564,0.260419,-0.07351,0.81015,0.002485,2.173359,0.0,0.064906,0.068429,8.565052,0
0.082095177,127.083333,18.382075,-2.274656,18.707943,0.769324,0.260227,-0.073497,0.809862,0.002491,2.172832,0.0,0.064917,0.068491,8.584518,0
0.082149009,127.166667,18.375052,-2.27903,18.703429,0.769084,0.260036,-0.073485,0.809574,0.002498,2.172303,0.0,0.064928,0.068555,8.603984,0
0.082202842,127.25,18.368016,-2.2834,18.698902,0.768844,0.259844,-0.073473,0.809286,0.002505,2.171772,0.0,0.06494,0.068618,8.62345,0
0.082256675,127.333333,18.360966,-2.287765,18.69436,0.768603,0.259652,-0.07346,0.808997,0.002512,2.171239,0.0,0.064951,0.068682,8.642916,0
0.082310508,127.416667,18.353903,-2.292125,18.689804,0.768363,0.25946,-0.073448,0.808709,0.002519,2.170705,0.0,0.064963,0.068747,8.662382,0
0.082364341,127.5,18.346827,-2.296481,18.685234,0.768122,0.259268,-0.073436,0.80842,0.002526,2.170169,0.0,0.064975,0.068811,8.681848,0
0.082418174,127.583333,18.339737,-2.300831,18.680649,0.767881,0.259075,-0.073424,0.808132,0.002533,2.169632,0.0,0.064987,0.068876,8.701314,0
0.082472007,127.666667,18.332633,-2.305177,18.676051,0.767641,0.258882,-0.073411,0.807843,0.00254,2.169092,0.0,0.064999,0.068942,8.72078,0
0.08252584,127.75,18.325517,-2.309518,18.671438,0.7674,0.25869,-0.073399,0.807554,0.002547,2.168552,0.0,0.065011,0.069008,8.740246,0
0.082579673,127.833333,18.318386,-2.313853,18.666812,0.767159,0.258496,-0.073387,0.807264,0.002554,2.168009,0.0,0.065024,0.069074,8.759712,0
0.082633506,127.916667,18.311243,-2.318184,18.662171,0.766918,0.258303,-0.073376,0.806975,0.002561,2.167465,0.0,0.065036,0.06914,8.779178,0
0.082687339,128.0,18.304086,-2.32251,18.657516,0.766677,0.258109,-0.073364,0.806686,0.002568,2.166919,0.0,0.065049,0.069207,8.798644,0
0.082741171,128.083333,18.296916,-2.326831,18.652847,0.766435,0.257916,-0.073352,0.806396,0.002576,2.166372,0.0,0.065062,0.069275,8.81811,0
0.082795004,128.166667,18.289732,-2.331148,18.648164,0.766194,0.257722,-0.07334,0.806107,0.002583,2.165823,0.0,0.065075,0.069342,8.837576,0
0.082848837,128.25,18.282535,-2.335459,18.643467,0.765953,0.257527,-0.073329,0.805817,0.002591,2.165272,0.0,0.065088,0.06941,8.857042,0
0.08290267,128.333333,18.275325,-2.339765,18.638756,0.765711,0.257333,-0.073317,0.805527,0.002598,2.16472,0.0,0.065102,0.069478,8.876508,0
0.082956503,128.416667,18.268102,-2.344067,18.634031,0.76547,0.257138,-0.073306,0.805237,0.002606,2.164165,0.0,0.065116,0.069547,8.895974,0
0.083010336,128.5,18.260865,-2.348363,18.629291,0.765228,0.256944,-0.073294,0.804947,0.002613,2.16361,0.0,0.065129,0.069617,8.91544,0
0.083064169,128.583333,18.253615,-2.352655,18.624538,0.764987,0.256749,-0.073283,0.804657,0.002621,2.163052,0.0,0.065143,0.069686,8.934906,0
0.083118002,128.666667,18.246352,-2.356941,18.619771,0.764745,0.256553,-0.073272,0.804366,0.002629,2.162493,0.0,0.065158,0.069756,8.954372,0
0.083171835,128.75,18.239076,-2.361223,18.61499,0.764503,0.256358,-0.073261,0.804076,0.002636,2.161933,0.0,0.065172,0.069826,8.973838,0
0.083225668,128.833333,18.231786,-2.365499,18.610194,0.764261,0.256162,-0.073249,0.803785,0.002644,2.161371,0.0,0.065186,0.069897,8.993304,0
0.0832795,128.916667,18.224484,-2.369771,18.605385,0.76402,0.255967,-0.073238,0.803495,0.002652,2.160807,0.0,0.065201,0.069968,9.01277,0
0.083333333,129.0,18.217168,-2.374037,18.600562,0.763778,0.255771,-0.073227,0.803204,0.00266,2.160241,0.0,0.065216,0.070039,9.032236,0
0.083387166,129.083333,18.209839,-2.378298,18.595725,0.763536,0.255574,-0.073216,0.802913,0.002668,2.159674,0.0,0.065231,0.070111,9.051702,0
0.083440999,129.166667,18.202496,-2.382555,18.590873,0.763293,0.255378,-0.073206,0.802622,0.002676,2.159105,0.0,0.065246,0.070183,9.071168,0
0.083494832,129.25,18.195141,-2.386806,18.586008,0.763051,0.255181,-0.073195,0.802331,0.002684,2.158535,0.0,0.065262,0.070256,9.090634,0
0.083548665,129.333333,18.187773,-2.391053,18.581129,0.762809,0.254985,-0.073184,0.80204,0.002692,2.157963,0.0,0.065277,0.070329,9.1101,0
0.083602498,129.416667,18.180391,-2.395294,18.576236,0.762567,0.254788,-0.073173,0.801748,0.0027,2.157389,0.0,0.065293,0.070402,9.129567,0
0.083656331,129.5,18.172997,-2.39953,18.57133,0.762325,0.254591,-0.073163,0.801457,0.002709,2.156814,0.0,0.065309,0.070476,9.149033,0
0.083710164,129.583333,18.165589,-2.403761,18.566409,0.762082,0.254393,-0.073152,0.801166,0.002717,2.156237,0.0,0.065325,0.07055,9.168499,0
0.083763997,129.666667,18.158168,-2.407987,18.561474,0.76184,0.254196,-0.073142,0.800874,0.002725,2.155658,0.0,0.065341,0.070624,9.187965,0
0.083817829,129.75,18.150735,-2.412208,18.556526,0.761597,0.253998,-0.073131,0.800582,0.002734,2.155078,0.0,0.065358,0.070699,9.207431,0
0.083871662,129.833333,18.143288,-2.416424,18.551563,0.761355,0.2538,-0.073121,0.800291,0.002742,2.154496,0.0,0.065374,0.070775,9.226897,0
0.083925495,129.916667,18.135828,-2.420635,18.546587,0.761112,0.253602,-0.073111,0.799999,0.002751,2.153912,0.0,0.065391,0.07085,9.246363,0
0.083979328,130.0,18.128356,-2.42484,18.541597,0.76087,0.253404,-0.0731,0.799707,0.00276,2.153327,0.0,0.065408,0.070926,9.265829,0
0.084033161,130.083333,18.12087,-2.429041,18.536593,0.760627,0.253205,-0.07309,0.799415,0.002768,2.152741,0.0,0.065425,0.071002,9.285295,0
0.084086994,130.166667,18.113371,-2.433236,18.531575,0.760384,0.253006,-0.07308,0.799123,0.002777,2.152152,0.0,0.065443,0.071079,9.304761,0
0.084140827,130.25,18.10586,-2.437427,18.526544,0.760142,0.252808,-0.07307,0.798831,0.002786,2.151562,0.0,0.06546,0.071156,9.324227,0
0.08419466,130.333333,18.098335,-2.441612,18.521498,0.759899,0.252608,-0.07306,0.798539,0.002795,2.150971,0.0,0.065478,0.071234,9.343693,0
0.084248493,130.416667,18.090798,-2.445791,18.516439,0.759656,0.252409,-0.07305,0.798246,0.002804,2.150378,0.0,0.065496,0.071312,9.363159,0
0.084302326,130.5,18.083248,-2.449966,18.511366,0.759413,0.25221,-0.07304,0.797954,0.002813,2.149783,0.0,0.065514,0.07139,9.382625,0
0.084356158,130.583333,18.075685,-2.454136,18.506279,0.75917,0.25201,-0.07303,0.797661,0.002822,2.149186,0.0,0.065533,0.071469,9.402091,0
0.084409991,130.666667,18.068109,-2.4583,18.501179,0.758927,0.25181,-0.073021,0.797369,0.002831,2.148588,0.0,0.065551,0.071548,9.421557,0
0.084463824,130.75,18.06052,-2.462459,18.496065,0.758684,0.25161,-0.073011,0.797076,0.00284,2.147989,0.0,0.06557,0.071627,9.441023,0
0.084517657,130.833333,18.052918,-2.466613,18.490937,0.758442,0.25141,-0.073001,0.796784,0.00285,2.147387,0.0,0.065589,0.071707,9.460489,0
0.08457149,130.916667,18.045304,-2.470762,18.485795,0.758199,0.25121,-0.072992,0.796491,0.002859,2.146784,0.0,0.065608,0.071787,9.479955,0
0.084625323,131.0,18.037677,-2.474905,18.48064,0.757956,0.251009,-0.072982,0.796198,0.002868,2.14618,0.0,0.065627,0.071868,9.499421,0
0.084679156,131.083333,18.030037,-2.479044,18.47547,0.757712,0.250809,-0.072973,0.795905,0.002878,2.145574,0.0,0.065646,0.071949,9.518887,0
0.084732989,131.166667,18.022384,-2.483177,18.470288,0.757469,0.250608,-0.072963,0.795612,0.002887,2.144966,0.0,0.065666,0.07203,9.538353,0
0.084786822,131.25,18.014718,-2.487304,18.465091,0.757226,0.250407,-0.072954,0.795319,0.002897,2.144357,0.0,0.065686,0.072112,9.557819,0
0.084840655,131.333333,18.00704,-2.491427,18.459881,0.756983,0.250205,-0.072944,0.795026,0.002907,2.143746,0.0,0.065706,0.072194,9.577285,0
0.084894488,131.416667,17.999349,-2.495544,18.454657,0.75674,0.250004,-0.072935,0.794733,0.002916,2.143133,0.0,0.065726,0.072276,9.596751,0
0.08494832,131.5,17.991646,-2.499656,18.449419,0.756497,0.249802,-0.072926,0.79444,0.002926,2.142519,0.0,0.065746,0.072359,9.616217,0
0.085002153,131.583333,17.983929,-2.503763,18.444168,0.756254,0.2496,-0.072917,0.794147,0.002936,2.141904,0.0,0.065767,0.072443,9.635683,0
0.085055986,131.666667,17.976201,-2.507864,18.438903,0.756011,0.249398,-0.072908,0.793853,0.002946,2.141286,0.0,0.065788,0.072526,9.655149,0
0.085109819,131.75,17.968459,-2.51196,18.433625,0.755767,0.249196,-0.072898,0.79356,0.002956,2.140667,0.0,0.065809,0.07261,9.674615,0
0.085163652,131.833333,17.960705,-2.516051,18.428333,0.755524,0.248994,-0.072889,0.793267,0.002966,2.140047,0.0,0.06583,0.072695,9.694081,0
0.085217485,131.916667,17.952938,-2.520136,18.423027,0.755281,0.248791,-0.07288,0.792973,0.002976,2.139425,0.0,0.065851,0.072779,9.713547,0
0.085271318,132.0,17.945159,-2.524216,18.417708,0.755038,0.248589,-0.072871,0.79268,0.002986,2.138801,0.0,0.065873,0.072865,9.733013,0
0.085325151,132.083333,17.937367,-2.528291,18.412375,0.754794,0.248386,-0.072862,0.792386,0.002997,2.138176,0.0,0.065895,0.07295,9.752479,0
0.085378984,132.166667,17.929562,-2.53236,18.407029,0.754551,0.248183,-0.072854,0.792093,0.003007,2.137549,0.0,0.065917,0.073036,9.771945,0
0.085432817,132.25,17.921745,-2.536425,18.401669,0.754308,0.24798,-0.072845,0.791799,0.003018,2.13692,0.0,0.065939,0.073122,9.791411,0
0.085486649,132.333333,17.913915,-2.540483,18.396296,0.754065,0.247776,-0.072836,0.791506,0.003028,2.13629,0.0,0.065961,0.073209,9.810877,0
0.085540482,132.416667,17.906073,-2.544537,18.390909,0.753821,0.247573,-0.072827,0.791212,0.003039,2.135659,0.0,0.065984,0.073296,9.830343,0
0.085594315,132.5,17.898219,-2.548584,18.385508,0.753578,0.247369,-0.072818,0.790918,0.003049,2.135025,0.0,0.066007,0.073384,9.84981,0
0.085648148,132.583333,17.890352,-2.552627,18.380094,0.753335,0.247165,-0.07281,0.790624,0.00306,2.134391,0.0,0.06603,0.073472,9.869276,0
0.085701981,132.666667,17.882472,-2.556664,18.374666,0.753091,0.246961,-0.072801,0.790331,0.003071,2.133754,0.0,0.066053,0.07356,9.888742,0
0.085755814,132.75,17.87458,-2.560696,18.369225,0.752848,0.246757,-0.072792,0.790037,0.003082,2.133116,0.0,0.066076,0.073649,9.908208,0
0.085809647,132.833333,17.866676,-2.564722,18.363771,0.752605,0.246552,-0.072784,0.789743,0.003093,2.132477,0.0,0.0661,0.073738,9.927674,0
0.08586348,132.916667,17.858759,-2.568743,18.358303,0.752362,0.246347,-0.072775,0.789449,0.003104,2.131836,0.0,0.066124,0.073827,9.94714,0
0.085917313,133.0,17.85083,-2.572758,18.352822,0.752118,0.246143,-0.072767,0.789155,0.003115,2.131193,0.0,0.066148,0.073917,9.966606,0
0.085971146,133.083333,17.842888,-2.576768,18.347327,0.751875,0.245938,-0.072758,0.788861,0.003126,2.130549,0.0,0.066172,0.074007,9.986072,0
0.086024978,133.166667,17.834934,-2.580773,18.341819,0.751632,0.245732,-0.07275,0.788567,0.003137,2.129903,0.0,0.066196,0.074097,10.005538,0
0.086078811,133.25,17.826968,-2.584772,18.336297,0.751389,0.245527,-0.072741,0.788273,0.003149,2.129255,0.0,0.066221,0.074188,10.025004,0
0.086132644,133.333333,17.818989,-2.588766,18.330762,0.751145,0.245322,-0.072733,0.787979,0.00316,2.128606,0.0,0.066246,0.074278,10.04447,0
0.086186477,133.416667,17.810998,-2.592754,18.325213,0.750902,0.245116,-0.072724,0.787685,0.003172,2.127956,0.0,0.066271,0.074369,10.063936,0
0.08624031,133.5,17.802995,-2.596736,18.319652,0.750659,0.24491,-0.072716,0.787391,0.003183,2.127304,0.0,0.066296,0.07446,10.083402,0
0.086294143,133.583333,17.794979,-2.600714,18.314076,0.750416,0.244704,-0.072708,0.787097,0.003195,2.12665,0.0,0.066321,0.07455,10.102868,0
0.086347976,133.666667,17.786952,-2.604685,18.308488,0.750172,0.244498,-0.0727,0.786803,0.003207,2.125995,0.0,0.066347,0.074641,10.122334,0
0.086401809,133.75,17.778912,-2.608651,18.302886,0.749929,0.244292,-0.072692,0.786509,0.003218,2.125338,0.0,0.066373,0.074732,10.1418,0
0.086455642,133.833333,17.770859,-2.612612,18.297271,0.749686,0.244085,-0.072684,0.786214,0.00323,2.124679,0.0,0.066399,0.074823,10.161266,0
0.086509475,133.916667,17.762795,-2.616567,18.291642,0.749443,0.243878,-0.072676,0.78592,0.003242,2.124019,0.0,0.066425,0.074915,10.180732,0
0.086563307,134.0,17.754718,-2.620517,18.286,0.749199,0.243671,-0.072669,0.785626,0.003254,2.123358,0.0,0.066451,0.075006,10.200198,0
0.08661714,134.083333,17.74663,-2.624461,18.280345,0.748956,0.243464,-0.072661,0.785331,0.003266,2.122695,0.0,0.066478,0.075098,10.219664,0
0.086670973,134.166667,17.738529,-2.628399,18.274677,0.748713,0.243257,-0.072654,0.785037,0.003279,2.12203,0.0,0.066505,0.075189,10.23913,0
0.086724806,134.25,17.730416,-2.632332,18.268995,0.748469,0.24305,-0.072647,0.784742,0.003291,2.121364,0.0,0.066532,0.075281,10.258596,0
0.086778639,134.333333,17.72229,-2.63626,18.2633,0.748226,0.242842,-0.072641,0.784448,0.003303,2.120696,0.0,0.066559,0.075374,10.278062,0
0.086832472,134.416667,17.714153,-2.640181,18.257592,0.747983,0.242634,-0.072634,0.784154,0.003316,2.120027,0.0,0.066586,0.075466,10.297528,0
0.086886305,134.5,17.706004,-2.644098,18.25187,0.74774,0.242427,-0.072628,0.783859,0.003328,2.119356,0.0,0.066614,0.075559,10.316994,0
0.086940138,134.583333,17.697842,-2.648008,18.246135,0.747496,0.242218,-0.072622,0.783564,0.003341,2.118684,0.0,0.066642,0.075652,10.33646,0
0.086993971,134.666667,17.689669,-2.651913,18.240387,0.747253,0.24201,-0.072616,0.78327,0.003354,2.11801,0.0,0.06667,0.075745,10.355926,0
0.087047804,134.75,17.681483,-2.655813,18.234626,0.74701,0.241802,-0.07261,0.782975,0.003367,2.117334,0.0,0.066698,0.075839,10.375392,0
0.087101637,134.833333,17.673285,-2.659706,18.228852,0.746766,0.241593,-0.072604,0.78268,0.003379,2.116657,0.0,0.066727,0.075933,10.394858,0
0.087155469,134.916667,17.665076,-2.663594,18.223065,0.746523,0.241384,-0.072599,0.782386,0.003392,2.115979,0.0,0.066755,0.076027,10.414324,0
0.087209302,135.0,17.656854,-2.667477,18.217264,0.74628,0.241175,-0.072593,0.782091,0.003406,2.115298,0.0,0.066784,0.076121,10.43379,0
0.087263135,135.083333,17.648621,-2.671354,18.21145,0.746036,0.240966,-0.072588,0.781796,0.003419,2.114617,0.0,0.066813,0.076217,10.453256,0
0.087316968,135.166667,17.640375,-2.675225,18.205623,0.745793,0.240757,-0.072583,0.781501,0.003432,2.113933,0.0,0.066842,0.076312,10.472722,0
0.087370801,135.25,17.632118,-2.679091,18.199783,0.74555,0.240547,-0.072578,0.781206,0.003445,2.113249,0.0,0.066872,0.076407,10.492188,0
0.087424634,135.333333,17.623848,-2.682951,18.19393,0.745306,0.240338,-0.072574,0.780912,0.003459,2.112562,0.0,0.066902,0.076504,10.511654,0
0.087478467,135.416667,17.615567,-2.686805,18.188064,0.745063,0.240128,-0.072569,0.780617,0.003472,2.111875,0.0,0.066931,0.0766,10.53112,0
0.0875323,135.5,17.607274,-2.690653,18.182184,0.74482,0.239918,-0.072565,0.780322,0.003486,2.111185,0.0,0.066961,0.076697,10.550586,0
0.087586133,135.583333,17.598969,-2.694496,18.176292,0.744576,0.239707,-0.072561,0.780027,0.0035,2.110494,0.0,0.066992,0.076795,10.570052,0
0.087639966,135.666667,17.590652,-2.698333,18.170386,0.744333,0.239497,-0.072557,0.779732,0.003513,2.109802,0.0,0.067022,0.076893,10.589519,0
0.087693798,135.75,17.582324,-2.702165,18.164468,0.74409,0.239287,-0.072553,0.779437,0.003527,2.109108,0.0,0.067053,0.076992,10.608985,0
0.087747631,135.833333,17.573983,-2.70599,18.158536,0.743847,0.239076,-0.072549,0.779142,0.003541,2.108412,0.0,0.067084,0.07709,10.628451,0
0.087801464,135.916667,17.565631,-2.70981,18.152591,0.743603,0.238865,-0.072545,0.778847,0.003555,2.107715,0.0,0.067115,0.07719,10.647917,0
0.087855297,136.0,17.557267,-2.713625,18.146634,0.74336,0.238654,-0.072542,0.778552,0.00357,2.107017,0.0,0.067146,0.077291,10.667383,0
0.08790913,136.083333,17.548891,-2.717433,18.140663,0.743117,0.238443,-0.072538,0.778256,0.003584,2.106317,0.0,0.067178,0.077391,10.686849,0
0.087962963,136.166667,17.540504,-2.721236,18.134679,0.742874,0.238231,-0.072535,0.777961,0.003598,2.105615,0.0,0.06721,0.077493,10.706315,0
0.088016796,136.25,17.532104,-2.725033,18.128683,0.742631,0.238019,-0.072532,0.777666,0.003613,2.104912,0.0,0.067242,0.077595,10.725781,0
0.088070629,136.333333,17.523694,-2.728824,18.122673,0.742388,0.237808,-0.072529,0.777371,0.003627,2.104207,0.0,0.067274,0.077697,10.745247,0
0.088124462,136.416667,17.515271,-2.73261,18.116651,0.742144,0.237596,-0.072526,0.777076,0.003642,2.103501,0.0,0.067306,0.077801,10.764713,0
0.088178295,136.5,17.506837,-2.736389,18.110615,0.741901,0.237384,-0.072523,0.776781,0.003657,2.102794,0.0,0.067339,0.077905,10.784179,0
0.088232127,136.583333,17.498391,-2.740163,18.104567,0.741658,0.237171,-0.07252,0.776486,0.003672,2.102084,0.0,0.067372,0.07801,10.803645,0
0.08828596,136.666667,17.489933,-2.743931,18.098505,0.741415,0.236959,-0.072517,0.776191,0.003687,2.101374,0.0,0.067405,0.078115,10.823111,0
0.088339793,136.75,17.481464,-2.747694,18.092431,0.741173,0.236746,-0.072515,0.775896,0.003702,2.100661,0.0,0.067438,0.078222,10.842577,0
0.088393626,136.833333,17.472983,-2.75145,18.086344,0.74093,0.236533,-0.072512,0.775601,0.003717,2.099948,0.0,0.067472,0.078329,10.862043,0
0.088447459,136.916667,17.464491,-2.755201,18.080244,0.740687,0.23632,-0.07251,0.775306,0.003732,2.099232,0.0,0.067506,0.078437,10.881509,0
0.088501292,137.0,17.455987,-2.758946,18.074131,0.740444,0.236107,-0.072507,0.775011,0.003748,2.098516,0.0,0.06754,0.078546,10.900975,0
0.088555125,137.083333,17.447471,-2.762685,18.068006,0.740201,0.235894,-0.072505,0.774716,0.003763,2.097797,0.0,0.067574,0.078656,10.920441,0
0.088608958,137.166667,17.438944,-2.766418,18.061867,0.739959,0.235681,-0.072503,0.774421,0.003779,2.097078,0.0,0.067608,0.078766,10.939907,0
0.088662791,137.25,17.430406,-2.770145,18.055716,0.739716,0.235467,-0.072501,0.774126,0.003795,2.096356,0.0,0.067643,0.078877,10.959373,0
0.088716624,137.333333,17.421856,-2.773867,18.049551,0.739474,0.235253,-0.072499,0.773832,0.003811,2.095634,0.0,0.067678,0.07899,10.978839,0
0.088770457,137.416667,17.413295,-2.777582,18.043375,0.739232,0.235039,-0.072497,0.773537,0.003827,2.094909,0.0,0.067713,0.079103,10.998305,0
0.088824289,137.5,17.404722,-2.781292,18.037185,0.738989,0.234825,-0.072495,0.773242,0.003843,2.094184,0.0,0.067749,0.079217,11.017771,0
0.088878122,137.583333,17.396137,-2.784996,18.030982,0.738747,0.234611,-0.072493,0.772948,0.003859,2.093456,0.0,0.067784,0.079333,11.037237,0
0.088931955,137.666667,17.387542,-2.788694,18.024767,0.738505,0.234396,-0.072491,0.772653,0.003875,2.092728,0.0,0.06782,0.079449,11.056703,0
0.088985788,137.75,17.378934,-2.792386,18.018539,0.738263,0.234182,-0.072489,0.772359,0.003892,2.091997,0.0,0.067856,0.079566,11.076169,0
0.089039621,137.833333,17.370316,-2.796072,18.012298,0.738021,0.233967,-0.072487,0.772064,0.003908,2.091266,0.0,0.067893,0.079685,11.095635,0
0.089093454,137.916667,17.361686,-2.799752,18.006045,0.737779,0.233752,-0.072485,0.77177,0.003925,2.090532,0.0,0.06793,0.079805,11.115101,0
0.089147287,138.0,17.353045,-2.803426,17.999779,0.737538,0.233537,-0.072483,0.771476,0.003942,2.089798,0.0,0.067967,0.079924,11.134567,0
0.08920112,138.083333,17.344392,-2.807095,17.9935,0.737296,0.233321,-0.072481,0.771182,0.003959,2.089061,0.0,0.068004,0.080047,11.154033,0
0.089254953,138.166667,17.335728,-2.810757,17.987208,0.737055,0.233106,-0.072479,0.770888,0.003976,2.088324,0.0,0.068041,0.08017,11.173499,0
0.089308786,138.25,17.327053,-2.814414,17.980904,0.736814,0.23289,-0.072477,0.770594,0.003993,2.087585,0.0,0.068079,0.080294,11.192965,0
0.089362618,138.333333,17.318367,-2.818064,17.974587,0.736573,0.232675,-0.072475,0.7703,0.004011,2.086844,0.0,0.068117,0.08042,11.212431,0
0.089416451,138.416667,17.309669,-2.821709,17.968258,0.736332,0.232459,-0.072473,0.770006,0.004028,2.086102,0.0,0.068155,0.080547,11.231897,0
0.089470284,138.5,17.30096,-2.825347,17.961915,0.736091,0.232243,-0.072471,0.769713,0.004046,2.085358,0.0,0.068194,0.080674,11.251363,0
0.089524117,138.583333,17.29224,-2.82898,17.955561,0.73585,0.232027,-0.072469,0.769419,0.004064,2.084613,0.0,0.068233,0.080804,11.270829,0
0.08957795,138.666667,17.283509,-2.832606,17.949193,0.73561,0.23181,-0.072467,0.769126,0.004081,2.083866,0.0,0.068272,0.080935,11.290295,0
0.089631783,138.75,17.274767,-2.836227,17.942813,0.73537,0.231594,-0.072465,0.768833,0.004099,2.083118,0.0,0.068311,0.081066,11.309762,0
0.089685616,138.833333,17.266013,-2.839842,17.936421,0.73513,0.231377,-0.072463,0.76854,0.004118,2.082369,0.0,0.068351,0.0812,11.329228,0
0.089739449,138.916667,17.257248,-2.84345,17.930016,0.73489,0.23116,-0.072461,0.768247,0.004136,2.081618,0.0,0.068391,0.081335,11.348694,0
0.089793282,139.0,17.248472,-2.847053,17.923598,0.73465,0.230943,-0.072458,0.767955,0.004154,2.080865,0.0,0.068431,0.081471,11.36816,0
0.089847115,139.083333,17.239685,-2.85065,17.917168,0.734411,0.230726,-0.072456,0.767663,0.004173,2.080111,0.0,0.068472,0.081609,11.387626,0
0.089900947,139.166667,17.230887,-2.85424,17.910725,0.734172,0.230509,-0.072454,0.76737,0.004192,2.079356,0.0,0.068513,0.081749,11.407092,0
0.08995478,139.25,17.222078,-2.857825,17.90427,0.733933,0.230292,-0.072451,0.767079,0.004211,2.078599,0.0,0.068554,0.081889,11.426558,0
0.090008613,139.333333,17.213258,-2.861403,17.897803,0.733694,0.230074,-0.072448,0.766787,0.00423,2.077841,0.0,0.068595,0.082031,11.446024,0
0.090062446,139.416667,17.204427,-2.864976,17.891323,0.733456,0.229857,-0.072446,0.766495,0.004249,2.077081,0.0,0.068637,0.082176,11.46549,0
0.090116279,139.5,17.195584,-2.868542,17.88483,0.733217,0.229639,-0.072443,0.766204,0.004268,2.07632,0.0,0.068679,0.082321,11.484956,0
0.090170112,139.583333,17.186731,-2.872102,17.878325,0.73298,0.229421,-0.07244,0.765913,0.004288,2.075557,0.0,0.068722,0.082468,11.504422,0
0.090223945,139.666667,17.177867,-2.875656,17.871807,0.732742,0.229203,-0.072437,0.765622,0.004307,2.074793,0.0,0.068764,0.082618,11.523888,0
0.090277778,139.75,17.168992,-2.879205,17.865278,0.732505,0.228985,-0.072434,0.765332,0.004327,2.074027,0.0,0.068808,0.082769,11.543354,0
0.090331611,139.833333,17.160106,-2.882747,17.858735,0.732268,0.228766,-0.07243,0.765041,0.004347,2.07326,0.0,0.068851,0.08292,11.56282,0
0.090385444,139.916667,17.151209,-2.886283,17.852181,0.732031,0.228548,-0.072427,0.764752,0.004367,2.072491,0.0,0.068895,0.083076,11.582286,0
0.090439276,140.0,17.142301,-2.889812,17.845614,0.731794,0.228329,-0.072423,0.764462,0.004388,2.071721,0.0,0.068939,0.083232,11.601752,0
0.090493109,140.083333,17.133382,-2.893336,17.839034,0.731558,0.228111,-0.072419,0.764173,0.004408,2.07095,0.0,0.068983,0.083389,11.621218,0
0.090546942,140.166667,17.124452,-2.896854,17.832442,0.731323,0.227892,-0.072415,0.763883,0.004429,2.070177,0.0,0.069028,0.08355,11.640684,0
0.090600775,140.25,17.115512,-2.900365,17.825838,0.731087,0.227673,-0.07241,0.763595,0.00445,2.069403,0.0,0.069074,0.083712,11.66015,0
0.090654608,140.333333,17.106561,-2.903871,17.819222,0.730852,0.227454,-0.072406,0.763306,0.004471,2.068627,0.0,0.069119,0.083875,11.679616,0
0.090708441,140.416667,17.097599,-2.90737,17.812593,0.730618,0.227234,-0.0724,0.763018,0.004492,2.06785,0.0,0.069165,0.084044,11.699082,0
0.090762274,140.5,17.088626,-2.910863,17.805952,0.730383,0.227015,-0.072394,0.762731,0.004513,2.067071,0.0,0.069211,0.084214,11.718548,0
0.090816107,140.583333,17.079642,-2.91435,17.799299,0.73015,0.226796,-0.072389,0.762444,0.004535,2.066291,0.0,0.069258,0.084385,11.738014,0
0.09086994,140.666667,17.070648,-2.91783,17.792633,0.729916,0.226576,-0.072382,0.762157,0.004556,2.065509,0.0,0.069305,0.084564,11.75748,0
0.090923773,140.75,17.061643,-2.921305,17.785955,0.729683,0.226356,-0.072375,0.76187,0.004578,2.064726,0.0,0.069353,0.084743,11.776946,0
0.090977606,140.833333,17.052627,-2.924773,17.779265,0.729451,0.226136,-0.072369,0.761584,0.004601,2.063942,0.0,0.069401,0.084923,11.796412,0
0.091031438,140.916667,17.0436,-2.928236,17.772563,0.729219,0.225916,-0.072361,0.761299,0.004623,2.063156,0.0,0.069449,0.085111,11.815878,0
0.091085271,141.0,17.034563,-2.931692,17.765848,0.728988,0.225696,-0.072353,0.761014,0.004645,2.062369,0.0,0.069498,0.0853,11.835344,0
0.091139104,141.083333,17.025515,-2.935141,17.759122,0.728757,0.225476,-0.072345,0.760729,0.004668,2.06158,0.0,0.069547,0.08549,11.85481,0
0.091192937,141.166667,17.016457,-2.938585,17.752383,0.728526,0.225256,-0.072337,0.760445,0.004691,2.06079,0.0,0.069597,0.085687,11.874276,0
0.09124677,141.25,17.007388,-2.942022,17.745632,0.728297,0.225035,-0.072329,0.760162,0.004714,2.059998,0.0,0.069647,0.085884,11.893742,0
0.091300603,141.333333,16.998308,-2.945453,17.738868,0.728068,0.224815,-0.07232,0.759879,0.004738,2.059205,0.0,0.069697,0.086083,11.913208,0
0.091354436,141.416667,16.989218,-2.948878,17.732093,0.727839,0.224594,-0.072311,0.759597,0.004761,2.058411,0.0,0.069748,0.086289,11.932674,0
0.091408269,141.5,16.980117,-2.952297,17.725305,0.727611,0.224374,-0.072301,0.759315,0.004785,2.057615,0.0,0.0698,0.086495,11.95214,0
0.091462102,141.583333,16.971006,-2.955709,17.718506,0.727384,0.224153,-0.072292,0.759034,0.004809,2.056818,0.0,0.069852,0.086703,11.971606,0
0.091515935,141.666667,16.961884,-2.959116,17.711694,0.727157,0.223932,-0.072282,0.758754,0.004834,2.056019,0.0,0.069904,0.086918,11.991072,0
0.091569767,141.75,16.952752,-2.962516,17.70487,0.726931,0.223711,-0.072272,0.758474,0.004858,2.055219,0.0,0.069957,0.087132,12.010538,0
0.0916236,141.833333,16.943609,-2.965909,17.698034,0.726706,0.22349,-0.072262,0.758195,0.004883,2.054417,0.0,0.070011,0.08735,12.030005,0
0.091677433,141.916667,16.934456,-2.969297,17.691187,0.726481,0.223269,-0.072251,0.757916,0.004908,2.053614,0.0,0.070065,0.087572,12.049471,0
0.091731266,142.0,16.925292,-2.972678,17.684327,0.726258,0.223048,-0.072241,0.757638,0.004933,2.05281,0.0,0.070119,0.087795,12.068937,0
0.091785099,142.083333,16.916118,-2.976052,17.677455,0.726034,0.222826,-0.07223,0.757361,0.004959,2.052004,0.0,0.070175,0.088021,12.088403,0
0.091838932,142.166667,16.906933,-2.979421,17.670571,0.725812,0.222605,-0.072219,0.757085,0.004984,2.051197,0.0,0.07023,0.088252,12.107869,0
0.091892765,142.25,16.897738,-2.982783,17.663675,0.72559,0.222384,-0.072208,0.756809,0.00501,2.050388,0.0,0.070286,0.088483,12.127335,0
0.091946598,142.333333,16.888533,-2.986139,17.656767,0.72537,0.222162,-0.072196,0.756534,0.005036,2.049578,0.0,0.070343,0.088718,12.146801,0
0.092000431,142.416667,16.879317,-2.989489,17.649847,0.725149,0.221941,-0.072185,0.75626,0.005063,2.048767,0.0,0.0704,0.088956,12.166267,0
0.092054264,142.5,16.870091,-2.992832,17.642915,0.72493,0.221719,-0.072173,0.755987,0.005089,2.047954,0.0,0.070458,0.089195,12.185733,0
0.092108096,142.583333,16.860855,-2.996169,17.635971,0.724712,0.221498,-0.072161,0.755715,0.005116,2.04714,0.0,0.070516,0.089438,12.205199,0
0.092161929,142.666667,16.851609,-2.999499,17.629015,0.724494,0.221276,-0.07215,0.755443,0.005143,2.046325,0.0,0.070575,0.089684,12.224665,0
0.092215762,142.75,16.842352,-3.002824,17.622048,0.724277,0.221054,-0.072138,0.755172,0.005171,2.045508,0.0,0.070635,0.089931,12.244131,0
0.092269595,142.833333,16.833085,-3.006142,17.615068,0.724061,0.220832,-0.072126,0.754902,0.005198,2.044689,0.0,0.070695,0.090182,12.263597,0
0.092323428,142.916667,16.823808,-3.009453,17.608077,0.723846,0.22061,-0.072114,0.754633,0.005226,2.043869,0.0,0.070756,0.090435,12.283063,0
0.092377261,143.0,16.81452,-3.012758,17.601073,0.723632,0.220388,-0.072108,0.754364,0.005254,2.043048,0.0,0.070817,0.090689,12.302529,0
0.092431094,143.083333,16.805223,-3.016057,17.594058,0.723419,0.220166,-0.072103,0.754097,0.005283,2.042226,0.0,0.070879,0.090948,12.321995,0
0.092484927,143.166667,16.795915,-3.01935,17.587031,0.723207,0.219944,-0.072098,0.75383,0.005312,2.041402,0.0,0.070942,0.091209,12.341461,0
0.09253876,143.25,16.786597,-3.022636,17.579993,0.722995,0.219722,-0.072103,0.753564,0.005341,2.040576,0.0,0.071005,0.09147,12.360927,0
0.092592593,143.333333,16.777269,-3.025915,17.572942,0.722784,0.2195,-0.07211,0.753299,0.00537,2.03975,0.0,0.071068,0.091736,12.380393,0
0.092646425,143.416667,16.767931,-3.029188,17.56588,0.722575,0.219278,-0.072117,0.753035,0.005399,2.038922,0.0,0.071133,0.092003,12.399859,0
0.092700258,143.5,16.758582,-3.032455,17.558805,0.722366,0.219056,-0.072133,0.752772,0.005429,2.038092,0.0,0.071198,0.092272,12.419325,0
0.092754091,143.583333,16.749224,-3.035716,17.55172,0.722158,0.218833,-0.072151,0.75251,0.005459,2.037261,0.0,0.071264,0.092545,12.438791,0
0.092807924,143.666667,16.739856,-3.03897,17.544622,0.721952,0.218611,-0.072169,0.752249,0.00549,2.036429,0.0,0.07133,0.092819,12.458257,0
0.092861757,143.75,16.730477,-3.042217,17.537513,0.721746,0.218389,-0.072196,0.751989,0.00552,2.035596,0.0,0.071397,0.093095,12.477723,0
0.09291559,143.833333,16.721089,-3.045458,17.530391,0.721541,0.218166,-0.072225,0.751729,0.005551,2.034761,0.0,0.071464,0.093374,12.497189,0
0.092969423,143.916667,16.71169,-3.048693,17.523259,0.721337,0.217944,-0.072253,0.751471,0.005582,2.033924,0.0,0.071533,0.093654,12.516655,0
0.093023256,144.0,16.702282,-3.051921,17.516114,0.721134,0.217721,-0.07229,0.751214,0.005614,2.033087,0.0,0.071602,0.093937,12.536121,0
0.093077089,144.083333,16.692864,-3.055143,17.508958,0.720932,0.217498,-0.072329,0.750957,0.005645,2.032247,0.0,0.071671,0.094222,12.555587,0
0.093130922,144.166667,16.683435,-3.058358,17.50179,0.720731,0.217276,-0.072367,0.750702,0.005678,2.031407,0.0,0.071741,0.094508,12.575053,0
0.093184755,144.25,16.673997,-3.061567,17.494611,0.720532,0.217053,-0.072414,0.750447,0.00571,2.030565,0.0,0.071812,0.094797,12.594519,0
0.093238587,144.333333,16.664549,-3.06477,17.48742,0.720333,0.21683,-0.072462,0.750194,0.005743,2.029722,0.0,0.071884,0.095088,12.613985,0
0.09329242,144.416667,16.655091,-3.067965,17.480217,0.720135,0.216607,-0.07251,0.749942,0.005775,2.028878,0.0,0.071956,0.09538,12.633451,0
0.093346253,144.5,16.645624,-3.071155,17.473003,0.719938,0.216384,-0.072566,0.74969,0.005809,2.028032,0.0,0.072029,0.095675,12.652917,0
0.093400086,144.583333,16.636146,-3.074338,17.465777,0.719742,0.216161,-0.072622,0.74944,0.005842,2.027184,0.0,0.072103,0.095972,12.672383,0
0.093453919,144.666667,16.626659,-3.077514,17.45854,0.719548,0.215939,-0.072679,0.74919,0.005876,2.026336,0.0,0.072177,0.096269,12.691849,0
0.093507752,144.75,16.617162,-3.080684,17.451291,0.719354,0.215715,-0.072743,0.748942,0.00591,2.025486,0.0,0.072252,0.09657,12.711315,0
0.093561585,144.833333,16.607655,-3.083847,17.44403,0.719161,0.215492,-0.072808,0.748695,0.005945,2.024635,0.0,0.072328,0.096871,12.730781,0
0.093615418,144.916667,16.598138,-3.087004,17.436758,0.71897,0.215269,-0.072873,0.748448,0.00598,2.023782,0.0,0.072404,0.097175,12.750247,0
0.093669251,145.0,16.588611,-3.090155,17.429475,0.718779,0.215046,-0.072944,0.748203,0.006015,2.022928,0.0,0.072482,0.09748,12.769714,0
0.093723084,145.083333,16.579075,-3.093298,17.42218,0.71859,0.214823,-0.073016,0.747959,0.00605,2.022072,0.0,0.07256,0.097786,12.78918,0
0.093776916,145.166667,16.56953,-3.096436,17.414873,0.718402,0.214599,-0.073089,0.747715,0.006086,2.021216,0.0,0.072638,0.098095,12.808646,0
0.093830749,145.25,16.559974,-3.099566,17.407555,0.718214,0.214376,-0.073167,0.747473,0.006122,2.020358,0.0,0.072717,0.098405,12.828112,0
0.093884582,145.333333,16.550409,-3.10269,17.400226,0.718028,0.214152,-0.073245,0.747232,0.006158,2.019498,0.0,0.072797,0.098715,12.847578,0
0.093938415,145.416667,16.540834,-3.105808,17.392885,0.717843,0.213929,-0.073325,0.746992,0.006195,2.018638,0.0,0.072878,0.099029,12.867044,0
0.093992248,145.5,16.53125,-3.108919,17.385533,0.717659,0.213705,-0.073408,0.746753,0.006232,2.017776,0.0,0.07296,0.099343,12.88651,0
0.094046081,145.583333,16.521656,-3.112023,17.378169,0.717476,0.213482,-0.073492,0.746515,0.006269,2.016912,0.0,0.073042,0.099658,12.905976,0
0.094099914,145.666667,16.512052,-3.115121,17.370794,0.717294,0.213258,-0.073578,0.746278,0.006307,2.016047,0.0,0.073125,0.099976,12.925442,0
0.094153747,145.75,16.502439,-3.118212,17.363408,0.717113,0.213034,-0.073666,0.746042,0.006345,2.015181,0.0,0.073208,0.100293,12.944908,0
0.09420758,145.833333,16.492817,-3.121297,17.356011,0.716933,0.21281,-0.073754,0.745807,0.006384,2.014314,0.0,0.073293,0.100613,12.964374,0
0.094261413,145.916667,16.483185,-3.124375,17.348602,0.716755,0.212586,-0.073844,0.745573,0.006422,2.013445,0.0,0.073378,0.100934,12.98384,0
0.094315245,146.0,16.473543,-3.127447,17.341181,0.716577,0.212362,-0.073935,0.745341,0.006461,2.012575,0.0,0.073463,0.101255,13.003306,0
0.094369078,146.083333,16.463892,-3.130511,17.33375,0.716401,0.212138,-0.074026,0.745109,0.006501,2.011704,0.0,0.07355,0.101578,13.022772,0
0.094422911,146.166667,16.454232,-3.13357,17.326307,0.716225,0.211914,-0.074119,0.744878,0.00654,2.010831,0.0,0.073637,0.101902,13.042238,0
0.094476744,146.25,16.444562,-3.136621,17.318853,0.716051,0.211689,-0.074213,0.744649,0.006581,2.009957,0.0,0.073725,0.102227,13.061704,0
0.094530577,146.333333,16.434883,-3.139666,17.311387,0.715878,0.211465,-0.074306,0.74442,0.006621,2.009082,0.0,0.073814,0.102554,13.08117,0
0.09458441,146.416667,16.425194,-3.142704,17.303911,0.715705,0.21124,-0.074401,0.744192,0.006662,2.008205,0.0,0.073903,0.10288,13.100636,0
0.094638243,146.5,16.415496,-3.145736,17.296423,0.715534,0.211016,-0.074495,0.743966,0.006703,2.007327,0.0,0.073994,0.10321,13.120102,0
0.094692076,146.583333,16.405789,-3.148761,17.288924,0.715364,0.210791,-0.07459,0.74374,0.006744,2.006448,0.0,0.074085,0.103542,13.139568,0
0.094745909,146.666667,16.396072,-3.151779,17.281413,0.715195,0.210566,-0.074685,0.743516,0.006786,2.005567,0.0,0.074176,0.103875,13.159034,0
0.094799742,146.75,16.386346,-3.154791,17.273892,0.715028,0.210341,-0.07478,0.743293,0.006829,2.004685,0.0,0.074269,0.104215,13.1785,0
0.094853575,146.833333,16.376611,-3.157796,17.266359,0.714861,0.210116,-0.074875,0.74307,0.006872,2.003802,0.0,0.074362,0.104558,13.197966,0
0.094907407,146.916667,16.366866,-3.160794,17.258816,0.714695,0.209891,-0.07497,0.742849,0.006915,2.002918,0.0,0.074456,0.104903,13.217432,0
0.09496124,147.0,16.357112,-3.163786,17.251261,0.714531,0.209665,-0.075064,0.742629,0.006958,2.002032,0.0,0.074551,0.105256,13.236898,0
0.095015073,147.083333,16.347349,-3.166771,17.243695,0.714368,0.209439,-0.075158,0.742411,0.007002,2.001145,0.0,0.074646,0.105609,13.256364,0
0.095068906,147.166667,16.337577,-3.169749,17.236118,0.714206,0.209214,-0.075252,0.742193,0.007047,2.000256,0.0,0.074743,0.105967,13.27583,0
0.095122739,147.25,16.327796,-3.172721,17.22853,0.714046,0.208988,-0.075345,0.741976,0.007092,1.999366,0.0,0.07484,0.10633,13.295296,0
0.095176572,147.333333,16.318005,-3.175685,17.220931,0.713886,0.208762,-0.075436,0.741761,0.007137,1.998475,0.0,0.074938,0.106693,13.314762,0
0.095230405,147.416667,16.308206,-3.178643,17.21332,0.713728,0.208535,-0.075527,0.741547,0.007183,1.997583,0.0,0.075037,0.107064,13.334228,0
0.095284238,147.5,16.298397,-3.181595,17.205699,0.713571,0.208309,-0.075618,0.741334,0.007229,1.99669,0.0,0.075137,0.107437,13.353694,0
0.095338071,147.583333,16.288579,-3.184539,17.198067,0.713416,0.208083,-0.075706,0.741123,0.007276,1.995795,0.0,0.075237,0.107811,13.37316,0
0.095391904,147.666667,16.278752,-3.187477,17.190424,0.713261,0.207856,-0.075793,0.740912,0.007323,1.994898,0.0,0.075339,0.108193,13.392626,0
0.095445736,147.75,16.268916,-3.190409,17.182769,0.713109,0.207629,-0.07588,0.740703,0.007371,1.994001,0.0,0.075441,0.108574,13.412092,0
0.095499569,147.833333,16.259071,-3.193333,17.175104,0.712957,0.207402,-0.075964,0.740495,0.007419,1.993102,0.0,0.075544,0.108961,13.431558,0
0.095553402,147.916667,16.249217,-3.196251,17.167428,0.712807,0.207175,-0.076047,0.740289,0.007468,1.992202,0.0,0.075648,0.109351,13.451024,0
0.095607235,148.0,16.239354,-3.199161,17.159741,0.712658,0.206948,-0.076128,0.740084,0.007517,1.991301,0.0,0.075753,0.109742,13.47049,0
0.095661068,148.083333,16.229482,-3.202066,17.152043,0.71251,0.20672,-0.076206,0.73988,0.007567,1.990398,0.0,0.075859,0.110139,13.489957,0
0.095714901,148.166667,16.219601,-3.204963,17.144334,0.712364,0.206493,-0.076285,0.739677,0.007617,1.989494,0.0,0.075966,0.110538,13.509423,0
0.095768734,148.25,16.209711,-3.207854,17.136614,0.71222,0.206265,-0.076358,0.739476,0.007667,1.988589,0.0,0.076073,0.110939,13.528889,0
0.095822567,148.333333,16.199813,-3.210737,17.128884,0.712076,0.206037,-0.07643,0.739276,0.007718,1.987683,0.0,0.076182,0.111345,13.548355,0
0.0958764,148.416667,16.189905,-3.213614,17.121142,0.711934,0.205809,-0.076502,0.739078,0.00777,1.986775,0.0,0.076291,0.111752,13.567821,0
0.095930233,148.5,16.179989,-3.216485,17.11339,0.711794,0.205581,-0.076567,0.738881,0.007822,1.985866,0.0,0.076402,0.112164,13.587287,0
0.095984065,148.583333,16.170063,-3.219348,17.105627,0.711655,0.205353,-0.076632,0.738685,0.007875,1.984956,0.0,0.076513,0.112577,13.606753,0
0.096037898,148.666667,16.160129,-3.222204,17.097853,0.711517,0.205124,-0.076694,0.73849,0.007928,1.984044,0.0,0.076626,0.112993,13.626219,0
0.096091731,148.75,16.150186,-3.225054,17.090068,0.711381,0.204896,-0.076751,0.738297,0.007981,1.983131,0.0,0.076739,0.113413,13.645685,0
0.096145564,148.833333,16.140234,-3.227897,17.082272,0.711246,0.204667,-0.076808,0.738106,0.008035,1.982217,0.0,0.076853,0.113833,13.665151,0
0.096199397,148.916667,16.130274,-3.230733,17.074466,0.711113,0.204438,-0.076859,0.737916,0.00809,1.981302,0.0,0.076968,0.114258,13.684617,0
0.09625323,149.0,16.120305,-3.233563,17.066649,0.710981,0.204209,-0.076907,0.737727,0.008145,1.980386,0.0,0.077084,0.114685,13.704083,0
0.096307063,149.083333,16.110327,-3.236385,17.058821,0.710851,0.203979,-0.076955,0.737539,0.008201,1.979468,0.0,0.077201,0.115113,13.723549,0
0.096360896,149.166667,16.10034,-3.239201,17.050983,0.710722,0.20375,-0.076997,0.737353,0.008257,1.978549,0.0,0.077319,0.115545,13.743015,0
0.096414729,149.25,16.090345,-3.242009,17.043134,0.710595,0.20352,-0.07704,0.737169,0.008314,1.977628,0.0,0.077438,0.115978,13.762481,0
0.096468562,149.333333,16.080341,-3.244811,17.035274,0.710469,0.20329,-0.077083,0.736986,0.008371,1.976707,0.0,0.077558,0.116414,13.781947,0
0.096522394,149.416667,16.070328,-3.247606,17.027404,0.710345,0.20306,-0.077127,0.736804,0.008429,1.975784,0.0,0.077679,0.116853,13.801413,0
0.096576227,149.5,16.060307,-3.250394,17.019523,0.710222,0.20283,-0.077172,0.736623,0.008487,1.97486,0.0,0.077801,0.117292,13.820879,0
0.09663006,149.583333,16.050277,-3.253176,17.011631,0.7101,0.2026,-0.077216,0.736445,0.008546,1.973934,0.0,0.077924,0.117735,13.840345,0
0.096683893,149.666667,16.040239,-3.25595,17.003729,0.70998,0.202369,-0.077262,0.736267,0.008606,1.973008,0.0,0.078048,0.118179,13.859811,0
0.096737726,149.75,16.030192,-3.258718,16.995816,0.709862,0.202138,-0.077307,0.736091,0.008666,1.97208,0.0,0.078173,0.118625,13.879277,0
0.096791559,149.833333,16.020136,-3.261478,16.987893,0.709745,0.201907,-0.077354,0.735916,0.008726,1.971151,0.0,0.078299,0.119074,13.898743,0
0.096845392,149.916667,16.010072,-3.264232,16.979959,0.70963,0.201676,-0.0774,0.735743,0.008787,1.970221,0.0,0.078426,0.119522,13.918209,0
0.096899225,150.0,16.0,-3.266979,16.972014,0.709516,0.201445,-0.077447,0.735571,0.008849,1.969289,0.0,0.078554,0.119975,13.937675,0
0.096953058,150.083333,15.989919,-3.269719,16.964059,0.709403,0.201213,-0.077494,0.735401,0.008911,1.968357,0.0,0.078683,0.120427,13.957141,0
0.097006891,150.166667,15.97983,-3.272452,16.956094,0.709292,0.200981,-0.077541,0.735232,0.008974,1.967423,0.0,0.078813,0.120882,13.976607,0
0.097060724,150.25,15.969732,-3.275178,16.948118,0.709183,0.200749,-0.077589,0.735064,0.009038,1.966487,0.0,0.078944,0.121338,13.996073,0
0.097114556,150.333333,15.959626,-3.277897,16.940131,0.709075,0.200517,-0.077636,0.734898,0.009102,1.965551,0.0,0.079076,0.121795,14.015539,0
0.097168389,150.416667,15.949511,-3.280609,16.932134,0.708968,0.200284,-0.077684,0.734733,0.009166,1.964613,0.0,0.079209,0.122254,14.035005,0
0.097222222,150.5,15.939388,-3.283314,16.924127,0.708863,0.200051,-0.077732,0.73457,0.009231,1.963674,0.0,0.079342,0.122714,14.054471,0
0.097276055,150.583333,15.929257,-3.286013,16.916109,0.708759,0.199818,-0.07778,0.734408,0.009297,1.962734,0.0,0.079477,0.123175,14.073937,0
0.097329888,150.666667,15.919118,-3.288704,16.908081,0.708657,0.199585,-0.077827,0.734247,0.009363,1.961793,0.0,0.079613,0.123638,14.093403,0
0.097383721,150.75,15.90897,-3.291388,16.900042,0.708556,0.199352,-0.077875,0.734088,0.00943,1.96085,0.0,0.07975,0.124101,14.112869,0
0.097437554,150.833333,15.898814,-3.294066,16.891993,0.708457,0.199118,-0.077922,0.73393,0.009498,1.959907,0.0,0.079888,0.124565,14.132335,0
0.097491387,150.916667,15.88865,-3.296736,16.883934,0.708359,0.198884,-0.077968,0.733774,0.009566,1.958962,0.0,0.080028,0.12503,14.151801,0
0.09754522,151.0,15.878477,-3.2994,16.875865,0.708263,0.19865,-0.078014,0.733619,0.009635,1.958015,0.0,0.080168,0.125496,14.171267,0
0.097599053,151.083333,15.868296,-3.302056,16.867785,0.708168,0.198415,-0.078059,0.733465,0.009704,1.957068,0.0,0.080309,0.125963,14.190733,0
0.097652885,151.166667,15.858107,-3.304706,16.859694,0.708075,0.19818,-0.078104,0.733313,0.009774,1.956119,0.0,0.080451,0.12643,14.210199,0
0.097706718,151.25,15.84791,-3.307348,16.851594,0.707983,0.197945,-0.078148,0.733162,0.009844,1.95517,0.0,0.080594,0.126898,14.229666,0
0.097760551,151.333333,15.837705,-3.309984,16.843483,0.707892,0.19771,-0.078191,0.733012,0.009915,1.954219,0.0,0.080738,0.127366,14.249132,0
0.097814384,151.416667,15.827492,-3.312612,16.835362,0.707803,0.197474,-0.078234,0.732864,0.009987,1.953266,0.0,0.080883,0.127835,14.268598,0
0.097868217,151.5,15.81727,-3.315234,16.827231,0.707715,0.197238,-0.078276,0.732716,0.010059,1.952313,0.0,0.081029,0.128304,14.288064,0
0.09792205,151.583333,15.807041,-3.317848,16.81909,0.707628,0.197002,-0.078317,0.732571,0.010132,1.951358,0.0,0.081176,0.128774,14.30753,0
0.097975883,151.666667,15.796803,-3.320456,16.810938,0.707543,0.196766,-0.078358,0.732426,0.010206,1.950403,0.0,0.081324,0.129243,14.326996,0
0.098029716,151.75,15.786557,-3.323056,16.802776,0.707459,0.196529,-0.078397,0.732283,0.01028,1.949446,0.0,0.081473,0.129713,14.346462,0
0.098083549,151.833333,15.776304,-3.32565,16.794604,0.707377,0.196292,-0.078436,0.732141,0.010355,1.948487,0.0,0.081623,0.130182,14.365928,0
0.098137382,151.916667,15.766042,-3.328236,16.786422,0.707295,0.196054,-0.078474,0.732,0.01043,1.947528,0.0,0.081774,0.130651,14.385394,0
0.098191214,152.0,15.755773,-3.330816,16.77823,0.707216,0.195816,-0.07851,0.73186,0.010506,1.946568,0.0,0.081926,0.131121,14.40486,0
0.098245047,152.083333,15.745495,-3.333388,16.770027,0.707137,0.195578,-0.078547,0.731722,0.010582,1.945606,0.0,0.082079,0.131588,14.424326,0
0.09829888,152.166667,15.73521,-3.335953,16.761815,0.70706,0.19534,-0.078582,0.731585,0.01066,1.944643,0.0,0.082233,0.132056,14.443792,0
0.098352713,152.25,15.724916,-3.338512,16.753592,0.706984,0.195101,-0.078616,0.731449,0.010737,1.943679,0.0,0.082388,0.13252,14.463258,0
0.098406546,152.333333,15.714615,-3.341063,16.74536,0.706909,0.194862,-0.07865,0.731314,0.010815,1.942713,0.0,0.082544,0.132982,14.482724,0
0.098460379,152.416667,15.704306,-3.343607,16.737117,0.706835,0.194623,-0.078681,0.73118,0.010894,1.941747,0.0,0.082701,0.133443,14.50219,0
0.098514212,152.5,15.693989,-3.346144,16.728865,0.706763,0.194383,-0.078712,0.731047,0.010974,1.940779,0.0,0.082859,0.133901,14.521656,0
0.098568045,152.583333,15.683664,-3.348674,16.720602,0.706691,0.194143,-0.078742,0.730916,0.011054,1.93981,0.0,0.083018,0.13436,14.541122,0
0.098621878,152.666667,15.673332,-3.351197,16.712329,0.706621,0.193903,-0.07877,0.730785,0.011134,1.93884,0.0,0.083177,0.134815,14.560588,0
0.098675711,152.75,15.662991,-3.353712,16.704047,0.706552,0.193662,-0.078798,0.730656,0.011216,1.937869,0.0,0.083338,0.13527,14.580054,0
0.098729543,152.833333,15.652643,-3.356221,16.695754,0.706484,0.193421,-0.078823,0.730527,0.011297,1.936897,0.0,0.083499,0.135723,14.59952,0
0.098783376,152.916667,15.642287,-3.358723,16.687452,0.706417,0.19318,-0.078848,0.7304,0.01138,1.935924,0.0,0.083662,0.136176,14.618986,0
0.098837209,153.0,15.631924,-3.361217,16.679139,0.706351,0.192938,-0.078872,0.730273,0.011463,1.934949,0.0,0.083825,0.136629,14.638452,0
0.098891042,153.083333,15.621553,-3.363704,16.670817,0.706286,0.192695,-0.078894,0.730147,0.011547,1.933973,0.0,0.083989,0.13708,14.657918,0
0.098944875,153.166667,15.611174,-3.366185,16.662485,0.706222,0.192453,-0.078916,0.730022,0.011631,1.932996,0.0,0.084154,0.137532,14.677384,0
0.098998708,153.25,15.600788,-3.368658,16.654143,0.706159,0.192209,-0.078934,0.729899,0.011716,1.932018,0.0,0.08432,0.137984,14.69685,0
0.099052541,153.333333,15.590393,-3.371124,16.645791,0.706097,0.191966,-0.078952,0.729776,0.011802,1.931039,0.0,0.084487,0.138436,14.716316,0
0.099106374,153.416667,15.579992,-3.373583,16.637429,0.706036,0.191722,-0.078969,0.729654,0.011888,1.930058,0.0,0.084655,0.138888,14.735782,0
0.099160207,153.5,15.569583,-3.376034,16.629058,0.705977,0.191477,-0.078983,0.729533,0.011975,1.929077,0.0,0.084823,0.139341,14.755248,0
0.09921404,153.583333,15.559166,-3.378479,16.620677,0.705918,0.191232,-0.078998,0.729412,0.012063,1.928094,0.0,0.084993,0.139794,14.774714,0
0.099267873,153.666667,15.548741,-3.380916,16.612286,0.70586,0.190986,-0.079009,0.729293,0.012151,1.92711,0.0,0.085163,0.140249,14.79418,0
0.099321705,153.75,15.53831,-3.383347,16.603885,0.705803,0.19074,-0.079019,0.729174,0.01224,1.926125,0.0,0.085334,0.140705,14.813646,0
0.099375538,153.833333,15.52787,-3.38577,16.595474,0.705747,0.190494,-0.079028,0.729057,0.01233,1.925139,0.0,0.085506,0.141163,14.833112,0
0.099429371,153.916667,15.517423,-3.388186,16.587054,0.705693,0.190247,-0.079034,0.72894,0.012421,1.924152,0.0,0.085679,0.141622,14.852578,0
0.099483204,154.0,15.506969,-3.390595,16.578624,0.705639,0.189999,-0.079041,0.728824,0.012512,1.923163,0.0,0.085853,0.142082,14.872044,0
0.099537037,154.083333,15.496508,-3.392996,16.570184,0.705586,0.189751,-0.079043,0.728709,0.012604,1.922174,0.0,0.086028,0.142545,14.89151,0
0.09959087,154.166667,15.486038,-3.395391,16.561735,0.705534,0.189502,-0.079045,0.728595,0.012697,1.921183,0.0,0.086204,0.143009,14.910976,0
0.099644703,154.25,15.475562,-3.397778,16.553276,0.705483,0.189252,-0.079044,0.728482,0.01279,1.920191,0.0,0.08638,0.143478,14.930442,0
0.099698536,154.333333,15.465078,-3.400158,16.544807,0.705433,0.189002,-0.079041,0.72837,0.012885,1.919198,0.0,0.086558,0.143948,14.949909,0
0.099752369,154.416667,15.454587,-3.402531,16.536329,0.705385,0.188752,-0.079038,0.728258,0.01298,1.918204,0.0,0.086736,0.144421,14.969375,0
0.099806202,154.5,15.444089,-3.404897,16.527841,0.705337,0.1885,-0.079031,0.728148,0.013076,1.917209,0.0,0.086916,0.144897,14.988841,0
0.099860034,154.583333,15.433583,-3.407255,16.519344,0.70529,0.188248,-0.079024,0.728038,0.013173,1.916212,0.0,0.087096,0.145375,15.008307,0
0.099913867,154.666667,15.42307,-3.409606,16.510837,0.705244,0.187996,-0.079008,0.727929,0.013271,1.915215,0.0,0.087277,0.14586,15.027773,0
0.0999677,154.75,15.41255,-3.41195,16.50232,0.7052,0.187743,-0.078988,0.727821,0.013369,1.914216,0.0,0.087459,0.146346,15.047239,0
0.100021533,154.833333,15.402022,-3.414287,16.493794,0.705156,0.187489,-0.078962,0.727714,0.013469,1.913217,0.0,0.087642,0.146838,15.066705,0
0.100075366,154.916667,15.391488,-3.416617,16.485259,0.705114,0.187234,-0.078908,0.727609,0.013569,1.912216,0.0,0.087826,0.147333,15.086171,0
0.100129199,155.0,15.380946,-3.418939,16.476714,0.705073,0.186979,-0.078854,0.727504,0.01367,1.911214,0.0,0.088011,0.147832,15.105637,0
0.100183032,155.083333,15.370397,-3.421254,16.468159,0.705033,0.186723,-0.078774,0.7274,0.013772,1.910211,0.0,0.088197,0.148337,15.125103,0
0.100236865,155.166667,15.359841,-3.423562,16.459595,0.704994,0.186467,-0.078686,0.727297,0.013875,1.909207,0.0,0.088384,0.148844,15.144569,0
0.100290698,155.25,15.349278,-3.425863,16.451022,0.704956,0.186209,-0.078588,0.727195,0.01398,1.908201,0.0,0.088572,0.149361,15.164035,0
0.100344531,155.333333,15.338708,-3.428157,16.442439,0.70492,0.185951,-0.078468,0.727094,0.014085,1.907195,0.0,0.088761,0.149879,15.183501,0
0.100398363,155.416667,15.32813,-3.430443,16.433847,0.704885,0.185692,-0.078349,0.726994,0.014191,1.906188,0.0,0.088951,0.150406,15.202967,0
0.100452196,155.5,15.317546,-3.432722,16.425245,0.704851,0.185433,-0.078203,0.726895,0.014298,1.905179,0.0,0.089142,0.150937,15.222433,0
0.100506029,155.583333,15.306955,-3.434993,16.416634,0.704818,0.185172,-0.078055,0.726798,0.014406,1.904169,0.0,0.089334,0.151473,15.241899,0
0.100559862,155.666667,15.296356,-3.437258,16.408014,0.704787,0.184911,-0.077893,0.726701,0.014515,1.903159,0.0,0.089527,0.152019,15.261365,0
0.100613695,155.75,15.285751,-3.439515,16.399384,0.704757,0.184649,-0.077718,0.726606,0.014625,1.902147,0.0,0.089722,0.152565,15.280831,0
0.100667528,155.833333,15.275139,-3.441765,16.390745,0.704728,0.184386,-0.077541,0.726512,0.014737,1.901134,0.0,0.089917,0.153126,15.300297,0
0.100721361,155.916667,15.264519,-3.444007,16.382097,0.704701,0.184123,-0.077341,0.726419,0.014849,1.90012,0.0,0.090114,0.153688,15.319763,0
0.100775194,156.0,15.253893,-3.446243,16.37344,0.704675,0.183858,-0.077142,0.726327,0.014963,1.899105,0.0,0.090311,0.154261,15.339229,0
0.100829027,156.083333,15.24326,-3.448471,16.364773,0.704651,0.183593,-0.076928,0.726237,0.015078,1.898088,0.0,0.09051,0.15484,15.358695,0
0.10088286,156.166667,15.23262,-3.450691,16.356097,0.704628,0.183327,-0.076707,0.726148,0.015194,1.897071,0.0,0.09071,0.155426,15.378161,0
0.100936693,156.25,15.221974,-3.452905,16.347412,0.704607,0.18306,-0.07648,0.72606,0.015311,1.896053,0.0,0.090912,0.156022,15.397627,0
0.100990525,156.333333,15.21132,-3.455111,16.338717,0.704588,0.182792,-0.07624,0.725974,0.01543,1.895033,0.0,0.091114,0.156622,15.417093,0
0.101044358,156.416667,15.20066,-3.45731,16.330014,0.70457,0.182523,-0.076,0.725889,0.015549,1.894013,0.0,0.091318,0.157238,15.436559,0
0.101098191,156.5,15.189993,-3.459501,16.321301,0.704554,0.182253,-0.075745,0.725806,0.01567,1.892991,0.0,0.091523,0.157854,15.456025,0
0.101152024,156.583333,15.179319,-3.461685,16.312579,0.70454,0.181982,-0.075488,0.725724,0.015793,1.891969,0.0,0.091729,0.158487,15.475491,0
0.101205857,156.666667,15.168638,-3.463862,16.303848,0.704527,0.181711,-0.075224,0.725644,0.015916,1.890945,0.0,0.091937,0.159124,15.494957,0
0.10125969,156.75,15.157951,-3.466032,16.295108,0.704516,0.181438,-0.074953,0.725565,0.016042,1.88992,0.0,0.092146,0.159774,15.514423,0
0.101313523,156.833333,15.147257,-3.468194,16.286359,0.704507,0.181164,-0.074681,0.725488,0.016168,1.888894,0.0,0.092356,0.160432,15.533889,0
0.101367356,156.916667,15.136556,-3.470349,16.277601,0.7045,0.18089,-0.074399,0.725413,0.016296,1.887867,0.0,0.092568,0.161098,15.553355,0
0.101421189,157.0,15.125849,-3.472496,16.268833,0.704496,0.180614,-0.074117,0.725339,0.016425,1.886839,0.0,0.092781,0.161782,15.572821,0
0.101475022,157.083333,15.115135,-3.474636,16.260057,0.704493,0.180337,-0.073828,0.725267,0.016556,1.88581,0.0,0.092996,0.162465,15.592287,0
0.101528854,157.166667,15.104415,-3.476769,16.251272,0.704492,0.180059,-0.073537,0.725197,0.016689,1.88478,0.0,0.093212,0.163175,15.611753,0
0.101582687,157.25,15.093688,-3.478894,16.242478,0.704493,0.17978,-0.073244,0.725128,0.016823,1.883749,0.0,0.09343,0.163886,15.631219,0
0.10163652,157.333333,15.082954,-3.481013,16.233674,0.704497,0.179499,-0.072947,0.725062,0.016958,1.882717,0.0,0.093649,0.164618,15.650685,0
0.101690353,157.416667,15.072214,-3.483123,16.224862,0.704503,0.179218,-0.07265,0.724998,0.017096,1.881684,0.0,0.09387,0.165359,15.670151,0
0.101744186,157.5,15.061467,-3.485227,16.216041,0.704511,0.178935,-0.07235,0.724936,0.017235,1.880649,0.0,0.094092,0.166114,15.689618,0
0.101798019,157.583333,15.050714,-3.487323,16.207211,0.704522,0.178651,-0.07205,0.724875,0.017376,1.879614,0.0,0.094317,0.166886,15.709084,0
0.101851852,157.666667,15.039955,-3.489411,16.198372,0.704535,0.178366,-0.071749,0.724817,0.017519,1.878577,0.0,0.094542,0.167665,15.72855,0
0.101905685,157.75,15.029189,-3.491492,16.189524,0.704551,0.17808,-0.071449,0.724762,0.017663,1.87754,0.0,0.09477,0.168468,15.748016,0
0.101959518,157.833333,15.018417,-3.493566,16.180667,0.704569,0.177792,-0.071149,0.724708,0.017809,1.876502,0.0,0.094999,0.169272,15.767482,0
0.102013351,157.916667,15.007638,-3.495633,16.171801,0.70459,0.177503,-0.07085,0.724657,0.017958,1.875462,0.0,0.095231,0.170103,15.786948,0
0.102067183,158.0,14.996853,-3.497692,16.162927,0.704614,0.177213,-0.070551,0.724609,0.018108,1.874421,0.0,0.095464,0.170937,15.806414,0
0.102121016,158.083333,14.986061,-3.499743,16.154044,0.704641,0.176921,-0.070258,0.724562,0.01826,1.87338,0.0,0.095699,0.171791,15.82588,0
0.102174849,158.166667,14.975264,-3.501788,16.145152,0.704671,0.176629,-0.069964,0.724519,0.018414,1.872337,0.0,0.095936,0.172655,15.845346,0
0.102228682,158.25,14.96446,-3.503825,16.136251,0.704703,0.176334,-0.069675,0.724478,0.01857,1.871294,0.0,0.096174,0.173532,15.864812,0
0.102282515,158.333333,14.953649,-3.505854,16.127341,0.704739,0.176039,-0.069389,0.724439,0.018728,1.870249,0.0,0.096415,0.174426,15.884278,0
0.102336348,158.416667,14.942833,-3.507876,16.118423,0.704777,0.175742,-0.069107,0.724404,0.018888,1.869203,0.0,0.096658,0.175326,15.903744,0
0.102390181,158.5,14.93201,-3.509891,16.109496,0.704819,0.175444,-0.068831,0.724371,0.01905,1.868157,0.0,0.096903,0.176249,15.92321,0
0.102444014,158.583333,14.921181,-3.511898,16.100561,0.704864,0.175145,-0.068556,0.724341,0.019214,1.867109,0.0,0.09715,0.177174,15.942676,0
0.102497847,158.666667,14.910346,-3.513898,16.091616,0.704912,0.174844,-0.068293,0.724313,0.01938,1.86606,0.0,0.097399,0.178124,15.962142,0
0.10255168,158.75,14.899504,-3.51589,16.082663,0.704963,0.174542,-0.06803,0.724289,0.019548,1.86501,0.0,0.097651,0.179078,15.981608,0
0.102605512,158.833333,14.888657,-3.517875,16.073702,0.705018,0.174238,-0.06778,0.724267,0.019719,1.86396,0.0,0.097904,0.180051,16.001074,0
0.102659345,158.916667,14.877803,-3.519852,16.064731,0.705076,0.173933,-0.067533,0.724249,0.019891,1.862908,0.0,0.09816,0.181033,16.02054,0
0.102713178,159.0,14.866944,-3.521822,16.055752,0.705138,0.173626,-0.067295,0.724234,0.020066,1.861855,0.0,0.098418,0.182029,16.040006,0
0.102767011,159.083333,14.856078,-3.523785,16.046765,0.705203,0.173318,-0.067067,0.724221,0.020243,1.860801,0.0,0.098679,0.183039,16.059472,0
0.102820844,159.166667,14.845206,-3.52574,16.037769,0.705271,0.173009,-0.066843,0.724212,0.020422,1.859746,0.0,0.098941,0.184057,16.078938,0
0.102874677,159.25,14.834328,-3.527687,16.028765,0.705343,0.172698,-0.066637,0.724206,0.020604,1.858691,0.0,0.099207,0.185096,16.098404,0
0.10292851,159.333333,14.823445,-3.529628,16.019751,0.705419,0.172386,-0.06643,0.724203,0.020787,1.857634,0.0,0.099474,0.186136,16.11787,0
0.102982343,159.416667,14.812555,-3.53156,16.01073,0.705498,0.172071,-0.066246,0.724204,0.020974,1.856576,0.0,0.099744,0.187202,16.137336,0
0.103036176,159.5,14.801659,-3.533485,16.0017,0.705581,0.171756,-0.066064,0.724207,0.021162,1.855517,0.0,0.100016,0.18827,16.156802,0
0.103090009,159.583333,14.790757,-3.535403,15.992661,0.705668,0.171439,-0.065898,0.724214,0.021353,1.854457,0.0,0.100291,0.189358,16.176268,0
0.103143842,159.666667,14.77985,-3.537313,15.983614,0.705759,0.17112,-0.065745,0.724225,0.021547,1.853397,0.0,0.100569,0.190453,16.195734,0
0.103197674,159.75,14.768936,-3.539216,15.974559,0.705854,0.1708,-0.065599,0.724239,0.021742,1.852335,0.0,0.100849,0.191564,16.2152,0
0.103251507,159.833333,14.758017,-3.541112,15.965495,0.705952,0.170478,-0.065474,0.724256,0.021941,1.851272,0.0,0.101131,0.192685,16.234666,0
0.10330534,159.916667,14.747092,-3.542999,15.956423,0.706054,0.170155,-0.065349,0.724277,0.022141,1.850208,0.0,0.101416,0.193818,16.254132,0
0.103359173,160.0,14.736161,-3.54488,15.947343,0.706161,0.169829,-0.065232,0.724301,0.022345,1.849144,0.0,0.101704,0.194966,16.273598,0
0.103413006,160.083333,14.725224,-3.546752,15.938254,0.706271,0.169503,-0.065115,0.724329,0.022551,1.848078,0.0,0.101995,0.19612,16.293064,0
0.103466839,160.166667,14.714282,-3.548618,15.929156,0.706385,0.169174,-0.065002,0.72436,0.022759,1.847011,0.0,0.102288,0.197294,16.31253,0
0.103520672,160.25,14.703334,-3.550476,15.920051,0.706504,0.168844,-0.06489,0.724395,0.02297,1.845944,0.0,0.102584,0.19847,16.331996,0
0.103574505,160.333333,14.69238,-3.552326,15.910937,0.706626,0.168512,-0.06478,0.724434,0.023184,1.844875,0.0,0.102883,0.19967,16.351462,0
0.103628338,160.416667,14.68142,-3.554169,15.901815,0.706753,0.168178,-0.064673,0.724476,0.0234,1.843805,0.0,0.103184,0.200871,16.370928,0
0.103682171,160.5,14.670455,-3.556004,15.892685,0.706884,0.167842,-0.064566,0.724522,0.02362,1.842735,0.0,0.103488,0.202093,16.390394,0
0.103736003,160.583333,14.659484,-3.557832,15.883546,0.707019,0.167505,-0.064463,0.724572,0.023842,1.841663,0.0,0.103796,0.20332,16.409861,0
0.103789836,160.666667,14.648507,-3.559652,15.874399,0.707158,0.167166,-0.064359,0.724626,0.024066,1.840591,0.0,0.104106,0.204562,16.429327,0
0.103843669,160.75,14.637525,-3.561465,15.865244,0.707302,0.166824,-0.06426,0.724683,0.024294,1.839517,0.0,0.104419,0.205814,16.448793,0
0.103897502,160.833333,14.626537,-3.56327,15.856081,0.70745,0.166482,-0.06416,0.724744,0.024524,1.838443,0.0,0.104734,0.207077,16.468259,0
0.103951335,160.916667,14.615544,-3.565067,15.84691,0.707602,0.166137,-0.064064,0.724809,0.024757,1.837368,0.0,0.105053,0.208354,16.487725,0
0.104005168,161.0,14.604545,-3.566857,15.83773,0.707759,0.16579,-0.063968,0.724878,0.024993,1.836291,0.0,0.105375,0.209637,16.507191,0
0.104059001,161.083333,14.593541,-3.56864,15.828543,0.70792,0.165441,-0.063874,0.724951,0.025232,1.835214,0.0,0.1057,0.210939,16.526657,0
0.104112834,161.166667,14.582531,-3.570415,15.819347,0.708085,0.16509,-0.063782,0.725028,0.025474,1.834136,0.0,0.106028,0.212243,16.546123,0
0.104166667,161.25,14.571516,-3.572182,15.810143,0.708255,0.164737,-0.063691,0.725108,0.025719,1.833057,0.0,0.106358,0.213569,16.565589,0
0.1042205,161.333333,14.560495,-3.573942,15.800931,0.70843,0.164383,-0.063602,0.725193,0.025966,1.831976,0.0,0.106692,0.214896,16.585055,0
0.104274332,161.416667,14.549469,-3.575694,15.791711,0.708609,0.164026,-0.063514,0.725281,0.026217,1.830895,0.0,0.107029,0.216245,16.604521,0
0.104328165,161.5,14.538437,-3.577439,15.782484,0.708792,0.163667,-0.063428,0.725374,0.026471,1.829813,0.0,0.10737,0.217596,16.623987,0
0.104381998,161.583333,14.5274,-3.579176,15.773248,0.70898,0.163305,-0.063343,0.725471,0.026728,1.82873,0.0,0.107713,0.218965,16.643453,0
0.104435831,161.666667,14.516358,-3.580906,15.764004,0.709173,0.162942,-0.063259,0.725571,0.026989,1.827647,0.0,0.10806,0.220341,16.662919,0
0.104489664,161.75,14.50531,-3.582628,15.754752,0.70937,0.162577,-0.063177,0.725676,0.027252,1.826562,0.0,0.108409,0.221731,16.682385,0
0.104543497,161.833333,14.494258,-3.584342,15.745492,0.709572,0.162209,-0.063096,0.725785,0.027519,1.825476,0.0,0.108762,0.223131,16.701851,0
0.10459733,161.916667,14.483199,-3.586049,15.736224,0.709779,0.161839,-0.063016,0.725898,0.027788,1.824389,0.0,0.109119,0.224541,16.721317,0
0.104651163,162.0,14.472136,-3.587749,15.726949,0.70999,0.161466,-0.062937,0.726015,0.028062,1.823302,0.0,0.109478,0.225965,16.740783,0
0.104704996,162.083333,14.461067,-3.58944,15.717665,0.710207,0.161092,-0.06286,0.726136,0.028338,1.822213,0.0,0.109841,0.227402,16.760249,0
0.104758829,162.166667,14.449993,-3.591124,15.708374,0.710428,0.160713,-0.062782,0.726261,0.02862,1.821124,0.0,0.110207,0.228872,16.779715,0
0.104812661,162.25,14.438914,-3.592801,15.699075,0.710654,0.160333,-0.062707,0.726391,0.028904,1.820033,0.0,0.110577,0.230348,16.799181,0
0.104866494,162.333333,14.42783,-3.59447,15.689768,0.710886,0.159948,-0.062632,0.726525,0.029194,1.818942,0.0,0.11095,0.23187,16.818647,0
0.104920327,162.416667,14.416741,-3.596131,15.680453,0.711122,0.159561,-0.062559,0.726663,0.029487,1.81785,0.0,0.111327,0.233394,16.838113,0
0.10497416,162.5,14.405646,-3.597785,15.67113,0.711365,0.159169,-0.062486,0.726806,0.029786,1.816757,0.0,0.111707,0.234966,16.857579,0
0.105027993,162.583333,14.394547,-3.599431,15.6618,0.711612,0.158775,-0.062414,0.726954,0.030089,1.815663,0.0,0.112091,0.236542,16.877045,0
0.105081826,162.666667,14.383442,-3.601069,15.652462,0.711866,0.158377,-0.062343,0.727106,0.030397,1.814568,0.0,0.112479,0.238158,16.896511,0
0.105135659,162.75,14.372333,-3.6027,15.643116,0.712125,0.157976,-0.062272,0.727263,0.030708,1.813472,0.0,0.11287,0.239786,16.915977,0
0.105189492,162.833333,14.361218,-3.604323,15.633762,0.71239,0.157571,-0.062202,0.727425,0.031025,1.812375,0.0,0.113266,0.241446,16.935443,0
0.105243325,162.916667,14.350098,-3.605939,15.624401,0.71266,0.157162,-0.062133,0.727592,0.031347,1.811278,0.0,0.113665,0.243124,16.954909,0
0.105297158,163.0,14.338974,-3.607547,15.615032,0.712937,0.15675,-0.062064,0.727765,0.031673,1.810179,0.0,0.114069,0.244829,16.974375,0
0.105350991,163.083333,14.327844,-3.609147,15.605656,0.71322,0.156335,-0.061996,0.727942,0.032004,1.80908,0.0,0.114476,0.246557,16.993841,0
0.105404823,163.166667,14.31671,-3.61074,15.596271,0.713508,0.155916,-0.061929,0.728124,0.03234,1.807979,0.0,0.114888,0.248305,17.013307,0
0.105458656,163.25,14.30557,-3.612325,15.58688,0.713803,0.155492,-0.061861,0.728312,0.032682,1.806878,0.0,0.115303,0.250082,17.032773,0
0.105512489,163.333333,14.294426,-3.613903,15.57748,0.714105,0.155066,-0.061795,0.728504,0.033028,1.805776,0.0,0.115723,0.251873,17.052239,0
0.105566322,163.416667,14.283277,-3.615472,15.568073,0.714412,0.154635,-0.061728,0.728703,0.03338,1.804673,0.0,0.116148,0.253699,17.071705,0
0.105620155,163.5,14.272123,-3.617034,15.558659,0.714726,0.154201,-0.061662,0.728906,0.033736,1.803569,0.0,0.116576,0.255533,17.091171,0
0.105673988,163.583333,14.260964,-3.618589,15.549237,0.715047,0.153762,-0.061597,0.729116,0.034098,1.802465,0.0,0.11701,0.257407,17.110637,0
0.105727821,163.666667,14.2498,-3.620136,15.539807,0.715374,0.153321,-0.061531,0.72933,0.034464,1.801359,0.0,0.117447,0.259284,17.130103,0
0.105781654,163.75,14.238632,-3.621675,15.53037,0.715707,0.152873,-0.061466,0.729551,0.034838,1.800252,0.0,0.117889,0.261205,17.14957,0
0.105835487,163.833333,14.227459,-3.623206,15.520926,0.716048,0.152424,-0.061401,0.729777,0.035215,1.799145,0.0,0.118336,0.263128,17.169036,0
0.10588932,163.916667,14.216281,-3.62473,15.511474,0.716395,0.151968,-0.061337,0.730008,0.035599,1.798037,0.0,0.118787,0.265092,17.188502,0
0.105943152,164.0,14.205099,-3.626246,15.502014,0.716749,0.15151,-0.061273,0.730246,0.035988,1.796928,0.0,0.119243,0.267061,17.207968,0
0.105996985,164.083333,14.193912,-3.627755,15.492548,0.71711,0.151047,-0.06121,0.730489,0.036383,1.795818,0.0,0.119704,0.269066,17.227434,0
0.106050818,164.166667,14.18272,-3.629256,15.483073,0.717477,0.15058,-0.061147,0.730738,0.036783,1.794707,0.0,0.120169,0.271081,17.2469,0
0.106104651,164.25,14.171524,-3.630749,15.473592,0.717852,0.150108,-0.061083,0.730993,0.03719,1.793595,0.0,0.12064,0.273127,17.266366,0
0.106158484,164.333333,14.160323,-3.632234,15.464103,0.718234,0.149632,-0.06102,0.731255,0.037601,1.792482,0.0,0.121115,0.275187,17.285832,0
0.106212317,164.416667,14.149117,-3.633712,15.454607,0.718623,0.149152,-0.060957,0.731522,0.038019,1.791369,0.0,0.121595,0.277273,17.305298,0
0.10626615,164.5,14.137907,-3.635182,15.445103,0.719019,0.148667,-0.060894,0.731795,0.038443,1.790255,0.0,0.12208,0.279378,17.324764,0
0.106319983,164.583333,14.126692,-3.636645,15.435592,0.719422,0.148178,-0.060831,0.732074,0.038873,1.789139,0.0,0.122571,0.281503,17.34423,0
0.106373816,164.666667,14.115473,-3.638099,15.426074,0.719833,0.147683,-0.060768,0.732359,0.039309,1.788023,0.0,0.123066,0.283652,17.363696,0
0.106427649,164.75,14.10425,-3.639546,15.416549,0.720251,0.147185,-0.060706,0.732651,0.039751,1.786907,0.0,0.123566,0.285817,17.383162,0
0.106481481,164.833333,14.093022,-3.640986,15.407017,0.720676,0.146681,-0.060647,0.732948,0.040199,1.785789,0.0,0.124072,0.288008,17.402628,0
0.106535314,164.916667,14.081789,-3.642417,15.397477,0.721109,0.146174,-0.06059,0.733252,0.040653,1.78467,0.0,0.124583,0.290212,17.422094,0
0.106589147,165.0,14.070552,-3.643841,15.38793,0.721549,0.14566,-0.060537,0.733563,0.041114,1.783551,0.0,0.125099,0.292446,17.44156,0
0.10664298,165.083333,14.059311,-3.645258,15.378376,0.721997,0.145143,-0.060484,0.733879,0.041581,1.782431,0.0,0.125621,0.294688,17.461026,0
0.106696813,165.166667,14.048066,-3.646666,15.368814,0.722452,0.14462,-0.060435,0.734202,0.042055,1.78131,0.0,0.126148,0.296963,17.480492,0
0.106750646,165.25,14.036816,-3.648067,15.359246,0.722914,0.144093,-0.060387,0.734531,0.042534,1.780188,0.0,0.12668,0.299243,17.499958,0
0.106804479,165.333333,14.025561,-3.64946,15.349671,0.723385,0.14356,-0.060342,0.734866,0.043021,1.779065,0.0,0.127218,0.301558,17.519424,0
0.106858312,165.416667,14.014303,-3.650845,15.340088,0.723862,0.143023,-0.060298,0.735208,0.043513,1.777941,0.0,0.127761,0.303876,17.53889,0
0.106912145,165.5,14.00304,-3.652223,15.330498,0.724348,0.142479,-0.060257,0.735557,0.044014,1.776817,0.0,0.12831,0.306231,17.558356,0
0.106965978,165.583333,13.991773,-3.653593,15.320902,0.724143,0.141877,-0.060218,0.735221,0.044404,1.775692,0.0,0.128449,0.308589,0.019466,1
0.107019811,165.666667,13.980502,-3.654955,15.311298,0.723942,0.141269,-0.060181,0.734887,0.044801,1.774566,0.0,0.128589,0.31098,0.038932,1
0.107073643,165.75,13.969226,-3.656309,15.301687,0.723744,0.140657,-0.060145,0.734556,0.045202,1.773439,0.0,0.128731,0.313377,0.058398,1
0.107127476,165.833333,13.957947,-3.657656,15.29207,0.723549,0.14004,-0.060111,0.734227,0.045609,1.772311,0.0,0.128875,0.315804,0.077864,1
0.107181309,165.916667,13.946663,-3.658995,15.282445,0.723357,0.139419,-0.060077,0.7339,0.046021,1.771182,0.0,0.129021,0.318239,0.09733,1
0.107235142,166.0,13.935375,-3.660326,15.272813,0.723169,0.138793,-0.060044,0.733576,0.046439,1.770053,0.0,0.129169,0.320702,0.116796,1
0.107288975,166.083333,13.924083,-3.66165,15.263175,0.722985,0.138162,-0.060011,0.733254,0.046862,1.768923,0.0,0.129318,0.323174,0.136262,1
0.107342808,166.166667,13.912787,-3.662965,15.253529,0.722803,0.137526,-0.059979,0.732935,0.047292,1.767792,0.0,0.129469,0.325672,0.155728,1
0.107396641,166.25,13.901487,-3.664273,15.243877,0.722626,0.136885,-0.059947,0.732617,0.047726,1.76666,0.0,0.129622,0.328182,0.175194,1
0.107450474,166.333333,13.890183,-3.665574,15.234218,0.722451,0.13624,-0.059916,0.732303,0.048167,1.765528,0.0,0.129777,0.330713,0.19466,1
0.107504307,166.416667,13.878875,-3.666866,15.224552,0.72228,0.135589,-0.059884,0.73199,0.048613,1.764394,0.0,0.129934,0.333259,0.214126,1
0.10755814,166.5,13.867563,-3.668151,15.214879,0.722113,0.134933,-0.059852,0.73168,0.049065,1.76326,0.0,0.130092,0.335824,0.233592,1
0.107611972,166.583333,13.856247,-3.669428,15.205199,0.721949,0.134272,-0.059819,0.731372,0.049523,1.762125,0.0,0.130253,0.338406,0.253058,1
0.107665805,166.666667,13.844927,-3.670697,15.195513,0.72179,0.133601,-0.059787,0.731067,0.049992,1.760989,0.0,0.130415,0.341062,0.272524,1
0.107719638,166.75,13.833603,-3.671959,15.18582,0.721637,0.132917,-0.059753,0.730765,0.050475,1.759853,0.0,0.130579,0.343803,0.29199,1
0.107773471,166.833333,13.822275,-3.673212,15.17612,0.721489,0.132219,-0.059719,0.730465,0.050973,1.758716,0.0,0.130746,0.346641,0.311456,1
0.107827304,166.916667,13.810944,-3.674458,15.166413,0.721349,0.131503,-0.059683,0.730167,0.051491,1.757577,0.0,0.130914,0.349627,0.330922,1
0.107881137,167.0,13.799608,-3.675696,15.1567,0.721215,0.130774,-0.059646,0.729873,0.052022,1.756438,0.0,0.131085,0.352688,0.350388,1
0.10793497,167.083333,13.788269,-3.676927,15.14698,0.721088,0.130026,-0.059608,0.729582,0.052574,1.755299,0.0,0.131258,0.355896,0.369855,1
0.107988803,167.166667,13.776926,-3.678149,15.137253,0.720967,0.129267,-0.059568,0.729294,0.053138,1.754158,0.0,0.131433,0.359161,0.389321,1
0.108042636,167.25,13.765579,-3.679364,15.12752,0.720853,0.128487,-0.059527,0.729009,0.053723,1.753017,0.0,0.131611,0.362568,0.408787,1
0.108096469,167.333333,13.754229,-3.680571,15.11778,0.720746,0.127698,-0.059484,0.728727,0.05432,1.751875,0.0,0.131791,0.366017,0.428253,1
0.108150301,167.416667,13.742875,-3.68177,15.108033,0.720646,0.126889,-0.059438,0.72845,0.054938,1.750732,0.0,0.131974,0.369601,0.447719,1
0.108204134,167.5,13.731517,-3.682962,15.09828,0.720553,0.126071,-0.059391,0.728175,0.055566,1.749589,0.0,0.13216,0.373214,0.467185,1
0.108257967,167.583333,13.720155,-3.684145,15.088521,0.720467,0.125233,-0.059342,0.727904,0.056215,1.748444,0.0,0.132348,0.376953,0.486651,1
0.1083118,167.666667,13.70879,-3.685321,15.078754,0.720387,0.124387,-0.05929,0.727637,0.056874,1.747299,0.0,0.132539,0.38071,0.506117,1
0.108365633,167.75,13.697421,-3.686489,15.068982,0.720316,0.123521,-0.059237,0.727374,0.057554,1.746153,0.0,0.132733,0.38458,0.525583,1
0.108419466,167.833333,13.686049,-3.687649,15.059203,0.720249,0.122648,-0.059181,0.727114,0.058242,1.745007,0.0,0.132929,0.38846,0.545049,1
0.108473299,167.916667,13.674673,-3.688802,15.049417,0.720191,0.121756,-0.059124,0.726859,0.058951,1.743859,0.0,0.133129,0.392438,0.564515,1
0.108527132,168.0,13.663294,-3.689947,15.039625,0.720139,0.120857,-0.059063,0.726607,0.059668,1.742711,0.0,0.133331,0.396422,0.583981,1
0.108580965,168.083333,13.651911,-3.691083,15.029826,0.720094,0.11994,-0.059001,0.726359,0.060403,1.741562,0.0,0.133537,0.400485,0.603447,1
0.108634798,168.166667,13.640524,-3.692212,15.020021,0.720055,0.119016,-0.058934,0.726116,0.061148,1.740413,0.0,0.133745,0.404551,0.622913,1
0.10868863,168.25,13.629134,-3.693334,15.01021,0.720024,0.118078,-0.058867,0.725876,0.061908,1.739262,0.0,0.133956,0.408676,0.642379,1
0.108742463,168.333333,13.617741,-3.694447,15.000392,0.719998,0.117131,-0.058793,0.72564,0.062678,1.738111,0.0,0.134171,0.412804,0.661845,1
0.108796296,168.416667,13.606344,-3.695553,14.990568,0.719979,0.116171,-0.05872,0.725408,0.063462,1.736959,0.0,0.134388,0.416967,0.681311,1
0.108850129,168.5,13.594943,-3.69665,14.980738,0.719966,0.115203,-0.058639,0.725181,0.064255,1.735806,0.0,0.134609,0.421134,0.700777,1
0.108903962,168.583333,13.58354,-3.69774,14.970901,0.719959,0.114226,-0.058559,0.724957,0.06506,1.734653,0.0,0.134833,0.425312,0.720243,1
0.108957795,168.666667,13.572133,-3.698823,14.961058,0.719958,0.113239,-0.058471,0.724737,0.065874,1.733499,0.0,0.135059,0.429494,0.739709,1
0.109011628,168.75,13.560723,-3.699897,14.951209,0.719962,0.112245,-0.058382,0.724522,0.066697,1.732344,0.0,0.135289,0.43367,0.759175,1
0.109065461,168.833333,13.549309,-3.700963,14.941353,0.719972,0.111242,-0.058286,0.72431,0.06753,1.731188,0.0,0.135522,0.437847,0.778641,1
0.109119294,168.916667,13.537892,-3.702022,14.931492,0.719987,0.110234,-0.058189,0.724102,0.068369,1.730032,0.0,0.135758,0.441999,0.798107,1
0.109173127,169.0,13.526472,-3.703073,14.921624,0.720008,0.109218,-0.058084,0.723898,0.069218,1.728875,0.0,0.135997,0.44615,0.817573,1
0.10922696,169.083333,13.515049,-3.704116,14.91175,0.720033,0.108199,-0.057977,0.723698,0.07007,1.727717,0.0,0.136239,0.450257,0.837039,1
0.109280792,169.166667,13.503622,-3.705151,14.90187,0.720063,0.107172,-0.057863,0.723502,0.070931,1.726559,0.0,0.136483,0.454359,0.856505,1
0.109334625,169.25,13.492192,-3.706178,14.891983,0.720097,0.106145,-0.057746,0.723309,0.071794,1.7254,0.0,0.136731,0.4584,0.875971,1
0.109388458,169.333333,13.480759,-3.707198,14.882091,0.720136,0.105111,-0.057539,0.72312,0.072664,1.72424,0.0,0.136982,0.462428,0.895437,1
0.109442291,169.416667,13.469323,-3.708209,14.872192,0.720178,0.104079,-0.057273,0.722935,0.073533,1.723079,0.0,0.137236,0.46638,0.914903,1
0.109496124,169.5,13.457884,-3.709213,14.862287,0.720224,0.103042,-0.056874,0.722753,0.074408,1.721918,0.0,0.137492,0.470312,0.934369,1
0.109549957,169.583333,13.446442,-3.710209,14.852377,0.720272,0.10201,-0.056359,0.722574,0.075278,1.720756,0.0,0.137752,0.474151,0.953835,1
0.10960379,169.666667,13.434997,-3.711197,14.84246,0.720324,0.100973,-0.055736,0.722399,0.076154,1.719593,0.0,0.138014,0.477964,0.973301,1
0.109657623,169.75,13.423548,-3.712178,14.832537,0.720377,0.099945,-0.054993,0.722227,0.077023,1.718429,0.0,0.138279,0.481668,0.992767,1
0.109711456,169.833333,13.412097,-3.71315,14.822608,0.720433,0.098914,-0.054164,0.722058,0.077894,1.717265,0.0,0.138546,0.485338,1.012233,1
0.109765289,169.916667,13.400643,-3.714114,14.812674,0.72049,0.097893,-0.053212,0.721893,0.078756,1.7161,0.0,0.138816,0.488884,1.031699,1
0.109819121,170.0,13.389185,-3.715071,14.802733,0.72055,0.096872,-0.052193,0.72173,0.079619,1.714935,0.0,0.139089,0.492387,1.051165,1
0.109872954,170.083333,13.377725,-3.71602,14.792786,0.720608,0.095865,-0.051054,0.721569,0.080468,1.713769,0.0,0.139364,0.495751,1.070631,1
0.109926787,170.166667,13.366262,-3.716961,14.782834,0.720669,0.094859,-0.049864,0.721412,0.081317,1.712602,0.0,0.139641,0.499064,1.090097,1
0.10998062,170.25,13.354796,-3.717894,14.772875,0.720727,0.09387,-0.048557,0.721257,0.082148,1.711434,0.0,0.139921,0.502223,1.109564,1
0.110034453,170.333333,13.343327,-3.718819,14.762911,0.720788,0.092884,-0.047213,0.721104,0.082977,1.710266,0.0,0.140203,0.505321,1.12903,1
0.110088286,170.416667,13.331855,-3.719737,14.752941,0.720844,0.091918,-0.04576,0.720954,0.083785,1.709097,0.0,0.140487,0.50825,1.148496,1
0.110142119,170.5,13.320381,-3.720646,14.742965,0.720902,0.090958,-0.04428,0.720805,0.084588,1.707927,0.0,0.140773,0.511111,1.167962,1
0.110195952,170.583333,13.308904,-3.721548,14.732983,0.720955,0.090022,-0.042701,0.720658,0.085367,1.706756,0.0,0.141061,0.513786,1.187428,1
0.110249785,170.666667,13.297423,-3.722442,14.722996,0.721008,0.089094,-0.041104,0.720513,0.086138,1.705585,0.0,0.141351,0.516385,1.206894,1
0.110303618,170.75,13.285941,-3.723327,14.713003,0.721056,0.088193,-0.039419,0.72037,0.086881,1.704414,0.0,0.141642,0.518782,1.22636,1
0.11035745,170.833333,13.274455,-3.724205,14.703004,0.721102,0.087302,-0.037724,0.720228,0.087615,1.703241,0.0,0.141936,0.521095,1.245826,1
0.110411283,170.916667,13.262967,-3.725076,14.692999,0.721142,0.086443,-0.035955,0.720087,0.088315,1.702068,0.0,0.14223,0.52319,1.265292,1
0.110465116,171.0,13.251476,-3.725938,14.682988,0.721179,0.085596,-0.03418,0.719947,0.089004,1.700894,0.0,0.142526,0.525192,1.284758,1
0.110518949,171.083333,13.239982,-3.726792,14.672972,0.721212,0.084771,-0.032347,0.719808,0.08967,1.69972,0.0,0.142823,0.52704,1.304224,1
0.110572782,171.166667,13.228486,-3.727639,14.66295,0.721243,0.083954,-0.030512,0.719669,0.090329,1.698545,0.0,0.143122,0.528823,1.32369,1
0.110626615,171.25,13.216987,-3.728477,14.652923,0.721275,0.083136,-0.028636,0.719531,0.090987,1.697369,0.0,0.143421,0.530589,1.343156,1
0.110680448,171.333333,13.205486,-3.729308,14.64289,0.721308,0.082317,-0.02676,0.719394,0.091648,1.696193,0.0,0.143722,0.532348,1.362622,1
0.110734281,171.416667,13.193982,-3.730131,14.632851,0.721341,0.081496,-0.024861,0.719257,0.09231,1.695016,0.0,0.144024,0.534093,1.382088,1
0.110788114,171.5,13.182475,-3.730946,14.622807,0.721374,0.080674,-0.022961,0.719121,0.092974,1.693838,0.0,0.144327,0.535832,1.401554,1
0.110841947,171.583333,13.170966,-3.731753,14.612758,0.721408,0.07985,-0.021058,0.718985,0.093639,1.69266,0.0,0.144631,0.537557,1.42102,1
0.11089578,171.666667,13.159455,-3.732552,14.602702,0.721443,0.079025,-0.019154,0.71885,0.094306,1.691481,0.0,0.144936,0.539277,1.440486,1
0.110949612,171.75,13.147941,-3.733343,14.592642,0.721479,0.078199,-0.017267,0.718716,0.094974,1.690301,0.0,0.145242,0.540982,1.459952,1
0.111003445,171.833333,13.136425,-3.734127,14.582575,0.721514,0.077371,-0.01538,0.718581,0.095644,1.689121,0.0,0.145549,0.542682,1.479418,1
0.111057278,171.916667,13.124906,-3.734902,14.572504,0.721551,0.076542,-0.01353,0.718448,0.096315,1.68794,0.0,0.145858,0.544367,1.498884,1
0.111111111,172.0,13.113385,-3.73567,14.562426,0.721587,0.075712,-0.011682,0.718314,0.096988,1.686758,0.0,0.146167,0.546047,1.51835,1
0.111164944,172.083333,13.101861,-3.736429,14.552344,0.721624,0.074881,-0.009889,0.718182,0.097661,1.685576,0.0,0.146478,0.547711,1.537816,1
0.111218777,172.166667,13.090336,-3.737181,14.542256,0.721662,0.074047,-0.008102,0.718049,0.098337,1.684393,0.0,0.146789,0.549371,1.557282,1
0.11127261,172.25,13.078807,-3.737925,14.532163,0.7217,0.073214,-0.006387,0.717917,0.099013,1.68321,0.0,0.147102,0.551017,1.576748,1
0.111326443,172.333333,13.067277,-3.738661,14.522064,0.721738,0.072378,-0.004682,0.717785,0.099691,1.682026,0.0,0.147415,0.552659,1.596214,1
0.111380276,172.416667,13.055744,-3.739389,14.51196,0.721793,0.071471,-0.003066,0.717654,0.100443,1.680841,0.0,0.14773,0.554667,1.61568,1
0.111434109,172.5,13.04421,-3.740109,14.50185,0.721854,0.070542,-0.001465,0.717524,0.101217,1.679655,0.0,0.148046,0.55677,1.635146,1
0.111487941,172.583333,13.032672,-3.740821,14.491736,0.721944,0.069491,3.1e-05,0.717395,0.102117,1.67847,0.0,0.148364,0.559495,1.654612,1
0.111541774,172.666667,13.021133,-3.741525,14.481616,0.722043,0.068407,0.001505,0.717268,0.10305,1.677283,0.0,0.148684,0.562361,1.674078,1
0.111595607,172.75,13.009592,-3.742222,14.471491,0.72217,0.067207,0.00286,0.717142,0.104104,1.676096,0.0,0.149006,0.5658,1.693544,1
0.11164944,172.833333,12.998048,-3.74291,14.46136,0.722307,0.065978,0.004186,0.71702,0.105188,1.674908,0.0,0.14933,0.569349,1.71301,1
0.111703273,172.916667,12.986503,-3.743591,14.451225,0.722471,0.064638,0.005377,0.7169,0.106386,1.673719,0.0,0.149657,0.573419,1.732476,1
0.111757106,173.0,12.974955,-3.744263,14.441084,0.722644,0.063271,0.006533,0.716783,0.107612,1.67253,0.0,0.149987,0.577571,1.751942,1
0.111810939,173.083333,12.963405,-3.744928,14.430938,0.722844,0.0618,0.007539,0.716669,0.108946,1.671341,0.0,0.15032,0.582187,1.771408,1
0.111864772,173.166667,12.951853,-3.745585,14.420787,0.723052,0.060304,0.008503,0.71656,0.110306,1.670151,0.0,0.150656,0.586862,1.790874,1
0.111918605,173.25,12.940299,-3.746234,14.410631,0.723287,0.058712,0.009301,0.716454,0.111765,1.66896,0.0,0.150996,0.591941,1.81034,1
0.111972438,173.333333,12.928743,-3.746875,14.400469,0.72353,0.057098,0.010052,0.716352,0.113249,1.667768,0.0,0.15134,0.597057,1.829807,1
0.11202627,173.416667,12.917185,-3.747508,14.390303,0.723797,0.055396,0.010619,0.716255,0.114823,1.666576,0.0,0.151687,0.602514,1.849273,1
0.112080103,173.5,12.905626,-3.748133,14.380132,0.724073,0.053673,0.011133,0.716162,0.116419,1.665384,0.0,0.152039,0.60799,1.868739,1
0.112133936,173.583333,12.894064,-3.74875,14.369955,0.72437,0.051874,0.011448,0.716074,0.118095,1.66419,0.0,0.152394,0.61374,1.888205,1
0.112187769,173.666667,12.8825,-3.749359,14.359774,0.724676,0.050054,0.011704,0.71599,0.119793,1.662997,0.0,0.152754,0.619499,1.907671,1
0.112241602,173.75,12.870935,-3.74996,14.349587,0.725001,0.048172,0.011823,0.715912,0.121556,1.661802,0.0,0.153118,0.62545,1.927137,1
0.112295435,173.833333,12.859368,-3.750554,14.339396,0.725335,0.046268,0.011902,0.715838,0.123342,1.660607,0.0,0.153486,0.631409,1.946603,1
0.112349268,173.916667,12.847799,-3.751139,14.329199,0.725684,0.044319,0.011981,0.715769,0.125175,1.659412,0.0,0.153859,0.637475,1.966069,1
0.112403101,174.0,12.836228,-3.751717,14.318998,0.726042,0.042347,0.012059,0.715706,0.127033,1.658216,0.0,0.154236,0.643547,1.985535,1
0.112456934,174.083333,12.824655,-3.752286,14.308792,0.726411,0.040347,0.012141,0.715647,0.12892,1.657019,0.0,0.154618,0.649647,2.005001,1
0.112510767,174.166667,12.813081,-3.752848,14.298581,0.726788,0.038327,0.012224,0.715593,0.130829,1.655822,0.0,0.155004,0.655742,2.024467,1
0.112564599,174.25,12.801504,-3.753401,14.288365,0.727082,0.036694,0.012309,0.715545,0.132341,1.654624,0.0,0.155394,0.661793,2.043933,1
0.112618432,174.333333,12.789927,-3.753947,14.278144,0.727033,0.036593,0.012396,0.715501,0.132285,1.653425,0.0,0.155789,0.667822,2.063399,1
0.112672265,174.416667,12.778347,-3.754485,14.267918,0.726989,0.036491,0.012485,0.715462,0.13223,1.652226,0.0,0.156188,0.673743,2.082865,1
0.112726098,174.5,12.766766,-3.755015,14.257688,0.726949,0.036389,0.012575,0.715427,0.132176,1.651027,0.0,0.156591,0.679616,2.102331,1
0.112779931,174.583333,12.755183,-3.755537,14.247453,0.726914,0.036287,0.012668,0.715397,0.132123,1.649827,0.0,0.156998,0.685323,2.121797,1
0.112833764,174.666667,12.743599,-3.756051,14.237213,0.726883,0.036185,0.012762,0.715371,0.132071,1.648626,0.0,0.15741,0.69095,2.141263,1
0.112887597,174.75,12.732013,-3.756557,14.226968,0.726857,0.036083,0.012858,0.71535,0.13202,1.647425,0.0,0.157825,0.69636,2.160729,1
0.11294143,174.833333,12.720425,-3.757055,14.216718,0.726834,0.03598,0.012956,0.715332,0.131971,1.646223,0.0,0.158245,0.70165,2.180195,1
0.112995263,174.916667,12.708836,-3.757545,14.206464,0.726816,0.035878,0.013056,0.715318,0.131922,1.645021,0.0,0.158668,0.70668,2.199661,1
0.113049096,175.0,12.697246,-3.758027,14.196206,0.7268,0.035776,0.013157,0.715307,0.131873,1.643818,0.0,0.159094,0.71154,2.219127,1
0.113102929,175.083333,12.685654,-3.758501,14.185942,0.726788,0.035674,0.013325,0.7153,0.131826,1.642614,0.0,0.159524,0.716107,2.238593,1
0.113156761,175.166667,12.674061,-3.758968,14.175674,0.726779,0.035571,0.013506,0.715295,0.131779,1.64141,0.0,0.159957,0.720444,2.258059,1
0.113210594,175.25,12.662466,-3.759426,14.165401,0.726772,0.035469,0.013798,0.715293,0.131732,1.640206,0.0,0.160393,0.724465,2.277525,1
0.113264427,175.333333,12.650869,-3.759876,14.155124,0.726768,0.035367,0.014108,0.715293,0.131686,1.639001,0.0,0.160831,0.728189,2.296991,1
0.11331826,175.416667,12.639272,-3.760319,14.144842,0.726765,0.035265,0.01452,0.715295,0.13164,1.637795,0.0,0.161272,0.731583,2.316457,1
0.113372093,175.5,12.627673,-3.760753,14.134556,0.726764,0.035163,0.014945,0.715298,0.131594,1.636589,0.0,0.161715,0.734611,2.335923,1
0.113425926,175.583333,12.616072,-3.76118,14.124265,0.726763,0.035062,0.015464,0.715302,0.131549,1.635383,0.0,0.16216,0.737313,2.355389,1
0.113479759,175.666667,12.604471,-3.761598,14.11397,0.726764,0.03496,0.015992,0.715306,0.131503,1.634175,0.0,0.162607,0.739562,2.374855,1
0.113533592,175.75,12.592868,-3.762009,14.10367,0.726764,0.034859,0.016603,0.715311,0.131457,1.632968,0.0,0.163055,0.741491,2.394321,1
0.113587425,175.833333,12.581264,-3.762411,14.093366,0.726764,0.034758,0.017221,0.715315,0.13141,1.63176,0.0,0.163503,0.742873,2.413787,1
0.113641258,175.916667,12.569658,-3.762806,14.083057,0.726762,0.034657,0.017912,0.715319,0.131364,1.630551,0.0,0.163953,0.74395,2.433253,1
0.11369509,176.0,12.558052,-3.763193,14.072744,0.72676,0.034557,0.018606,0.715321,0.131316,1.629342,0.0,0.164402,0.744734,2.452719,1
0.113748923,176.083333,12.546444,-3.763572,14.062427,0.726756,0.034456,0.019362,0.715322,0.131268,1.628132,0.0,0.164852,0.745393,2.472185,1
0.113802756,176.166667,12.534835,-3.763942,14.052105,0.726751,0.034357,0.020121,0.715322,0.13122,1.626922,0.0,0.165302,0.746015,2.491651,1
0.113856589,176.25,12.523225,-3.764305,14.041779,0.726744,0.034257,0.020928,0.71532,0.13117,1.625711,0.0,0.165753,0.746625,2.511117,1
0.113910422,176.333333,12.511614,-3.76466,14.031448,0.726735,0.034158,0.021738,0.715317,0.131121,1.624499,0.0,0.166203,0.747197,2.530583,1
0.113964255,176.416667,12.500002,-3.765007,14.021113,0.726725,0.034059,0.022582,0.715312,0.13107,1.623288,0.0,0.166653,0.747762,2.550049,1
0.114018088,176.5,12.488388,-3.765346,14.010774,0.726713,0.03396,0.023429,0.715306,0.131019,1.622075,0.0,0.167104,0.74829,2.569516,1
0.114071921,176.583333,12.476774,-3.765677,14.000431,0.7267,0.033862,0.024297,0.715298,0.130967,1.620863,0.0,0.167554,0.748814,2.588982,1
0.114125754,176.666667,12.465159,-3.766,13.990083,0.726685,0.033764,0.025167,0.715289,0.130914,1.619649,0.0,0.168005,0.749303,2.608448,1
0.114179587,176.75,12.453542,-3.766315,13.979732,0.726668,0.033666,0.026045,0.715278,0.130861,1.618436,0.0,0.168455,0.749789,2.627914,1
0.114233419,176.833333,12.441925,-3.766622,13.969376,0.72665,0.033569,0.026924,0.715265,0.130807,1.617221,0.0,0.168906,0.750244,2.64738,1
0.114287252,176.916667,12.430307,-3.766921,13.959016,0.726629,0.033472,0.027799,0.715251,0.130752,1.616007,0.0,0.169357,0.750696,2.666846,1
0.114341085,177.0,12.418688,-3.767212,13.948651,0.726607,0.033375,0.028672,0.715235,0.130697,1.614791,0.0,0.169807,0.751122,2.686312,1
0.114394918,177.083333,12.407068,-3.767495,13.938283,0.726584,0.033279,0.029531,0.715218,0.130641,1.613576,0.0,0.170258,0.751544,2.705778,1
0.114448751,177.166667,12.395447,-3.767771,13.927911,0.726558,0.033183,0.030383,0.715199,0.130584,1.612359,0.0,0.170708,0.751946,2.725244,1
0.114502584,177.25,12.383825,-3.768038,13.917534,0.726531,0.033087,0.031213,0.715178,0.130527,1.611143,0.0,0.171159,0.752343,2.74471,1
0.114556417,177.333333,12.372202,-3.768297,13.907153,0.726502,0.032992,0.03203,0.715156,0.130469,1.609926,0.0,0.171609,0.752725,2.764176,1
0.11461025,177.416667,12.360579,-3.768548,13.896769,0.726471,0.032897,0.032817,0.715132,0.13041,1.608708,0.0,0.17206,0.753102,2.783642,1
0.114664083,177.5,12.348955,-3.768792,13.88638,0.726439,0.032802,0.033584,0.715107,0.130351,1.60749,0.0,0.17251,0.753467,2.803108,1
0.114717916,177.583333,12.33733,-3.769027,13.875987,0.726405,0.032707,0.034314,0.715079,0.13029,1.606271,0.0,0.172961,0.753829,2.822574,1
0.114771748,177.666667,12.325705,-3.769254,13.865591,0.726369,0.032613,0.035017,0.715051,0.13023,1.605052,0.0,0.173411,0.754183,2.84204,1
0.114825581,177.75,12.314079,-3.769474,13.85519,0.726331,0.032519,0.035677,0.71502,0.130168,1.603833,0.0,0.173861,0.754534,2.861506,1
0.114879414,177.833333,12.302452,-3.769685,13.844786,0.726291,0.032426,0.036301,0.714988,0.130106,1.602613,0.0,0.174311,0.754881,2.880972,1
0.114933247,177.916667,12.290824,-3.769889,13.834377,0.72625,0.032332,0.036877,0.714954,0.130043,1.601392,0.0,0.174761,0.755227,2.900438,1
0.11498708,178.0,12.279196,-3.770084,13.823965,0.726207,0.032239,0.037406,0.714918,0.12998,1.600171,0.0,0.175211,0.75557,2.919904,1
0.115040913,178.083333,12.267567,-3.770272,13.813549,0.726162,0.032147,0.037885,0.714881,0.129916,1.59895,0.0,0.175661,0.755915,2.93937,1
0.115094746,178.166667,12.255938,-3.770451,13.803129,0.726115,0.032054,0.038305,0.714843,0.129851,1.597728,0.0,0.17611,0.75626,2.958836,1
0.115148579,178.25,12.244308,-3.770623,13.792705,0.726067,0.031962,0.038673,0.714802,0.129786,1.596506,0.0,0.17656,0.756609,2.978302,1
0.115202412,178.333333,12.232678,-3.770786,13.782278,0.726017,0.031871,0.038968,0.71476,0.12972,1.595284,0.0,0.17701,0.756959,2.997768,1
0.115256245,178.416667,12.221047,-3.770942,13.771846,0.725965,0.031779,0.039211,0.714716,0.129653,1.59406,0.0,0.177459,0.757317,3.017234,1
0.115310078,178.5,12.209416,-3.771089,13.761411,0.725912,0.031688,0.039366,0.714671,0.129585,1.592837,0.0,0.177909,0.757677,3.0367,1
0.11536391,178.583333,12.197784,-3.771229,13.750972,0.725856,0.031597,0.039471,0.714624,0.129517,1.591613,0.0,0.178358,0.758049,3.056166,1
0.115417743,178.666667,12.186152,-3.771361,13.74053,0.725799,0.031507,0.039532,0.714576,0.129449,1.590388,0.0,0.178807,0.758423,3.075632,1
0.115471576,178.75,12.174519,-3.771484,13.730084,0.725741,0.031417,0.039573,0.714526,0.12938,1.589164,0.0,0.179256,0.758814,3.095098,1
0.115525409,178.833333,12.162886,-3.7716,13.719634,0.725681,0.031327,0.039613,0.714474,0.12931,1.587938,0.0,0.179706,0.759207,3.114564,1
0.115579242,178.916667,12.151253,-3.771708,13.70918,0.725619,0.031237,0.039652,0.714421,0.129239,1.586713,0.0,0.180155,0.759622,3.13403,1
0.115633075,179.0,12.139619,-3.771808,13.698723,0.725555,0.031148,0.03969,0.714367,0.129168,1.585486,0.0,0.180604,0.76004,3.153496,1
0.115686908,179.083333,12.127985,-3.771899,13.688262,0.72549,0.031059,0.039728,0.71431,0.129097,1.58426,0.0,0.181053,0.760481,3.172962,1
0.115740741,179.166667,12.116351,-3.771983,13.677798,0.725424,0.03097,0.039764,0.714253,0.129024,1.583033,0.0,0.181502,0.760929,3.192428,1
0.115794574,179.25,12.104717,-3.772059,13.66733,0.725355,0.030881,0.0398,0.714194,0.128951,1.581806,0.0,0.181951,0.761402,3.211894,1
0.115848407,179.333333,12.093082,-3.772127,13.656859,0.725286,0.030793,0.039834,0.714133,0.128878,1.580578,0.0,0.182401,0.761885,3.23136,1
0.115902239,179.416667,12.081447,-3.772187,13.646384,0.725214,0.030705,0.039869,0.714071,0.128804,1.57935,0.0,0.18285,0.762393,3.250826,1
0.115956072,179.5,12.069812,-3.772238,13.635906,0.725142,0.030618,0.039901,0.714008,0.128729,1.578121,0.0,0.183299,0.762914,3.270292,1
0.116009905,179.583333,12.058177,-3.772282,13.625424,0.725067,0.03053,0.039933,0.713943,0.128654,1.576892,0.0,0.183748,0.763457,3.289759,1
0.116063738,179.666667,12.046542,-3.772318,13.614939,0.724992,0.030443,0.039963,0.713877,0.128579,1.575663,0.0,0.184198,0.764027,3.309225,1
0.116117571,179.75,12.034906,-3.772346,13.60445,0.724915,0.030357,0.039993,0.71381,0.128502,1.574433,0.0,0.184647,0.764627,3.328691,1
0.116171404,179.833333,12.023271,-3.772366,13.593958,0.724836,0.03027,0.040022,0.713741,0.128426,1.573202,0.0,0.185097,0.765263,3.348157,1
0.116225237,179.916667,12.011636,-3.772378,13.583463,0.724756,0.030184,0.04005,0.713671,0.128349,1.571972,0.0,0.185547,0.765924,3.367623,1
0.11627907,180.0,12.0,-3.772382,13.572964,0.724675,0.030098,0.040076,0.7136,0.128271,1.570741,0.0,0.185997,0.766622,3.387089,1
0.116332903,180.083333,11.988364,-3.772378,13.562462,0.724593,0.030012,0.040102,0.713528,0.128193,1.569509,0.0,0.186447,0.767339,3.406555,1
0.116386736,180.166667,11.976729,-3.772366,13.551956,0.724509,0.029927,0.040127,0.713454,0.128114,1.568278,0.0,0.186897,0.768094,3.426021,1
0.116440568,180.25,11.965094,-3.772346,13.541448,0.724425,0.029842,0.04015,0.71338,0.128035,1.567045,0.0,0.187348,0.768862,3.445487,1
0.116494401,180.333333,11.953458,-3.772318,13.530936,0.724339,0.029757,0.040173,0.713304,0.127955,1.565813,0.0,0.187799,0.76967,3.464953,1
0.116548234,180.416667,11.941823,-3.772282,13.52042,0.724252,0.029672,0.040194,0.713227,0.127875,1.56458,0.0,0.18825,0.770484,3.484419,1
0.116602067,180.5,11.930188,-3.772238,13.509902,0.724163,0.029588,0.040214,0.71315,0.127795,1.563347,0.0,0.188701,0.771338,3.503885,1
0.1166559,180.583333,11.918553,-3.772187,13.49938,0.724074,0.029504,0.040234,0.713071,0.127714,1.562113,0.0,0.189153,0.772197,3.523351,1
0.116709733,180.666667,11.906918,-3.772127,13.488856,0.723984,0.02942,0.040252,0.712991,0.127632,1.560879,0.0,0.189605,0.77309,3.542817,1
0.116763566,180.75,11.895283,-3.772059,13.478328,0.723892,0.029336,0.040269,0.71291,0.12755,1.559644,0.0,0.190058,0.773988,3.562283,1
0.116817399,180.833333,11.883649,-3.771983,13.467797,0.7238,0.029253,0.040285,0.712828,0.127468,1.55841,0.0,0.190511,0.774914,3.581749,1
0.116871232,180.916667,11.872015,-3.771899,13.457262,0.723706,0.02917,0.040299,0.712746,0.127386,1.557175,0.0,0.190964,0.775846,3.601215,1
0.116925065,181.0,11.860381,-3.771808,13.446725,0.723612,0.029087,0.040313,0.712662,0.127303,1.555939,0.0,0.191417,0.7768,3.620681,1
0.116978898,181.083333,11.848747,-3.771708,13.436185,0.723516,0.029004,0.040326,0.712578,0.127219,1.554703,0.0,0.191871,0.777761,3.640147,1
0.11703273,181.166667,11.837114,-3.7716,13.425642,0.72342,0.028922,0.040337,0.712492,0.127135,1.553467,0.0,0.192326,0.778738,3.659613,1
0.117086563,181.25,11.825481,-3.771484,13.415095,0.723323,0.02884,0.040347,0.712406,0.127051,1.55223,0.0,0.19278,0.779722,3.679079,1
0.117140396,181.333333,11.813848,-3.771361,13.404546,0.723224,0.028758,0.040356,0.712319,0.126966,1.550993,0.0,0.193236,0.780717,3.698545,1
0.117194229,181.416667,11.802216,-3.771229,13.393994,0.723125,0.028676,0.040364,0.71223,0.126881,1.549756,0.0,0.193691,0.781719,3.718011,1
0.117248062,181.5,11.790584,-3.771089,13.383438,0.723025,0.028595,0.040371,0.712141,0.126796,1.548518,0.0,0.194147,0.782727,3.737477,1
0.117301895,181.583333,11.778953,-3.770942,13.37288,0.722924,0.028514,0.040376,0.712052,0.12671,1.54728,0.0,0.194604,0.783741,3.756943,1
0.117355728,181.666667,11.767322,-3.770786,13.362319,0.722822,0.028433,0.04038,0.711961,0.126624,1.546042,0.0,0.19506,0.784758,3.776409,1
0.117409561,181.75,11.755692,-3.770623,13.351755,0.722719,0.028352,0.040383,0.711869,0.126538,1.544803,0.0,0.195518,0.785778,3.795875,1
0.117463394,181.833333,11.744062,-3.770451,13.341188,0.722615,0.028272,0.040385,0.711777,0.126451,1.543564,0.0,0.195976,0.7868,3.815341,1
0.117517227,181.916667,11.732433,-3.770272,13.330618,0.72251,0.028191,0.040385,0.711684,0.126363,1.542325,0.0,0.196434,0.78782,3.834807,1
0.117571059,182.0,11.720804,-3.770084,13.320046,0.722404,0.028111,0.040384,0.71159,0.126276,1.541086,0.0,0.196892,0.78884,3.854273,1
0.117624892,182.083333,11.709176,-3.769889,13.309471,0.722298,0.028032,0.040382,0.711495,0.126188,1.539846,0.0,0.197351,0.789855,3.873739,1
0.117678725,182.166667,11.697548,-3.769685,13.298893,0.72219,0.027952,0.040379,0.711399,0.126099,1.538605,0.0,0.197811,0.790869,3.893205,1
0.117732558,182.25,11.685921,-3.769474,13.288312,0.722082,0.027873,0.040374,0.711302,0.126011,1.537365,0.0,0.198271,0.791874,3.912671,1
0.117786391,182.333333,11.674295,-3.769254,13.277728,0.721973,0.027794,0.040366,0.711205,0.125922,1.536124,0.0,0.198731,0.792875,3.932137,1
0.117840224,182.416667,11.66267,-3.769027,13.267142,0.721862,0.027715,0.040354,0.711106,0.125832,1.534882,0.0,0.199192,0.793865,3.951603,1
0.117894057,182.5,11.651045,-3.768792,13.256553,0.721751,0.027637,0.040338,0.711007,0.125742,1.533641,0.0,0.199653,0.794848,3.971069,1
0.11794789,182.583333,11.639421,-3.768548,13.245962,0.721639,0.027559,0.040319,0.710907,0.125652,1.532399,0.0,0.200115,0.795819,3.990535,1
0.118001723,182.666667,11.627798,-3.768297,13.235367,0.721526,0.027481,0.040295,0.710806,0.125562,1.531157,0.0,0.200577,0.796778,4.010002,1
0.118055556,182.75,11.616175,-3.768038,13.224771,0.721412,0.027403,0.040269,0.710704,0.125471,1.529914,0.0,0.201039,0.797723,4.029468,1
0.118109388,182.833333,11.604553,-3.767771,13.214171,0.721297,0.027325,0.040237,0.710601,0.125379,1.528671,0.0,0.201502,0.798653,4.048934,1
0.118163221,182.916667,11.592932,-3.767495,13.203569,0.721181,0.027248,0.040204,0.710498,0.125288,1.527428,0.0,0.201965,0.799569,4.0684,1
0.118217054,183.0,11.581312,-3.767212,13.192965,0.721064,0.027171,0.040166,0.710393,0.125195,1.526185,0.0,0.202428,0.800461,4.087866,1
0.118270887,183.083333,11.569693,-3.766921,13.182358,0.720946,0.027094,0.040127,0.710287,0.125103,1.524941,0.0,0.202892,0.801341,4.107332,1
0.11832472,183.166667,11.558075,-3.766622,13.171748,0.720827,0.027017,0.040082,0.710181,0.12501,1.523697,0.0,0.203356,0.802188,4.126798,1
0.118378553,183.25,11.546458,-3.766315,13.161136,0.720707,0.026941,0.040037,0.710073,0.124917,1.522453,0.0,0.20382,0.803025,4.146264,1
0.118432386,183.333333,11.534841,-3.766,13.150522,0.720586,0.026865,0.039987,0.709964,0.124823,1.521208,0.0,0.204285,0.80382,4.16573,1
0.118486219,183.416667,11.523226,-3.765677,13.139905,0.720463,0.026789,0.039937,0.709855,0.124729,1.519963,0.0,0.20475,0.804609,4.185196,1
0.118540052,183.5,11.511612,-3.765346,13.129285,0.72034,0.026713,0.039882,0.709744,0.124635,1.518718,0.0,0.205215,0.805346,4.204662,1
0.118593885,183.583333,11.499998,-3.765007,13.118664,0.720215,0.026638,0.039826,0.709632,0.12454,1.517473,0.0,0.20568,0.806076,4.224128,1
0.118647717,183.666667,11.488386,-3.76466,13.10804,0.72009,0.026563,0.039767,0.709519,0.124445,1.516227,0.0,0.206145,0.806757,4.243594,1
0.11870155,183.75,11.476775,-3.764305,13.097413,0.719963,0.026488,0.039707,0.709405,0.124349,1.514981,0.0,0.206611,0.807433,4.26306,1
0.118755383,183.833333,11.465165,-3.763942,13.086784,0.719834,0.026413,0.039644,0.70929,0.124253,1.513735,0.0,0.207077,0.808098,4.282526,1
0.118809216,183.916667,11.453556,-3.763572,13.076153,0.719705,0.026339,0.03958,0.709173,0.124156,1.512488,0.0,0.207543,0.808762,4.301992,1
0.118863049,184.0,11.441948,-3.763193,13.06552,0.719575,0.026265,0.039514,0.709056,0.12406,1.511242,0.0,0.208009,0.809428,4.321458,1
0.118916882,184.083333,11.430342,-3.762806,13.054884,0.719443,0.026191,0.039447,0.708937,0.123962,1.509995,0.0,0.208475,0.810094,4.340924,1
0.118970715,184.166667,11.418736,-3.762411,13.044247,0.71931,0.026117,0.039378,0.708817,0.123865,1.508747,0.0,0.208942,0.81076,4.36039,1
0.119024548,184.25,11.407132,-3.762009,13.033607,0.719176,0.026044,0.039308,0.708696,0.123766,1.5075,0.0,0.209408,0.811426,4.379856,1
0.119078381,184.333333,11.395529,-3.761598,13.022964,0.71904,0.025971,0.039237,0.708574,0.123668,1.506252,0.0,0.209875,0.812091,4.399322,1
0.119132214,184.416667,11.383928,-3.76118,13.01232,0.718904,0.025898,0.039165,0.708451,0.123569,1.505004,0.0,0.210342,0.812755,4.418788,1
0.119186047,184.5,11.372327,-3.760753,13.001673,0.718766,0.025825,0.039092,0.708327,0.12347,1.503755,0.0,0.210809,0.813419,4.438254,1
0.119239879,184.583333,11.360728,-3.760319,12.991025,0.718627,0.025753,0.039018,0.708202,0.12337,1.502507,0.0,0.211276,0.814079,4.45772,1
0.119293712,184.666667,11.349131,-3.759876,12.980374,0.718487,0.02568,0.038944,0.708075,0.12327,1.501258,0.0,0.211743,0.814739,4.477186,1
0.119347545,184.75,11.337534,-3.759426,12.969721,0.718346,0.025609,0.03887,0.707947,0.123169,1.500009,0.0,0.212211,0.815395,4.496652,1
0.119401378,184.833333,11.325939,-3.758968,12.959066,0.718204,0.025537,0.038795,0.707818,0.123068,1.49876,0.0,0.212678,0.81605,4.516118,1
0.119455211,184.916667,11.314346,-3.758501,12.94841,0.71806,0.025465,0.03872,0.707689,0.122967,1.49751,0.0,0.213146,0.816699,4.535584,1
0.119509044,185.0,11.302754,-3.758027,12.937751,0.717915,0.025394,0.038645,0.707558,0.122865,1.49626,0.0,0.213614,0.817347,4.55505,1
0.119562877,185.083333,11.291164,-3.757545,12.92709,0.717769,0.025323,0.038571,0.707425,0.122763,1.49501,0.0,0.214082,0.81799,4.574516,1
0.11961671,185.166667,11.279575,-3.757055,12.916427,0.717622,0.025252,0.038496,0.707292,0.122661,1.49376,0.0,0.21455,0.81863,4.593982,1
0.119670543,185.25,11.267987,-3.756557,12.905762,0.717474,0.025182,0.038422,0.707158,0.122558,1.49251,0.0,0.215019,0.819264,4.613448,1
0.119724376,185.333333,11.256401,-3.756051,12.895096,0.717325,0.025111,0.038349,0.707022,0.122455,1.491259,0.0,0.215487,0.819894,4.632914,1
0.119778208,185.416667,11.244817,-3.755537,12.884427,0.717174,0.025041,0.038276,0.706885,0.122351,1.490008,0.0,0.215956,0.820518,4.65238,1
0.119832041,185.5,11.233234,-3.755015,12.873757,0.717022,0.024972,0.038204,0.706748,0.122247,1.488757,0.0,0.216424,0.821137,4.671846,1
0.119885874,185.583333,11.221653,-3.754485,12.863084,0.716869,0.024902,0.038133,0.706609,0.122143,1.487505,0.0,0.216893,0.821751,4.691312,1
0.119939707,185.666667,11.210073,-3.753947,12.85241,0.716715,0.024833,0.038063,0.706469,0.122038,1.486254,0.0,0.217362,0.822356,4.710778,1
0.11999354,185.75,11.198496,-3.753401,12.841734,0.71656,0.024763,0.037994,0.706327,0.121933,1.485002,0.0,0.217831,0.822958,4.730244,1
0.120047373,185.833333,11.186919,-3.752848,12.831056,0.716403,0.024695,0.037926,0.706185,0.121827,1.48375,0.0,0.2183,0.823548,4.749711,1
0.120101206,185.916667,11.175345,-3.752286,12.820377,0.716245,0.024626,0.037859,0.706042,0.121722,1.482498,0.0,0.218769,0.824137,4.769177,1
0.120155039,186.0,11.163772,-3.751717,12.809696,0.716086,0.024558,0.037793,0.705897,0.121615,1.481245,0.0,0.219239,0.824711,4.788643,1
0.120208872,186.083333,11.152201,-3.751139,12.799013,0.715926,0.024489,0.037728,0.705751,0.121509,1.479993,0.0,0.219708,0.825284,4.808109,1
0.120262705,186.166667,11.140632,-3.750554,12.788328,0.715765,0.024421,0.037666,0.705604,0.121402,1.47874,0.0,0.220177,0.825842,4.827575,1
0.120316537,186.25,11.129065,-3.74996,12.777642,0.715602,0.024354,0.037603,0.705456,0.121294,1.477487,0.0,0.220647,0.826396,4.847041,1
0.12037037,186.333333,11.1175,-3.749359,12.766954,0.715438,0.024286,0.037544,0.705307,0.121186,1.476234,0.0,0.221116,0.826937,4.866507,1
0.120424203,186.416667,11.105936,-3.74875,12.756265,0.715273,0.024219,0.037485,0.705156,0.121078,1.474981,0.0,0.221586,0.827472,4.885973,1
0.120478036,186.5,11.094374,-3.748133,12.745573,0.715107,0.024152,0.037427,0.705005,0.12097,1.473727,0.0,0.222056,0.827995,4.905439,1
0.120531869,186.583333,11.082815,-3.747508,12.734881,0.71494,0.024085,0.037369,0.704852,0.120861,1.472473,0.0,0.222525,0.828509,4.924905,1
0.120585702,186.666667,11.071257,-3.746875,12.724186,0.714771,0.024019,0.037311,0.704698,0.120752,1.471219,0.0,0.222995,0.829012,4.944371,1
0.120639535,186.75,11.059701,-3.746234,12.713491,0.714601,0.023952,0.037253,0.704543,0.120642,1.469965,0.0,0.223465,0.829502,4.963837,1
0.120693368,186.833333,11.048147,-3.745585,12.702793,0.71443,0.023886,0.037194,0.704386,0.120532,1.468711,0.0,0.223935,0.829984,4.983303,1
0.120747201,186.916667,11.036595,-3.744928,12.692094,0.714257,0.02382,0.037136,0.704229,0.120422,1.467456,0.0,0.224404,0.830449,5.002769,1
0.120801034,187.0,11.025045,-3.744263,12.681394,0.714083,0.023755,0.037078,0.70407,0.120311,1.466202,0.0,0.224874,0.830908,5.022235,1
0.120854866,187.083333,11.013497,-3.743591,12.670693,0.713908,0.023689,0.03702,0.70391,0.1202,1.464947,0.0,0.225344,0.831346,5.041701,1
0.120908699,187.166667,11.001952,-3.74291,12.659989,0.713732,0.023624,0.036961,0.703749,0.120088,1.463692,0.0,0.225814,0.83178,5.061167,1
0.120962532,187.25,10.990408,-3.742222,12.649285,0.713555,0.023559,0.036903,0.703586,0.119976,1.462437,0.0,0.226283,0.832188,5.080633,1
0.121016365,187.333333,10.978867,-3.741525,12.638579,0.713376,0.023494,0.036845,0.703422,0.119864,1.461182,0.0,0.226753,0.832593,5.100099,1
0.121070198,187.416667,10.967328,-3.740821,12.627872,0.713196,0.02343,0.036786,0.703257,0.119751,1.459926,0.0,0.227223,0.832973,5.119565,1
0.121124031,187.5,10.95579,-3.740109,12.617163,0.713014,0.023366,0.036728,0.703091,0.119638,1.45867,0.0,0.227692,0.833345,5.139031,1
0.121177864,187.583333,10.944256,-3.739389,12.606453,0.712831,0.023302,0.03667,0.702924,0.119525,1.457415,0.0,0.228161,0.833695,5.158497,1
0.121231697,187.666667,10.932723,-3.738661,12.595742,0.712647,0.023238,0.036612,0.702755,0.119411,1.456159,0.0,0.228631,0.834033,5.177963,1
0.12128553,187.75,10.921193,-3.737925,12.58503,0.712462,0.023174,0.036553,0.702585,0.119297,1.454903,0.0,0.2291,0.834352,5.197429,1
0.121339363,187.833333,10.909664,-3.737181,12.574316,0.712275,0.023111,0.036495,0.702413,0.119182,1.453647,0.0,0.229569,0.83466,5.216895,1
0.121393196,187.916667,10.898139,-3.736429,12.563601,0.712087,0.023048,0.036437,0.702241,0.119068,1.45239,0.0,0.230038,0.834959,5.236361,1
0.121447028,188.0,10.886615,-3.73567,12.552885,0.711897,0.022985,0.036379,0.702067,0.118952,1.451134,0.0,0.230507,0.835252,5.255827,1
0.121500861,188.083333,10.875094,-3.734902,12.542168,0.711707,0.022922,0.036321,0.701891,0.118837,1.449877,0.0,0.230976,0.835543,5.275293,1
0.121554694,188.166667,10.863575,-3.734127,12.531449,0.711514,0.02286,0.036263,0.701715,0.118721,1.44862,0.0,0.231444,0.835828,5.294759,1
0.121608527,188.25,10.852059,-3.733343,12.52073,0.711321,0.022798,0.036205,0.701537,0.118604,1.447363,0.0,0.231913,0.836111,5.314225,1
0.12166236,188.333333,10.840545,-3.732552,12.510009,0.711126,0.022736,0.036147,0.701357,0.118487,1.446106,0.0,0.232381,0.836388,5.333691,1
0.121716193,188.416667,10.829034,-3.731753,12.499288,0.71093,0.022674,0.036089,0.701177,0.11837,1.444849,0.0,0.232849,0.836664,5.353157,1
0.121770026,188.5,10.817525,-3.730946,12.488565,0.710732,0.022613,0.036032,0.700995,0.118253,1.443592,0.0,0.233317,0.836933,5.372623,1
0.121823859,188.583333,10.806018,-3.730131,12.477841,0.710533,0.022551,0.035974,0.700812,0.118135,1.442335,0.0,0.233785,0.837202,5.392089,1
0.121877692,188.666667,10.794514,-3.729308,12.467116,0.710333,0.02249,0.035916,0.700627,0.118017,1.441077,0.0,0.234252,0.837465,5.411555,1
0.121931525,188.75,10.783013,-3.728477,12.456391,0.710131,0.022429,0.035859,0.700441,0.117898,1.439819,0.0,0.23472,0.837727,5.431021,1
0.121985357,188.833333,10.771514,-3.727639,12.445664,0.709928,0.022369,0.035801,0.700254,0.117779,1.438562,0.0,0.235187,0.837985,5.450487,1
0.12203919,188.916667,10.760018,-3.726792,12.434936,0.709724,0.022308,0.035744,0.700066,0.11766,1.437304,0.0,0.235654,0.83824,5.469954,1
0.122093023,189.0,10.748524,-3.725938,12.424208,0.709518,0.022248,0.035687,0.699876,0.11754,1.436046,0.0,0.236121,0.838493,5.48942,1
0.122146856,189.083333,10.737033,-3.725076,12.413478,0.709311,0.022188,0.03563,0.699685,0.11742,1.434788,0.0,0.236588,0.838743,5.508886,1
0.122200689,189.166667,10.725545,-3.724205,12.402748,0.709103,0.022129,0.035573,0.699493,0.1173,1.43353,0.0,0.237055,0.838991,5.528352,1
0.122254522,189.25,10.714059,-3.723327,12.392016,0.708893,0.022069,0.035515,0.6993,0.117179,1.432271,0.0,0.237521,0.839236,5.547818,1
0.122308355,189.333333,10.702577,-3.722442,12.381284,0.708682,0.02201,0.035457,0.699105,0.117058,1.431013,0.0,0.237988,0.83948,5.567284,1
0.122362188,189.416667,10.691096,-3.721548,12.370552,0.70847,0.021951,0.035399,0.698909,0.116936,1.429755,0.0,0.238454,0.839721,5.58675,1
0.122416021,189.5,10.679619,-3.720646,12.359818,0.708256,0.021892,0.035341,0.698711,0.116815,1.428496,0.0,0.23892,0.839961,5.606216,1
0.122469854,189.583333,10.668145,-3.719737,12.349083,0.708042,0.021833,0.035282,0.698513,0.116692,1.427237,0.0,0.239386,0.840198,5.625682,1
0.122523686,189.666667,10.656673,-3.718819,12.338348,0.707825,0.021775,0.035223,0.698313,0.11657,1.425979,0.0,0.239851,0.840434,5.645148,1
0.122577519,189.75,10.645204,-3.717894,12.327612,0.707608,0.021717,0.035164,0.698112,0.116447,1.42472,0.0,0.240317,0.840669,5.664614,1
0.122631352,189.833333,10.633738,-3.716961,12.316876,0.707389,0.021659,0.035105,0.697909,0.116324,1.423461,0.0,0.240782,0.840903,5.68408,1
0.122685185,189.916667,10.622275,-3.71602,12.306139,0.707169,0.021601,0.035046,0.697705,0.116201,1.422202,0.0,0.241247,0.841138,5.703546,1
0.122739018,190.0,10.610815,-3.715071,12.295401,0.706948,0.021543,0.034986,0.6975,0.116077,1.420943,0.0,0.241712,0.841374,5.723012,1
0.122792851,190.083333,10.599357,-3.714114,12.284662,0.706725,0.021486,0.034927,0.697294,0.115953,1.419684,0.0,0.242177,0.841612,5.742478,1
0.122846684,190.166667,10.587903,-3.71315,12.273923,0.706501,0.021429,0.034867,0.697087,0.115829,1.418425,0.0,0.242641,0.841851,5.761944,1
0.122900517,190.25,10.576452,-3.712178,12.263184,0.706276,0.021372,0.034807,0.696878,0.115704,1.417165,0.0,0.243106,0.842092,5.78141,1
0.12295435,190.333333,10.565003,-3.711197,12.252443,0.706049,0.021315,0.034746,0.696668,0.115579,1.415906,0.0,0.24357,0.842336,5.800876,1
0.123008183,190.416667,10.553558,-3.710209,12.241703,0.705821,0.021259,0.034686,0.696457,0.115453,1.414647,0.0,0.244034,0.842581,5.820342,1
0.123062016,190.5,10.542116,-3.709213,12.230961,0.705592,0.021202,0.034626,0.696244,0.115328,1.413387,0.0,0.244498,0.842829,5.839808,1
0.123115848,190.583333,10.530677,-3.708209,12.220219,0.705362,0.021146,0.034565,0.696031,0.115202,1.412128,0.0,0.244961,0.843077,5.859274,1
0.123169681,190.666667,10.519241,-3.707198,12.209477,0.705131,0.021091,0.034505,0.695816,0.115076,1.410868,0.0,0.245425,0.843329,5.87874,1
0.123223514,190.75,10.507808,-3.706178,12.198735,0.704898,0.021035,0.034444,0.6956,0.114949,1.409609,0.0,0.245888,0.843582,5.898206,1
0.123277347,190.833333,10.496378,-3.705151,12.187991,0.704664,0.020979,0.034384,0.695383,0.114822,1.408349,0.0,0.246352,0.843838,5.917672,1
0.12333118,190.916667,10.484951,-3.704116,12.177248,0.704429,0.020924,0.034324,0.695164,0.114695,1.407089,0.0,0.246815,0.844096,5.937138,1
0.123385013,191.0,10.473528,-3.703073,12.166504,0.704192,0.020869,0.034264,0.694945,0.114568,1.405829,0.0,0.247278,0.844357,5.956604,1
0.123438846,191.083333,10.462108,-3.702022,12.15576,0.703955,0.020814,0.034204,0.694724,0.11444,1.40457,0.0,0.24774,0.844619,5.97607,1
0.123492679,191.166667,10.450691,-3.700963,12.145015,0.703716,0.02076,0.034144,0.694502,0.114312,1.40331,0.0,0.248203,0.844885,5.995536,1
0.123546512,191.25,10.439277,-3.699897,12.13427,0.703476,0.020705,0.034084,0.694279,0.114183,1.40205,0.0,0.248665,0.845153,6.015002,1
0.123600345,191.333333,10.427867,-3.698823,12.123525,0.703235,0.020651,0.034025,0.694054,0.114055,1.40079,0.0,0.249128,0.845423,6.034468,1
0.123654177,191.416667,10.41646,-3.69774,12.11278,0.702992,0.020597,0.033965,0.693829,0.113926,1.39953,0.0,0.24959,0.845696,6.053934,1
0.12370801,191.5,10.405057,-3.69665,12.102034,0.702749,0.020543,0.033906,0.693602,0.113797,1.39827,0.0,0.250052,0.845971,6.0734,1
0.123761843,191.583333,10.393656,-3.695553,12.091288,0.702504,0.02049,0.033847,0.693374,0.113667,1.39701,0.0,0.250514,0.84625,6.092866,1
0.123815676,191.666667,10.382259,-3.694447,12.080542,0.702258,0.020436,0.033788,0.693146,0.113538,1.39575,0.0,0.250975,0.846531,6.112332,1
0.123869509,191.75,10.370866,-3.693334,12.069796,0.702011,0.020383,0.03373,0.692916,0.113408,1.39449,0.0,0.251437,0.846816,6.131798,1
0.123923342,191.833333,10.359476,-3.692212,12.05905,0.701763,0.02033,0.033671,0.692684,0.113278,1.39323,0.0,0.251898,0.847102,6.151264,1
0.123977175,191.916667,10.348089,-3.691083,12.048303,0.701513,0.020277,0.033613,0.692452,0.113147,1.39197,0.0,0.25236,0.847392,6.17073,1
0.124031008,192.0,10.336706,-3.689947,12.037557,0.701263,0.020224,0.033556,0.692219,0.113016,1.39071,0.0,0.252821,0.847683,6.190196,1
0.124084841,192.083333,10.325327,-3.688802,12.02681,0.701011,0.020172,0.033498,0.691984,0.112885,1.38945,0.0,0.253282,0.847977,6.209663,1
0.124138674,192.166667,10.313951,-3.687649,12.016063,0.700759,0.02012,0.033441,0.691749,0.112754,1.38819,0.0,0.253743,0.848272,6.229129,1
0.124192506,192.25,10.302579,-3.686489,12.005316,0.700505,0.020068,0.033384,0.691512,0.112623,1.38693,0.0,0.254204,0.848568,6.248595,1
0.124246339,192.333333,10.29121,-3.685321,11.99457,0.70025,0.020016,0.033328,0.691274,0.112491,1.38567,0.0,0.254664,0.848865,6.268061,1
0.124300172,192.416667,10.279845,-3.684145,11.983823,0.699994,0.019964,0.033272,0.691035,0.112359,1.38441,0.0,0.255125,0.849164,6.287527,1
0.124354005,192.5,10.268483,-3.682962,11.973076,0.699737,0.019913,0.033216,0.690795,0.112227,1.383149,0.0,0.255585,0.849463,6.306993,1
0.124407838,192.583333,10.257125,-3.68177,11.962329,0.699478,0.019861,0.03316,0.690554,0.112094,1.381889,0.0,0.256045,0.849764,6.326459,1
0.124461671,192.666667,10.245771,-3.680571,11.951583,0.699219,0.01981,0.033105,0.690312,0.111961,1.380629,0.0,0.256506,0.850065,6.345925,1
0.124515504,192.75,10.234421,-3.679364,11.940836,0.698958,0.019759,0.033049,0.690069,0.111829,1.379369,0.0,0.256966,0.850366,6.365391,1
0.124569337,192.833333,10.223074,-3.678149,11.93009,0.698697,0.019709,0.032993,0.689824,0.111695,1.378109,0.0,0.257425,0.850668,6.384857,1
0.12462317,192.916667,10.211731,-3.676927,11.919344,0.698434,0.019658,0.032938,0.689579,0.111562,1.376849,0.0,0.257885,0.850969,6.404323,1
0.124677003,193.0,10.200392,-3.675696,11.908598,0.69817,0.019608,0.032883,0.689333,0.111428,1.375589,0.0,0.258345,0.851271,6.423789,1
0.124730835,193.083333,10.189056,-3.674458,11.897852,0.697906,0.019558,0.032827,0.689085,0.111294,1.374329,0.0,0.258804,0.851573,6.443255,1
0.124784668,193.166667,10.177725,-3.673212,11.887106,0.69764,0.019508,0.032772,0.688837,0.11116,1.373069,0.0,0.259264,0.851874,6.462721,1
0.124838501,193.25,10.166397,-3.671959,11.876361,0.697373,0.019458,0.032716,0.688587,0.111026,1.371809,0.0,0.259723,0.852176,6.482187,1
0.124892334,193.333333,10.155073,-3.670697,11.865616,0.697105,0.019408,0.032661,0.688337,0.110891,1.370549,0.0,0.260182,0.85248,6.501653,1
0.124946167,193.416667,10.143753,-3.669428,11.854871,0.696836,0.019359,0.032606,0.688085,0.110757,1.36929,0.0,0.260641,0.852785,6.521119,1
0.125,193.5,10.132437,-3.668151,11.844126,0.696566,0.01931,0.032551,0.687832,0.110622,1.36803,0.0,0.2611,0.853093,6.540585,1
0.125053833,193.583333,10.121125,-3.666866,11.833382,0.696294,0.019261,0.032496,0.687579,0.110486,1.36677,0.0,0.261559,0.853402,6.560051,1
0.125107666,193.666667,10.109817,-3.665574,11.822638,0.696022,0.019212,0.032441,0.687324,0.110351,1.36551,0.0,0.262018,0.853714,6.579517,1
0.125161499,193.75,10.098513,-3.664273,11.811895,0.695749,0.019163,0.032386,0.687068,0.110215,1.36425,0.0,0.262476,0.854028,6.598983,1
0.125215332,193.833333,10.087213,-3.662965,11.801152,0.695475,0.019115,0.032331,0.686811,0.11008,1.362991,0.0,0.262935,0.854344,6.618449,1
0.125269165,193.916667,10.075917,-3.66165,11.790409,0.6952,0.019067,0.032277,0.686553,0.109944,1.361731,0.0,0.263393,0.854663,6.637915,1
0.125322997,194.0,10.064625,-3.660326,11.779667,0.694923,0.019019,0.032222,0.686295,0.109807,1.360472,0.0,0.263852,0.854982,6.657381,1
0.12537683,194.083333,10.053337,-3.658995,11.768925,0.694646,0.018971,0.032168,0.686035,0.109671,1.359212,0.0,0.26431,0.855305,6.676847,1
0.125430663,194.166667,10.042053,-3.657656,11.758184,0.694368,0.018923,0.032114,0.685774,0.109534,1.357953,0.0,0.264768,0.855629,6.696313,1
0.125484496,194.25,10.030774,-3.656309,11.747443,0.694088,0.018875,0.03206,0.685512,0.109397,1.356693,0.0,0.265226,0.855956,6.715779,1
0.125538329,194.333333,10.019498,-3.654955,11.736703,0.693808,0.018828,0.032006,0.68525,0.10926,1.355434,0.0,0.265684,0.856284,6.735245,1
0.125592162,194.416667,10.008227,-3.653593,11.725963,0.693527,0.018781,0.031952,0.684986,0.109123,1.354175,0.0,0.266141,0.856614,6.754711,1
0.125645995,194.5,9.99696,-3.652223,11.715224,0.693245,0.018734,0.031898,0.684721,0.108986,1.352916,0.0,0.266599,0.856947,6.774177,1
0.125699828,194.583333,9.985697,-3.650845,11.704485,0.692961,0.018687,0.031845,0.684456,0.108848,1.351656,0.0,0.267056,0.857281,6.793643,1
0.125753661,194.666667,9.974439,-3.64946,11.693748,0.692677,0.01864,0.031792,0.684189,0.10871,1.350397,0.0,0.267514,0.857617,6.813109,1
0.125807494,194.75,9.963184,-3.648067,11.68301,0.692392,0.018594,0.031739,0.683921,0.108572,1.349138,0.0,0.267971,0.857954,6.832575,1
0.125861326,194.833333,9.951934,-3.646666,11.672274,0.692106,0.018548,0.031686,0.683653,0.108434,1.347879,0.0,0.268429,0.858295,6.852041,1
0.125915159,194.916667,9.940689,-3.645258,11.661538,0.691819,0.018501,0.031634,0.683383,0.108296,1.346621,0.0,0.268886,0.858636,6.871507,1
0.125968992,195.0,9.929448,-3.643841,11.650803,0.691531,0.018455,0.031581,0.683113,0.108157,1.345362,0.0,0.269343,0.85898,6.890973,1
0.126022825,195.083333,9.918211,-3.642417,11.640068,0.691242,0.01841,0.031529,0.682842,0.108019,1.344103,0.0,0.2698,0.859324,6.910439,1
0.126076658,195.166667,9.906978,-3.640986,11.629335,0.690952,0.018364,0.031478,0.682569,0.10788,1.342845,0.0,0.270257,0.859672,6.929906,1
0.126130491,195.25,9.89575,-3.639546,11.618602,0.690661,0.018319,0.031426,0.682296,0.107741,1.341586,0.0,0.270714,0.86002,6.949372,1
0.126184324,195.333333,9.884527,-3.638099,11.60787,0.690369,0.018273,0.031375,0.682022,0.107602,1.340328,0.0,0.27117,0.860371,6.968838,1
0.126238157,195.416667,9.873308,-3.636645,11.597139,0.690076,0.018228,0.031324,0.681747,0.107463,1.33907,0.0,0.271627,0.860723,6.988304,1
0.12629199,195.5,9.862093,-3.635182,11.586408,0.689783,0.018183,0.031274,0.681471,0.107323,1.337812,0.0,0.272084,0.861077,7.00777,1
0.126345823,195.583333,9.850883,-3.633712,11.575679,0.689488,0.018139,0.031223,0.681194,0.107183,1.336553,0.0,0.27254,0.861432,7.027236,1
0.126399655,195.666667,9.839677,-3.632234,11.56495,0.689193,0.018094,0.031173,0.680916,0.107044,1.335295,0.0,0.272997,0.861789,7.046702,1
0.126453488,195.75,9.828476,-3.630749,11.554222,0.688896,0.01805,0.031124,0.680637,0.106904,1.334038,0.0,0.273453,0.862148,7.066168,1
0.126507321,195.833333,9.81728,-3.629256,11.543496,0.688599,0.018005,0.031074,0.680358,0.106763,1.33278,0.0,0.273909,0.862508,7.085634,1
0.126561154,195.916667,9.806088,-3.627755,11.53277,0.688301,0.017961,0.031025,0.680077,0.106623,1.331522,0.0,0.274365,0.862873,7.1051,1
0.126614987,196.0,9.794901,-3.626246,11.522045,0.688002,0.017918,0.030977,0.679796,0.106483,1.330265,0.0,0.274822,0.863241,7.124566,1
0.12666882,196.083333,9.783719,-3.62473,11.511321,0.687702,0.017874,0.030928,0.679514,0.106342,1.329007,0.0,0.275278,0.863628,7.144032,1
0.126722653,196.166667,9.772541,-3.623206,11.500599,0.687401,0.01783,0.03088,0.679231,0.106202,1.32775,0.0,0.275734,0.86402,7.163498,1
0.126776486,196.25,9.761368,-3.621675,11.489877,0.687099,0.017787,0.030831,0.678947,0.106061,1.326493,0.0,0.27619,0.864436,7.182964,1
0.126830319,196.333333,9.7502,-3.620136,11.479156,0.686797,0.017744,0.030783,0.678662,0.10592,1.325236,0.0,0.276646,0.864855,7.20243,1
0.126884152,196.416667,9.739036,-3.618589,11.468437,0.686493,0.017701,0.030736,0.678376,0.105779,1.323979,0.0,0.277102,0.865295,7.221896,1
0.126937984,196.5,9.727877,-3.617034,11.457719,0.686189,0.017658,0.030688,0.67809,0.105637,1.322722,0.0,0.277557,0.86574,7.241362,1
0.126991817,196.583333,9.716723,-3.615472,11.447001,0.685884,0.017615,0.03064,0.677803,0.105496,1.321466,0.0,0.278013,0.866202,7.260828,1
0.12704565,196.666667,9.705574,-3.613903,11.436285,0.685578,0.017572,0.030593,0.677514,0.105355,1.320209,0.0,0.278469,0.86667,7.280294,1
0.127099483,196.75,9.69443,-3.612325,11.42557,0.685272,0.01753,0.030546,0.677226,0.105213,1.318953,0.0,0.278925,0.867152,7.29976,1
0.127153316,196.833333,9.68329,-3.61074,11.414857,0.684965,0.017488,0.030498,0.676936,0.105071,1.317697,0.0,0.279381,0.867642,7.319226,1
0.127207149,196.916667,9.672156,-3.609147,11.404144,0.684657,0.017446,0.030451,0.676646,0.104929,1.316441,0.0,0.279837,0.868141,7.338692,1
0.127260982,197.0,9.661026,-3.607547,11.393433,0.684348,0.017404,0.030404,0.676355,0.104788,1.315185,0.0,0.280293,0.86865,7.358158,1
0.127314815,197.083333,9.649902,-3.605939,11.382723,0.684038,0.017362,0.030357,0.676063,0.104645,1.313929,0.0,0.280749,0.869166,7.377624,1
0.127368648,197.166667,9.638782,-3.604323,11.372015,0.683728,0.01732,0.030311,0.67577,0.104503,1.312673,0.0,0.281206,0.869693,7.39709,1
0.127422481,197.25,9.627667,-3.6027,11.361308,0.683417,0.017279,0.030264,0.675477,0.104361,1.311418,0.0,0.281662,0.870223,7.416556,1
0.127476314,197.333333,9.616558,-3.601069,11.350602,0.683105,0.017238,0.030217,0.675183,0.104219,1.310163,0.0,0.282118,0.870765,7.436022,1
0.127530146,197.416667,9.605453,-3.599431,11.339897,0.682793,0.017196,0.030171,0.674888,0.104076,1.308907,0.0,0.282574,0.871309,7.455488,1
0.127583979,197.5,9.594354,-3.597785,11.329194,0.68248,0.017155,0.030124,0.674593,0.103934,1.307652,0.0,0.283031,0.871864,7.474954,1
0.127637812,197.583333,9.583259,-3.596131,11.318492,0.682166,0.017115,0.030078,0.674297,0.103791,1.306398,0.0,0.283487,0.87242,7.49442,1
0.127691645,197.666667,9.57217,-3.59447,11.307792,0.681852,0.017074,0.030031,0.674,0.103649,1.305143,0.0,0.283944,0.872984,7.513886,1
0.127745478,197.75,9.561086,-3.592801,11.297093,0.681537,0.017033,0.029985,0.673703,0.103506,1.303889,0.0,0.2844,0.873551,7.533352,1
0.127799311,197.833333,9.550007,-3.591124,11.286396,0.681221,0.016993,0.029938,0.673405,0.103363,1.302634,0.0,0.284857,0.874123,7.552818,1
0.127853144,197.916667,9.538933,-3.58944,11.2757,0.680904,0.016953,0.029892,0.673106,0.10322,1.30138,0.0,0.285314,0.874698,7.572284,1
0.127906977,198.0,9.527864,-3.587749,11.265006,0.680587,0.016913,0.029846,0.672806,0.103077,1.300126,0.0,0.285771,0.875276,7.59175,1
0.12796081,198.083333,9.516801,-3.586049,11.254313,0.680269,0.016873,0.029799,0.672506,0.102934,1.298872,0.0,0.286228,0.875857,7.611216,1
0.128014643,198.166667,9.505742,-3.584342,11.243622,0.679951,0.016833,0.029753,0.672206,0.102791,1.297619,0.0,0.286685,0.87644,7.630682,1
0.128068475,198.25,9.49469,-3.582628,11.232933,0.679632,0.016794,0.029706,0.671904,0.102647,1.296365,0.0,0.287142,0.877024,7.650148,1
0.128122308,198.333333,9.483642,-3.580906,11.222245,0.679312,0.016754,0.02966,0.671602,0.102504,1.295112,0.0,0.287599,0.87761,7.669615,1
0.128176141,198.416667,9.4726,-3.579176,11.211559,0.678992,0.016715,0.029613,0.671299,0.102361,1.293859,0.0,0.288057,0.878197,7.689081,1
0.128229974,198.5,9.461563,-3.577439,11.200874,0.678671,0.016676,0.029567,0.670996,0.102217,1.292607,0.0,0.288514,0.878783,7.708547,1
0.128283807,198.583333,9.450531,-3.575694,11.190191,0.678349,0.016637,0.02952,0.670692,0.102074,1.291354,0.0,0.288972,0.879369,7.728013,1
0.12833764,198.666667,9.439505,-3.573942,11.17951,0.678027,0.016598,0.029473,0.670387,0.10193,1.290102,0.0,0.289429,0.879955,7.747479,1
0.128391473,198.75,9.428484,-3.572182,11.16883,0.677704,0.016559,0.029426,0.670082,0.101786,1.288849,0.0,0.289887,0.880539,7.766945,1
0.128445306,198.833333,9.417469,-3.570415,11.158153,0.677381,0.016521,0.029379,0.669776,0.101643,1.287597,0.0,0.290345,0.881122,7.786411,1
0.128499139,198.916667,9.406459,-3.56864,11.147477,0.677056,0.016482,0.029332,0.66947,0.101499,1.286346,0.0,0.290803,0.881701,7.805877,1
0.128552972,199.0,9.395455,-3.566857,11.136803,0.676732,0.016444,0.029284,0.669162,0.101355,1.285094,0.0,0.291261,0.882279,7.825343,1
0.128606804,199.083333,9.384456,-3.565067,11.12613,0.676406,0.016406,0.029236,0.668855,0.101211,1.283843,0.0,0.291719,0.882853,7.844809,1
0.128660637,199.166667,9.373463,-3.56327,11.11546,0.67608,0.016368,0.029189,0.668546,0.101067,1.282591,0.0,0.292178,0.883424,7.864275,1
0.12871447,199.25,9.362475,-3.561465,11.104791,0.675753,0.01633,0.02914,0.668237,0.100923,1.281341,0.0,0.292636,0.88399,7.883741,1
0.128768303,199.333333,9.351493,-3.559652,11.094125,0.675426,0.016292,0.029092,0.667927,0.100779,1.28009,0.0,0.293094,0.884552,7.903207,1
0.128822136,199.416667,9.340516,-3.557832,11.08346,0.675098,0.016255,0.029044,0.667617,0.100635,1.278839,0.0,0.293553,0.885109,7.922673,1
0.128875969,199.5,9.329545,-3.556004,11.072797,0.67477,0.016218,0.028995,0.667306,0.10049,1.277589,0.0,0.294011,0.885659,7.942139,1
0.128929802,199.583333,9.31858,-3.554169,11.062136,0.674441,0.01618,0.028947,0.666994,0.100346,1.276339,0.0,0.29447,0.886206,7.961605,1
0.128983635,199.666667,9.30762,-3.552326,11.051477,0.674111,0.016143,0.028898,0.666682,0.100202,1.275089,0.0,0.294929,0.886742,7.981071,1
0.129037468,199.75,9.296666,-3.550476,11.040821,0.67378,0.016106,0.02885,0.666369,0.100057,1.27384,0.0,0.295388,0.887276,8.000537,1
0.129091301,199.833333,9.285718,-3.548618,11.030166,0.673449,0.01607,0.028802,0.666055,0.099913,1.27259,0.0,0.295846,0.887797,8.020003,1
0.129145134,199.916667,9.274776,-3.546752,11.019513,0.673117,0.016033,0.028753,0.665741,0.099768,1.271341,0.0,0.296305,0.888316,8.039469,1
0.129198966,200.0,9.263839,-3.54488,11.008862,0.672785,0.015996,0.028705,0.665426,0.099624,1.270093,0.0,0.296764,0.888822,8.058935,1
0.129252799,200.083333,9.252908,-3.542999,10.998214,0.672452,0.01596,0.028656,0.665111,0.099479,1.268844,0.0,0.297223,0.889328,8.078401,1
0.129306632,200.166667,9.241983,-3.541112,10.987567,0.672118,0.015924,0.028608,0.664795,0.099335,1.267596,0.0,0.297682,0.889834,8.097867,1
0.129360465,200.25,9.231064,-3.539216,10.976923,0.671784,0.015888,0.02856,0.664478,0.09919,1.266348,0.0,0.298141,0.890342,8.117333,1
0.129414298,200.333333,9.22015,-3.537313,10.966281,0.671449,0.015852,0.028512,0.66416,0.099045,1.2651,0.0,0.2986,0.890852,8.136799,1
0.129468131,200.416667,9.209243,-3.535403,10.955641,0.671114,0.015816,0.028463,0.663842,0.0989,1.263852,0.0,0.299059,0.891364,8.156265,1
0.129521964,200.5,9.198341,-3.533485,10.945003,0.670778,0.015781,0.028415,0.663524,0.098755,1.262605,0.0,0.299518,0.891877,8.175731,1
0.129575797,200.583333,9.187445,-3.53156,10.934367,0.670441,0.015745,0.028367,0.663204,0.09861,1.261358,0.0,0.299978,0.892391,8.195197,1
0.12962963,200.666667,9.176555,-3.529628,10.923734,0.670103,0.01571,0.028319,0.662884,0.098465,1.260111,0.0,0.300437,0.892906,8.214663,1
0.129683463,200.75,9.165672,-3.527687,10.913103,0.669765,0.015675,0.028271,0.662564,0.09832,1.258865,0.0,0.300896,0.893422,8.234129,1
0.129737295,200.833333,9.154794,-3.52574,10.902474,0.669427,0.015639,0.028223,0.662243,0.098175,1.257618,0.0,0.301355,0.893939,8.253595,1
0.129791128,200.916667,9.143922,-3.523785,10.891848,0.669088,0.015605,0.028176,0.661921,0.09803,1.256372,0.0,0.301815,0.894457,8.273061,1
0.129844961,201.0,9.133056,-3.521822,10.881224,0.668748,0.01557,0.028128,0.661598,0.097885,1.255127,0.0,0.302274,0.894974,8.292527,1
0.129898794,201.083333,9.122197,-3.519852,10.870602,0.668407,0.015535,0.02808,0.661275,0.09774,1.253881,0.0,0.302734,0.895492,8.311993,1
0.129952627,201.166667,9.111343,-3.517875,10.859983,0.668066,0.015501,0.028033,0.660952,0.097595,1.252636,0.0,0.303193,0.896009,8.331459,1
0.13000646,201.25,9.100496,-3.51589,10.849366,0.667725,0.015466,0.027985,0.660627,0.09745,1.251391,0.0,0.303653,0.896527,8.350925,1
0.130060293,201.333333,9.089654,-3.513898,10.838751,0.667383,0.015432,0.027938,0.660302,0.097304,1.250147,0.0,0.304112,0.897044,8.370391,1
0.130114126,201.416667,9.078819,-3.511898,10.828139,0.66704,0.015398,0.027891,0.659977,0.097159,1.248902,0.0,0.304572,0.89756,8.389858,1
0.130167959,201.5,9.06799,-3.509891,10.81753,0.667095,0.015354,0.027846,0.660042,0.097087,1.247658,0.0,0.305491,0.898075,0.0,0
0.130221792,201.583333,9.057167,-3.507876,10.806923,0.667147,0.015309,0.027801,0.660105,0.097014,1.246415,0.0,0.306409,0.89859,0.0,0
0.130275624,201.666667,9.046351,-3.505854,10.796318,0.667197,0.015266,0.027756,0.660166,0.09694,1.245171,0.0,0.307327,0.899103,0.0,0
0.130329457,201.75,9.03554,-3.503825,10.785716,0.667244,0.015222,0.027711,0.660224,0.096866,1.243928,0.0,0.308244,0.899615,0.0,0
0.13038329,201.833333,9.024736,-3.501788,10.775117,0.667288,0.015179,0.027667,0.660279,0.096791,1.242685,0.0,0.30916,0.900125,0.0,0
0.130437123,201.916667,9.013939,-3.499743,10.76452,0.66733,0.015136,0.027622,0.660332,0.096716,1.241443,0.0,0.310076,0.900633,0.0,0
0.130490956,202.0,9.003147,-3.497692,10.753926,0.667369,0.015093,0.027578,0.660382,0.09664,1.240201,0.0,0.310992,0.90114,0.0,0
0.130544789,202.083333,8.992362,-3.495633,10.743335,0.667406,0.015051,0.027534,0.66043,0.096563,1.238959,0.0,0.311906,0.901644,0.0,0
0.130598622,202.166667,8.981583,-3.493566,10.732746,0.66744,0.015008,0.02749,0.660475,0.096486,1.237717,0.0,0.31282,0.902146,0.0,0
0.130652455,202.25,8.970811,-3.491492,10.72216,0.667472,0.014966,0.027446,0.660518,0.096408,1.236476,0.0,0.313733,0.902646,0.0,0
0.130706288,202.333333,8.960045,-3.489411,10.711576,0.667501,0.014925,0.027403,0.660559,0.09633,1.235235,0.0,0.314646,0.903142,0.0,0
0.130760121,202.416667,8.949286,-3.487323,10.700995,0.667528,0.014883,0.027359,0.660597,0.096251,1.233994,0.0,0.315558,0.903637,0.0,0
0.130813953,202.5,8.938533,-3.485227,10.690417,0.667552,0.014842,0.027316,0.660632,0.096171,1.232754,0.0,0.316469,0.904127,0.0,0
0.130867786,202.583333,8.927786,-3.483123,10.679842,0.667574,0.014801,0.027273,0.660666,0.096091,1.231514,0.0,0.31738,0.904616,0.0,0
0.130921619,202.666667,8.917046,-3.481013,10.66927,0.667593,0.014761,0.02723,0.660696,0.096011,1.230274,0.0,0.31829,0.905099,0.0,0
0.130975452,202.75,8.906312,-3.478894,10.6587,0.66761,0.01472,0.027187,0.660725,0.095929,1.229035,0.0,0.3192,0.905581,0.0,0
0.131029285,202.833333,8.895585,-3.476769,10.648133,0.667624,0.01468,0.027144,0.66075,0.095848,1.227796,0.0,0.320108,0.906056,0.0,0
0.131083118,202.916667,8.884865,-3.474636,10.637569,0.667636,0.01464,0.027101,0.660774,0.095765,1.226557,0.0,0.321016,0.90653,0.0,0
0.131136951,203.0,8.874151,-3.472496,10.627008,0.667645,0.0146,0.027058,0.660795,0.095682,1.225319,0.0,0.321924,0.906998,0.0,0
0.131190784,203.083333,8.863444,-3.470349,10.61645,0.667652,0.014561,0.027015,0.660814,0.095599,1.224081,0.0,0.32283,0.907463,0.0,0
0.131244617,203.166667,8.852743,-3.468194,10.605895,0.667657,0.014522,0.026972,0.66083,0.095515,1.222843,0.0,0.323736,0.907922,0.0,0
0.13129845,203.25,8.842049,-3.466032,10.595342,0.667659,0.014483,0.026929,0.660844,0.09543,1.221606,0.0,0.324642,0.908377,0.0,0
0.131352283,203.333333,8.831362,-3.463862,10.584793,0.667659,0.014444,0.026886,0.660855,0.095345,1.220369,0.0,0.325546,0.908828,0.0,0
0.131406115,203.416667,8.820681,-3.461685,10.574247,0.667656,0.014405,0.026843,0.660864,0.09526,1.219133,0.0,0.32645,0.909272,0.0,0
0.131459948,203.5,8.810007,-3.459501,10.563703,0.667651,0.014367,0.0268,0.660871,0.095174,1.217896,0.0,0.327353,0.909713,0.0,0
0.131513781,203.583333,8.79934,-3.45731,10.553163,0.667643,0.014329,0.026757,0.660875,0.095087,1.216661,0.0,0.328256,0.910149,0.0,0
0.131567614,203.666667,8.78868,-3.455111,10.542626,0.667633,0.014291,0.026714,0.660878,0.095,1.215425,0.0,0.329157,0.910582,0.0,0
0.131621447,203.75,8.778026,-3.452905,10.532092,0.667621,0.014254,0.02667,0.660877,0.094912,1.21419,0.0,0.330058,0.911011,0.0,0
0.13167528,203.833333,8.76738,-3.450691,10.521561,0.667606,0.014216,0.026627,0.660875,0.094824,1.212955,0.0,0.330959,0.911439,0.0,0
0.131729113,203.916667,8.75674,-3.448471,10.511033,0.667589,0.014179,0.026584,0.66087,0.094735,1.211721,0.0,0.331858,0.91186,0.0,0
0.131782946,204.0,8.746107,-3.446243,10.500508,0.667569,0.014142,0.026541,0.660862,0.094646,1.210487,0.0,0.332757,0.91228,0.0,0
0.131836779,204.083333,8.735481,-3.444007,10.489987,0.667547,0.014106,0.026498,0.660853,0.094557,1.209253,0.0,0.333655,0.912691,0.0,0
0.131890612,204.166667,8.724861,-3.441765,10.479468,0.667523,0.014069,0.026455,0.660841,0.094466,1.20802,0.0,0.334552,0.913101,0.0,0
0.131944444,204.25,8.714249,-3.439515,10.468953,0.667496,0.014033,0.026412,0.660826,0.094376,1.206787,0.0,0.335449,0.91351,0.0,0
0.131998277,204.333333,8.703644,-3.437258,10.458441,0.667467,0.013997,0.026369,0.66081,0.094285,1.205554,0.0,0.336345,0.91392,0.0,0
0.13205211,204.416667,8.693045,-3.434993,10.447932,0.667436,0.013962,0.026326,0.660791,0.094193,1.204322,0.0,0.33724,0.914331,0.0,0
0.132105943,204.5,8.682454,-3.432722,10.437427,0.667403,0.013926,0.026283,0.66077,0.094101,1.20309,0.0,0.338134,0.914743,0.0,0
0.132159776,204.583333,8.67187,-3.430443,10.426925,0.667367,0.013891,0.026241,0.660746,0.094008,1.201859,0.0,0.339028,0.915156,0.0,0
0.132213609,204.666667,8.661292,-3.428157,10.416426,0.667328,0.013856,0.026198,0.66072,0.093915,1.200628,0.0,0.33992,0.915568,0.0,0
0.132267442,204.75,8.650722,-3.425863,10.405931,0.667288,0.013821,0.026155,0.660693,0.093822,1.199397,0.0,0.340812,0.915981,0.0,0
0.132321275,204.833333,8.640159,-3.423562,10.395439,0.667245,0.013786,0.026113,0.660662,0.093728,1.198167,0.0,0.341704,0.916394,0.0,0
0.132375108,204.916667,8.629603,-3.421254,10.38495,0.6672,0.013752,0.02607,0.66063,0.093633,1.196937,0.0,0.342594,0.916805,0.0,0
0.132428941,205.0,8.619054,-3.418939,10.374465,0.667153,0.013718,0.026028,0.660595,0.093538,1.195708,0.0,0.343484,0.917216,0.0,0
0.132482773,205.083333,8.608512,-3.416617,10.363983,0.667104,0.013684,0.025986,0.660559,0.093443,1.194479,0.0,0.344373,0.917626,0.0,0
0.132536606,205.166667,8.597978,-3.414287,10.353505,0.667052,0.01365,0.025944,0.66052,0.093347,1.19325,0.0,0.345261,0.918033,0.0,0
0.132590439,205.25,8.58745,-3.41195,10.34303,0.666998,0.013616,0.025902,0.660479,0.093251,1.192022,0.0,0.346149,0.918439,0.0,0
0.132644272,205.333333,8.57693,-3.409606,10.332559,0.666942,0.013583,0.02586,0.660435,0.093154,1.190794,0.0,0.347036,0.918842,0.0,0
0.132698105,205.416667,8.566417,-3.407255,10.322091,0.666884,0.01355,0.025818,0.66039,0.093057,1.189567,0.0,0.347922,0.919244,0.0,0
0.132751938,205.5,8.555911,-3.404897,10.311627,0.666823,0.013517,0.025777,0.660342,0.09296,1.18834,0.0,0.348807,0.919641,0.0,0
0.132805771,205.583333,8.545413,-3.402531,10.301166,0.666761,0.013484,0.025735,0.660292,0.092862,1.187113,0.0,0.349692,0.920037,0.0,0
0.132859604,205.666667,8.534922,-3.400158,10.290709,0.666696,0.013451,0.025694,0.66024,0.092764,1.185887,0.0,0.350576,0.920427,0.0,0
0.132913437,205.75,8.524438,-3.397778,10.280256,0.666629,0.013419,0.025653,0.660186,0.092665,1.184661,0.0,0.351459,0.920817,0.0,0
0.13296727,205.833333,8.513962,-3.395391,10.269806,0.66656,0.013387,0.025612,0.66013,0.092566,1.183436,0.0,0.352341,0.921198,0.0,0
0.133021102,205.916667,8.503492,-3.392996,10.25936,0.666488,0.013355,0.025571,0.660072,0.092466,1.182211,0.0,0.353223,0.921579,0.0,0
0.133074935,206.0,8.493031,-3.390595,10.248917,0.666415,0.013323,0.02553,0.660011,0.092366,1.180987,0.0,0.354103,0.921951,0.0,0
0.133128768,206.083333,8.482577,-3.388186,10.238478,0.666339,0.013292,0.02549,0.659948,0.092266,1.179763,0.0,0.354983,0.922321,0.0,0
0.133182601,206.166667,8.47213,-3.38577,10.228043,0.666261,0.01326,0.02545,0.659884,0.092165,1.178539,0.0,0.355862,0.922683,0.0,0
0.133236434,206.25,8.46169,-3.383347,10.217612,0.666181,0.013229,0.025409,0.659817,0.092064,1.177316,0.0,0.356741,0.923042,0.0,0
0.133290267,206.333333,8.451259,-3.380916,10.207184,0.666099,0.013198,0.025369,0.659748,0.091962,1.176094,0.0,0.357618,0.923393,0.0,0
0.1333441,206.416667,8.440834,-3.378479,10.196761,0.666015,0.013167,0.025329,0.659677,0.09186,1.174871,0.0,0.358495,0.923739,0.0,0
0.133397933,206.5,8.430417,-3.376034,10.186341,0.665929,0.013137,0.025289,0.659604,0.091758,1.17365,0.0,0.359371,0.924077,0.0,0
0.133451766,206.583333,8.420008,-3.373583,10.175925,0.66584,0.013107,0.025249,0.659528,0.091655,1.172428,0.0,0.360246,0.924409,0.0,0
0.133505599,206.666667,8.409607,-3.371124,10.165512,0.66575,0.013076,0.025209,0.659451,0.091552,1.171207,0.0,0.36112,0.924733,0.0,0
0.133559432,206.75,8.399212,-3.368658,10.155104,0.665657,0.013046,0.025169,0.659372,0.091449,1.169987,0.0,0.361993,0.92505,0.0,0
0.133613264,206.833333,8.388826,-3.366185,10.1447,0.665562,0.013017,0.025129,0.65929,0.091345,1.168767,0.0,0.362866,0.92536,0.0,0
0.133667097,206.916667,8.378447,-3.363704,10.134299,0.665465,0.012987,0.025089,0.659206,0.09124,1.167548,0.0,0.363737,0.92566,0.0,0
0.13372093,207.0,8.368076,-3.361217,10.123902,0.665366,0.012957,0.02505,0.659121,0.091136,1.166329,0.0,0.364608,0.925953,0.0,0
0.133774763,207.083333,8.357713,-3.358723,10.11351,0.665265,0.012928,0.02501,0.659033,0.091031,1.16511,0.0,0.365478,0.926238,0.0,0
0.133828596,207.166667,8.347357,-3.356221,10.103121,0.665162,0.012899,0.02497,0.658943,0.090925,1.163892,0.0,0.366347,0.926518,0.0,0
0.133882429,207.25,8.337009,-3.353712,10.092737,0.665057,0.01287,0.02493,0.658851,0.09082,1.162674,0.0,0.367215,0.926791,0.0,0
0.133936262,207.333333,8.326668,-3.351197,10.082356,0.664949,0.012842,0.024891,0.658757,0.090714,1.161457,0.0,0.368082,0.927061,0.0,0
0.133990095,207.416667,8.316336,-3.348674,10.07198,0.66484,0.012813,0.024851,0.65866,0.090607,1.16024,0.0,0.368948,0.927322,0.0,0
0.134043928,207.5,8.306011,-3.346144,10.061607,0.664728,0.012785,0.024812,0.658562,0.090501,1.159024,0.0,0.369813,0.927581,0.0,0
0.134097761,207.583333,8.295694,-3.343607,10.051239,0.664614,0.012757,0.024773,0.658462,0.090393,1.157808,0.0,0.370677,0.927832,0.0,0
0.134151593,207.666667,8.285385,-3.341063,10.040875,0.664498,0.012729,0.024734,0.65836,0.090286,1.156593,0.0,0.37154,0.92808,0.0,0
0.134205426,207.75,8.275084,-3.338512,10.030514,0.664381,0.012701,0.024695,0.658255,0.090178,1.155378,0.0,0.372403,0.928319,0.0,0
0.134259259,207.833333,8.26479,-3.335953,10.020159,0.664261,0.012673,0.024656,0.658149,0.09007,1.154164,0.0,0.373264,0.928557,0.0,0
0.134313092,207.916667,8.254505,-3.333388,10.009807,0.664139,0.012646,0.024617,0.65804,0.089961,1.15295,0.0,0.374124,0.928785,0.0,0
0.134366925,208.0,8.244227,-3.330816,9.999459,0.664014,0.012618,0.024579,0.657929,0.089853,1.151737,0.0,0.374984,0.929012,0.0,0
0.134420758,208.083333,8.233958,-3.328236,9.989116,0.663888,0.012591,0.02454,0.657817,0.089743,1.150524,0.0,0.375842,0.92923,0.0,0
0.134474591,208.166667,8.223696,-3.32565,9.978777,0.66376,0.012564,0.024502,0.657702,0.089634,1.149312,0.0,0.3767,0.929445,0.0,0
0.134528424,208.25,8.213443,-3.323056,9.968442,0.66363,0.012538,0.024464,0.657585,0.089524,1.1481,0.0,0.377556,0.929652,0.0,0
0.134582257,208.333333,8.203197,-3.320456,9.958112,0.663498,0.012511,0.024426,0.657467,0.089414,1.146889,0.0,0.378411,0.929858,0.0,0
0.13463609,208.416667,8.192959,-3.317848,9.947786,0.663363,0.012485,0.024389,0.657346,0.089303,1.145678,0.0,0.379266,0.930057,0.0,0
0.134689922,208.5,8.18273,-3.315234,9.937464,0.663227,0.012458,0.024352,0.657223,0.089193,1.144468,0.0,0.380119,0.930256,0.0,0
0.134743755,208.583333,8.172508,-3.312612,9.927147,0.663088,0.012432,0.024314,0.657098,0.089081,1.143258,0.0,0.380972,0.930452,0.0,0
0.134797588,208.666667,8.162295,-3.309984,9.916833,0.662948,0.012406,0.024278,0.656971,0.08897,1.142049,0.0,0.381823,0.930647,0.0,0
0.134851421,208.75,8.15209,-3.307348,9.906525,0.662806,0.012381,0.024241,0.656843,0.088858,1.14084,0.0,0.382673,0.93084,0.0,0
0.134905254,208.833333,8.141893,-3.304706,9.896221,0.662661,0.012355,0.024204,0.656712,0.088746,1.139632,0.0,0.383522,0.931032,0.0,0
0.134959087,208.916667,8.131704,-3.302056,9.885921,0.662515,0.01233,0.024168,0.656579,0.088634,1.138424,0.0,0.384371,0.931222,0.0,0
0.13501292,209.0,8.121523,-3.2994,9.875626,0.662367,0.012304,0.024132,0.656445,0.088521,1.137217,0.0,0.385218,0.931411,0.0,0
0.135066753,209.083333,8.11135,-3.296736,9.865335,0.662216,0.012279,0.024097,0.656308,0.088408,1.136011,0.0,0.386064,0.931597,0.0,0
0.135120586,209.166667,8.101186,-3.294066,9.855049,0.662064,0.012254,0.024062,0.656169,0.088295,1.134805,0.0,0.386909,0.931782,0.0,0
0.135174419,209.25,8.09103,-3.291388,9.844767,0.66191,0.01223,0.024026,0.656029,0.088182,1.133599,0.0,0.387754,0.931966,0.0,0
0.135228252,209.333333,8.080882,-3.288704,9.83449,0.661754,0.012205,0.023992,0.655886,0.088068,1.132394,0.0,0.388597,0.932148,0.0,0
0.135282084,209.416667,8.070743,-3.286013,9.824217,0.661595,0.012181,0.023957,0.655742,0.087954,1.13119,0.0,0.389439,0.932329,0.0,0
0.135335917,209.5,8.060612,-3.283314,9.813949,0.661435,0.012156,0.023923,0.655596,0.087839,1.129986,0.0,0.39028,0.932508,0.0,0
0.13538975,209.583333,8.050489,-3.280609,9.803686,0.661274,0.012132,0.02389,0.655447,0.087725,1.128782,0.0,0.39112,0.932685,0.0,0
0.135443583,209.666667,8.040374,-3.277897,9.793427,0.66111,0.012108,0.023856,0.655297,0.08761,1.127579,0.0,0.391959,0.932861,0.0,0
0.135497416,209.75,8.030268,-3.275178,9.783173,0.660944,0.012084,0.023823,0.655145,0.087495,1.126377,0.0,0.392797,0.933036,0.0,0
0.135551249,209.833333,8.02017,-3.272452,9.772924,0.660776,0.012061,0.02379,0.654992,0.087379,1.125175,0.0,0.393634,0.933209,0.0,0
0.135605082,209.916667,8.010081,-3.269719,9.762679,0.660607,0.012037,0.023758,0.654836,0.087264,1.123974,0.0,0.39447,0.933381,0.0,0
0.135658915,210.0,8.0,-3.266979,9.752439,0.660436,0.012014,0.023725,0.654678,0.087148,1.122773,0.0,0.395305,0.933551,0.0,0
0.135712748,210.083333,7.989928,-3.264232,9.742204,0.660262,0.011991,0.023693,0.654519,0.087032,1.121573,0.0,0.396139,0.93372,0.0,0
0.135766581,210.166667,7.979864,-3.261478,9.731973,0.660087,0.011968,0.023661,0.654357,0.086915,1.120374,0.0,0.396972,0.933887,0.0,0
0.135820413,210.25,7.969808,-3.258718,9.721748,0.65991,0.011945,0.023629,0.654194,0.086798,1.119175,0.0,0.397804,0.934053,0.0,0
0.135874246,210.333333,7.959761,-3.25595,9.711527,0.659732,0.011922,0.023598,0.654029,0.086682,1.117976,0.0,0.398635,0.934217,0.0,0
0.135928079,210.416667,7.949723,-3.253176,9.701311,0.659551,0.011899,0.023566,0.653863,0.086564,1.116778,0.0,0.399464,0.934381,0.0,0
0.135981912,210.5,7.939693,-3.250394,9.6911,0.659369,0.011877,0.023534,0.653694,0.086447,1.115581,0.0,0.400293,0.934543,0.0,0
0.136035745,210.583333,7.929672,-3.247606,9.680894,0.659185,0.011855,0.023503,0.653524,0.086329,1.114384,0.0,0.401121,0.934704,0.0,0
0.136089578,210.666667,7.919659,-3.244811,9.670693,0.658999,0.011832,0.023472,0.653352,0.086212,1.113188,0.0,0.401948,0.934863,0.0,0
0.136143411,210.75,7.909655,-3.242009,9.660496,0.658811,0.01181,0.023441,0.653178,0.086093,1.111993,0.0,0.402773,0.935022,0.0,0
0.136197244,210.833333,7.89966,-3.239201,9.650305,0.658621,0.011788,0.023409,0.653002,0.085975,1.110798,0.0,0.403598,0.935178,0.0,0
0.136251077,210.916667,7.889673,-3.236385,9.640118,0.65843,0.011767,0.023378,0.652824,0.085857,1.109603,0.0,0.404421,0.935334,0.0,0
0.13630491,211.0,7.879695,-3.233563,9.629937,0.658237,0.011745,0.023347,0.652645,0.085738,1.10841,0.0,0.405244,0.935488,0.0,0
0.136358742,211.083333,7.869726,-3.230733,9.619761,0.658042,0.011724,0.023316,0.652464,0.085619,1.107216,0.0,0.406065,0.935641,0.0,0
0.136412575,211.166667,7.859766,-3.227897,9.609589,0.657846,0.011702,0.023285,0.652281,0.0855,1.106024,0.0,0.406886,0.935791,0.0,0
0.136466408,211.25,7.849814,-3.225054,9.599423,0.657647,0.011681,0.023255,0.652097,0.08538,1.104832,0.0,0.407705,0.935941,0.0,0
0.136520241,211.333333,7.839871,-3.222204,9.589262,0.657447,0.01166,0.023224,0.651911,0.085261,1.10364,0.0,0.408524,0.936087,0.0,0
0.136574074,211.416667,7.829937,-3.219348,9.579105,0.657246,0.011639,0.023194,0.651723,0.085141,1.102449,0.0,0.409341,0.936233,0.0,0
0.136627907,211.5,7.820011,-3.216485,9.568954,0.657042,0.011618,0.023163,0.651533,0.085021,1.101259,0.0,0.410157,0.936376,0.0,0
0.13668174,211.583333,7.810095,-3.213614,9.558809,0.656837,0.011598,0.023133,0.651342,0.084901,1.10007,0.0,0.410973,0.936518,0.0,0
0.136735573,211.666667,7.800187,-3.210737,9.548668,0.65663,0.011577,0.023102,0.651149,0.08478,1.098881,0.0,0.411787,0.936655,0.0,0
0.136789406,211.75,7.790289,-3.207854,9.538532,0.656422,0.011557,0.023072,0.650954,0.08466,1.097692,0.0,0.4126,0.936793,0.0,0
0.136843239,211.833333,7.780399,-3.204963,9.528402,0.656211,0.011537,0.023042,0.650757,0.084539,1.096504,0.0,0.413412,0.936926,0.0,0
0.136897071,211.916667,7.770518,-3.202066,9.518277,0.655999,0.011517,0.023012,0.650559,0.084418,1.095317,0.0,0.414223,0.937058,0.0,0
0.136950904,212.0,7.760646,-3.199161,9.508157,0.655786,0.011497,0.022981,0.65036,0.084297,1.094131,0.0,0.415033,0.937186,0.0,0
0.137004737,212.083333,7.750783,-3.196251,9.498042,0.655571,0.011477,0.022951,0.650158,0.084175,1.092945,0.0,0.415842,0.937313,0.0,0
0.13705857,212.166667,7.740929,-3.193333,9.487933,0.655354,0.011457,0.022921,0.649955,0.084054,1.091759,0.0,0.41665,0.937435,0.0,0
0.137112403,212.25,7.731084,-3.190409,9.477829,0.655135,0.011438,0.022891,0.64975,0.083932,1.090575,0.0,0.417457,0.937556,0.0,0
0.137166236,212.333333,7.721248,-3.187477,9.46773,0.654915,0.011418,0.022861,0.649544,0.08381,1.08939,0.0,0.418263,0.937673,0.0,0
0.137220069,212.416667,7.711421,-3.184539,9.457637,0.654693,0.011399,0.022831,0.649336,0.083688,1.088207,0.0,0.419067,0.937788,0.0,0
0.137273902,212.5,7.701603,-3.181595,9.447549,0.65447,0.01138,0.0228,0.649126,0.083566,1.087024,0.0,0.419871,0.937898,0.0,0
0.137327735,212.583333,7.691794,-3.178643,9.437467,0.654245,0.01136,0.02277,0.648915,0.083444,1.085842,0.0,0.420674,0.938007,0.0,0
0.137381568,212.666667,7.681995,-3.175685,9.42739,0.654018,0.011342,0.02274,0.648702,0.083321,1.08466,0.0,0.421475,0.938111,0.0,0
0.137435401,212.75,7.672204,-3.172721,9.417318,0.65379,0.011323,0.02271,0.648487,0.083199,1.083479,0.0,0.422275,0.938214,0.0,0
0.137489233,212.833333,7.662423,-3.169749,9.407252,0.65356,0.011304,0.022679,0.648271,0.083076,1.082299,0.0,0.423075,0.938314,0.0,0
0.137543066,212.916667,7.652651,-3.166771,9.397191,0.653328,0.011285,0.022649,0.648054,0.082953,1.08112,0.0,0.423873,0.938412,0.0,0
0.137596899,213.0,7.642888,-3.163786,9.387136,0.653095,0.011267,0.022618,0.647834,0.08283,1.079941,0.0,0.42467,0.938508,0.0,0
0.137650732,213.083333,7.633134,-3.160794,9.377086,0.652861,0.011249,0.022588,0.647613,0.082706,1.078762,0.0,0.425466,0.938602,0.0,0
0.137704565,213.166667,7.623389,-3.157796,9.367042,0.652624,0.011231,0.022557,0.647391,0.082583,1.077584,0.0,0.426261,0.938693,0.0,0
0.137758398,213.25,7.613654,-3.154791,9.357004,0.652387,0.011212,0.022526,0.647167,0.082459,1.076407,0.0,0.427055,0.938782,0.0,0
0.137812231,213.333333,7.603928,-3.151779,9.346971,0.652147,0.011195,0.022495,0.646941,0.082336,1.075231,0.0,0.427848,0.938869,0.0,0
0.137866064,213.416667,7.594211,-3.148761,9.336943,0.651906,0.011177,0.022465,0.646714,0.082212,1.074055,0.0,0.428639,0.938954,0.0,0
0.137919897,213.5,7.584504,-3.145736,9.326922,0.651664,0.011159,0.022434,0.646485,0.082088,1.07288,0.0,0.42943,0.939036,0.0,0
0.13797373,213.583333,7.574806,-3.142704,9.316906,0.65142,0.011141,0.022402,0.646255,0.081964,1.071706,0.0,0.430219,0.939117,0.0,0
0.138027562,213.666667,7.565117,-3.139666,9.306895,0.651175,0.011124,0.022371,0.646023,0.081839,1.070532,0.0,0.431008,0.939194,0.0,0
0.138081395,213.75,7.555438,-3.136621,9.296891,0.650928,0.011107,0.02234,0.64579,0.081715,1.069359,0.0,0.431795,0.93927,0.0,0
0.138135228,213.833333,7.545768,-3.13357,9.286892,0.650679,0.011089,0.022309,0.645555,0.08159,1.068187,0.0,0.432581,0.939343,0.0,0
0.138189061,213.916667,7.536108,-3.130511,9.276898,0.650429,0.011072,0.022278,0.645319,0.081466,1.067015,0.0,0.433366,0.939414,0.0,0
0.138242894,214.0,7.526457,-3.127447,9.266911,0.650177,0.011055,0.022246,0.645081,0.081341,1.065844,0.0,0.43415,0.939482,0.0,0
0.138296727,214.083333,7.516815,-3.124375,9.256929,0.649924,0.011038,0.022215,0.644841,0.081216,1.064673,0.0,0.434933,0.939549,0.0,0
0.13835056,214.166667,7.507183,-3.121297,9.246953,0.64967,0.011021,0.022184,0.644601,0.081091,1.063504,0.0,0.435715,0.939613,0.0,0
0.138404393,214.25,7.497561,-3.118212,9.236983,0.649414,0.011005,0.022152,0.644358,0.080966,1.062335,0.0,0.436496,0.939675,0.0,0
0.138458226,214.333333,7.487948,-3.115121,9.227019,0.649156,0.010988,0.022121,0.644114,0.080841,1.061166,0.0,0.437275,0.939736,0.0,0
0.138512059,214.416667,7.478344,-3.112023,9.217061,0.648898,0.010972,0.022089,0.643869,0.080715,1.059999,0.0,0.438053,0.939797,0.0,0
0.138565891,214.5,7.46875,-3.108919,9.207108,0.648637,0.010955,0.022058,0.643622,0.08059,1.058832,0.0,0.438831,0.939857,0.0,0
0.138619724,214.583333,7.459166,-3.105808,9.197162,0.648375,0.010939,0.022026,0.643374,0.080464,1.057665,0.0,0.439607,0.939917,0.0,0
0.138673557,214.666667,7.449591,-3.10269,9.187221,0.648112,0.010923,0.021995,0.643124,0.080339,1.0565,0.0,0.440382,0.939976,0.0,0
0.13872739,214.75,7.440026,-3.099566,9.177286,0.647847,0.010907,0.021963,0.642873,0.080213,1.055335,0.0,0.441156,0.940035,0.0,0
0.138781223,214.833333,7.43047,-3.096436,9.167358,0.647581,0.010891,0.021931,0.642621,0.080087,1.054171,0.0,0.441929,0.940093,0.0,0
0.138835056,214.916667,7.420925,-3.093298,9.157435,0.647314,0.010875,0.0219,0.642367,0.079961,1.053007,0.0,0.442701,0.940151,0.0,0
0.138888889,215.0,7.411389,-3.090155,9.147518,0.647045,0.01086,0.021868,0.642111,0.079835,1.051845,0.0,0.443471,0.940209,0.0,0
0.138942722,215.083333,7.401862,-3.087004,9.137608,0.646775,0.010844,0.021836,0.641855,0.079709,1.050683,0.0,0.444241,0.940267,0.0,0
0.138996555,215.166667,7.392345,-3.083847,9.127703,0.646503,0.010829,0.021805,0.641596,0.079583,1.049521,0.0,0.445009,0.940324,0.0,0
0.139050388,215.25,7.382838,-3.080684,9.117805,0.64623,0.010813,0.021773,0.641337,0.079456,1.048361,0.0,0.445776,0.940381,0.0,0
0.13910422,215.333333,7.373341,-3.077514,9.107912,0.645956,0.010798,0.021741,0.641076,0.07933,1.047201,0.0,0.446543,0.940438,0.0,0
0.139158053,215.416667,7.363854,-3.074338,9.098026,0.64568,0.010783,0.021709,0.640814,0.079203,1.046042,0.0,0.447308,0.940494,0.0,0
0.139211886,215.5,7.354376,-3.071155,9.088146,0.645403,0.010768,0.021678,0.64055,0.079077,1.044883,0.0,0.448072,0.94055,0.0,0
0.139265719,215.583333,7.344909,-3.067965,9.078272,0.645124,0.010753,0.021646,0.640285,0.07895,1.043725,0.0,0.448835,0.940606,0.0,0
0.139319552,215.666667,7.335451,-3.06477,9.068404,0.644844,0.010738,0.021615,0.640018,0.078824,1.042568,0.0,0.449597,0.940662,0.0,0
0.139373385,215.75,7.326003,-3.061567,9.058542,0.644563,0.010723,0.021583,0.639751,0.078697,1.041412,0.0,0.450357,0.940717,0.0,0
0.139427218,215.833333,7.316565,-3.058358,9.048687,0.644281,0.010709,0.021551,0.639482,0.07857,1.040256,0.0,0.451117,0.940772,0.0,0
0.139481051,215.916667,7.307136,-3.055143,9.038838,0.643997,0.010694,0.02152,0.639211,0.078443,1.039102,0.0,0.451876,0.940827,0.0,0
0.139534884,216.0,7.297718,-3.051921,9.028995,0.643712,0.01068,0.021489,0.63894,0.078316,1.037947,0.0,0.452633,0.940882,0.0,0
0.139588717,216.083333,7.28831,-3.048693,9.019158,0.643426,0.010665,0.021457,0.638667,0.078189,1.036794,0.0,0.453389,0.940937,0.0,0
0.13964255,216.166667,7.278911,-3.045458,9.009328,0.643138,0.010651,0.021426,0.638393,0.078062,1.035641,0.0,0.454145,0.940991,0.0,0
0.139696382,216.25,7.269523,-3.042217,8.999504,0.642849,0.010637,0.021395,0.638117,0.077935,1.03449,0.0,0.454899,0.941046,0.0,0
0.139750215,216.333333,7.260144,-3.03897,8.989686,0.642559,0.010623,0.021363,0.63784,0.077808,1.033338,0.0,0.455652,0.9411,0.0,0
0.139804048,216.416667,7.250776,-3.035716,8.979875,0.642268,0.010609,0.021332,0.637562,0.077681,1.032188,0.0,0.456404,0.941154,0.0,0
0.139857881,216.5,7.241418,-3.032455,8.97007,0.641975,0.010595,0.021301,0.637283,0.077553,1.031038,0.0,0.457155,0.941208,0.0,0
0.139911714,216.583333,7.232069,-3.029188,8.960271,0.641681,0.010581,0.02127,0.637002,0.077426,1.029889,0.0,0.457905,0.941262,0.0,0
0.139965547,216.666667,7.222731,-3.025915,8.950479,0.641386,0.010568,0.021239,0.63672,0.077299,1.028741,0.0,0.458654,0.941316,0.0,0
0.14001938,216.75,7.213403,-3.022636,8.940694,0.64109,0.010554,0.021208,0.636437,0.077171,1.027594,0.0,0.459401,0.941369,0.0,0
0.140073213,216.833333,7.204085,-3.01935,8.930915,0.640793,0.010541,0.021177,0.636153,0.077044,1.026447,0.0,0.460148,0.941423,0.0,0
0.140127046,216.916667,7.194777,-3.016057,8.921142,0.640494,0.010527,0.021146,0.635867,0.076916,1.025301,0.0,0.460894,0.941477,0.0,0
0.140180879,217.0,7.18548,-3.012758,8.911376,0.640194,0.010514,0.021116,0.635581,0.076789,1.024156,0.0,0.461638,0.941531,0.0,0
0.140234711,217.083333,7.176192,-3.009453,8.901616,0.639893,0.010501,0.021085,0.635293,0.076661,1.023012,0.0,0.462382,0.941585,0.0,0
0.140288544,217.166667,7.166915,-3.006142,8.891863,0.639591,0.010488,0.021054,0.635004,0.076534,1.021868,0.0,0.463124,0.941642,0.0,0
0.140342377,217.25,7.157648,-3.002824,8.882117,0.639287,0.010475,0.021023,0.634713,0.076406,1.020726,0.0,0.463865,0.941699,0.0,0
0.14039621,217.333333,7.148391,-2.999499,8.872377,0.638983,0.010462,0.020993,0.634422,0.076278,1.019584,0.0,0.464605,0.941759,0.0,0
0.140450043,217.416667,7.139145,-2.996169,8.862644,0.638677,0.010449,0.020962,0.634129,0.076151,1.018442,0.0,0.465345,0.941819,0.0,0
0.140503876,217.5,7.129909,-2.992832,8.852917,0.63837,0.010436,0.020931,0.633835,0.076023,1.017302,0.0,0.466083,0.94188,0.0,0
0.140557709,217.583333,7.120683,-2.989489,8.843197,0.638062,0.010423,0.0209,0.63354,0.075895,1.016162,0.0,0.46682,0.941943,0.0,0
0.140611542,217.666667,7.111467,-2.986139,8.833484,0.637753,0.010411,0.02087,0.633244,0.075768,1.015023,0.0,0.467556,0.942006,0.0,0
0.140665375,217.75,7.102262,-2.982783,8.823777,0.637443,0.010398,0.020839,0.632947,0.07564,1.013885,0.0,0.468291,0.94207,0.0,0
0.140719208,217.833333,7.093067,-2.979421,8.814078,0.637131,0.010386,0.020808,0.632649,0.075512,1.012748,0.0,0.469025,0.942134,0.0,0
0.14077304,217.916667,7.083882,-2.976052,8.804384,0.636819,0.010374,0.020778,0.632349,0.075385,1.011611,0.0,0.469758,0.942198,0.0,0
0.140826873,218.0,7.074708,-2.972678,8.794698,0.636506,0.010361,0.020747,0.632049,0.075257,1.010475,0.0,0.47049,0.942263,0.0,0
0.140880706,218.083333,7.065544,-2.969297,8.785019,0.636191,0.010349,0.020716,0.631747,0.075129,1.009341,0.0,0.471221,0.942329,0.0,0
0.140934539,218.166667,7.056391,-2.965909,8.775346,0.635875,0.010337,0.020686,0.631444,0.075001,1.008206,0.0,0.47195,0.942395,0.0,0
0.140988372,218.25,7.047248,-2.962516,8.76568,0.635559,0.010325,0.020655,0.631141,0.074874,1.007073,0.0,0.472679,0.942462,0.0,0
0.141042205,218.333333,7.038116,-2.959116,8.756021,0.635241,0.010313,0.020624,0.630836,0.074746,1.00594,0.0,0.473407,0.94253,0.0,0
0.141096038,218.416667,7.028994,-2.955709,8.746368,0.634922,0.010302,0.020594,0.63053,0.074618,1.004809,0.0,0.474134,0.942598,0.0,0
0.141149871,218.5,7.019883,-2.952297,8.736723,0.634602,0.01029,0.020563,0.630223,0.07449,1.003678,0.0,0.47486,0.942666,0.0,0
0.141203704,218.583333,7.010782,-2.948878,8.727085,0.634282,0.010278,0.020532,0.629915,0.074363,1.002548,0.0,0.475584,0.942734,0.0,0
0.141257537,218.666667,7.001692,-2.945453,8.717453,0.63396,0.010267,0.020502,0.629606,0.074235,1.001418,0.0,0.476308,0.942803,0.0,0
0.14131137,218.75,6.992612,-2.942022,8.707828,0.633637,0.010255,0.020471,0.629296,0.074107,1.00029,0.0,0.477031,0.942872,0.0,0
0.141365202,218.833333,6.983543,-2.938585,8.698211,0.633313,0.010244,0.02044,0.628985,0.07398,0.999162,0.0,0.477752,0.94294,0.0,0
0.141419035,218.916667,6.974485,-2.935141,8.6886,0.632988,0.010233,0.02041,0.628672,0.073852,0.998035,0.0,0.478473,0.943008,0.0,0
0.141472868,219.0,6.965437,-2.931692,8.678997,0.632662,0.010221,0.020379,0.628359,0.073724,0.996909,0.0,0.479193,0.943076,0.0,0
0.141526701,219.083333,6.9564,-2.928236,8.6694,0.632335,0.01021,0.020348,0.628045,0.073597,0.995784,0.0,0.479911,0.943144,0.0,0
0.141580534,219.166667,6.947373,-2.924773,8.65981,0.632008,0.010199,0.020317,0.62773,0.073469,0.99466,0.0,0.480629,0.943211,0.0,0
0.141634367,219.25,6.938357,-2.921305,8.650228,0.631679,0.010188,0.020287,0.627414,0.073341,0.993536,0.0,0.481346,0.943277,0.0,0
0.1416882,219.333333,6.929352,-2.91783,8.640652,0.631349,0.010177,0.020256,0.627097,0.073214,0.992413,0.0,0.482061,0.943343,0.0,0
0.141742033,219.416667,6.920358,-2.91435,8.631084,0.631019,0.010167,0.020225,0.626779,0.073086,0.991291,0.0,0.482776,0.943408,0.0,0
0.141795866,219.5,6.911374,-2.910863,8.621523,0.630687,0.010156,0.020194,0.62646,0.072959,0.99017,0.0,0.483489,0.943472,0.0,0
0.141849699,219.583333,6.902401,-2.90737,8.611969,0.630354,0.010145,0.020163,0.62614,0.072831,0.98905,0.0,0.484202,0.943534,0.0,0
0.141903531,219.666667,6.893439,-2.903871,8.602422,0.630021,0.010135,0.020132,0.625819,0.072704,0.987931,0.0,0.484914,0.943597,0.0,0
0.141957364,219.75,6.884488,-2.900365,8.592882,0.629687,0.010124,0.020102,0.625497,0.072576,0.986812,0.0,0.485624,0.943657,0.0,0
0.142011197,219.833333,6.875548,-2.896854,8.58335,0.629351,0.010114,0.020071,0.625174,0.072449,0.985694,0.0,0.486334,0.943716,0.0,0
0.14206503,219.916667,6.866618,-2.893336,8.573825,0.629015,0.010103,0.02004,0.62485,0.072322,0.984577,0.0,0.487042,0.943774,0.0,0
0.142118863,220.0,6.857699,-2.889812,8.564307,0.628678,0.010093,0.020009,0.624526,0.072194,0.983461,0.0,0.48775,0.94383,0.0,0
0.142172696,220.083333,6.848791,-2.886283,8.554796,0.62834,0.010083,0.019978,0.6242,0.072067,0.982346,0.0,0.488456,0.943885,0.0,0
0.142226529,220.166667,6.839894,-2.882747,8.545293,0.628001,0.010073,0.019948,0.623874,0.07194,0.981232,0.0,0.489162,0.943938,0.0,0
0.142280362,220.25,6.831008,-2.879205,8.535796,0.627661,0.010063,0.019917,0.623546,0.071813,0.980119,0.0,0.489866,0.943989,0.0,0
0.142334195,220.333333,6.822133,-2.875656,8.526308,0.627321,0.010053,0.019886,0.623218,0.071685,0.979006,0.0,0.49057,0.944038,0.0,0
0.142388028,220.416667,6.813269,-2.872102,8.516826,0.626979,0.010043,0.019856,0.622889,0.071558,0.977894,0.0,0.491272,0.944085,0.0,0
0.14244186,220.5,6.804416,-2.868542,8.507352,0.626637,0.010033,0.019825,0.622558,0.071431,0.976783,0.0,0.491974,0.94413,0.0,0
0.142495693,220.583333,6.795573,-2.864976,8.497885,0.626293,0.010023,0.019794,0.622227,0.071304,0.975673,0.0,0.492674,0.944173,0.0,0
0.142549526,220.666667,6.786742,-2.861403,8.488426,0.625949,0.010013,0.019764,0.621896,0.071177,0.974564,0.0,0.493374,0.944213,0.0,0
0.142603359,220.75,6.777922,-2.857825,8.478974,0.625604,0.010004,0.019733,0.621563,0.07105,0.973456,0.0,0.494072,0.944252,0.0,0
0.142657192,220.833333,6.769113,-2.85424,8.46953,0.625258,0.009994,0.019702,0.621229,0.070924,0.972349,0.0,0.49477,0.944286,0.0,0
0.142711025,220.916667,6.760315,-2.85065,8.460093,0.624912,0.009985,0.019671,0.620895,0.070797,0.971242,0.0,0.495466,0.944321,0.0,0
0.142764858,221.0,6.751528,-2.847053,8.450663,0.624564,0.009975,0.01964,0.620559,0.07067,0.970136,0.0,0.496161,0.94435,0.0,0
0.142818691,221.083333,6.742752,-2.84345,8.441241,0.624216,0.009966,0.019609,0.620223,0.070543,0.969032,0.0,0.496856,0.944378,0.0,0
0.142872524,221.166667,6.733987,-2.839842,8.431827,0.623867,0.009957,0.019577,0.619886,0.070417,0.967928,0.0,0.497549,0.944402,0.0,0
0.142926357,221.25,6.725233,-2.836227,8.42242,0.623517,0.009948,0.019546,0.619548,0.07029,0.966825,0.0,0.498241,0.944424,0.0,0
0.142980189,221.333333,6.716491,-2.832606,8.413021,0.623166,0.009939,0.019515,0.619209,0.070164,0.965723,0.0,0.498932,0.944442,0.0,0
0.143034022,221.416667,6.70776,-2.82898,8.403629,0.622814,0.00993,0.019483,0.61887,0.070037,0.964622,0.0,0.499622,0.944458,0.0,0
0.143087855,221.5,6.69904,-2.825347,8.394245,0.622462,0.009921,0.019451,0.618529,0.069911,0.963521,0.0,0.500312,0.94447,0.0,0
0.143141688,221.583333,6.690331,-2.821709,8.384868,0.622109,0.009912,0.01942,0.618188,0.069784,0.962422,0.0,0.501,0.94448,0.0,0
0.143195521,221.666667,6.681633,-2.818064,8.3755,0.621755,0.009903,0.019388,0.617846,0.069658,0.961323,0.0,0.501687,0.944489,0.0,0
0.143249354,221.75,6.672947,-2.814414,8.366138,0.6214,0.009894,0.019356,0.617503,0.069532,0.960226,0.0,0.502372,0.944498,0.0,0
0.143303187,221.833333,6.664272,-2.810757,8.356785,0.621044,0.009885,0.019325,0.61716,0.069406,0.959129,0.0,0.503057,0.944507,0.0,0
0.14335702,221.916667,6.655608,-2.807095,8.347439,0.620688,0.009877,0.019293,0.616815,0.06928,0.958033,0.0,0.503741,0.944518,0.0,0
0.143410853,222.0,6.646955,-2.803426,8.338101,0.620331,0.009868,0.019261,0.61647,0.069154,0.956938,0.0,0.504424,0.944531,0.0,0
0.143464686,222.083333,6.638314,-2.799752,8.328771,0.619973,0.00986,0.019229,0.616124,0.069028,0.955844,0.0,0.505106,0.944546,0.0,0
0.143518519,222.166667,6.629684,-2.796072,8.319448,0.619614,0.009851,0.019198,0.615777,0.068902,0.954751,0.0,0.505787,0.944562,0.0,0
0.143572351,222.25,6.621066,-2.792386,8.310134,0.619255,0.009843,0.019166,0.615429,0.068776,0.953659,0.0,0.506466,0.944582,0.0,0
0.143626184,222.333333,6.612458,-2.788694,8.300827,0.618895,0.009834,0.019134,0.615081,0.068651,0.952568,0.0,0.507145,0.944601,0.0,0
0.143680017,222.416667,6.603863,-2.784996,8.291528,0.618534,0.009826,0.019102,0.614732,0.068525,0.951477,0.0,0.507823,0.944625,0.0,0
0.14373385,222.5,6.595278,-2.781292,8.282236,0.618172,0.009818,0.019071,0.614382,0.0684,0.950388,0.0,0.508499,0.944648,0.0,0
0.143787683,222.583333,6.586705,-2.777582,8.272953,0.61781,0.00981,0.019039,0.614032,0.068274,0.949299,0.0,0.509175,0.944674,0.0,0
0.143841516,222.666667,6.578144,-2.773867,8.263677,0.617447,0.009802,0.019008,0.61368,0.068149,0.948212,0.0,0.50985,0.944701,0.0,0
0.143895349,222.75,6.569594,-2.770145,8.25441,0.617084,0.009794,0.018976,0.613328,0.068024,0.947125,0.0,0.510523,0.944729,0.0,0
0.143949182,222.833333,6.561056,-2.766418,8.24515,0.616719,0.009786,0.018945,0.612976,0.067899,0.946039,0.0,0.511196,0.944759,0.0,0
0.144003015,222.916667,6.552529,-2.762685,8.235898,0.616354,0.009778,0.018913,0.612622,0.067774,0.944955,0.0,0.511868,0.94479,0.0,0
0.144056848,223.0,6.544013,-2.758946,8.226654,0.615989,0.00977,0.018882,0.612268,0.067649,0.943871,0.0,0.512538,0.944822,0.0,0
0.14411068,223.083333,6.535509,-2.755201,8.217419,0.615622,0.009762,0.018851,0.611913,0.067524,0.942788,0.0,0.513208,0.944855,0.0,0
0.144164513,223.166667,6.527017,-2.75145,8.208191,0.615255,0.009755,0.01882,0.611558,0.067399,0.941706,0.0,0.513877,0.94489,0.0,0
0.144218346,223.25,6.518536,-2.747694,8.198971,0.614888,0.009747,0.018789,0.611202,0.067274,0.940625,0.0,0.514544,0.944925,0.0,0
0.144272179,223.333333,6.510067,-2.743931,8.189759,0.61452,0.00974,0.018758,0.610845,0.06715,0.939545,0.0,0.515211,0.944962,0.0,0
0.144326012,223.416667,6.501609,-2.740163,8.180556,0.614151,0.009732,0.018728,0.610488,0.067025,0.938466,0.0,0.515877,0.944999,0.0,0
0.144379845,223.5,6.493163,-2.736389,8.17136,0.613781,0.009725,0.018697,0.61013,0.066901,0.937387,0.0,0.516541,0.945038,0.0,0
0.144433678,223.583333,6.484729,-2.73261,8.162173,0.613411,0.009717,0.018667,0.609771,0.066777,0.93631,0.0,0.517205,0.945077,0.0,0
0.144487511,223.666667,6.476306,-2.728824,8.152993,0.613041,0.00971,0.018637,0.609412,0.066652,0.935234,0.0,0.517868,0.945117,0.0,0
0.144541344,223.75,6.467896,-2.725033,8.143822,0.61267,0.009703,0.018607,0.609052,0.066528,0.934158,0.0,0.51853,0.945157,0.0,0
0.144595177,223.833333,6.459496,-2.721236,8.134659,0.612298,0.009695,0.018577,0.608691,0.066404,0.933084,0.0,0.519191,0.945198,0.0,0
0.144649009,223.916667,6.451109,-2.717433,8.125504,0.611925,0.009688,0.018547,0.60833,0.066281,0.932011,0.0,0.519851,0.945239,0.0,0
0.144702842,224.0,6.442733,-2.713625,8.116357,0.611552,0.009681,0.018518,0.607969,0.066157,0.930938,0.0,0.52051,0.945281,0.0,0
0.144756675,224.083333,6.434369,-2.70981,8.107219,0.611179,0.009674,0.018489,0.607606,0.066033,0.929867,0.0,0.521168,0.945323,0.0,0
0.144810508,224.166667,6.426017,-2.70599,8.098088,0.610805,0.009667,0.018459,0.607243,0.06591,0.928796,0.0,0.521825,0.945365,0.0,0
0.144864341,224.25,6.417676,-2.702165,8.088966,0.61043,0.00966,0.018431,0.60688,0.065786,0.927726,0.0,0.522481,0.945408,0.0,0
0.144918174,224.333333,6.409348,-2.698333,8.079853,0.610055,0.009653,0.018402,0.606516,0.065663,0.926658,0.0,0.523136,0.945451,0.0,0
0.144972007,224.416667,6.401031,-2.694496,8.070747,0.609679,0.009647,0.018374,0.606151,0.06554,0.92559,0.0,0.52379,0.945494,0.0,0
0.14502584,224.5,6.392726,-2.690653,8.06165,0.609303,0.00964,0.018345,0.605786,0.065417,0.924523,0.0,0.524444,0.945537,0.0,0
0.145079673,224.583333,6.384433,-2.686805,8.052561,0.608926,0.009633,0.018317,0.60542,0.065294,0.923458,0.0,0.525096,0.94558,0.0,0
0.145133506,224.666667,6.376152,-2.682951,8.043481,0.608549,0.009626,0.018289,0.605054,0.065171,0.922393,0.0,0.525747,0.945623,0.0,0
0.145187339,224.75,6.367882,-2.679091,8.034409,0.608171,0.00962,0.018261,0.604687,0.065048,0.921329,0.0,0.526398,0.945665,0.0,0
0.145241171,224.833333,6.359625,-2.675225,8.025345,0.607793,0.009613,0.018233,0.60432,0.064926,0.920267,0.0,0.527047,0.945708,0.0,0
0.145295004,224.916667,6.351379,-2.671354,8.01629,0.607414,0.009607,0.018205,0.603952,0.064803,0.919205,0.0,0.527696,0.94575,0.0,0
0.145348837,225.0,6.343146,-2.667477,8.007243,0.607035,0.0096,0.018177,0.603583,0.064681,0.918144,0.0,0.528344,0.945792,0.0,0
0.14540267,225.083333,6.334924,-2.663594,7.998204,0.606655,0.009594,0.018149,0.603215,0.064559,0.917084,0.0,0.52899,0.945834,0.0,0
0.145456503,225.166667,6.326715,-2.659706,7.989174,0.606274,0.009588,0.018121,0.602845,0.064437,0.916026,0.0,0.529636,0.945875,0.0,0
0.145510336,225.25,6.318517,-2.655813,7.980153,0.605894,0.009581,0.018093,0.602475,0.064315,0.914968,0.0,0.530281,0.945916,0.0,0
0.145564169,225.333333,6.310331,-2.651913,7.97114,0.605512,0.009575,0.018065,0.602105,0.064193,0.913911,0.0,0.530925,0.945955,0.0,0
0.145618002,225.416667,6.302158,-2.648008,7.962136,0.605131,0.009569,0.018036,0.601734,0.064071,0.912855,0.0,0.531568,0.945995,0.0,0
0.145671835,225.5,6.293996,-2.644098,7.95314,0.604749,0.009563,0.018008,0.601363,0.06395,0.9118,0.0,0.53221,0.946033,0.0,0
0.145725668,225.583333,6.285847,-2.640181,7.944152,0.604366,0.009557,0.01798,0.600991,0.063829,0.910747,0.0,0.532851,0.946071,0.0,0
0.1457795,225.666667,6.27771,-2.63626,7.935174,0.603983,0.009551,0.017952,0.600618,0.063707,0.909694,0.0,0.533491,0.946108,0.0,0
0.145833333,225.75,6.269584,-2.632332,7.926203,0.6036,0.009545,0.017924,0.600246,0.063586,0.908642,0.0,0.53413,0.946145,0.0,0
0.145887166,225.833333,6.261471,-2.628399,7.917242,0.603216,0.009539,0.017896,0.599872,0.063465,0.907591,0.0,0.534768,0.946181,0.0,0
0.145940999,225.916667,6.25337,-2.624461,7.908289,0.602831,0.009533,0.017868,0.599499,0.063344,0.906541,0.0,0.535406,0.946216,0.0,0
0.145994832,226.0,6.245282,-2.620517,7.899345,0.602447,0.009527,0.01784,0.599124,0.063223,0.905493,0.0,0.536042,0.946252,0.0,0
0.146048665,226.083333,6.237205,-2.616567,7.890409,0.602061,0.009522,0.017812,0.59875,0.063103,0.904445,0.0,0.536678,0.946288,0.0,0
0.146102498,226.166667,6.229141,-2.612612,7.881482,0.601676,0.009516,0.017784,0.598375,0.062982,0.903398,0.0,0.537312,0.946324,0.0,0
0.146156331,226.25,6.221088,-2.608651,7.872564,0.60129,0.00951,0.017756,0.597999,0.062862,0.902353,0.0,0.537946,0.94636,0.0,0
0.146210164,226.333333,6.213048,-2.604685,7.863655,0.600903,0.009505,0.017728,0.597623,0.062742,0.901308,0.0,0.538579,0.946396,0.0,0
0.146263997,226.416667,6.205021,-2.600714,7.854754,0.600517,0.009499,0.0177,0.597247,0.062622,0.900264,0.0,0.53921,0.946429,0.0,0
0.146317829,226.5,6.197005,-2.596736,7.845862,0.60013,0.009494,0.017673,0.59687,0.062502,0.899222,0.0,0.539841,0.946459,0.0,0
0.146371662,226.583333,6.189002,-2.592754,7.836979,0.599742,0.009488,0.017645,0.596493,0.062382,0.89818,0.0,0.540471,0.946487,0.0,0
0.146425495,226.666667,6.181011,-2.588766,7.828105,0.599354,0.009483,0.017617,0.596116,0.062263,0.89714,0.0,0.5411,0.946508,0.0,0
0.146479328,226.75,6.173032,-2.584772,7.819239,0.598966,0.009478,0.017589,0.595738,0.062143,0.8961,0.0,0.541728,0.946529,0.0,0
0.146533161,226.833333,6.165066,-2.580773,7.810382,0.598577,0.009472,0.017561,0.595359,0.062024,0.895062,0.0,0.542355,0.946542,0.0,0
0.146586994,226.916667,6.157112,-2.576768,7.801535,0.598188,0.009467,0.017534,0.594981,0.061905,0.894024,0.0,0.542981,0.946554,0.0,0
0.146640827,227.0,6.14917,-2.572758,7.792696,0.597799,0.009462,0.017506,0.594602,0.061786,0.892988,0.0,0.543606,0.946561,0.0,0
0.14669466,227.083333,6.141241,-2.568743,7.783866,0.597409,0.009457,0.017478,0.594222,0.061667,0.891952,0.0,0.544231,0.946565,0.0,0
0.146748493,227.166667,6.133324,-2.564722,7.775045,0.597019,0.009452,0.01745,0.593842,0.061548,0.890918,0.0,0.544854,0.946566,0.0,0
0.146802326,227.25,6.12542,-2.560696,7.766232,0.596628,0.009446,0.017423,0.593462,0.06143,0.889885,0.0,0.545476,0.946563,0.0,0
0.146856158,227.333333,6.117528,-2.556664,7.757429,0.596238,0.009441,0.017395,0.593081,0.061311,0.888853,0.0,0.546097,0.946559,0.0,0
0.146909991,227.416667,6.109648,-2.552627,7.748635,0.595846,0.009436,0.017368,0.5927,0.061193,0.887822,0.0,0.546718,0.946549,0.0,0
0.146963824,227.5,6.101781,-2.548584,7.73985,0.595455,0.009432,0.01734,0.592319,0.061075,0.886791,0.0,0.547337,0.946539,0.0,0
0.147017657,227.583333,6.093927,-2.544537,7.731074,0.595063,0.009427,0.017313,0.591937,0.060957,0.885762,0.0,0.547956,0.946523,0.0,0
0.14707149,227.666667,6.086085,-2.540483,7.722306,0.594671,0.009422,0.017285,0.591555,0.060839,0.884734,0.0,0.548573,0.946507,0.0,0
0.147125323,227.75,6.078255,-2.536425,7.713548,0.594278,0.009417,0.017258,0.591172,0.060722,0.883708,0.0,0.549189,0.946487,0.0,0
0.147179156,227.833333,6.070438,-2.53236,7.704799,0.593885,0.009412,0.01723,0.590789,0.060604,0.882682,0.0,0.549805,0.946465,0.0,0
0.147232989,227.916667,6.062633,-2.528291,7.696059,0.593492,0.009408,0.017203,0.590406,0.060487,0.881657,0.0,0.550419,0.94644,0.0,0
0.147286822,228.0,6.054841,-2.524216,7.687328,0.593099,0.009403,0.017176,0.590022,0.06037,0.880633,0.0,0.551033,0.946413,0.0,0
0.147340655,228.083333,6.047062,-2.520136,7.678607,0.592705,0.009398,0.017148,0.589638,0.060253,0.879611,0.0,0.551645,0.946384,0.0,0
0.147394488,228.166667,6.039295,-2.516051,7.669894,0.592311,0.009394,0.017121,0.589254,0.060136,0.878589,0.0,0.552257,0.946352,0.0,0
0.14744832,228.25,6.031541,-2.51196,7.66119,0.591916,0.009389,0.017094,0.58887,0.060019,0.877568,0.0,0.552867,0.94632,0.0,0
0.147502153,228.333333,6.023799,-2.507864,7.652496,0.591522,0.009385,0.017067,0.588485,0.059902,0.876549,0.0,0.553476,0.946283,0.0,0
0.147555986,228.416667,6.016071,-2.503763,7.643811,0.591127,0.00938,0.01704,0.588099,0.059786,0.875531,0.0,0.554085,0.946247,0.0,0
0.147609819,228.5,6.008354,-2.499656,7.635135,0.590731,0.009376,0.017013,0.587714,0.05967,0.874513,0.0,0.554692,0.946208,0.0,0
0.147663652,228.583333,6.000651,-2.495544,7.626469,0.590336,0.009372,0.016986,0.587328,0.059554,0.873497,0.0,0.555299,0.946167,0.0,0
0.147717485,228.666667,5.99296,-2.491427,7.617811,0.58994,0.009367,0.016959,0.586942,0.059438,0.872482,0.0,0.555904,0.946126,0.0,0
0.147771318,228.75,5.985282,-2.487304,7.609163,0.589544,0.009363,0.016932,0.586555,0.059322,0.871468,0.0,0.556509,0.946081,0.0,0
0.147825151,228.833333,5.977616,-2.483177,7.600524,0.589147,0.009359,0.016906,0.586169,0.059207,0.870455,0.0,0.557112,0.946037,0.0,0
0.147878984,228.916667,5.969963,-2.479044,7.591895,0.58875,0.009355,0.016879,0.585781,0.059091,0.869443,0.0,0.557715,0.94599,0.0,0
0.147932817,229.0,5.962323,-2.474905,7.583275,0.588353,0.009351,0.016853,0.585394,0.058976,0.868433,0.0,0.558316,0.945943,0.0,0
0.147986649,229.083333,5.954696,-2.470762,7.574664,0.587956,0.009346,0.016826,0.585006,0.058861,0.867423,0.0,0.558916,0.945895,0.0,0
0.148040482,229.166667,5.947082,-2.466613,7.566062,0.587559,0.009342,0.0168,0.584619,0.058746,0.866414,0.0,0.559516,0.945846,0.0,0
0.148094315,229.25,5.93948,-2.462459,7.55747,0.587161,0.009338,0.016773,0.58423,0.058631,0.865407,0.0,0.560114,0.945796,0.0,0
0.148148148,229.333333,5.931891,-2.4583,7.548887,0.586763,0.009334,0.016747,0.583842,0.058517,0.864401,0.0,0.560712,0.945744,0.0,0
0.148201981,229.416667,5.924315,-2.454136,7.540314,0.586365,0.009331,0.016721,0.583453,0.058402,0.863395,0.0,0.561308,0.945693,0.0,0
0.148255814,229.5,5.916752,-2.449966,7.53175,0.585966,0.009327,0.016695,0.583064,0.058288,0.862391,0.0,0.561904,0.94564,0.0,0
0.148309647,229.583333,5.909202,-2.445791,7.523196,0.585568,0.009323,0.016669,0.582675,0.058174,0.861388,0.0,0.562498,0.945587,0.0,0
0.14836348,229.666667,5.901665,-2.441612,7.514651,0.585169,0.009319,0.016643,0.582285,0.05806,0.860386,0.0,0.563091,0.945534,0.0,0
0.148417313,229.75,5.89414,-2.437427,7.506115,0.58477,0.009315,0.016617,0.581896,0.057946,0.859385,0.0,0.563684,0.94548,0.0,0
0.148471146,229.833333,5.886629,-2.433236,7.49759,0.584371,0.009312,0.016592,0.581506,0.057833,0.858386,0.0,0.564275,0.945426,0.0,0
0.148524978,229.916667,5.87913,-2.429041,7.489073,0.583971,0.009308,0.016566,0.581116,0.05772,0.857387,0.0,0.564865,0.945372,0.0,0
0.148578811,230.0,5.871644,-2.42484,7.480566,0.583572,0.009304,0.01654,0.580725,0.057606,0.85639,0.0,0.565455,0.945317,0.0,0
0.148632644,230.083333,5.864172,-2.420635,7.472069,0.583172,0.009301,0.016514,0.580334,0.057493,0.855393,0.0,0.566043,0.945263,0.0,0
0.148686477,230.166667,5.856712,-2.416424,7.463581,0.582772,0.009297,0.016489,0.579944,0.057381,0.854398,0.0,0.566631,0.945209,0.0,0
0.14874031,230.25,5.849265,-2.412208,7.455103,0.582371,0.009294,0.016463,0.579553,0.057268,0.853404,0.0,0.567217,0.945156,0.0,0
0.148794143,230.333333,5.841832,-2.407987,7.446634,0.581971,0.00929,0.016438,0.579161,0.057155,0.852411,0.0,0.567802,0.945103,0.0,0
0.148847976,230.416667,5.834411,-2.403761,7.438176,0.58157,0.009287,0.016412,0.57877,0.057043,0.851419,0.0,0.568387,0.94505,0.0,0
0.148901809,230.5,5.827003,-2.39953,7.429726,0.58117,0.009283,0.016387,0.578378,0.056931,0.850429,0.0,0.56897,0.944998,0.0,0
0.148955642,230.583333,5.819609,-2.395294,7.421287,0.580769,0.00928,0.016361,0.577987,0.056819,0.849439,0.0,0.569553,0.944947,0.0,0
0.149009475,230.666667,5.812227,-2.391053,7.412857,0.580368,0.009276,0.016335,0.577595,0.056707,0.848451,0.0,0.570134,0.944897,0.0,0
0.149063307,230.75,5.804859,-2.386806,7.404437,0.579967,0.009273,0.01631,0.577202,0.056596,0.847463,0.0,0.570715,0.944847,0.0,0
0.14911714,230.833333,5.797504,-2.382555,7.396026,0.579565,0.00927,0.016284,0.57681,0.056484,0.846477,0.0,0.571294,0.944798,0.0,0
0.149170973,230.916667,5.790161,-2.378298,7.387625,0.579164,0.009267,0.016259,0.576418,0.056373,0.845492,0.0,0.571873,0.944751,0.0,0
0.149224806,231.0,5.782832,-2.374037,7.379235,0.578763,0.009264,0.016234,0.576025,0.056262,0.844508,0.0,0.57245,0.944703,0.0,0
0.149278639,231.083333,5.775516,-2.369771,7.370853,0.578361,0.00926,0.016208,0.575632,0.056151,0.843526,0.0,0.573027,0.944659,0.0,0
0.149332472,231.166667,5.768214,-2.365499,7.362482,0.577959,0.009257,0.016183,0.57524,0.056041,0.842544,0.0,0.573603,0.944614,0.0,0
0.149386305,231.25,5.760924,-2.361223,7.35412,0.577557,0.009254,0.016157,0.574847,0.05593,0.841564,0.0,0.574177,0.944572,0.0,0
0.149440138,231.333333,5.753648,-2.356941,7.345769,0.577155,0.009251,0.016131,0.574453,0.05582,0.840584,0.0,0.574751,0.94453,0.0,0
0.149493971,231.416667,5.746385,-2.352655,7.337427,0.576753,0.009248,0.016106,0.57406,0.05571,0.839606,0.0,0.575324,0.944489,0.0,0
0.149547804,231.5,5.739135,-2.348363,7.329095,0.576351,0.009245,0.01608,0.573667,0.0556,0.838629,0.0,0.575896,0.944448,0.0,0
0.149601637,231.583333,5.731898,-2.344067,7.320772,0.575949,0.009242,0.016055,0.573274,0.05549,0.837653,0.0,0.576467,0.944407,0.0,0
0.149655469,231.666667,5.724675,-2.339765,7.31246,0.575547,0.009239,0.016029,0.57288,0.055381,0.836679,0.0,0.577037,0.944363,0.0,0
0.149709302,231.75,5.717465,-2.335459,7.304158,0.575145,0.009236,0.016003,0.572486,0.055271,0.835705,0.0,0.577606,0.944318,0.0,0
0.149763135,231.833333,5.710268,-2.331148,7.295865,0.574742,0.009234,0.015978,0.572093,0.055162,0.834733,0.0,0.578174,0.944271,0.0,0
0.149816968,231.916667,5.703084,-2.326831,7.287583,0.57434,0.009231,0.015952,0.571699,0.055053,0.833762,0.0,0.578741,0.944223,0.0,0
0.149870801,232.0,5.695914,-2.32251,7.27931,0.573937,0.009228,0.015926,0.571305,0.054945,0.832792,0.0,0.579307,0.944175,0.0,0
0.149924634,232.083333,5.688757,-2.318184,7.271048,0.573535,0.009225,0.0159,0.570911,0.054836,0.831823,0.0,0.579872,0.944123,0.0,0
0.149978467,232.166667,5.681614,-2.313853,7.262795,0.573132,0.009223,0.015874,0.570517,0.054728,0.830855,0.0,0.580436,0.944072,0.0,0
0.1500323,232.25,5.674483,-2.309518,7.254553,0.57273,0.00922,0.015848,0.570123,0.054619,0.829889,0.0,0.580999,0.944019,0.0,0
0.150086133,232.333333,5.667367,-2.305177,7.24632,0.572327,0.009217,0.015823,0.569729,0.054511,0.828924,0.0,0.581562,0.943965,0.0,0
0.150139966,232.416667,5.660263,-2.300831,7.238098,0.571925,0.009215,0.015796,0.569335,0.054404,0.82796,0.0,0.582123,0.943911,0.0,0
0.150193798,232.5,5.653173,-2.296481,7.229886,0.571522,0.009212,0.01577,0.56894,0.054296,0.826997,0.0,0.582683,0.943855,0.0,0
0.150247631,232.583333,5.646097,-2.292125,7.221683,0.571119,0.00921,0.015744,0.568546,0.054189,0.826035,0.0,0.583243,0.943798,0.0,0
0.150301464,232.666667,5.639034,-2.287765,7.213491,0.570717,0.009207,0.015718,0.568152,0.054082,0.825074,0.0,0.583801,0.94374,0.0,0
0.150355297,232.75,5.631984,-2.2834,7.205309,0.570314,0.009205,0.015692,0.567758,0.053975,0.824115,0.0,0.584359,0.943682,0.0,0
0.15040913,232.833333,5.624948,-2.27903,7.197137,0.569911,0.009202,0.015665,0.567363,0.053868,0.823157,0.0,0.584915,0.943623,0.0,0
0.150462963,232.916667,5.617925,-2.274656,7.188976,0.569508,0.0092,0.015639,0.566969,0.053761,0.8222,0.0,0.585471,0.943563,0.0,0
0.150516796,233.0,5.610916,-2.270276,7.180824,0.569106,0.009198,0.015612,0.566574,0.053655,0.821244,0.0,0.586026,0.943503,0.0,0
0.150570629,233.083333,5.60392,-2.265892,7.172683,0.568703,0.009195,0.015586,0.56618,0.053549,0.82029,0.0,0.586579,0.943442,0.0,0
0.150624462,233.166667,5.596938,-2.261503,7.164552,0.5683,0.009193,0.015559,0.565785,0.053443,0.819336,0.0,0.587132,0.943381,0.0,0
0.150678295,233.25,5.589969,-2.257109,7.156431,0.567898,0.009191,0.015532,0.565391,0.053337,0.818384,0.0,0.587684,0.943319,0.0,0
0.150732127,233.333333,5.583014,-2.25271,7.14832,0.567495,0.009189,0.015506,0.564996,0.053231,0.817433,0.0,0.588235,0.943257,0.0,0
0.15078596,233.416667,5.576073,-2.248307,7.14022,0.567092,0.009186,0.015479,0.564602,0.053126,0.816483,0.0,0.588785,0.943195,0.0,0
0.150839793,233.5,5.569145,-2.243899,7.13213,0.56669,0.009184,0.015452,0.564208,0.053021,0.815535,0.0,0.589334,0.943132,0.0,0
0.150893626,233.583333,5.562231,-2.239486,7.12405,0.566287,0.009182,0.015425,0.563813,0.052916,0.814587,0.0,0.589882,0.943069,0.0,0
0.150947459,233.666667,5.55533,-2.235068,7.11598,0.565885,0.00918,0.015398,0.563419,0.052811,0.813641,0.0,0.590429,0.943006,0.0,0
0.151001292,233.75,5.548443,-2.230646,7.107921,0.565483,0.009178,0.015371,0.563024,0.052706,0.812696,0.0,0.590975,0.942942,0.0,0
0.151055125,233.833333,5.54157,-2.226219,7.099872,0.56508,0.009176,0.015344,0.56263,0.052602,0.811752,0.0,0.59152,0.942879,0.0,0
0.151108958,233.916667,5.53471,-2.221787,7.091834,0.564678,0.009174,0.015316,0.562236,0.052498,0.81081,0.0,0.592064,0.942816,0.0,0
0.151162791,234.0,5.527864,-2.217351,7.083806,0.564276,0.009172,0.015289,0.561841,0.052394,0.809868,0.0,0.592608,0.942752,0.0,0
0.151216624,234.083333,5.521032,-2.212909,7.075788,0.563874,0.00917,0.015261,0.561447,0.05229,0.808928,0.0,0.59315,0.942689,0.0,0
0.151270457,234.166667,5.514213,-2.208464,7.067781,0.563471,0.009168,0.015234,0.561053,0.052186,0.807989,0.0,0.593691,0.942626,0.0,0
0.151324289,234.25,5.507408,-2.204013,7.059784,0.563069,0.009166,0.015206,0.560659,0.052083,0.807052,0.0,0.594232,0.942564,0.0,0
0.151378122,234.333333,5.500617,-2.199558,7.051798,0.562668,0.009164,0.015178,0.560265,0.05198,0.806115,0.0,0.594771,0.942501,0.0,0
0.151431955,234.416667,5.49384,-2.195098,7.043822,0.562266,0.009163,0.015151,0.559871,0.051877,0.80518,0.0,0.59531,0.942439,0.0,0
0.151485788,234.5,5.487076,-2.190633,7.035857,0.561864,0.009161,0.015123,0.559477,0.051774,0.804246,0.0,0.595848,0.942377,0.0,0
0.151539621,234.583333,5.480326,-2.186164,7.027902,0.561463,0.009159,0.015095,0.559083,0.051672,0.803314,0.0,0.596385,0.942315,0.0,0
0.151593454,234.666667,5.47359,-2.181691,7.019957,0.561061,0.009157,0.015066,0.558689,0.051569,0.802382,0.0,0.59692,0.942253,0.0,0
0.151647287,234.75,5.466868,-2.177212,7.012023,0.56066,0.009156,0.015038,0.558296,0.051467,0.801452,0.0,0.597455,0.942192,0.0,0
0.15170112,234.833333,5.460159,-2.172729,7.0041,0.560259,0.009154,0.01501,0.557902,0.051365,0.800523,0.0,0.597989,0.94213,0.0,0
0.151754953,234.916667,5.453464,-2.168242,6.996187,0.559857,0.009152,0.014982,0.557509,0.051264,0.799595,0.0,0.598522,0.942069,0.0,0
0.151808786,235.0,5.446784,-2.163749,6.988285,0.559456,0.009151,0.014953,0.557116,0.051162,0.798668,0.0,0.599054,0.942009,0.0,0
0.151862618,235.083333,5.440117,-2.159253,6.980394,0.559056,0.009149,0.014925,0.556722,0.051061,0.797743,0.0,0.599586,0.941948,0.0,0
0.151916451,235.166667,5.433464,-2.154751,6.972513,0.558655,0.009148,0.014896,0.556329,0.05096,0.796819,0.0,0.600116,0.941889,0.0,0
0.151970284,235.25,5.426824,-2.150246,6.964642,0.558254,0.009146,0.014867,0.555936,0.050859,0.795896,0.0,0.600645,0.94183,0.0,0
0.152024117,235.333333,5.420199,-2.145735,6.956783,0.557854,0.009145,0.014838,0.555543,0.050759,0.794975,0.0,0.601174,0.941771,0.0,0
0.15207795,235.416667,5.413588,-2.14122,6.948934,0.557454,0.009143,0.014809,0.555151,0.050658,0.794054,0.0,0.601701,0.941714,0.0,0
0.152131783,235.5,5.40699,-2.136701,6.941096,0.557054,0.009142,0.01478,0.554758,0.050558,0.793135,0.0,0.602228,0.941657,0.0,0
0.152185616,235.583333,5.400407,-2.132177,6.933268,0.556654,0.00914,0.014751,0.554366,0.050458,0.792217,0.0,0.602754,0.941602,0.0,0
0.152239449,235.666667,5.393838,-2.127648,6.925451,0.556254,0.009139,0.014722,0.553973,0.050358,0.791301,0.0,0.603279,0.941547,0.0,0
0.152293282,235.75,5.387282,-2.123115,6.917645,0.555855,0.009138,0.014693,0.553581,0.050259,0.790386,0.0,0.603803,0.941493,0.0,0
0.152347115,235.833333,5.38074,-2.118578,6.90985,0.555455,0.009136,0.014664,0.553189,0.050159,0.789472,0.0,0.604326,0.941441,0.0,0
0.152400947,235.916667,5.374213,-2.114036,6.902065,0.555056,0.009135,0.014634,0.552798,0.05006,0.788559,0.0,0.604848,0.941389,0.0,0
0.15245478,236.0,5.367699,-2.109489,6.894291,0.554657,0.009134,0.014605,0.552406,0.049961,0.787647,0.0,0.605369,0.94134,0.0,0
0.152508613,236.083333,5.3612,-2.104938,6.886528,0.554259,0.009132,0.014576,0.552015,0.049863,0.786737,0.0,0.60589,0.941292,0.0,0
0.152562446,236.166667,5.354714,-2.100383,6.878776,0.55386,0.009131,0.014546,0.551623,0.049764,0.785828,0.0,0.606409,0.941244,0.0,0
0.152616279,236.25,5.348243,-2.095823,6.871035,0.553462,0.00913,0.014516,0.551232,0.049666,0.78492,0.0,0.606928,0.941199,0.0,0
0.152670112,236.333333,5.341786,-2.091259,6.863304,0.553064,0.009129,0.014487,0.550841,0.049568,0.784014,0.0,0.607445,0.941155,0.0,0
0.152723945,236.416667,5.335343,-2.08669,6.855584,0.552666,0.009128,0.014457,0.550451,0.04947,0.783109,0.0,0.607962,0.941113,0.0,0
0.152777778,236.5,5.328913,-2.082117,6.847876,0.552268,0.009127,0.014427,0.55006,0.049373,0.782205,0.0,0.608478,0.941073,0.0,0
0.152831611,236.583333,5.322498,-2.07754,6.840178,0.551871,0.009126,0.014397,0.54967,0.049275,0.781302,0.0,0.608994,0.941033,0.0,0
0.152885444,236.666667,5.316098,-2.072958,6.832491,0.551474,0.009125,0.014367,0.54928,0.049178,0.780401,0.0,0.609508,0.940997,0.0,0
0.152939276,236.75,5.309711,-2.068372,6.824815,0.551077,0.009123,0.014337,0.548891,0.049081,0.779501,0.0,0.610021,0.940962,0.0,0
0.152993109,236.833333,5.303338,-2.063781,6.81715,0.550681,0.009122,0.014307,0.548501,0.048984,0.778602,0.0,0.610534,0.940928,0.0,0
0.153046942,236.916667,5.29698,-2.059186,6.809495,0.550284,0.009121,0.014277,0.548112,0.048888,0.777705,0.0,0.611046,0.940896,0.0,0
0.153100775,237.0,5.290635,-2.054587,6.801852,0.549888,0.009121,0.014247,0.547723,0.048792,0.776809,0.0,0.611557,0.940865,0.0,0
0.153154608,237.083333,5.284305,-2.049983,6.79422,0.549492,0.00912,0.014217,0.547334,0.048696,0.775914,0.0,0.612067,0.940832,0.0,0
0.153208441,237.166667,5.27799,-2.045375,6.786599,0.549097,0.009119,0.014186,0.546945,0.0486,0.77502,0.0,0.612576,0.9408,0.0,0
0.153262274,237.25,5.271688,-2.040762,6.778989,0.548702,0.009118,0.014156,0.546557,0.048504,0.774128,0.0,0.613085,0.940768,0.0,0
0.153316107,237.333333,5.2654,-2.036146,6.77139,0.548307,0.009117,0.014125,0.546169,0.048409,0.773237,0.0,0.613592,0.940735,0.0,0
0.15336994,237.416667,5.259127,-2.031525,6.763802,0.547912,0.009116,0.014094,0.545781,0.048314,0.772347,0.0,0.614099,0.940702,0.0,0
0.153423773,237.5,5.252868,-2.026899,6.756225,0.547518,0.009115,0.014062,0.545394,0.048219,0.771459,0.0,0.614605,0.940669,0.0,0
0.153477606,237.583333,5.246624,-2.02227,6.748659,0.547124,0.009115,0.014031,0.545007,0.048124,0.770572,0.0,0.61511,0.940636,0.0,0
0.153531438,237.666667,5.240393,-2.017636,6.741104,0.54673,0.009114,0.013999,0.54462,0.04803,0.769686,0.0,0.615614,0.940603,0.0,0
0.153585271,237.75,5.234177,-2.012998,6.733561,0.546337,0.009113,0.013966,0.544233,0.047935,0.768801,0.0,0.616117,0.94057,0.0,0
0.153639104,237.833333,5.227976,-2.008355,6.726028,0.545944,0.009112,0.013934,0.543847,0.047841,0.767918,0.0,0.61662,0.940538,0.0,0
0.153692937,237.916667,5.221788,-2.003709,6.718507,0.545551,0.009112,0.013901,0.543461,0.047747,0.767036,0.0,0.617122,0.940506,0.0,0
0.15374677,238.0,5.215615,-1.999058,6.710997,0.545159,0.009111,0.013868,0.543075,0.047654,0.766156,0.0,0.617623,0.940475,0.0,0
0.153800603,238.083333,5.209457,-1.994403,6.703498,0.544767,0.009111,0.013835,0.54269,0.047561,0.765276,0.0,0.618123,0.940443,0.0,0
0.153854436,238.166667,5.203312,-1.989744,6.69601,0.544375,0.00911,0.013801,0.542305,0.047467,0.764398,0.0,0.618622,0.940413,0.0,0
0.153908269,238.25,5.197182,-1.98508,6.688534,0.543984,0.009109,0.013767,0.54192,0.047374,0.763522,0.0,0.619121,0.940383,0.0,0
0.153962102,238.333333,5.191067,-1.980412,6.681068,0.543593,0.009109,0.013733,0.541536,0.047282,0.762646,0.0,0.619618,0.940354,0.0,0
0.154015935,238.416667,5.184965,-1.97574,6.673614,0.543202,0.009108,0.013699,0.541152,0.047189,0.761772,0.0,0.620115,0.940326,0.0,0
0.154069767,238.5,5.178879,-1.971064,6.666172,0.542812,0.009108,0.013665,0.540768,0.047097,0.7609,0.0,0.620611,0.940299,0.0,0
0.1541236,238.583333,5.172806,-1.966384,6.65874,0.542422,0.009107,0.01363,0.540384,0.047005,0.760028,0.0,0.621106,0.940272,0.0,0
0.154177433,238.666667,5.166748,-1.9617,6.65132,0.542032,0.009107,0.013595,0.540001,0.046913,0.759158,0.0,0.621601,0.940247,0.0,0
0.154231266,238.75,5.160705,-1.957011,6.643911,0.541643,0.009106,0.013561,0.539619,0.046822,0.75829,0.0,0.622094,0.940223,0.0,0
0.154285099,238.833333,5.154676,-1.952318,6.636514,0.541254,0.009106,0.013526,0.539236,0.04673,0.757422,0.0,0.622587,0.940199,0.0,0
0.154338932,238.916667,5.148662,-1.947621,6.629127,0.540865,0.009106,0.01349,0.538854,0.046639,0.756556,0.0,0.623079,0.940178,0.0,0
0.154392765,239.0,5.142662,-1.94292,6.621753,0.540477,0.009105,0.013455,0.538473,0.046549,0.755691,0.0,0.62357,0.940156,0.0,0
0.154446598,239.083333,5.136676,-1.938215,6.614389,0.54009,0.009105,0.01342,0.538091,0.046458,0.754828,0.0,0.624061,0.940138,0.0,0
0.154500431,239.166667,5.130705,-1.933506,6.607037,0.539702,0.009105,0.013384,0.53771,0.046368,0.753966,0.0,0.62455,0.94012,0.0,0
0.154554264,239.25,5.124749,-1.928793,6.599696,0.539316,0.009104,0.013349,0.53733,0.046277,0.753105,0.0,0.625039,0.940103,0.0,0
0.154608096,239.333333,5.118807,-1.924076,6.592367,0.538929,0.009104,0.013313,0.53695,0.046187,0.752246,0.0,0.625527,0.940094,0.0,0
0.154661929,239.416667,5.112879,-1.919354,6.585049,0.538543,0.009104,0.013277,0.53657,0.046098,0.751388,0.0,0.626014,0.940085,0.0,0
0.154715762,239.5,5.106967,-1.914629,6.577743,0.538157,0.009104,0.013242,0.536191,0.046008,0.750531,0.0,0.626501,0.94008,0.0,0
0.154769595,239.583333,5.101069,-1.909899,6.570448,0.537772,0.009103,0.013206,0.535812,0.045919,0.749676,0.0,0.626987,0.940084,0.0,0
0.154823428,239.666667,5.095185,-1.905166,6.563165,0.537388,0.009103,0.01317,0.535433,0.04583,0.748822,0.0,0.627472,0.940088,0.0,0
0.154877261,239.75,5.089316,-1.900428,6.555893,0.537003,0.009103,0.013134,0.535055,0.045741,0.747969,0.0,0.627956,0.940098,0.0,0
0.154931094,239.833333,5.083462,-1.895686,6.548633,0.536619,0.009103,0.013098,0.534677,0.045653,0.747118,0.0,0.628439,0.940114,0.0,0
0.154984927,239.916667,5.077622,-1.890941,6.541384,0.536236,0.009103,0.013062,0.5343,0.045564,0.746268,0.0,0.628922,0.940129,0.0,0
0.15503876,240.0,5.071797,-1.886191,6.534146,0.535853,0.009103,0.013026,0.533923,0.045476,0.745419,0.0,0.629404,0.940153,0.0,0
0.155092593,240.083333,5.065986,-1.881437,6.526921,0.535471,0.009103,0.01299,0.533547,0.045388,0.744572,0.0,0.629886,0.940179,0.0,0
0.155146425,240.166667,5.060191,-1.87668,6.519707,0.535089,0.009103,0.012955,0.533171,0.045301,0.743726,0.0,0.630366,0.940205,0.0,0
0.155200258,240.25,5.054409,-1.871918,6.512504,0.534707,0.009103,0.012919,0.532796,0.045213,0.742882,0.0,0.630846,0.940241,0.0,0
0.155254091,240.333333,5.048643,-1.867153,6.505313,0.534326,0.009103,0.012883,0.532421,0.045126,0.742038,0.0,0.631326,0.940276,0.0,0
0.155307924,240.416667,5.042891,-1.862383,6.498134,0.533946,0.009103,0.012847,0.532046,0.045039,0.741197,0.0,0.631804,0.940314,0.0,0
0.155361757,240.5,5.037154,-1.85761,6.490966,0.533566,0.009103,0.012811,0.531672,0.044953,0.740356,0.0,0.632282,0.940358,0.0,0
0.15541559,240.583333,5.031432,-1.852832,6.48381,0.533186,0.009103,0.012775,0.531299,0.044866,0.739517,0.0,0.63276,0.940402,0.0,0
0.155469423,240.666667,5.025725,-1.848051,6.476666,0.532807,0.009103,0.012739,0.530926,0.04478,0.73868,0.0,0.633236,0.94045,0.0,0
0.155523256,240.75,5.020032,-1.843266,6.469533,0.532429,0.009103,0.012704,0.530553,0.044694,0.737843,0.0,0.633712,0.940501,0.0,0
0.155577089,240.833333,5.014354,-1.838477,6.462412,0.532051,0.009103,0.012668,0.530181,0.044608,0.737008,0.0,0.634187,0.940553,0.0,0
0.155630922,240.916667,5.008691,-1.833684,6.455303,0.531674,0.009103,0.012632,0.52981,0.044523,0.736175,0.0,0.634662,0.940609,0.0,0
0.155684755,241.0,5.003042,-1.828887,6.448205,0.531297,0.009104,0.012597,0.529439,0.044437,0.735342,0.0,0.635136,0.940667,0.0,0
0.155738587,241.083333,4.997409,-1.824086,6.441119,0.530921,0.009104,0.012561,0.529068,0.044352,0.734512,0.0,0.635609,0.940725,0.0,0
0.15579242,241.166667,4.99179,-1.819282,6.434045,0.530545,0.009104,0.012526,0.528698,0.044268,0.733682,0.0,0.636082,0.940787,0.0,0
0.155846253,241.25,4.986186,-1.814473,6.426983,0.53017,0.009104,0.012491,0.528329,0.044183,0.732854,0.0,0.636554,0.940851,0.0,0
0.155900086,241.333333,4.980597,-1.809661,6.419933,0.529795,0.009104,0.012455,0.52796,0.044099,0.732027,0.0,0.637026,0.940915,0.0,0
0.155953919,241.416667,4.975023,-1.804845,6.412894,0.529421,0.009105,0.01242,0.527592,0.044015,0.731202,0.0,0.637496,0.940983,0.0,0
0.156007752,241.5,4.969463,-1.800025,6.405867,0.529048,0.009105,0.012385,0.527224,0.043931,0.730378,0.0,0.637967,0.941051,0.0,0
0.156061585,241.583333,4.963919,-1.795201,6.398852,0.528675,0.009105,0.01235,0.526857,0.043847,0.729556,0.0,0.638436,0.94112,0.0,0
0.156115418,241.666667,4.958389,-1.790374,6.391849,0.528302,0.009106,0.012315,0.52649,0.043764,0.728735,0.0,0.638905,0.941192,0.0,0
0.156169251,241.75,4.952874,-1.785543,6.384858,0.527931,0.009106,0.012281,0.526124,0.043681,0.727915,0.0,0.639373,0.941264,0.0,0
0.156223084,241.833333,4.947374,-1.780708,6.377878,0.527559,0.009106,0.012246,0.525758,0.043598,0.727096,0.0,0.639841,0.941336,0.0,0
0.156276916,241.916667,4.941889,-1.775869,6.370911,0.527189,0.009107,0.012211,0.525393,0.043515,0.726279,0.0,0.640308,0.941411,0.0,0
0.156330749,242.0,4.936419,-1.771026,6.363955,0.526819,0.009107,0.012177,0.525029,0.043433,0.725464,0.0,0.640775,0.941485,0.0,0
0.156384582,242.083333,4.930964,-1.76618,6.357012,0.526449,0.009108,0.012142,0.524665,0.04335,0.72465,0.0,0.64124,0.941561,0.0,0
0.156438415,242.166667,4.925524,-1.76133,6.35008,0.526081,0.009108,0.012108,0.524302,0.043269,0.723837,0.0,0.641706,0.941637,0.0,0
0.156492248,242.25,4.920099,-1.756476,6.34316,0.525712,0.009109,0.012074,0.523939,0.043187,0.723026,0.0,0.64217,0.941713,0.0,0
0.156546081,242.333333,4.914689,-1.751618,6.336252,0.525345,0.009109,0.012039,0.523577,0.043105,0.722216,0.0,0.642635,0.94179,0.0,0
0.156599914,242.416667,4.909294,-1.746757,6.329356,0.524978,0.00911,0.012004,0.523215,0.043024,0.721407,0.0,0.643098,0.941867,0.0,0
0.156653747,242.5,4.903913,-1.741892,6.322472,0.524612,0.00911,0.01197,0.522855,0.042943,0.7206,0.0,0.643561,0.941945,0.0,0
0.15670758,242.583333,4.898548,-1.737024,6.315601,0.524246,0.009111,0.011935,0.522494,0.042862,0.719794,0.0,0.644023,0.942022,0.0,0
0.156761413,242.666667,4.893198,-1.732151,6.308741,0.523881,0.009111,0.0119,0.522135,0.042782,0.71899,0.0,0.644485,0.942099,0.0,0
0.156815245,242.75,4.887863,-1.727275,6.301893,0.523516,0.009112,0.011865,0.521776,0.042702,0.718187,0.0,0.644946,0.942176,0.0,0
0.156869078,242.833333,4.882543,-1.722396,6.295057,0.523153,0.009113,0.01183,0.521417,0.042622,0.717385,0.0,0.645406,0.942253,0.0,0
0.156922911,242.916667,4.877238,-1.717513,6.288234,0.522789,0.009113,0.011795,0.521059,0.042542,0.716585,0.0,0.645866,0.942329,0.0,0
0.156976744,243.0,4.871948,-1.712626,6.281422,0.522427,0.009114,0.01176,0.520702,0.042462,0.715787,0.0,0.646326,0.942405,0.0,0
0.157030577,243.083333,4.866673,-1.707735,6.274623,0.522065,0.009115,0.011725,0.520345,0.042383,0.714989,0.0,0.646784,0.942479,0.0,0
0.15708441,243.166667,4.861413,-1.702841,6.267835,0.521704,0.009115,0.01169,0.519989,0.042304,0.714194,0.0,0.647242,0.942552,0.0,0
0.157138243,243.25,4.856168,-1.697943,6.26106,0.521343,0.009116,0.011655,0.519634,0.042225,0.713399,0.0,0.6477,0.942626,0.0,0
0.157192076,243.333333,4.850939,-1.693042,6.254297,0.520983,0.009117,0.01162,0.519279,0.042146,0.712606,0.0,0.648157,0.942695,0.0,0
0.157245909,243.416667,4.845724,-1.688137,6.247546,0.520624,0.009118,0.011584,0.518925,0.042068,0.711815,0.0,0.648613,0.942765,0.0,0
0.157299742,243.5,4.840525,-1.683229,6.240807,0.520265,0.009118,0.011549,0.518572,0.04199,0.711024,0.0,0.649069,0.942834,0.0,0
0.157353575,243.583333,4.835341,-1.678317,6.234081,0.519907,0.009119,0.011514,0.518219,0.041912,0.710236,0.0,0.649524,0.942898,0.0,0
0.157407407,243.666667,4.830172,-1.673401,6.227366,0.51955,0.00912,0.011478,0.517867,0.041834,0.709448,0.0,0.649979,0.942961,0.0,0
0.15746124,243.75,4.825018,-1.668482,6.220664,0.519193,0.009121,0.011443,0.517515,0.041757,0.708663,0.0,0.650432,0.943025,0.0,0
0.157515073,243.833333,4.819879,-1.663559,6.213974,0.518837,0.009122,0.011407,0.517164,0.04168,0.707878,0.0,0.650886,0.943082,0.0,0
0.157568906,243.916667,4.814756,-1.658633,6.207296,0.518482,0.009123,0.011372,0.516814,0.041603,0.707095,0.0,0.651338,0.943139,0.0,0
0.157622739,244.0,4.809648,-1.653703,6.200631,0.518128,0.009124,0.011336,0.516464,0.041526,0.706314,0.0,0.65179,0.943196,0.0,0
0.157676572,244.083333,4.804555,-1.64877,6.193978,0.517774,0.009124,0.011301,0.516115,0.041449,0.705534,0.0,0.652242,0.943245,0.0,0
0.157730405,244.166667,4.799477,-1.643834,6.187337,0.51742,0.009125,0.011265,0.515767,0.041373,0.704755,0.0,0.652693,0.943293,0.0,0
0.157784238,244.25,4.794414,-1.638894,6.180708,0.517068,0.009126,0.011229,0.51542,0.041297,0.703978,0.0,0.653143,0.943342,0.0,0
0.157838071,244.333333,4.789367,-1.63395,6.174092,0.516716,0.009127,0.011194,0.515073,0.041221,0.703202,0.0,0.653592,0.943382,0.0,0
0.157891904,244.416667,4.784335,-1.629003,6.167488,0.516365,0.009128,0.011158,0.514726,0.041146,0.702428,0.0,0.654041,0.943421,0.0,0
0.157945736,244.5,4.779318,-1.624052,6.160896,0.516014,0.009129,0.011122,0.514381,0.041071,0.701655,0.0,0.65449,0.94346,0.0,0
0.157999569,244.583333,4.774316,-1.619098,6.154317,0.515664,0.00913,0.011086,0.514036,0.040996,0.700883,0.0,0.654937,0.943496,0.0,0
0.158053402,244.666667,4.76933,-1.614141,6.14775,0.515315,0.009131,0.01105,0.513691,0.040921,0.700113,0.0,0.655384,0.943533,0.0,0
0.158107235,244.75,4.764359,-1.60918,6.141195,0.514966,0.009133,0.011014,0.513348,0.040846,0.699345,0.0,0.655831,0.943569,0.0,0
0.158161068,244.833333,4.759403,-1.604216,6.134653,0.514619,0.009134,0.010978,0.513005,0.040772,0.698578,0.0,0.656277,0.943608,0.0,0
0.158214901,244.916667,4.754463,-1.599249,6.128123,0.514272,0.009135,0.010942,0.512662,0.040698,0.697812,0.0,0.656722,0.943648,0.0,0
0.158268734,245.0,4.749538,-1.594278,6.121606,0.513925,0.009136,0.010906,0.512321,0.040624,0.697048,0.0,0.657166,0.943688,0.0,0
0.158322567,245.083333,4.744628,-1.589303,6.115101,0.51358,0.009137,0.01087,0.51198,0.04055,0.696285,0.0,0.65761,0.943731,0.0,0
0.1583764,245.166667,4.739734,-1.584326,6.108609,0.513235,0.009138,0.010834,0.51164,0.040477,0.695524,0.0,0.658053,0.943775,0.0,0
0.158430233,245.25,4.734855,-1.579345,6.102129,0.51289,0.009139,0.010798,0.5113,0.040404,0.694764,0.0,0.658496,0.943819,0.0,0
0.158484065,245.333333,4.729991,-1.57436,6.095661,0.512547,0.009141,0.010762,0.510961,0.040331,0.694006,0.0,0.658938,0.943865,0.0,0
0.158537898,245.416667,4.725143,-1.569372,6.089206,0.512204,0.009142,0.010726,0.510623,0.040258,0.693249,0.0,0.659379,0.943913,0.0,0
0.158591731,245.5,4.72031,-1.564381,6.082764,0.511862,0.009143,0.010689,0.510286,0.040186,0.692493,0.0,0.65982,0.94396,0.0,0
0.158645564,245.583333,4.715492,-1.559387,6.076334,0.511521,0.009144,0.010653,0.509949,0.040113,0.691739,0.0,0.66026,0.944009,0.0,0
0.158699397,245.666667,4.71069,-1.554389,6.069916,0.51118,0.009145,0.010617,0.509613,0.040041,0.690987,0.0,0.6607,0.94406,0.0,0
0.15875323,245.75,4.705904,-1.549388,6.063511,0.51084,0.009147,0.010581,0.509278,0.03997,0.690236,0.0,0.661139,0.944111,0.0,0
0.158807063,245.833333,4.701132,-1.544384,6.057119,0.510501,0.009148,0.010544,0.508943,0.039898,0.689486,0.0,0.661577,0.944163,0.0,0
0.158860896,245.916667,4.696377,-1.539377,6.050739,0.510163,0.009149,0.010508,0.50861,0.039827,0.688738,0.0,0.662015,0.944216,0.0,0
0.158914729,246.0,4.691636,-1.534366,6.044372,0.509825,0.009151,0.010472,0.508277,0.039756,0.687992,0.0,0.662452,0.94427,0.0,0
0.158968562,246.083333,4.686911,-1.529352,6.038017,0.509489,0.009152,0.010436,0.507944,0.039685,0.687247,0.0,0.662889,0.944325,0.0,0
0.159022394,246.166667,4.682202,-1.524335,6.031675,0.509152,0.009153,0.010399,0.507613,0.039615,0.686503,0.0,0.663325,0.944382,0.0,0
0.159076227,246.25,4.677508,-1.519314,6.025346,0.508817,0.009155,0.010363,0.507282,0.039544,0.685761,0.0,0.66376,0.944439,0.0,0
0.15913006,246.333333,4.67283,-1.514291,6.019029,0.508483,0.009156,0.010327,0.506952,0.039474,0.68502,0.0,0.664195,0.944496,0.0,0
0.159183893,246.416667,4.668167,-1.509264,6.012725,0.508149,0.009158,0.010291,0.506623,0.039404,0.684281,0.0,0.664629,0.944555,0.0,0
0.159237726,246.5,4.663519,-1.504234,6.006434,0.507816,0.009159,0.010254,0.506294,0.039335,0.683543,0.0,0.665063,0.944615,0.0,0
0.159291559,246.583333,4.658888,-1.499201,6.000155,0.507484,0.009161,0.010218,0.505966,0.039265,0.682807,0.0,0.665496,0.944674,0.0,0
0.159345392,246.666667,4.654271,-1.494164,5.993889,0.507152,0.009162,0.010182,0.505639,0.039196,0.682073,0.0,0.665929,0.944737,0.0,0
0.159399225,246.75,4.64967,-1.489125,5.987636,0.506822,0.009164,0.010146,0.505313,0.039127,0.681339,0.0,0.666361,0.944799,0.0,0
0.159453058,246.833333,4.645085,-1.484082,5.981395,0.506492,0.009165,0.01011,0.504988,0.039059,0.680608,0.0,0.666792,0.944861,0.0,0
0.159506891,246.916667,4.640515,-1.479036,5.975167,0.506163,0.009167,0.010073,0.504663,0.03899,0.679877,0.0,0.667223,0.944925,0.0,0
0.159560724,247.0,4.635961,-1.473987,5.968952,0.505835,0.009168,0.010037,0.504339,0.038922,0.679149,0.0,0.667653,0.94499,0.0,0
0.159614556,247.083333,4.631423,-1.468935,5.96275,0.505507,0.00917,0.010001,0.504016,0.038854,0.678421,0.0,0.668083,0.945054,0.0,0
0.159668389,247.166667,4.6269,-1.46388,5.95656,0.505181,0.009171,0.009965,0.503694,0.038786,0.677696,0.0,0.668512,0.94512,0.0,0
0.159722222,247.25,4.622392,-1.458822,5.950383,0.504855,0.009173,0.009929,0.503372,0.038719,0.676971,0.0,0.66894,0.945187,0.0,0
0.159776055,247.333333,4.6179,-1.45376,5.944219,0.50453,0.009175,0.009893,0.503051,0.038652,0.676249,0.0,0.669368,0.945254,0.0,0
0.159829888,247.416667,4.613424,-1.448696,5.938068,0.504206,0.009176,0.009857,0.502731,0.038585,0.675527,0.0,0.669796,0.945322,0.0,0
0.159883721,247.5,4.608964,-1.443628,5.931929,0.503883,0.009178,0.009821,0.502412,0.038518,0.674808,0.0,0.670223,0.945391,0.0,0
0.159937554,247.583333,4.604519,-1.438558,5.925804,0.50356,0.00918,0.009785,0.502094,0.038451,0.674089,0.0,0.670649,0.94546,0.0,0
0.159991387,247.666667,4.60009,-1.433484,5.919691,0.503239,0.009181,0.009748,0.501776,0.038385,0.673373,0.0,0.671075,0.945529,0.0,0
0.16004522,247.75,4.595676,-1.428407,5.913591,0.502918,0.009183,0.009712,0.50146,0.038319,0.672657,0.0,0.6715,0.9456,0.0,0
0.160099053,247.833333,4.591278,-1.423328,5.907504,0.502598,0.009185,0.009676,0.501144,0.038253,0.671944,0.0,0.671925,0.945671,0.0,0
0.160152885,247.916667,4.586896,-1.418245,5.90143,0.502279,0.009186,0.00964,0.500829,0.038188,0.671232,0.0,0.672349,0.945742,0.0,0
0.160206718,248.0,4.582529,-1.413159,5.895369,0.50196,0.009188,0.009603,0.500515,0.038122,0.670521,0.0,0.672772,0.945814,0.0,0
0.160260551,248.083333,4.578178,-1.408071,5.889321,0.501643,0.00919,0.009567,0.500201,0.038057,0.669812,0.0,0.673195,0.945887,0.0,0
0.160314384,248.166667,4.573843,-1.402979,5.883285,0.501326,0.009192,0.009531,0.499889,0.037992,0.669104,0.0,0.673618,0.94596,0.0,0
0.160368217,248.25,4.569524,-1.397884,5.877263,0.501011,0.009194,0.009494,0.499577,0.037928,0.668398,0.0,0.67404,0.946033,0.0,0
0.16042205,248.333333,4.56522,-1.392787,5.871254,0.500696,0.009195,0.009458,0.499266,0.037863,0.667693,0.0,0.674461,0.946108,0.0,0
0.160475883,248.416667,4.560932,-1.387686,5.865257,0.500382,0.009197,0.009421,0.498956,0.037799,0.66699,0.0,0.674882,0.946182,0.0,0
0.160529716,248.5,4.556659,-1.382583,5.859274,0.500069,0.009199,0.009385,0.498647,0.037735,0.666289,0.0,0.675302,0.946257,0.0,0
0.160583549,248.583333,4.552403,-1.377476,5.853303,0.499756,0.009201,0.009348,0.498338,0.037671,0.665588,0.0,0.675722,0.946333,0.0,0
0.160637382,248.666667,4.548162,-1.372367,5.847346,0.499445,0.009203,0.009312,0.498031,0.037608,0.66489,0.0,0.676141,0.946408,0.0,0
0.160691214,248.75,4.543937,-1.367255,5.841401,0.499134,0.009205,0.009276,0.497724,0.037545,0.664193,0.0,0.67656,0.946484,0.0,0
0.160745047,248.833333,4.539728,-1.36214,5.83547,0.498825,0.009207,0.009239,0.497419,0.037482,0.663497,0.0,0.676978,0.946561,0.0,0
0.16079888,248.916667,4.535534,-1.357022,5.829551,0.498516,0.009209,0.009203,0.497114,0.037419,0.662803,0.0,0.677396,0.946638,0.0,0
0.160852713,249.0,4.531357,-1.351901,5.823646,0.498208,0.009211,0.009166,0.49681,0.037356,0.662111,0.0,0.677813,0.946715,0.0,0
0.160906546,249.083333,4.527195,-1.346777,5.817753,0.497901,0.009213,0.00913,0.496506,0.037294,0.66142,0.0,0.67823,0.946793,0.0,0
0.160960379,249.166667,4.523049,-1.341651,5.811874,0.497595,0.009215,0.009093,0.496204,0.037232,0.660731,0.0,0.678646,0.946872,0.0,0
0.161014212,249.25,4.518918,-1.336521,5.806008,0.49729,0.009217,0.009057,0.495903,0.03717,0.660043,0.0,0.679061,0.94695,0.0,0
0.161068045,249.333333,4.514804,-1.331389,5.800155,0.496985,0.009219,0.009021,0.495602,0.037109,0.659357,0.0,0.679476,0.947028,0.0,0
0.161121878,249.416667,4.510705,-1.326254,5.794315,0.496682,0.009221,0.008984,0.495302,0.037047,0.658672,0.0,0.679891,0.947107,0.0,0
0.161175711,249.5,4.506622,-1.321116,5.788488,0.496379,0.009223,0.008948,0.495004,0.036986,0.657989,0.0,0.680305,0.947187,0.0,0
0.161229543,249.583333,4.502556,-1.315975,5.782675,0.496078,0.009225,0.008912,0.494706,0.036925,0.657307,0.0,0.680718,0.947266,0.0,0
0.161283376,249.666667,4.498505,-1.310832,5.776874,0.495777,0.009227,0.008875,0.494409,0.036865,0.656627,0.0,0.681131,0.947346,0.0,0
0.161337209,249.75,4.494469,-1.305686,5.771087,0.495477,0.009229,0.008839,0.494113,0.036804,0.655948,0.0,0.681544,0.947427,0.0,0
0.161391042,249.833333,4.49045,-1.300537,5.765313,0.495179,0.009231,0.008803,0.493818,0.036744,0.655271,0.0,0.681956,0.947508,0.0,0
0.161444875,249.916667,4.486447,-1.295385,5.759552,0.494881,0.009233,0.008767,0.493523,0.036684,0.654596,0.0,0.682367,0.94759,0.0,0
0.161498708,250.0,4.482459,-1.290231,5.753804,0.494584,0.009235,0.008731,0.49323,0.036624,0.653922,0.0,0.682778,0.947686,0.0,0
0.161552541,250.083333,4.478487,-1.285073,5.748069,0.494288,0.009238,0.008695,0.492938,0.036565,0.653249,0.0,0.683188,0.947781,0.0,0
0.161606374,250.166667,4.474532,-1.279914,5.742348,0.493992,0.00924,0.008659,0.492646,0.036506,0.652579,0.0,0.683598,0.947876,0.0,0
0.161660207,250.25,4.470592,-1.274751,5.73664,0.493698,0.009242,0.008623,0.492355,0.036447,0.651909,0.0,0.684008,0.947982,0.0,0
0.16171404,250.333333,4.466668,-1.269586,5.730945,0.493405,0.009244,0.008587,0.492066,0.036388,0.651242,0.0,0.684417,0.948096,0.0,0
0.161767873,250.416667,4.46276,-1.264418,5.725263,0.493113,0.009246,0.008551,0.491777,0.036329,0.650575,0.0,0.684825,0.948209,0.0,0
0.161821705,250.5,4.458868,-1.259247,5.719595,0.492821,0.009249,0.008515,0.491489,0.036271,0.649911,0.0,0.685234,0.948323,0.0,0
0.161875538,250.583333,4.454992,-1.254074,5.71394,0.492531,0.009251,0.008479,0.491202,0.036213,0.649248,0.0,0.685641,0.948453,0.0,0
0.161929371,250.666667,4.451132,-1.248898,5.708298,0.492242,0.009253,0.008443,0.490916,0.036155,0.648586,0.0,0.686048,0.948584,0.0,0
0.161983204,250.75,4.447288,-1.243719,5.70267,0.491953,0.009256,0.008408,0.490631,0.036098,0.647926,0.0,0.686455,0.948714,0.0,0
0.162037037,250.833333,4.44346,-1.238538,5.697055,0.491666,0.009258,0.008372,0.490348,0.03604,0.647268,0.0,0.686862,0.948853,0.0,0
0.16209087,250.916667,4.439648,-1.233354,5.691453,0.491379,0.00926,0.008337,0.490065,0.035983,0.646611,0.0,0.687268,0.948999,0.0,0
0.162144703,251.0,4.435851,-1.228167,5.685865,0.491094,0.009263,0.008301,0.489783,0.035926,0.645956,0.0,0.687673,0.949146,0.0,0
0.162198536,251.083333,4.432071,-1.222978,5.680289,0.49081,0.009265,0.008266,0.489501,0.03587,0.645302,0.0,0.688078,0.949292,0.0,0
0.162252369,251.166667,4.428307,-1.217787,5.674728,0.490526,0.009267,0.008231,0.489221,0.035813,0.64465,0.0,0.688483,0.949453,0.0,0
0.162306202,251.25,4.424559,-1.212592,5.669179,0.490244,0.00927,0.008195,0.488942,0.035757,0.643999,0.0,0.688887,0.949615,0.0,0
0.162360034,251.333333,4.420827,-1.207396,5.663644,0.489962,0.009272,0.00816,0.488664,0.035701,0.64335,0.0,0.689291,0.949777,0.0,0
0.162413867,251.416667,4.417111,-1.202196,5.658123,0.489682,0.009275,0.008125,0.488387,0.035645,0.642703,0.0,0.689695,0.949943,0.0,0
0.1624677,251.5,4.413411,-1.196994,5.652615,0.489403,0.009277,0.00809,0.488111,0.03559,0.642057,0.0,0.690098,0.950118,0.0,0
0.162521533,251.583333,4.409727,-1.19179,5.64712,0.489124,0.009279,0.008055,0.487836,0.035535,0.641413,0.0,0.690501,0.950293,0.0,0
0.162575366,251.666667,4.406059,-1.186583,5.641639,0.488847,0.009282,0.00802,0.487562,0.03548,0.64077,0.0,0.690904,0.950468,0.0,0
0.162629199,251.75,4.402407,-1.181374,5.636171,0.488571,0.009284,0.007986,0.487289,0.035425,0.640129,0.0,0.691306,0.950652,0.0,0
0.162683032,251.833333,4.398771,-1.176162,5.630717,0.488295,0.009287,0.007951,0.487017,0.03537,0.63949,0.0,0.691708,0.95084,0.0,0
0.162736865,251.916667,4.395151,-1.170947,5.625276,0.488021,0.00929,0.007917,0.486746,0.035316,0.638852,0.0,0.692109,0.951028,0.0,0
0.162790698,252.0,4.391548,-1.16573,5.619849,0.487748,0.009292,0.007882,0.486476,0.035262,0.638215,0.0,0.692511,0.951215,0.0,0
0.162844531,252.083333,4.38796,-1.160511,5.614435,0.487476,0.009295,0.007848,0.486207,0.035208,0.63758,0.0,0.692912,0.951414,0.0,0
0.162898363,252.166667,4.384389,-1.155289,5.609034,0.487205,0.009297,0.007813,0.485939,0.035154,0.636947,0.0,0.693312,0.951613,0.0,0
0.162952196,252.25,4.380834,-1.150065,5.603647,0.486935,0.0093,0.007779,0.485672,0.035101,0.636316,0.0,0.693713,0.951811,0.0,0
0.163006029,252.333333,4.377294,-1.144838,5.598274,0.486666,0.009302,0.007745,0.485407,0.035048,0.635686,0.0,0.694112,0.952012,0.0,0
0.163059862,252.416667,4.373771,-1.139609,5.592914,0.486398,0.009305,0.007711,0.485142,0.034995,0.635057,0.0,0.694512,0.952221,0.0,0
0.163113695,252.5,4.370264,-1.134377,5.587568,0.486131,0.009308,0.007677,0.484878,0.034942,0.63443,0.0,0.694912,0.95243,0.0,0
0.163167528,252.583333,4.366774,-1.129143,5.582235,0.485865,0.00931,0.007644,0.484616,0.03489,0.633805,0.0,0.695311,0.952637,0.0,0
0.163221361,252.666667,4.363299,-1.123907,5.576916,0.485601,0.009313,0.00761,0.484354,0.034838,0.633181,0.0,0.695709,0.952851,0.0,0
0.163275194,252.75,4.35984,-1.118668,5.571611,0.485337,0.009316,0.007576,0.484094,0.034786,0.632559,0.0,0.696108,0.953068,0.0,0
0.163329027,252.833333,4.356398,-1.113427,5.566319,0.485075,0.009318,0.007543,0.483834,0.034734,0.631939,0.0,0.696506,0.953285,0.0,0
0.16338286,252.916667,4.352972,-1.108184,5.561041,0.484813,0.009321,0.00751,0.483576,0.034683,0.63132,0.0,0.696904,0.953501,0.0,0
0.163436693,253.0,4.349562,-1.102938,5.555776,0.484553,0.009324,0.007476,0.483319,0.034631,0.630703,0.0,0.697302,0.953724,0.0,0
0.163490525,253.083333,4.346168,-1.09769,5.550525,0.484294,0.009327,0.007443,0.483062,0.03458,0.630087,0.0,0.697699,0.953948,0.0,0
0.163544358,253.166667,4.342791,-1.092439,5.545288,0.484036,0.009329,0.00741,0.482807,0.034529,0.629473,0.0,0.698096,0.954172,0.0,0
0.163598191,253.25,4.339429,-1.087186,5.540064,0.483779,0.009332,0.007377,0.482553,0.034479,0.62886,0.0,0.698493,0.954395,0.0,0
0.163652024,253.333333,4.336084,-1.081931,5.534854,0.483523,0.009335,0.007345,0.4823,0.034429,0.628249,0.0,0.69889,0.954626,0.0,0
0.163705857,253.416667,4.332755,-1.076674,5.529657,0.483268,0.009338,0.007312,0.482048,0.034379,0.62764,0.0,0.699286,0.954857,0.0,0
0.16375969,253.5,4.329442,-1.071414,5.524475,0.483014,0.009341,0.007279,0.481798,0.034329,0.627032,0.0,0.699682,0.955086,0.0,0
0.163813523,253.583333,4.326146,-1.066153,5.519306,0.482762,0.009344,0.007246,0.481548,0.034279,0.626426,0.0,0.700078,0.955317,0.0,0
0.163867356,253.666667,4.322865,-1.060888,5.51415,0.48251,0.009346,0.007214,0.4813,0.03423,0.625822,0.0,0.700473,0.955552,0.0,0
0.163921189,253.75,4.319601,-1.055622,5.509009,0.48226,0.009349,0.007181,0.481052,0.03418,0.625219,0.0,0.700869,0.955788,0.0,0
0.163975022,253.833333,4.316353,-1.050353,5.503881,0.482011,0.009352,0.007149,0.480806,0.034132,0.624618,0.0,0.701264,0.956022,0.0,0
0.164028854,253.916667,4.313122,-1.045082,5.498767,0.481763,0.009355,0.007116,0.480561,0.034083,0.624018,0.0,0.701659,0.956258,0.0,0
0.164082687,254.0,4.309906,-1.039809,5.493667,0.481516,0.009358,0.007084,0.480316,0.034034,0.62342,0.0,0.702053,0.956497,0.0,0
0.16413652,254.083333,4.306707,-1.034534,5.48858,0.48127,0.009361,0.007052,0.480073,0.033986,0.622824,0.0,0.702448,0.956736,0.0,0
0.164190353,254.166667,4.303525,-1.029257,5.483507,0.481025,0.009364,0.007019,0.479832,0.033938,0.622229,0.0,0.702842,0.956974,0.0,0
0.164244186,254.25,4.300358,-1.023977,5.478448,0.480782,0.009367,0.006987,0.479591,0.03389,0.621636,0.0,0.703236,0.957213,0.0,0
0.164298019,254.333333,4.297208,-1.018695,5.473403,0.48054,0.00937,0.006955,0.479351,0.033843,0.621044,0.0,0.703629,0.957456,0.0,0
0.164351852,254.416667,4.294074,-1.013411,5.468371,0.480298,0.009373,0.006922,0.479113,0.033796,0.620454,0.0,0.704023,0.957697,0.0,0
0.164405685,254.5,4.290956,-1.008125,5.463354,0.480058,0.009376,0.00689,0.478875,0.033749,0.619866,0.0,0.704416,0.957938,0.0,0
0.164459518,254.583333,4.287855,-1.002837,5.45835,0.479819,0.009379,0.006858,0.478639,0.033702,0.619279,0.0,0.704809,0.958179,0.0,0
0.164513351,254.666667,4.28477,-0.997547,5.45336,0.479581,0.009382,0.006826,0.478404,0.033655,0.618694,0.0,0.705201,0.958423,0.0,0
0.164567183,254.75,4.281701,-0.992254,5.448384,0.479345,0.009385,0.006794,0.47817,0.033609,0.618111,0.0,0.705594,0.958666,0.0,0
0.164621016,254.833333,4.278649,-0.98696,5.443422,0.479109,0.009388,0.006762,0.477937,0.033563,0.617529,0.0,0.705986,0.958908,0.0,0
0.164674849,254.916667,4.275613,-0.981663,5.438473,0.478875,0.009392,0.00673,0.477706,0.033517,0.616948,0.0,0.706378,0.959151,0.0,0
0.164728682,255.0,4.272593,-0.976364,5.433539,0.478642,0.009395,0.006698,0.477475,0.033471,0.61637,0.0,0.70677,0.959395,0.0,0
0.164782515,255.083333,4.26959,-0.971064,5.428618,0.47841,0.009398,0.006666,0.477246,0.033426,0.615793,0.0,0.707161,0.959639,0.0,0
0.164836348,255.166667,4.266603,-0.965761,5.423712,0.478179,0.009401,0.006635,0.477017,0.03338,0.615218,0.0,0.707552,0.959882,0.0,0
0.164890181,255.25,4.263632,-0.960456,5.418819,0.477949,0.009404,0.006603,0.47679,0.033335,0.614644,0.0,0.707944,0.960124,0.0,0
0.164944014,255.333333,4.260678,-0.955149,5.41394,0.477721,0.009407,0.006571,0.476564,0.033291,0.614072,0.0,0.708334,0.960368,0.0,0
0.164997847,255.416667,4.25774,-0.94984,5.409075,0.477493,0.009411,0.006539,0.47634,0.033246,0.613501,0.0,0.708725,0.960611,0.0,0
0.16505168,255.5,4.254819,-0.944529,5.404224,0.477267,0.009414,0.006508,0.476116,0.033202,0.612933,0.0,0.709115,0.960853,0.0,0
0.165105512,255.583333,4.251914,-0.939216,5.399387,0.477042,0.009417,0.006476,0.475893,0.033158,0.612365,0.0,0.709506,0.961095,0.0,0
0.165159345,255.666667,4.249025,-0.933901,5.394564,0.476818,0.00942,0.006445,0.475672,0.033114,0.6118,0.0,0.709895,0.961337,0.0,0
0.165213178,255.75,4.246153,-0.928584,5.389755,0.476596,0.009424,0.006413,0.475452,0.03307,0.611236,0.0,0.710285,0.961578,0.0,0
0.165267011,255.833333,4.243297,-0.923265,5.38496,0.476374,0.009427,0.006382,0.475233,0.033027,0.610674,0.0,0.710675,0.961819,0.0,0
0.165320844,255.916667,4.240457,-0.917945,5.380179,0.476154,0.00943,0.00635,0.475015,0.032984,0.610113,0.0,0.711064,0.962059,0.0,0
0.165374677,256.0,4.237634,-0.912622,5.375411,0.475935,0.009434,0.006319,0.474799,0.032941,0.609554,0.0,0.711453,0.962299,0.0,0
0.16542851,256.083333,4.234828,-0.907297,5.370658,0.475717,0.009437,0.006288,0.474583,0.032898,0.608997,0.0,0.711842,0.962538,0.0,0
0.165482343,256.166667,4.232037,-0.901971,5.365919,0.4755,0.00944,0.006256,0.474369,0.032856,0.608441,0.0,0.71223,0.962776,0.0,0
0.165536176,256.25,4.229263,-0.896642,5.361194,0.475284,0.009444,0.006225,0.474156,0.032813,0.607887,0.0,0.712618,0.963014,0.0,0
0.165590009,256.333333,4.226506,-0.891312,5.356483,0.47507,0.009447,0.006194,0.473944,0.032771,0.607335,0.0,0.713006,0.963251,0.0,0
0.165643842,256.416667,4.223765,-0.885979,5.351786,0.474857,0.009451,0.006163,0.473733,0.03273,0.606784,0.0,0.713394,0.963486,0.0,0
0.165697674,256.5,4.221041,-0.880645,5.347103,0.474645,0.009454,0.006132,0.473523,0.032688,0.606235,0.0,0.713782,0.963721,0.0,0
0.165751507,256.583333,4.218333,-0.875309,5.342435,0.474434,0.009457,0.0061,0.473315,0.032647,0.605688,0.0,0.714169,0.963956,0.0,0
0.16580534,256.666667,4.215641,-0.869971,5.33778,0.474225,0.009461,0.006069,0.473108,0.032606,0.605142,0.0,0.714556,0.964189,0.0,0
0.165859173,256.75,4.212966,-0.864631,5.333139,0.474016,0.009464,0.006038,0.472902,0.032565,0.604598,0.0,0.714943,0.96442,0.0,0
0.165913006,256.833333,4.210307,-0.85929,5.328513,0.473809,0.009468,0.006007,0.472697,0.032524,0.604055,0.0,0.71533,0.964651,0.0,0
0.165966839,256.916667,4.207665,-0.853947,5.3239,0.473603,0.009471,0.005977,0.472493,0.032484,0.603514,0.0,0.715716,0.964881,0.0,0
0.166020672,257.0,4.205039,-0.848601,5.319302,0.473398,0.009475,0.005946,0.472291,0.032444,0.602975,0.0,0.716102,0.96511,0.0,0
0.166074505,257.083333,4.20243,-0.843254,5.314718,0.473195,0.009478,0.005915,0.47209,0.032404,0.602438,0.0,0.716488,0.965336,0.0,0
0.166128338,257.166667,4.199838,-0.837906,5.310148,0.472992,0.009482,0.005884,0.471889,0.032364,0.601902,0.0,0.716874,0.965562,0.0,0
0.166182171,257.25,4.197261,-0.832555,5.305592,0.472791,0.009486,0.005853,0.471691,0.032324,0.601368,0.0,0.717259,0.965787,0.0,0
0.166236003,257.333333,4.194702,-0.827203,5.30105,0.472591,0.009489,0.005823,0.471493,0.032285,0.600835,0.0,0.717645,0.966011,0.0,0
0.166289836,257.416667,4.192159,-0.821849,5.296523,0.472393,0.009493,0.005792,0.471296,0.032246,0.600304,0.0,0.718029,0.966233,0.0,0
0.166343669,257.5,4.189632,-0.816493,5.292009,0.472195,0.009496,0.005761,0.471101,0.032207,0.599775,0.0,0.718414,0.966453,0.0,0
0.166397502,257.583333,4.187122,-0.811135,5.28751,0.471999,0.0095,0.005731,0.470907,0.032169,0.599248,0.0,0.718799,0.966672,0.0,0
0.166451335,257.666667,4.184628,-0.805776,5.283025,0.471804,0.009504,0.0057,0.470714,0.03213,0.598722,0.0,0.719183,0.96689,0.0,0
0.166505168,257.75,4.182151,-0.800415,5.278554,0.47161,0.009508,0.00567,0.470523,0.032092,0.598198,0.0,0.719567,0.967107,0.0,0
0.166559001,257.833333,4.179691,-0.795053,5.274098,0.471417,0.009511,0.005639,0.470332,0.032054,0.597675,0.0,0.71995,0.967321,0.0,0
0.166612834,257.916667,4.177247,-0.789688,5.269656,0.471226,0.009515,0.005609,0.470143,0.032016,0.597154,0.0,0.720334,0.967534,0.0,0
0.166666667,258.0,4.174819,-0.784322,5.265227,0.471036,0.009519,0.005579,0.469955,0.031979,0.596635,0.0,0.720717,0.967747,0.0,0
0.1667205,258.083333,4.172408,-0.778955,5.260814,0.470847,0.009522,0.005548,0.469768,0.031942,0.596117,0.0,0.7211,0.967959,0.0,0
0.166774332,258.166667,4.170014,-0.773585,5.256414,0.470659,0.009526,0.005518,0.469582,0.031905,0.595602,0.0,0.721482,0.968167,0.0,0
0.166828165,258.25,4.167636,-0.768215,5.252029,0.470473,0.00953,0.005488,0.469398,0.031868,0.595087,0.0,0.721864,0.968375,0.0,0
0.166881998,258.333333,4.165275,-0.762842,5.247658,0.470287,0.009534,0.005458,0.469215,0.031831,0.594575,0.0,0.722246,0.968581,0.0,0
0.166935831,258.416667,4.16293,-0.757468,5.243301,0.470103,0.009538,0.005428,0.469033,0.031795,0.594064,0.0,0.722628,0.968787,0.0,0
0.166989664,258.5,4.160602,-0.752092,5.238959,0.46992,0.009541,0.005398,0.468852,0.031759,0.593555,0.0,0.72301,0.968995,0.0,0
0.167043497,258.583333,4.158291,-0.746715,5.23463,0.469739,0.009545,0.005368,0.468672,0.031723,0.593047,0.0,0.723391,0.969211,0.0,0
0.16709733,258.666667,4.155996,-0.741336,5.230317,0.469558,0.009549,0.005337,0.468494,0.031687,0.592541,0.0,0.723772,0.969426,0.0,0
0.167151163,258.75,4.153718,-0.735955,5.226017,0.469379,0.009553,0.005308,0.468317,0.031651,0.592037,0.0,0.724152,0.969641,0.0,0
0.167204996,258.833333,4.151456,-0.730573,5.221732,0.469202,0.009557,0.005278,0.468141,0.031616,0.591535,0.0,0.724533,0.969855,0.0,0
0.167258829,258.916667,4.149211,-0.72519,5.217461,0.469025,0.009561,0.005248,0.467966,0.031581,0.591034,0.0,0.724913,0.970079,0.0,0
0.167312661,259.0,4.146983,-0.719804,5.213204,0.46885,0.009565,0.005218,0.467793,0.031546,0.590535,0.0,0.725293,0.970312,0.0,0
0.167366494,259.083333,4.144771,-0.714418,5.208962,0.468675,0.009569,0.005188,0.467621,0.031512,0.590038,0.0,0.725673,0.970543,0.0,0
0.167420327,259.166667,4.142575,-0.70903,5.204735,0.468503,0.009573,0.005158,0.46745,0.031477,0.589542,0.0,0.726052,0.970774,0.0,0
0.16747416,259.25,4.140397,-0.70364,5.200521,0.468331,0.009577,0.005129,0.46728,0.031443,0.589048,0.0,0.726432,0.971003,0.0,0
0.167527993,259.333333,4.138235,-0.698249,5.196322,0.468161,0.009581,0.005099,0.467112,0.031409,0.588556,0.0,0.726811,0.971248,0.0,0
0.167581826,259.416667,4.136089,-0.692856,5.192137,0.467992,0.009585,0.005069,0.466945,0.031376,0.588065,0.0,0.727189,0.971493,0.0,0
0.167635659,259.5,4.133961,-0.687462,5.187967,0.467824,0.009589,0.00504,0.466779,0.031342,0.587576,0.0,0.727568,0.971738,0.0,0
0.167689492,259.583333,4.131849,-0.682066,5.183811,0.467657,0.009593,0.00501,0.466614,0.031309,0.587089,0.0,0.727947,0.971982,0.0,0
0.167743325,259.666667,4.129753,-0.676669,5.17967,0.467492,0.009597,0.004981,0.466451,0.031276,0.586603,0.0,0.728325,0.972226,0.0,0
0.167797158,259.75,4.127674,-0.671271,5.175543,0.467328,0.009601,0.004951,0.466289,0.031243,0.586119,0.0,0.728703,0.972483,0.0,0
0.167850991,259.833333,4.125612,-0.665871,5.17143,0.467166,0.009605,0.004922,0.466128,0.03121,0.585637,0.0,0.729081,0.972739,0.0,0
0.167904823,259.916667,4.123567,-0.66047,5.167332,0.467004,0.009609,0.004892,0.465969,0.031178,0.585156,0.0,0.729458,0.972994,0.0,0
0.167958656,260.0,4.121538,-0.655067,5.163249,0.466844,0.009614,0.004863,0.46581,0.031146,0.584678,0.0,0.729836,0.973248,0.0,0
0.168012489,260.083333,4.119526,-0.649663,5.15918,0.466686,0.009618,0.004834,0.465653,0.031114,0.5842,0.0,0.730213,0.973504,0.0,0
0.168066322,260.166667,4.11753,-0.644258,5.155125,0.466528,0.009622,0.004804,0.465498,0.031082,0.583725,0.0,0.73059,0.973769,0.0,0
0.168120155,260.25,4.115552,-0.638851,5.151085,0.466372,0.009626,0.004775,0.465343,0.031051,0.583251,0.0,0.730967,0.974032,0.0,0
0.168173988,260.333333,4.113589,-0.633443,5.147059,0.466217,0.00963,0.004746,0.46519,0.03102,0.582779,0.0,0.731344,0.974295,0.0,0
0.168227821,260.416667,4.111644,-0.628033,5.143048,0.466064,0.009635,0.004717,0.465039,0.030988,0.582309,0.0,0.73172,0.974557,0.0,0
0.168281654,260.5,4.109715,-0.622623,5.139051,0.465911,0.009639,0.004688,0.464888,0.030958,0.58184,0.0,0.732097,0.97482,0.0,0
0.168335487,260.583333,4.107803,-0.617211,5.135069,0.46576,0.009643,0.004659,0.464739,0.030927,0.581373,0.0,0.732473,0.97509,0.0,0
0.16838932,260.666667,4.105908,-0.611797,5.131101,0.465611,0.009647,0.00463,0.464591,0.030897,0.580908,0.0,0.732849,0.975359,0.0,0
0.168443152,260.75,4.104029,-0.606382,5.127148,0.465462,0.009652,0.004601,0.464444,0.030867,0.580445,0.0,0.733225,0.975627,0.0,0
0.168496985,260.833333,4.102167,-0.600966,5.123209,0.465315,0.009656,0.004572,0.464299,0.030837,0.579983,0.0,0.7336,0.975894,0.0,0
0.168550818,260.916667,4.100322,-0.595549,5.119285,0.46517,0.00966,0.004543,0.464155,0.030807,0.579523,0.0,0.733976,0.976161,0.0,0
0.168604651,261.0,4.098493,-0.590131,5.115376,0.465025,0.009665,0.004514,0.464012,0.030777,0.579064,0.0,0.734351,0.976434,0.0,0
0.168658484,261.083333,4.096681,-0.584711,5.111481,0.464882,0.009669,0.004485,0.463871,0.030748,0.578608,0.0,0.734727,0.976705,0.0,0
0.168712317,261.166667,4.094886,-0.57929,5.1076,0.464741,0.009674,0.004456,0.463731,0.030719,0.578153,0.0,0.735102,0.976976,0.0,0
0.16876615,261.25,4.093108,-0.573868,5.103734,0.4646,0.009678,0.004427,0.463592,0.03069,0.577699,0.0,0.735477,0.977246,0.0,0
0.168819983,261.333333,4.091346,-0.568444,5.099883,0.464461,0.009683,0.004399,0.463455,0.030662,0.577248,0.0,0.735851,0.977514,0.0,0
0.168873816,261.416667,4.089601,-0.563019,5.096047,0.464324,0.009687,0.00437,0.463319,0.030633,0.576798,0.0,0.736226,0.977787,0.0,0
0.168927649,261.5,4.087873,-0.557594,5.092225,0.464187,0.009691,0.004341,0.463184,0.030605,0.57635,0.0,0.7366,0.978059,0.0,0
0.168981481,261.583333,4.086162,-0.552167,5.088417,0.464052,0.009696,0.004312,0.46305,0.030577,0.575903,0.0,0.736974,0.97833,0.0,0
0.169035314,261.666667,4.084467,-0.546738,5.084624,0.463918,0.0097,0.004284,0.462918,0.030549,0.575459,0.0,0.737349,0.978599,0.0,0
0.169089147,261.75,4.082789,-0.541309,5.080846,0.463786,0.009705,0.004255,0.462787,0.030522,0.575016,0.0,0.737722,0.978868,0.0,0
0.16914298,261.833333,4.081128,-0.535879,5.077083,0.463655,0.00971,0.004226,0.462658,0.030495,0.574574,0.0,0.738096,0.979138,0.0,0
0.169196813,261.916667,4.079483,-0.530447,5.073334,0.463525,0.009714,0.004197,0.46253,0.030468,0.574135,0.0,0.73847,0.979408,0.0,0
0.169250646,262.0,4.077855,-0.525014,5.0696,0.463397,0.009719,0.004168,0.462403,0.030441,0.573697,0.0,0.738843,0.979677,0.0,0
0.169304479,262.083333,4.076244,-0.51958,5.06588,0.46327,0.009723,0.00414,0.462277,0.030414,0.573261,0.0,0.739217,0.979944,0.0,0
0.169358312,262.166667,4.07465,-0.514145,5.062175,0.463144,0.009728,0.004111,0.462153,0.030388,0.572826,0.0,0.73959,0.980211,0.0,0
0.169412145,262.25,4.073073,-0.508709,5.058485,0.46302,0.009733,0.004082,0.46203,0.030361,0.572394,0.0,0.739963,0.980477,0.0,0
0.169465978,262.333333,4.071512,-0.503272,5.054809,0.462897,0.009737,0.004053,0.461909,0.030335,0.571963,0.0,0.740335,0.980743,0.0,0
0.169519811,262.416667,4.069968,-0.497834,5.051148,0.462775,0.009742,0.004025,0.461789,0.03031,0.571534,0.0,0.740708,0.981007,0.0,0
0.169573643,262.5,4.068441,-0.492395,5.047502,0.462655,0.009747,0.003996,0.46167,0.030284,0.571106,0.0,0.74108,0.981271,0.0,0
0.169627476,262.583333,4.066931,-0.486954,5.043871,0.462536,0.009751,0.003967,0.461552,0.030259,0.57068,0.0,0.741453,0.981533,0.0,0
0.169681309,262.666667,4.065437,-0.481513,5.040254,0.462419,0.009756,0.003938,0.461436,0.030234,0.570256,0.0,0.741825,0.981794,0.0,0
0.169735142,262.75,4.06396,-0.476071,5.036652,0.462302,0.009761,0.00391,0.461321,0.030209,0.569834,0.0,0.742197,0.982054,0.0,0
0.169788975,262.833333,4.0625,-0.470627,5.033065,0.462188,0.009766,0.003881,0.461208,0.030184,0.569413,0.0,0.742569,0.982312,0.0,0
0.169842808,262.916667,4.061057,-0.465183,5.029492,0.462074,0.009771,0.003852,0.461096,0.03016,0.568994,0.0,0.74294,0.98257,0.0,0
0.169896641,263.0,4.059631,-0.459738,5.025935,0.461962,0.009775,0.003824,0.460985,0.030136,0.568577,0.0,0.743312,0.982826,0.0,0
0.169950474,263.083333,4.058221,-0.454291,5.022392,0.461851,0.00978,0.003795,0.460876,0.030112,0.568162,0.0,0.743683,0.983081,0.0,0
0.170004307,263.166667,4.056828,-0.448844,5.018863,0.461742,0.009785,0.003766,0.460768,0.030088,0.567748,0.0,0.744054,0.983334,0.0,0
0.17005814,263.25,4.055452,-0.443396,5.01535,0.461634,0.00979,0.003738,0.460661,0.030064,0.567336,0.0,0.744425,0.983585,0.0,0
0.170111972,263.333333,4.054093,-0.437947,5.011851,0.461527,0.009795,0.003709,0.460556,0.030041,0.566926,0.0,0.744795,0.983834,0.0,0
0.170165805,263.416667,4.052751,-0.432497,5.008367,0.461422,0.0098,0.003681,0.460451,0.030018,0.566517,0.0,0.745166,0.984082,0.0,0
0.170219638,263.5,4.051425,-0.427046,5.004898,0.461318,0.009805,0.003652,0.460349,0.029995,0.566111,0.0,0.745536,0.984329,0.0,0
0.170273471,263.583333,4.050116,-0.421594,5.001444,0.461215,0.00981,0.003623,0.460248,0.029972,0.565705,0.0,0.745906,0.984575,0.0,0
0.170327304,263.666667,4.048824,-0.416141,4.998004,0.461114,0.009815,0.003595,0.460148,0.02995,0.565302,0.0,0.746276,0.984818,0.0,0
0.170381137,263.75,4.047549,-0.410687,4.994579,0.461014,0.00982,0.003566,0.460049,0.029927,0.564901,0.0,0.746646,0.985057,0.0,0
0.17043497,263.833333,4.046291,-0.405233,4.991169,0.460915,0.009825,0.003538,0.459952,0.029905,0.564501,0.0,0.747015,0.985295,0.0,0
0.170488803,263.916667,4.045049,-0.399778,4.987774,0.460818,0.00983,0.003509,0.459856,0.029883,0.564103,0.0,0.747385,0.985533,0.0,0
0.170542636,264.0,4.043825,-0.394321,4.984394,0.460722,0.009835,0.003481,0.459761,0.029862,0.563706,0.0,0.747754,0.985769,0.0,0
0.170596469,264.083333,4.042617,-0.388864,4.981029,0.460628,0.00984,0.003452,0.459668,0.02984,0.563312,0.0,0.748123,0.986004,0.0,0
0.170650301,264.166667,4.041426,-0.383406,4.977678,0.460535,0.009845,0.003424,0.459576,0.029819,0.562919,0.0,0.748491,0.986234,0.0,0
0.170704134,264.25,4.040252,-0.377948,4.974342,0.460443,0.00985,0.003396,0.459486,0.029798,0.562528,0.0,0.74886,0.986461,0.0,0
0.170757967,264.333333,4.039095,-0.372488,4.971021,0.460353,0.009855,0.003367,0.459397,0.029777,0.562138,0.0,0.749228,0.986687,0.0,0
0.1708118,264.416667,4.037954,-0.367028,4.967715,0.460264,0.00986,0.003339,0.459309,0.029757,0.561751,0.0,0.749596,0.986912,0.0,0
0.170865633,264.5,4.03683,-0.361567,4.964424,0.460177,0.009865,0.003311,0.459223,0.029737,0.561365,0.0,0.749964,0.987136,0.0,0
0.170919466,264.583333,4.035724,-0.356105,4.961148,0.460091,0.009871,0.003282,0.459138,0.029716,0.560981,0.0,0.750331,0.987359,0.0,0
0.170973299,264.666667,4.034634,-0.350642,4.957887,0.460006,0.009876,0.003254,0.459054,0.029696,0.560598,0.0,0.750699,0.987575,0.0,0
0.171027132,264.75,4.033561,-0.345179,4.95464,0.459922,0.009881,0.003226,0.458972,0.029677,0.560218,0.0,0.751066,0.987788,0.0,0
0.171080965,264.833333,4.032504,-0.339715,4.951409,0.45984,0.009886,0.003198,0.458891,0.029657,0.559839,0.0,0.751433,0.988,0.0,0
0.171134798,264.916667,4.031465,-0.33425,4.948192,0.45976,0.009892,0.003169,0.458811,0.029638,0.559462,0.0,0.751799,0.988211,0.0,0
0.17118863,265.0,4.030442,-0.328785,4.94499,0.45968,0.009897,0.003141,0.458733,0.029619,0.559086,0.0,0.752166,0.988421,0.0,0
0.171242463,265.083333,4.029437,-0.323319,4.941804,0.459603,0.009902,0.003113,0.458656,0.0296,0.558713,0.0,0.752532,0.98863,0.0,0
0.171296296,265.166667,4.028448,-0.317852,4.938632,0.459526,0.009908,0.003085,0.458581,0.029582,0.558341,0.0,0.752898,0.988834,0.0,0
0.171350129,265.25,4.027476,-0.312384,4.935475,0.459451,0.009913,0.003057,0.458507,0.029563,0.55797,0.0,0.753263,0.989032,0.0,0
0.171403962,265.333333,4.026521,-0.306916,4.932333,0.459377,0.009918,0.003029,0.458434,0.029545,0.557602,0.0,0.753629,0.989229,0.0,0
0.171457795,265.416667,4.025583,-0.301447,4.929206,0.459305,0.009924,0.003001,0.458363,0.029527,0.557235,0.0,0.753994,0.989425,0.0,0
0.171511628,265.5,4.024661,-0.295978,4.926094,0.459234,0.009929,0.002973,0.458293,0.029509,0.55687,0.0,0.754359,0.98962,0.0,0
0.171565461,265.583333,4.023757,-0.290508,4.922997,0.459164,0.009935,0.002945,0.458224,0.029492,0.556507,0.0,0.754723,0.989814,0.0,0
0.171619294,265.666667,4.022869,-0.285037,4.919915,0.459096,0.00994,0.002917,0.458157,0.029474,0.556146,0.0,0.755088,0.990006,0.0,0
0.171673127,265.75,4.021999,-0.279566,4.916847,0.459029,0.009946,0.002889,0.458091,0.029457,0.555786,0.0,0.755452,0.990188,0.0,0
0.17172696,265.833333,4.021145,-0.274094,4.913795,0.458964,0.009951,0.002861,0.458027,0.02944,0.555428,0.0,0.755815,0.990368,0.0,0
0.171780792,265.916667,4.020308,-0.268621,4.910758,0.4589,0.009957,0.002833,0.457964,0.029424,0.555072,0.0,0.756179,0.990547,0.0,0
0.171834625,266.0,4.019488,-0.263148,4.907736,0.458837,0.009962,0.002806,0.457902,0.029407,0.554718,0.0,0.756542,0.990726,0.0,0
0.171888458,266.083333,4.018684,-0.257674,4.904729,0.458776,0.009968,0.002778,0.457842,0.029391,0.554365,0.0,0.756905,0.990904,0.0,0
0.171942291,266.166667,4.017898,-0.2522,4.901736,0.458716,0.009973,0.00275,0.457783,0.029375,0.554015,0.0,0.757268,0.991081,0.0,0
0.171996124,266.25,4.017129,-0.246726,4.898759,0.458657,0.009979,0.002722,0.457725,0.029359,0.553665,0.0,0.75763,0.991252,0.0,0
0.172049957,266.333333,4.016376,-0.24125,4.895797,0.4586,0.009985,0.002695,0.457669,0.029343,0.553318,0.0,0.757992,0.991415,0.0,0
0.17210379,266.416667,4.01564,-0.235775,4.89285,0.458545,0.00999,0.002667,0.457614,0.029328,0.552973,0.0,0.758354,0.991577,0.0,0
0.172157623,266.5,4.014922,-0.230298,4.889918,0.45849,0.009996,0.00264,0.457561,0.029313,0.552629,0.0,0.758715,0.991738,0.0,0
0.172211456,266.583333,4.01422,-0.224822,4.887001,0.458437,0.010002,0.002612,0.457509,0.029298,0.552287,0.0,0.759076,0.991899,0.0,0
0.172265289,266.666667,4.013535,-0.219345,4.884099,0.458386,0.010007,0.002584,0.457458,0.029283,0.551946,0.0,0.759437,0.992059,0.0,0
0.172319121,266.75,4.012867,-0.213867,4.881212,0.458336,0.010013,0.002557,0.457409,0.029268,0.551608,0.0,0.759797,0.992218,0.0,0
0.172372954,266.833333,4.012215,-0.208389,4.87834,0.458287,0.010019,0.00253,0.457361,0.029254,0.551271,0.0,0.760158,0.992368,0.0,0
0.172426787,266.916667,4.011581,-0.20291,4.875483,0.458239,0.010025,0.002502,0.457314,0.02924,0.550936,0.0,0.760517,0.992512,0.0,0
0.17248062,267.0,4.010964,-0.197431,4.872642,0.458193,0.01003,0.002475,0.457269,0.029226,0.550603,0.0,0.760877,0.992655,0.0,0
0.172534453,267.083333,4.010363,-0.191952,4.869815,0.458149,0.010036,0.002448,0.457225,0.029212,0.550272,0.0,0.761236,0.992798,0.0,0
0.172588286,267.166667,4.00978,-0.186472,4.867003,0.458106,0.010042,0.00242,0.457183,0.029199,0.549942,0.0,0.761595,0.99294,0.0,0
0.172642119,267.25,4.009213,-0.180992,4.864207,0.458064,0.010048,0.002393,0.457142,0.029185,0.549614,0.0,0.761953,0.993081,0.0,0
0.172695952,267.333333,4.008663,-0.175511,4.861426,0.458023,0.010054,0.002366,0.457102,0.029172,0.549288,0.0,0.762311,0.993221,0.0,0
0.172749785,267.416667,4.00813,-0.17003,4.858659,0.457984,0.01006,0.002339,0.457064,0.029159,0.548964,0.0,0.762669,0.993354,0.0,0
0.172803618,267.5,4.007614,-0.164549,4.855908,0.457947,0.010066,0.002311,0.457027,0.029147,0.548641,0.0,0.763027,0.993478,0.0,0
0.17285745,267.583333,4.007115,-0.159067,4.853172,0.457911,0.010072,0.002284,0.456992,0.029134,0.54832,0.0,0.763384,0.993602,0.0,0
0.172911283,267.666667,4.006633,-0.153585,4.850451,0.457876,0.010078,0.002257,0.456958,0.029122,0.548001,0.0,0.763741,0.993725,0.0,0
0.172965116,267.75,4.006168,-0.148103,4.847745,0.457842,0.010084,0.00223,0.456925,0.02911,0.547684,0.0,0.764097,0.993848,0.0,0
0.173018949,267.833333,4.005719,-0.14262,4.845054,0.45781,0.01009,0.002203,0.456894,0.029098,0.547368,0.0,0.764453,0.99397,0.0,0
0.173072782,267.916667,4.005288,-0.137137,4.842379,0.45778,0.010096,0.002176,0.456864,0.029087,0.547055,0.0,0.764809,0.994091,0.0,0
0.173126615,268.0,4.004873,-0.131654,4.839718,0.45775,0.010102,0.00215,0.456835,0.029075,0.546743,0.0,0.765164,0.994209,0.0,0
0.173180448,268.083333,4.004476,-0.126171,4.837073,0.457723,0.010108,0.002123,0.456808,0.029064,0.546433,0.0,0.765519,0.994313,0.0,0
0.173234281,268.166667,4.004095,-0.120687,4.834443,0.457696,0.010114,0.002096,0.456782,0.029053,0.546124,0.0,0.765873,0.994416,0.0,0
0.173288114,268.25,4.003731,-0.115203,4.831828,0.457671,0.01012,0.002069,0.456758,0.029042,0.545818,0.0,0.766227,0.994518,0.0,0
0.173341947,268.333333,4.003384,-0.109719,4.829228,0.457647,0.010126,0.002042,0.456735,0.029032,0.545513,0.0,0.766581,0.99462,0.0,0
0.17339578,268.416667,4.003054,-0.104234,4.826644,0.457625,0.010132,0.002016,0.456713,0.029021,0.54521,0.0,0.766934,0.994721,0.0,0
0.173449612,268.5,4.002741,-0.098749,4.824074,0.457604,0.010139,0.001989,0.456693,0.029011,0.544908,0.0,0.767287,0.994822,0.0,0
0.173503445,268.583333,4.002445,-0.093265,4.82152,0.457585,0.010145,0.001963,0.456674,0.029001,0.544609,0.0,0.76764,0.994922,0.0,0
0.173557278,268.666667,4.002166,-0.087779,4.818981,0.457567,0.010151,0.001936,0.456657,0.028992,0.544311,0.0,0.767992,0.995015,0.0,0
0.173611111,268.75,4.001904,-0.082294,4.816457,0.45755,0.010157,0.00191,0.456641,0.028982,0.544015,0.0,0.768344,0.995096,0.0,0
0.173664944,268.833333,4.001658,-0.076809,4.813948,0.457535,0.010164,0.001883,0.456626,0.028973,0.543721,0.0,0.768695,0.995177,0.0,0
0.173718777,268.916667,4.00143,-0.071323,4.811455,0.457521,0.01017,0.001857,0.456613,0.028964,0.543429,0.0,0.769046,0.995257,0.0,0
0.17377261,269.0,4.001218,-0.065837,4.808976,0.457509,0.010176,0.00183,0.456601,0.028955,0.543138,0.0,0.769396,0.995337,0.0,0
0.173826443,269.083333,4.001024,-0.060351,4.806513,0.457498,0.010183,0.001804,0.456591,0.028946,0.542849,0.0,0.769746,0.995416,0.0,0
0.173880276,269.166667,4.000846,-0.054865,4.804066,0.457488,0.010189,0.001778,0.456582,0.028938,0.542562,0.0,0.770096,0.995495,0.0,0
0.173934109,269.25,4.000685,-0.049379,4.801633,0.45748,0.010196,0.001751,0.456574,0.028929,0.542277,0.0,0.770445,0.995574,0.0,0
0.173987941,269.333333,4.000542,-0.043893,4.799215,0.457473,0.010202,0.001725,0.456568,0.028921,0.541994,0.0,0.770794,0.995646,0.0,0
0.174041774,269.416667,4.000415,-0.038406,4.796813,0.457468,0.010208,0.001699,0.456563,0.028914,0.541712,0.0,0.771142,0.995705,0.0,0
0.174095607,269.5,4.000305,-0.03292,4.794426,0.457464,0.010215,0.001673,0.45656,0.028906,0.541432,0.0,0.77149,0.995765,0.0,0
0.17414944,269.583333,4.000212,-0.027433,4.792055,0.457461,0.010221,0.001647,0.456558,0.028898,0.541154,0.0,0.771838,0.995824,0.0,0
0.174203273,269.666667,4.000135,-0.021947,4.789698,0.45746,0.010228,0.001621,0.456557,0.028891,0.540878,0.0,0.772185,0.995882,0.0,0
0.174257106,269.75,4.000076,-0.01646,4.787357,0.45746,0.010235,0.001595,0.456558,0.028884,0.540603,0.0,0.772531,0.995941,0.0,0
0.174310939,269.833333,4.000034,-0.010973,4.785031,0.457462,0.010241,0.001569,0.45656,0.028877,0.54033,0.0,0.772878,0.995999,0.0,0
0.174364772,269.916667,4.000008,-0.005487,4.78272,0.457465,0.010248,0.001543,0.456563,0.028871,0.54006,0.0,0.773223,0.996056,0.0,0
0.174418605,270.0,4.0,0.0,4.780425,0.45747,0.010254,0.001517,0.456568,0.028865,0.53979,0.0,0.773568,0.996113,0.0,0
0.174472438,270.083333,4.000008,0.005487,4.778145,0.457523,0.010261,0.001492,0.456622,0.028862,0.539523,0.0,0.774085,0.996155,0.0,0
0.17452627,270.166667,4.000034,0.010973,4.77588,0.457578,0.010268,0.001466,0.456677,0.028859,0.539257,0.0,0.774601,0.996194,0.0,0
0.174580103,270.25,4.000076,0.01646,4.77363,0.457634,0.010275,0.00144,0.456734,0.028856,0.538994,0.0,0.775116,0.996233,0.0,0
0.174633936,270.333333,4.000135,0.021947,4.771396,0.457691,0.010282,0.001415,0.456791,0.028854,0.538732,0.0,0.77563,0.996271,0.0,0
0.174687769,270.416667,4.000212,0.027433,4.769177,0.457749,0.010288,0.001389,0.45685,0.028852,0.538472,0.0,0.776142,0.996309,0.0,0
0.174741602,270.5,4.000305,0.03292,4.766973,0.457809,0.010295,0.001364,0.45691,0.02885,0.538213,0.0,0.776654,0.996347,0.0,0
0.174795435,270.583333,4.000415,0.038406,4.764785,0.45787,0.010302,0.001338,0.456971,0.028848,0.537957,0.0,0.777164,0.996384,0.0,0
0.174849268,270.666667,4.000542,0.043893,4.762612,0.457932,0.010309,0.001313,0.457033,0.028846,0.537702,0.0,0.777673,0.996421,0.0,0
0.174903101,270.75,4.000685,0.049379,4.760454,0.457995,0.010316,0.001288,0.457096,0.028845,0.537449,0.0,0.778181,0.996458,0.0,0
0.174956934,270.833333,4.000846,0.054865,4.758311,0.458059,0.010323,0.001262,0.457161,0.028844,0.537198,0.0,0.778688,0.996481,0.0,0
0.175010767,270.916667,4.001024,0.060351,4.756184,0.458124,0.01033,0.001237,0.457226,0.028843,0.536948,0.0,0.779194,0.9965,0.0,0
0.175064599,271.0,4.001218,0.065837,4.754072,0.458191,0.010337,0.001212,0.457293,0.028842,0.536701,0.0,0.779699,0.996519,0.0,0
0.175118432,271.083333,4.00143,0.071323,4.751976,0.458259,0.010344,0.001187,0.457361,0.028841,0.536455,0.0,0.780203,0.996537,0.0,0
0.175172265,271.166667,4.001658,0.076809,4.749895,0.458328,0.010351,0.001162,0.457431,0.028841,0.536211,0.0,0.780705,0.996556,0.0,0
0.175226098,271.25,4.001904,0.082294,4.747829,0.458398,0.010358,0.001137,0.457501,0.028841,0.535968,0.0,0.781206,0.996574,0.0,0
0.175279931,271.333333,4.002166,0.087779,4.745778,0.45847,0.010366,0.001112,0.457573,0.028841,0.535728,0.0,0.781707,0.996593,0.0,0
0.175333764,271.416667,4.002445,0.093265,4.743743,0.458543,0.010373,0.001087,0.457646,0.028841,0.535489,0.0,0.782206,0.996611,0.0,0
0.175387597,271.5,4.002741,0.098749,4.741723,0.458616,0.01038,0.001062,0.45772,0.028841,0.535253,0.0,0.782704,0.996629,0.0,0
0.17544143,271.583333,4.003054,0.104234,4.739719,0.458692,0.010387,0.001037,0.457795,0.028842,0.535018,0.0,0.783201,0.996644,0.0,0
0.175495263,271.666667,4.003384,0.109719,4.73773,0.458768,0.010394,0.001012,0.457871,0.028842,0.534784,0.0,0.783697,0.996645,0.0,0
0.175549096,271.75,4.003731,0.115203,4.735756,0.458845,0.010402,0.000987,0.457949,0.028843,0.534553,0.0,0.784191,0.996646,0.0,0
0.175602929,271.833333,4.004095,0.120687,4.733798,0.458924,0.010409,0.000963,0.458028,0.028844,0.534323,0.0,0.784685,0.996646,0.0,0
0.175656761,271.916667,4.004476,0.126171,4.731855,0.459004,0.010416,0.000938,0.458108,0.028846,0.534095,0.0,0.785177,0.996647,0.0,0
0.175710594,272.0,4.004873,0.131654,4.729927,0.459085,0.010424,0.000913,0.458189,0.028847,0.533869,0.0,0.785668,0.996648,0.0,0
0.175764427,272.083333,4.005288,0.137137,4.728015,0.459168,0.010431,0.000889,0.458272,0.028849,0.533645,0.0,0.786158,0.996648,0.0,0
0.17581826,272.166667,4.005719,0.14262,4.726118,0.459251,0.010438,0.000864,0.458356,0.028851,0.533423,0.0,0.786647,0.996649,0.0,0
0.175872093,272.25,4.006168,0.148103,4.724237,0.459336,0.010446,0.00084,0.458441,0.028853,0.533202,0.0,0.787135,0.99665,0.0,0
0.175925926,272.333333,4.006633,0.153585,4.722371,0.459422,0.010453,0.000815,0.458527,0.028855,0.532983,0.0,0.787622,0.99665,0.0,0
0.175979759,272.416667,4.007115,0.159067,4.72052,0.45951,0.010461,0.000791,0.458614,0.028858,0.532766,0.0,0.788107,0.996651,0.0,0
0.176033592,272.5,4.007614,0.164549,4.718685,0.459598,0.010468,0.000767,0.458703,0.028861,0.532551,0.0,0.788591,0.996644,0.0,0
0.176087425,272.583333,4.00813,0.17003,4.716865,0.459688,0.010476,0.000743,0.458793,0.028863,0.532338,0.0,0.789075,0.996634,0.0,0
0.176141258,272.666667,4.008663,0.175511,4.71506,0.459779,0.010483,0.000718,0.458884,0.028867,0.532126,0.0,0.789557,0.996625,0.0,0
0.17619509,272.75,4.009213,0.180992,4.713271,0.459871,0.010491,0.000694,0.458976,0.02887,0.531916,0.0,0.790038,0.996615,0.0,0
0.176248923,272.833333,4.00978,0.186472,4.711498,0.459965,0.010499,0.00067,0.459069,0.028873,0.531708,0.0,0.790518,0.996606,0.0,0
0.176302756,272.916667,4.010363,0.191952,4.709739,0.460059,0.010506,0.000646,0.459164,0.028877,0.531502,0.0,0.790996,0.996596,0.0,0
0.176356589,273.0,4.010964,0.197431,4.707996,0.460155,0.010514,0.000622,0.45926,0.028881,0.531298,0.0,0.791474,0.996587,0.0,0
0.176410422,273.083333,4.011581,0.20291,4.706269,0.460253,0.010522,0.000598,0.459357,0.028885,0.531095,0.0,0.79195,0.996578,0.0,0
0.176464255,273.166667,4.012215,0.208389,4.704557,0.460351,0.010529,0.000574,0.459456,0.028889,0.530895,0.0,0.792425,0.996569,0.0,0
0.176518088,273.25,4.012867,0.213867,4.702861,0.460451,0.010537,0.00055,0.459555,0.028894,0.530696,0.0,0.7929,0.99656,0.0,0
0.176571921,273.333333,4.013535,0.219345,4.70118,0.460552,0.010545,0.000526,0.459656,0.028898,0.530499,0.0,0.793373,0.996551,0.0,0
0.176625754,273.416667,4.01422,0.224822,4.699514,0.460654,0.010553,0.000503,0.459759,0.028903,0.530303,0.0,0.793845,0.996542,0.0,0
0.176679587,273.5,4.014922,0.230298,4.697864,0.460758,0.01056,0.000479,0.459862,0.028908,0.53011,0.0,0.794315,0.996532,0.0,0
0.176733419,273.583333,4.01564,0.235775,4.696229,0.460862,0.010568,0.000455,0.459967,0.028914,0.529918,0.0,0.794785,0.996522,0.0,0
0.176787252,273.666667,4.016376,0.24125,4.69461,0.460968,0.010576,0.000432,0.460073,0.028919,0.529728,0.0,0.795254,0.996513,0.0,0
0.176841085,273.75,4.017129,0.246726,4.693006,0.461076,0.010584,0.000408,0.46018,0.028925,0.52954,0.0,0.795721,0.996504,0.0,0
0.176894918,273.833333,4.017898,0.2522,4.691417,0.461184,0.010592,0.000384,0.460288,0.028931,0.529354,0.0,0.796187,0.996494,0.0,0
0.176948751,273.916667,4.018684,0.257674,4.689844,0.461294,0.0106,0.000361,0.460398,0.028937,0.52917,0.0,0.796653,0.996485,0.0,0
0.177002584,274.0,4.019488,0.263148,4.688287,0.461405,0.010608,0.000338,0.460509,0.028943,0.528987,0.0,0.797117,0.996476,0.0,0
0.177056417,274.083333,4.020308,0.268621,4.686745,0.461518,0.010616,0.000314,0.460621,0.02895,0.528806,0.0,0.79758,0.996467,0.0,0
0.17711025,274.166667,4.021145,0.274094,4.685218,0.461631,0.010624,0.000291,0.460735,0.028956,0.528627,0.0,0.798042,0.996458,0.0,0
0.177164083,274.25,4.021999,0.279566,4.683707,0.461746,0.010632,0.000268,0.46085,0.028963,0.52845,0.0,0.798503,0.996449,0.0,0
0.177217916,274.333333,4.022869,0.285037,4.682212,0.461862,0.01064,0.000244,0.460966,0.02897,0.528275,0.0,0.798962,0.996441,0.0,0
0.177271748,274.416667,4.023757,0.290508,4.680732,0.46198,0.010648,0.000221,0.461083,0.028977,0.528101,0.0,0.799421,0.996432,0.0,0
0.177325581,274.5,4.024661,0.295978,4.679267,0.462099,0.010656,0.000198,0.461202,0.028985,0.527929,0.0,0.799879,0.996423,0.0,0
0.177379414,274.583333,4.025583,0.301447,4.677818,0.462219,0.010665,0.000175,0.461322,0.028993,0.527759,0.0,0.800335,0.996414,0.0,0
0.177433247,274.666667,4.026521,0.306916,4.676384,0.46234,0.010673,0.000152,0.461443,0.029,0.527591,0.0,0.800791,0.996406,0.0,0
0.17748708,274.75,4.027476,0.312384,4.674966,0.462463,0.010681,0.000129,0.461565,0.029009,0.527425,0.0,0.801245,0.996397,0.0,0
0.177540913,274.833333,4.028448,0.317852,4.673564,0.462587,0.010689,0.000106,0.461689,0.029017,0.527261,0.0,0.801698,0.996388,0.0,0
0.177594746,274.916667,4.029437,0.323319,4.672176,0.462712,0.010698,8.3e-05,0.461814,0.029025,0.527098,0.0,0.80215,0.99638,0.0,0
0.177648579,275.0,4.030442,0.328785,4.670805,0.462839,0.010706,6e-05,0.461941,0.029034,0.526937,0.0,0.802602,0.996371,0.0,0
0.177702412,275.083333,4.031465,0.33425,4.669449,0.462967,0.010714,3.8e-05,0.462068,0.029043,0.526778,0.0,0.803052,0.996363,0.0,0
0.177756245,275.166667,4.032504,0.339715,4.668108,0.463096,0.010723,1.5e-05,0.462197,0.029052,0.526621,0.0,0.803501,0.996355,0.0,0
0.177810078,275.25,4.033561,0.345179,4.666783,0.463227,0.010731,-8e-06,0.462328,0.029061,0.526466,0.0,0.803949,0.996347,0.0,0
0.17786391,275.333333,4.034634,0.350642,4.665473,0.463359,0.01074,-3.1e-05,0.462459,0.029071,0.526312,0.0,0.804395,0.996339,0.0,0
0.177917743,275.416667,4.035724,0.356105,4.664179,0.463492,0.010748,-5.3e-05,0.462592,0.029081,0.52616,0.0,0.804841,0.996331,0.0,0
0.177971576,275.5,4.03683,0.361567,4.6629,0.463626,0.010756,-7.6e-05,0.462726,0.029091,0.52601,0.0,0.805286,0.996323,0.0,0
0.178025409,275.583333,4.037954,0.367028,4.661637,0.463762,0.010765,-9.8e-05,0.462862,0.029101,0.525862,0.0,0.80573,0.996315,0.0,0
0.178079242,275.666667,4.039095,0.372488,4.66039,0.463899,0.010774,-0.000121,0.462999,0.029111,0.525716,0.0,0.806172,0.996307,0.0,0
0.178133075,275.75,4.040252,0.377948,4.659158,0.464038,0.010782,-0.000143,0.463137,0.029122,0.525571,0.0,0.806614,0.9963,0.0,0
0.178186908,275.833333,4.041426,0.383406,4.657941,0.464178,0.010791,-0.000166,0.463276,0.029132,0.525429,0.0,0.807055,0.996292,0.0,0
0.178240741,275.916667,4.042617,0.388864,4.65674,0.464319,0.010799,-0.000188,0.463417,0.029143,0.525288,0.0,0.807494,0.996284,0.0,0
0.178294574,276.0,4.043825,0.394321,4.655555,0.464461,0.010808,-0.00021,0.463559,0.029154,0.525149,0.0,0.807933,0.996277,0.0,0
0.178348407,276.083333,4.045049,0.399778,4.654385,0.464605,0.010817,-0.000233,0.463703,0.029166,0.525012,0.0,0.80837,0.996269,0.0,0
0.178402239,276.166667,4.046291,0.405233,4.653231,0.46475,0.010826,-0.000255,0.463848,0.029177,0.524877,0.0,0.808807,0.996262,0.0,0
0.178456072,276.25,4.047549,0.410687,4.652092,0.464897,0.010834,-0.000277,0.463994,0.029189,0.524743,0.0,0.809242,0.996255,0.0,0
0.178509905,276.333333,4.048824,0.416141,4.650969,0.465044,0.010843,-0.000299,0.464141,0.029201,0.524611,0.0,0.809676,0.996248,0.0,0
0.178563738,276.416667,4.050116,0.421594,4.649861,0.465194,0.010852,-0.000321,0.46429,0.029213,0.524481,0.0,0.81011,0.996241,0.0,0
0.178617571,276.5,4.051425,0.427046,4.648769,0.465344,0.010861,-0.000344,0.46444,0.029226,0.524353,0.0,0.810542,0.996234,0.0,0
0.178671404,276.583333,4.052751,0.432497,4.647692,0.465496,0.01087,-0.000366,0.464591,0.029238,0.524227,0.0,0.810973,0.996227,0.0,0
0.178725237,276.666667,4.054093,0.437947,4.646631,0.465649,0.010879,-0.000388,0.464744,0.029251,0.524103,0.0,0.811404,0.99622,0.0,0
0.17877907,276.75,4.055452,0.443396,4.645586,0.465804,0.010888,-0.00041,0.464898,0.029264,0.52398,0.0,0.811833,0.996214,0.0,0
0.178832903,276.833333,4.056828,0.448844,4.644556,0.46596,0.010897,-0.000432,0.465054,0.029277,0.523859,0.0,0.812261,0.996207,0.0,0
0.178886736,276.916667,4.058221,0.454291,4.643541,0.466117,0.010906,-0.000454,0.465211,0.029291,0.52374,0.0,0.812688,0.996201,0.0,0
0.178940568,277.0,4.059631,0.459738,4.642542,0.466276,0.010915,-0.000475,0.465369,0.029305,0.523623,0.0,0.813115,0.996194,0.0,0
0.178994401,277.083333,4.061057,0.465183,4.641559,0.466436,0.010924,-0.000497,0.465528,0.029318,0.523508,0.0,0.81354,0.996188,0.0,0
0.179048234,277.166667,4.0625,0.470627,4.640591,0.466597,0.010933,-0.000519,0.465689,0.029333,0.523395,0.0,0.813964,0.996182,0.0,0
0.179102067,277.25,4.06396,0.476071,4.639639,0.46676,0.010942,-0.000541,0.465851,0.029347,0.523283,0.0,0.814387,0.996176,0.0,0
0.1791559,277.333333,4.065437,0.481513,4.638703,0.466924,0.010951,-0.000563,0.466015,0.029361,0.523173,0.0,0.814809,0.99617,0.0,0
0.179209733,277.416667,4.066931,0.486954,4.637782,0.467089,0.01096,-0.000584,0.46618,0.029376,0.523065,0.0,0.815231,0.996164,0.0,0
0.179263566,277.5,4.068441,0.492395,4.636876,0.467256,0.010969,-0.000606,0.466346,0.029391,0.522959,0.0,0.815651,0.996158,0.0,0
0.179317399,277.583333,4.069968,0.497834,4.635987,0.467425,0.010979,-0.000627,0.466514,0.029406,0.522855,0.0,0.81607,0.996152,0.0,0
0.179371232,277.666667,4.071512,0.503272,4.635112,0.467594,0.010988,-0.000649,0.466683,0.029421,0.522752,0.0,0.816488,0.996146,0.0,0
0.179425065,277.75,4.073073,0.508709,4.634254,0.467765,0.010997,-0.000671,0.466853,0.029437,0.522651,0.0,0.816906,0.996141,0.0,0
0.179478898,277.833333,4.07465,0.514145,4.63341,0.467937,0.011007,-0.000692,0.467025,0.029453,0.522553,0.0,0.817322,0.996135,0.0,0
0.17953273,277.916667,4.076244,0.51958,4.632583,0.468111,0.011016,-0.000714,0.467198,0.029469,0.522456,0.0,0.817737,0.99613,0.0,0
0.179586563,278.0,4.077855,0.525014,4.631771,0.468286,0.011025,-0.000735,0.467373,0.029485,0.52236,0.0,0.818152,0.996125,0.0,0
0.179640396,278.083333,4.079483,0.530447,4.630975,0.468463,0.011035,-0.000756,0.467549,0.029501,0.522267,0.0,0.818565,0.99612,0.0,0
0.179694229,278.166667,4.081128,0.535879,4.630194,0.468641,0.011044,-0.000778,0.467726,0.029518,0.522175,0.0,0.818978,0.996115,0.0,0
0.179748062,278.25,4.082789,0.541309,4.629429,0.46882,0.011054,-0.000799,0.467905,0.029535,0.522086,0.0,0.819389,0.99611,0.0,0
0.179801895,278.333333,4.084467,0.546738,4.628679,0.469001,0.011063,-0.00082,0.468085,0.029552,0.521998,0.0,0.819799,0.996105,0.0,0
0.179855728,278.416667,4.086162,0.552167,4.627945,0.469183,0.011073,-0.000841,0.468266,0.029569,0.521912,0.0,0.820209,0.9961,0.0,0
0.179909561,278.5,4.087873,0.557594,4.627227,0.469366,0.011083,-0.000863,0.468449,0.029587,0.521827,0.0,0.820617,0.996096,0.0,0
0.179963394,278.583333,4.089601,0.563019,4.626524,0.469551,0.011092,-0.000884,0.468633,0.029604,0.521745,0.0,0.821025,0.996091,0.0,0
0.180017227,278.666667,4.091346,0.568444,4.625837,0.469737,0.011102,-0.000905,0.468819,0.029622,0.521665,0.0,0.821432,0.996087,0.0,0
0.180071059,278.75,4.093108,0.573868,4.625165,0.469925,0.011112,-0.000926,0.469006,0.02964,0.521586,0.0,0.821837,0.996082,0.0,0
0.180124892,278.833333,4.094886,0.57929,4.624509,0.470114,0.011121,-0.000947,0.469194,0.029659,0.521509,0.0,0.822242,0.996078,0.0,0
0.180178725,278.916667,4.096681,0.584711,4.623869,0.470305,0.011131,-0.000968,0.469384,0.029677,0.521434,0.0,0.822646,0.996074,0.0,0
0.180232558,279.0,4.098493,0.590131,4.623244,0.470497,0.011141,-0.000989,0.469575,0.029696,0.521361,0.0,0.823049,0.99607,0.0,0
0.180286391,279.083333,4.100322,0.595549,4.622635,0.47069,0.011151,-0.00101,0.469768,0.029715,0.521289,0.0,0.823451,0.996066,0.0,0
0.180340224,279.166667,4.102167,0.600966,4.622041,0.470885,0.011161,-0.001031,0.469962,0.029734,0.521219,0.0,0.823851,0.996062,0.0,0
0.180394057,279.25,4.104029,0.606382,4.621463,0.471081,0.01117,-0.001052,0.470157,0.029754,0.521152,0.0,0.824251,0.996058,0.0,0
0.18044789,279.333333,4.105908,0.611797,4.620901,0.471278,0.01118,-0.001072,0.470354,0.029773,0.521086,0.0,0.824651,0.996055,0.0,0
0.180501723,279.416667,4.107803,0.617211,4.620354,0.471477,0.01119,-0.001093,0.470552,0.029793,0.521022,0.0,0.825049,0.996051,0.0,0
0.180555556,279.5,4.109715,0.622623,4.619823,0.471678,0.0112,-0.001114,0.470751,0.029813,0.520959,0.0,0.825446,0.996048,0.0,0
0.180609388,279.583333,4.111644,0.628033,4.619308,0.471879,0.01121,-0.001135,0.470952,0.029834,0.520899,0.0,0.825842,0.996044,0.0,0
0.180663221,279.666667,4.113589,0.633443,4.618808,0.472083,0.01122,-0.001155,0.471155,0.029854,0.52084,0.0,0.826237,0.996041,0.0,0
0.180717054,279.75,4.115552,0.638851,4.618323,0.472287,0.011231,-0.001176,0.471359,0.029875,0.520784,0.0,0.826632,0.996038,0.0,0
0.180770887,279.833333,4.11753,0.644258,4.617855,0.472493,0.011241,-0.001196,0.471564,0.029896,0.520729,0.0,0.827025,0.996035,0.0,0
0.18082472,279.916667,4.119526,0.649663,4.617402,0.472701,0.011251,-0.001217,0.47177,0.029917,0.520675,0.0,0.827418,0.996032,0.0,0
0.180878553,280.0,4.121538,0.655067,4.616964,0.47291,0.011261,-0.001237,0.471978,0.029939,0.520624,0.0,0.827809,0.996029,0.0,0
0.180932386,280.083333,4.123567,0.66047,4.616542,0.47312,0.011271,-0.001258,0.472188,0.02996,0.520575,0.0,0.8282,0.996027,0.0,0
0.180986219,280.166667,4.125612,0.665871,4.616136,0.473332,0.011282,-0.001278,0.472399,0.029982,0.520527,0.0,0.82859,0.996024,0.0,0
0.181040052,280.25,4.127674,0.671271,4.615746,0.473545,0.011292,-0.001299,0.472611,0.030004,0.520481,0.0,0.828979,0.996021,0.0,0
0.181093885,280.333333,4.129753,0.676669,4.615371,0.47376,0.011302,-0.001319,0.472825,0.030026,0.520437,0.0,0.829367,0.996019,0.0,0
0.181147717,280.416667,4.131849,0.682066,4.615011,0.473976,0.011313,-0.001339,0.47304,0.030049,0.520395,0.0,0.829754,0.996017,0.0,0
0.18120155,280.5,4.133961,0.687462,4.614667,0.474193,0.011323,-0.001359,0.473257,0.030072,0.520355,0.0,0.83014,0.996014,0.0,0
0.181255383,280.583333,4.136089,0.692856,4.614339,0.474412,0.011333,-0.00138,0.473475,0.030095,0.520316,0.0,0.830525,0.996012,0.0,0
0.181309216,280.666667,4.138235,0.698249,4.614027,0.474633,0.011344,-0.0014,0.473694,0.030118,0.52028,0.0,0.83091,0.99601,0.0,0
0.181363049,280.75,4.140397,0.70364,4.61373,0.474854,0.011354,-0.00142,0.473915,0.030141,0.520245,0.0,0.831293,0.996008,0.0,0
0.181416882,280.833333,4.142575,0.70903,4.613449,0.475078,0.011365,-0.00144,0.474137,0.030165,0.520212,0.0,0.831676,0.996007,0.0,0
0.181470715,280.916667,4.144771,0.714418,4.613183,0.475302,0.011376,-0.00146,0.474361,0.030189,0.520181,0.0,0.832058,0.996005,0.0,0
0.181524548,281.0,4.146983,0.719804,4.612933,0.475529,0.011386,-0.00148,0.474586,0.030213,0.520152,0.0,0.832438,0.996003,0.0,0
0.181578381,281.083333,4.149211,0.72519,4.612699,0.475756,0.011397,-0.0015,0.474813,0.030237,0.520124,0.0,0.832818,0.996002,0.0,0
0.181632214,281.166667,4.151456,0.730573,4.61248,0.475985,0.011407,-0.00152,0.475041,0.030262,0.520098,0.0,0.833197,0.996,0.0,0
0.181686047,281.25,4.153718,0.735955,4.612277,0.476216,0.011418,-0.00154,0.475271,0.030286,0.520075,0.0,0.833575,0.995999,0.0,0
0.181739879,281.333333,4.155996,0.741336,4.61209,0.476448,0.011429,-0.00156,0.475501,0.030311,0.520053,0.0,0.833953,0.995998,0.0,0
0.181793712,281.416667,4.158291,0.746715,4.611918,0.476681,0.01144,-0.001579,0.475734,0.030337,0.520032,0.0,0.834329,0.995997,0.0,0
0.181847545,281.5,4.160602,0.752092,4.611761,0.476916,0.011451,-0.001599,0.475968,0.030362,0.520014,0.0,0.834705,0.995996,0.0,0
0.181901378,281.583333,4.16293,0.757468,4.611621,0.477153,0.011461,-0.001619,0.476203,0.030388,0.519998,0.0,0.835079,0.995995,0.0,0
0.181955211,281.666667,4.165275,0.762842,4.611496,0.47739,0.011472,-0.001639,0.47644,0.030414,0.519983,0.0,0.835453,0.995994,0.0,0
0.182009044,281.75,4.167636,0.768215,4.611387,0.47763,0.011483,-0.001658,0.476678,0.03044,0.51997,0.0,0.835826,0.995993,0.0,0
0.182062877,281.833333,4.170014,0.773585,4.611293,0.47787,0.011494,-0.001678,0.476918,0.030466,0.519959,0.0,0.836198,0.995993,0.0,0
0.18211671,281.916667,4.172408,0.778955,4.611215,0.478113,0.011505,-0.001697,0.477159,0.030493,0.51995,0.0,0.836569,0.995992,0.0,0
0.182170543,282.0,4.174819,0.784322,4.611152,0.478356,0.011516,-0.001717,0.477401,0.030519,0.519943,0.0,0.836939,0.995992,0.0,0
0.182224376,282.083333,4.177247,0.789688,4.611106,0.478601,0.011527,-0.001736,0.477645,0.030546,0.519937,0.0,0.837309,0.995992,0.0,0
0.182278208,282.166667,4.179691,0.795053,4.611074,0.478848,0.011538,-0.001756,0.477891,0.030574,0.519934,0.0,0.837677,0.995991,0.0,0
0.182332041,282.25,4.182151,0.800415,4.611059,0.479096,0.01155,-0.001775,0.478138,0.030601,0.519932,0.0,0.838045,0.995991,0.0,0
0.182385874,282.333333,4.184628,0.805776,4.611059,0.479346,0.011561,-0.001794,0.478386,0.030629,0.519932,0.0,0.838412,0.995991,0.0,0
0.182439707,282.416667,4.187122,0.811135,4.611075,0.479597,0.011572,-0.001814,0.478636,0.030657,0.519934,0.0,0.838778,0.995991,0.0,0
0.18249354,282.5,4.189632,0.816493,4.611106,0.479849,0.011583,-0.001833,0.478887,0.030685,0.519937,0.0,0.839143,0.995992,0.0,0
0.182547373,282.583333,4.192159,0.821849,4.611153,0.480103,0.011595,-0.001852,0.47914,0.030713,0.519943,0.0,0.839507,0.995992,0.0,0
0.182601206,282.666667,4.194702,0.827203,4.611216,0.480359,0.011606,-0.001871,0.479394,0.030742,0.51995,0.0,0.839871,0.995992,0.0,0
0.182655039,282.75,4.197261,0.832555,4.611294,0.480615,0.011617,-0.001891,0.47965,0.030771,0.519959,0.0,0.840234,0.995993,0.0,0
0.182708872,282.833333,4.199838,0.837906,4.611388,0.480874,0.011629,-0.00191,0.479907,0.0308,0.51997,0.0,0.840595,0.995993,0.0,0
0.182762705,282.916667,4.20243,0.843254,4.611497,0.481134,0.01164,-0.001929,0.480166,0.030829,0.519983,0.0,0.840956,0.995994,0.0,0
0.182816537,283.0,4.205039,0.848601,4.611622,0.481395,0.011652,-0.001948,0.480426,0.030859,0.519998,0.0,0.841316,0.995995,0.0,0
0.18287037,283.083333,4.207665,0.853947,4.611763,0.481658,0.011663,-0.001967,0.480687,0.030889,0.520014,0.0,0.841676,0.995996,0.0,0
0.182924203,283.166667,4.210307,0.85929,4.611919,0.481922,0.011675,-0.001986,0.48095,0.030919,0.520033,0.0,0.842034,0.995997,0.0,0
0.182978036,283.25,4.212966,0.864631,4.612091,0.482188,0.011686,-0.002005,0.481215,0.030949,0.520053,0.0,0.842392,0.995998,0.0,0
0.183031869,283.333333,4.215641,0.869971,4.612279,0.482455,0.011698,-0.002024,0.481481,0.03098,0.520075,0.0,0.842748,0.995999,0.0,0
0.183085702,283.416667,4.218333,0.875309,4.612482,0.482724,0.01171,-0.002042,0.481748,0.03101,0.520099,0.0,0.843104,0.996,0.0,0
0.183139535,283.5,4.221041,0.880645,4.612701,0.482994,0.011721,-0.002061,0.482017,0.031041,0.520124,0.0,0.84346,0.996002,0.0,0
0.183193368,283.583333,4.223765,0.885979,4.612936,0.483266,0.011733,-0.00208,0.482288,0.031073,0.520152,0.0,0.843814,0.996003,0.0,0
0.183247201,283.666667,4.226506,0.891312,4.613186,0.48354,0.011745,-0.002099,0.482559,0.031104,0.520181,0.0,0.844167,0.996005,0.0,0
0.183301034,283.75,4.229263,0.896642,4.613452,0.483814,0.011757,-0.002117,0.482833,0.031136,0.520212,0.0,0.84452,0.996007,0.0,0
0.183354866,283.833333,4.232037,0.901971,4.613733,0.484091,0.011769,-0.002136,0.483108,0.031168,0.520245,0.0,0.844872,0.996008,0.0,0
0.183408699,283.916667,4.234828,0.907297,4.61403,0.484368,0.01178,-0.002154,0.483384,0.0312,0.52028,0.0,0.845223,0.99601,0.0,0
0.183462532,284.0,4.237634,0.912622,4.614343,0.484648,0.011792,-0.002173,0.483662,0.031232,0.520317,0.0,0.845573,0.996012,0.0,0
0.183516365,284.083333,4.240457,0.917945,4.614671,0.484928,0.011804,-0.002191,0.483941,0.031265,0.520355,0.0,0.845923,0.996015,0.0,0
0.183570198,284.166667,4.243297,0.923265,4.615015,0.485211,0.011816,-0.00221,0.484222,0.031298,0.520396,0.0,0.846271,0.996017,0.0,0
0.183624031,284.25,4.246153,0.928584,4.615374,0.485494,0.011828,-0.002228,0.484504,0.031331,0.520438,0.0,0.846619,0.996019,0.0,0
0.183677864,284.333333,4.249025,0.933901,4.61575,0.48578,0.011841,-0.002247,0.484788,0.031364,0.520482,0.0,0.846966,0.996021,0.0,0
0.183731697,284.416667,4.251914,0.939216,4.61614,0.486066,0.011853,-0.002265,0.485073,0.031398,0.520528,0.0,0.847312,0.996024,0.0,0
0.18378553,284.5,4.254819,0.944529,4.616547,0.486355,0.011865,-0.002283,0.48536,0.031432,0.520575,0.0,0.847658,0.996027,0.0,0
0.183839363,284.583333,4.25774,0.94984,4.616969,0.486644,0.011877,-0.002301,0.485648,0.031466,0.520625,0.0,0.848002,0.996029,0.0,0
0.183893196,284.666667,4.260678,0.955149,4.617406,0.486936,0.011889,-0.00232,0.485938,0.0315,0.520676,0.0,0.848346,0.996032,0.0,0
0.183947028,284.75,4.263632,0.960456,4.61786,0.487228,0.011902,-0.002338,0.486229,0.031535,0.520729,0.0,0.848689,0.996035,0.0,0
0.184000861,284.833333,4.266603,0.965761,4.618328,0.487523,0.011914,-0.002356,0.486522,0.03157,0.520784,0.0,0.849031,0.996038,0.0,0
0.184054694,284.916667,4.26959,0.971064,4.618813,0.487818,0.011926,-0.002374,0.486816,0.031605,0.520841,0.0,0.849373,0.996041,0.0,0
0.184108527,285.0,4.272593,0.976364,4.619313,0.488116,0.011939,-0.002392,0.487112,0.03164,0.5209,0.0,0.849714,0.996044,0.0,0
0.18416236,285.083333,4.275613,0.981663,4.619829,0.488415,0.011951,-0.00241,0.487409,0.031675,0.52096,0.0,0.850053,0.996048,0.0,0
0.184216193,285.166667,4.278649,0.98696,4.62036,0.488715,0.011964,-0.002428,0.487708,0.031711,0.521022,0.0,0.850393,0.996051,0.0,0
0.184270026,285.25,4.281701,0.992254,4.620907,0.489017,0.011976,-0.002446,0.488008,0.031747,0.521086,0.0,0.850731,0.996055,0.0,0
0.184323859,285.333333,4.28477,0.997547,4.621469,0.48932,0.011989,-0.002464,0.48831,0.031784,0.521152,0.0,0.851068,0.996058,0.0,0
0.184377692,285.416667,4.287855,1.002837,4.622048,0.489625,0.012001,-0.002481,0.488613,0.03182,0.52122,0.0,0.851405,0.996062,0.0,0
0.184431525,285.5,4.290956,1.008125,4.622641,0.489931,0.012014,-0.002499,0.488918,0.031857,0.52129,0.0,0.851741,0.996066,0.0,0
0.184485357,285.583333,4.294074,1.013411,4.623251,0.490239,0.012027,-0.002517,0.489224,0.031894,0.521361,0.0,0.852076,0.99607,0.0,0
0.18453919,285.666667,4.297208,1.018695,4.623876,0.490549,0.012039,-0.002535,0.489532,0.031931,0.521435,0.0,0.852411,0.996074,0.0,0
0.184593023,285.75,4.300358,1.023977,4.624516,0.49086,0.012052,-0.002552,0.489841,0.031969,0.52151,0.0,0.852745,0.996078,0.0,0
0.184646856,285.833333,4.303525,1.029257,4.625172,0.491172,0.012065,-0.00257,0.490152,0.032006,0.521587,0.0,0.853078,0.996082,0.0,0
0.184700689,285.916667,4.306707,1.034534,4.625844,0.491486,0.012078,-0.002587,0.490465,0.032044,0.521665,0.0,0.85341,0.996087,0.0,0
0.184754522,286.0,4.309906,1.039809,4.626531,0.491802,0.012091,-0.002605,0.490778,0.032083,0.521746,0.0,0.853741,0.996091,0.0,0
0.184808355,286.083333,4.313122,1.045082,4.627234,0.492119,0.012104,-0.002622,0.491094,0.032121,0.521828,0.0,0.854072,0.996096,0.0,0
0.184862188,286.166667,4.316353,1.050353,4.627953,0.492437,0.012117,-0.00264,0.49141,0.03216,0.521913,0.0,0.854402,0.9961,0.0,0
0.184916021,286.25,4.319601,1.055622,4.628687,0.492757,0.01213,-0.002657,0.491729,0.032199,0.521999,0.0,0.854731,0.996105,0.0,0
0.184969854,286.333333,4.322865,1.060888,4.629437,0.493079,0.012143,-0.002675,0.492049,0.032238,0.522087,0.0,0.855059,0.99611,0.0,0
0.185023686,286.416667,4.326146,1.066153,4.630202,0.493402,0.012156,-0.002692,0.49237,0.032277,0.522176,0.0,0.855387,0.996115,0.0,0
0.185077519,286.5,4.329442,1.071414,4.630983,0.493727,0.012169,-0.002709,0.492693,0.032317,0.522268,0.0,0.855714,0.99612,0.0,0
0.185131352,286.583333,4.332755,1.076674,4.63178,0.494053,0.012182,-0.002726,0.493017,0.032357,0.522361,0.0,0.85604,0.996125,0.0,0
0.185185185,286.666667,4.336084,1.081931,4.632592,0.494381,0.012195,-0.002744,0.493343,0.032397,0.522457,0.0,0.856365,0.99613,0.0,0
0.185239018,286.75,4.339429,1.087186,4.633419,0.49471,0.012209,-0.002761,0.493671,0.032438,0.522554,0.0,0.85669,0.996136,0.0,0
0.185292851,286.833333,4.342791,1.092439,4.634263,0.495041,0.012222,-0.002778,0.494,0.032479,0.522652,0.0,0.857014,0.996141,0.0,0
0.185346684,286.916667,4.346168,1.09769,4.635121,0.495373,0.012235,-0.002795,0.49433,0.03252,0.522753,0.0,0.857337,0.996147,0.0,0
0.185400517,287.0,4.349562,1.102938,4.635996,0.495707,0.012249,-0.002812,0.494662,0.032561,0.522856,0.0,0.857659,0.996152,0.0,0
0.18545435,287.083333,4.352972,1.108184,4.636886,0.496042,0.012262,-0.002829,0.494996,0.032602,0.52296,0.0,0.857981,0.996158,0.0,0
0.185508183,287.166667,4.356398,1.113427,4.637791,0.496379,0.012276,-0.002846,0.495331,0.032644,0.523066,0.0,0.858302,0.996164,0.0,0
0.185562016,287.25,4.35984,1.118668,4.638713,0.496718,0.012289,-0.002862,0.495667,0.032686,0.523174,0.0,0.858622,0.99617,0.0,0
0.185615848,287.333333,4.363299,1.123907,4.639649,0.497058,0.012303,-0.002879,0.496005,0.032728,0.523284,0.0,0.858942,0.996176,0.0,0
0.185669681,287.416667,4.366774,1.129143,4.640602,0.497399,0.012316,-0.002896,0.496345,0.032771,0.523396,0.0,0.85926,0.996182,0.0,0
0.185723514,287.5,4.370264,1.134377,4.64157,0.497742,0.01233,-0.002913,0.496686,0.032814,0.523509,0.0,0.859578,0.996188,0.0,0
0.185777347,287.583333,4.373771,1.139609,4.642553,0.498087,0.012344,-0.00293,0.497029,0.032857,0.523625,0.0,0.859896,0.996194,0.0,0
0.18583118,287.666667,4.377294,1.144838,4.643552,0.498433,0.012357,-0.002946,0.497373,0.0329,0.523742,0.0,0.860212,0.996201,0.0,0
0.185885013,287.75,4.380834,1.150065,4.644566,0.498781,0.012371,-0.002963,0.497718,0.032944,0.523861,0.0,0.860528,0.996207,0.0,0
0.185938846,287.833333,4.384389,1.155289,4.645597,0.49913,0.012385,-0.002979,0.498066,0.032987,0.523981,0.0,0.860843,0.996214,0.0,0
0.185992679,287.916667,4.38796,1.160511,4.646642,0.499481,0.012399,-0.002996,0.498414,0.033031,0.524104,0.0,0.861158,0.99622,0.0,0
0.186046512,288.0,4.391548,1.16573,4.647704,0.499833,0.012413,-0.003012,0.498765,0.033076,0.524228,0.0,0.861472,0.996227,0.0,0
0.186100345,288.083333,4.395151,1.170947,4.64878,0.500187,0.012427,-0.003029,0.499116,0.03312,0.524355,0.0,0.861785,0.996234,0.0,0
0.186154177,288.166667,4.398771,1.176162,4.649873,0.500542,0.012441,-0.003045,0.49947,0.033165,0.524483,0.0,0.862097,0.996241,0.0,0
0.18620801,288.25,4.402407,1.181374,4.650981,0.500899,0.012455,-0.003061,0.499825,0.03321,0.524613,0.0,0.862408,0.996248,0.0,0
0.186261843,288.333333,4.406059,1.186583,4.652104,0.501258,0.012469,-0.003078,0.500181,0.033256,0.524744,0.0,0.862719,0.996255,0.0,0
0.186315676,288.416667,4.409727,1.19179,4.653243,0.501618,0.012483,-0.003094,0.500539,0.033301,0.524878,0.0,0.863029,0.996262,0.0,0
0.186369509,288.5,4.413411,1.196994,4.654397,0.501979,0.012497,-0.00311,0.500899,0.033347,0.525013,0.0,0.863339,0.996269,0.0,0
0.186423342,288.583333,4.417111,1.202196,4.655567,0.502343,0.012511,-0.003126,0.50126,0.033393,0.525151,0.0,0.863648,0.996277,0.0,0
0.186477175,288.666667,4.420827,1.207396,4.656753,0.502707,0.012526,-0.003142,0.501622,0.03344,0.52529,0.0,0.863956,0.996284,0.0,0
0.186531008,288.75,4.424559,1.212592,4.657954,0.503074,0.01254,-0.003159,0.501986,0.033486,0.52543,0.0,0.864263,0.996292,0.0,0
0.186584841,288.833333,4.428307,1.217787,4.659171,0.503441,0.012554,-0.003175,0.502352,0.033533,0.525573,0.0,0.86457,0.9963,0.0,0
0.186638674,288.916667,4.432071,1.222978,4.660403,0.503811,0.012569,-0.003191,0.502719,0.033581,0.525717,0.0,0.864876,0.996308,0.0,0
0.186692506,289.0,4.435851,1.228167,4.661651,0.504182,0.012583,-0.003206,0.503088,0.033628,0.525864,0.0,0.865181,0.996315,0.0,0
0.186746339,289.083333,4.439648,1.233354,4.662914,0.504554,0.012597,-0.003222,0.503458,0.033676,0.526012,0.0,0.865486,0.996323,0.0,0
0.186800172,289.166667,4.44346,1.238538,4.664193,0.504928,0.012612,-0.003238,0.50383,0.033724,0.526162,0.0,0.86579,0.996331,0.0,0
0.186854005,289.25,4.447288,1.243719,4.665487,0.505304,0.012627,-0.003254,0.504203,0.033772,0.526314,0.0,0.866093,0.996339,0.0,0
0.186907838,289.333333,4.451132,1.248898,4.666797,0.505681,0.012641,-0.00327,0.504578,0.03382,0.526467,0.0,0.866395,0.996347,0.0,0
0.186961671,289.416667,4.454992,1.254074,4.668122,0.506059,0.012656,-0.003285,0.504954,0.033869,0.526623,0.0,0.866697,0.996355,0.0,0
0.187015504,289.5,4.458868,1.259247,4.669463,0.50644,0.012671,-0.003301,0.505332,0.033918,0.52678,0.0,0.866998,0.996363,0.0,0
0.187069337,289.583333,4.46276,1.264418,4.670819,0.506821,0.012685,-0.003317,0.505712,0.033968,0.526939,0.0,0.867299,0.996372,0.0,0
0.18712317,289.666667,4.466668,1.269586,4.672191,0.507205,0.0127,-0.003332,0.506093,0.034017,0.5271,0.0,0.867599,0.99638,0.0,0
0.187177003,289.75,4.470592,1.274751,4.673578,0.50759,0.012715,-0.003348,0.506475,0.034067,0.527262,0.0,0.867898,0.996388,0.0,0
0.187230835,289.833333,4.474532,1.279914,4.674981,0.507976,0.01273,-0.003363,0.506859,0.034117,0.527427,0.0,0.868196,0.996397,0.0,0
0.187284668,289.916667,4.478487,1.285073,4.676399,0.508364,0.012745,-0.003379,0.507245,0.034168,0.527593,0.0,0.868494,0.996406,0.0,0
0.187338501,290.0,4.482459,1.290231,4.677833,0.508754,0.01276,-0.003394,0.507632,0.034218,0.527761,0.0,0.868791,0.996415,0.0,0
0.187392334,290.083333,4.486447,1.295385,4.679283,0.509145,0.012775,-0.003409,0.508021,0.034269,0.527931,0.0,0.869088,0.996423,0.0,0
0.187446167,290.166667,4.49045,1.300537,4.680747,0.509537,0.01279,-0.003425,0.508411,0.034321,0.528103,0.0,0.869383,0.996432,0.0,0
0.1875,290.25,4.494469,1.305686,4.682228,0.509932,0.012805,-0.00344,0.508803,0.034372,0.528276,0.0,0.869678,0.996441,0.0,0
0.187553833,290.333333,4.498505,1.310832,4.683723,0.510327,0.01282,-0.003455,0.509196,0.034424,0.528452,0.0,0.869973,0.99645,0.0,0
0.187607666,290.416667,4.502556,1.315975,4.685235,0.510725,0.012835,-0.00347,0.509591,0.034476,0.528629,0.0,0.870267,0.996458,0.0,0
0.187661499,290.5,4.506622,1.321116,4.686761,0.511124,0.01285,-0.003486,0.509988,0.034528,0.528808,0.0,0.87056,0.996467,0.0,0
0.187715332,290.583333,4.510705,1.326254,4.688303,0.511524,0.012866,-0.003501,0.510385,0.034581,0.528989,0.0,0.870852,0.996476,0.0,0
0.187769165,290.666667,4.514804,1.331389,4.689861,0.511926,0.012881,-0.003516,0.510785,0.034634,0.529172,0.0,0.871144,0.996485,0.0,0
0.187822997,290.75,4.518918,1.336521,4.691434,0.51233,0.012897,-0.003531,0.511186,0.034687,0.529356,0.0,0.871435,0.996494,0.0,0
0.18787683,290.833333,4.523049,1.341651,4.693023,0.512735,0.012912,-0.003546,0.511589,0.03474,0.529542,0.0,0.871726,0.996504,0.0,0
0.187930663,290.916667,4.527195,1.346777,4.694627,0.513142,0.012927,-0.00356,0.511993,0.034794,0.52973,0.0,0.872016,0.996513,0.0,0
0.187984496,291.0,4.531357,1.351901,4.696246,0.51355,0.012943,-0.003575,0.512399,0.034848,0.52992,0.0,0.872305,0.996522,0.0,0
0.188038329,291.083333,4.535534,1.357022,4.697881,0.51396,0.012959,-0.00359,0.512806,0.034902,0.530112,0.0,0.872593,0.996532,0.0,0
0.188092162,291.166667,4.539728,1.36214,4.699531,0.514371,0.012974,-0.003605,0.513215,0.034957,0.530305,0.0,0.872881,0.996542,0.0,0
0.188145995,291.25,4.543937,1.367255,4.701197,0.514784,0.01299,-0.00362,0.513625,0.035011,0.530501,0.0,0.873168,0.996551,0.0,0
0.188199828,291.333333,4.548162,1.372367,4.702879,0.515199,0.013006,-0.003634,0.514037,0.035066,0.530698,0.0,0.873455,0.99656,0.0,0
0.188253661,291.416667,4.552403,1.377476,4.704575,0.515615,0.013021,-0.003649,0.514451,0.035122,0.530897,0.0,0.873741,0.996569,0.0,0
0.188307494,291.5,4.556659,1.382583,4.706287,0.516033,0.013037,-0.003663,0.514866,0.035177,0.531098,0.0,0.874026,0.996578,0.0,0
0.188361326,291.583333,4.560932,1.387686,4.708015,0.516452,0.013053,-0.003678,0.515282,0.035233,0.5313,0.0,0.874311,0.996587,0.0,0
0.188415159,291.666667,4.56522,1.392787,4.709758,0.516873,0.013069,-0.003692,0.5157,0.03529,0.531504,0.0,0.874595,0.996596,0.0,0
0.188468992,291.75,4.569524,1.397884,4.711516,0.517295,0.013085,-0.003707,0.51612,0.035346,0.531711,0.0,0.874878,0.996606,0.0,0
0.188522825,291.833333,4.573843,1.402979,4.71329,0.517719,0.013101,-0.003721,0.516541,0.035403,0.531919,0.0,0.875161,0.996615,0.0,0
0.188576658,291.916667,4.578178,1.408071,4.715079,0.518145,0.013117,-0.003735,0.516964,0.03546,0.532128,0.0,0.875443,0.996625,0.0,0
0.188630491,292.0,4.582529,1.413159,4.716884,0.518572,0.013133,-0.00375,0.517388,0.035517,0.53234,0.0,0.875725,0.996634,0.0,0
0.188684324,292.083333,4.586896,1.418245,4.718704,0.519001,0.013149,-0.003764,0.517814,0.035575,0.532553,0.0,0.876005,0.996644,0.0,0
0.188738157,292.166667,4.591278,1.423328,4.720539,0.519431,0.013165,-0.003778,0.518242,0.035633,0.532769,0.0,0.876286,0.996651,0.0,0
0.18879199,292.25,4.595676,1.428407,4.72239,0.519863,0.013182,-0.003792,0.518671,0.035691,0.532986,0.0,0.876565,0.99665,0.0,0
0.188845823,292.333333,4.60009,1.433484,4.724257,0.520296,0.013198,-0.003806,0.519101,0.035749,0.533204,0.0,0.876844,0.99665,0.0,0
0.188899655,292.416667,4.604519,1.438558,4.726138,0.520731,0.013214,-0.00382,0.519533,0.035808,0.533425,0.0,0.877122,0.996649,0.0,0
0.188953488,292.5,4.608964,1.443628,4.728035,0.521168,0.013231,-0.003834,0.519967,0.035867,0.533648,0.0,0.8774,0.996648,0.0,0
0.189007321,292.583333,4.613424,1.448696,4.729948,0.521606,0.013247,-0.003848,0.520402,0.035927,0.533872,0.0,0.877677,0.996648,0.0,0
0.189061154,292.666667,4.6179,1.45376,4.731875,0.522045,0.013264,-0.003862,0.520839,0.035986,0.534098,0.0,0.877953,0.996647,0.0,0
0.189114987,292.75,4.622392,1.458822,4.733818,0.522486,0.01328,-0.003876,0.521277,0.036046,0.534326,0.0,0.878229,0.996646,0.0,0
0.18916882,292.833333,4.6269,1.46388,4.735777,0.522929,0.013297,-0.00389,0.521717,0.036106,0.534555,0.0,0.878504,0.996646,0.0,0
0.189222653,292.916667,4.631423,1.468935,4.737751,0.523374,0.013313,-0.003904,0.522158,0.036167,0.534787,0.0,0.878779,0.996645,0.0,0
0.189276486,293.0,4.635961,1.473987,4.73974,0.523819,0.01333,-0.003917,0.522601,0.036228,0.53502,0.0,0.879052,0.996644,0.0,0
0.189330319,293.083333,4.640515,1.479036,4.741745,0.524267,0.013347,-0.003931,0.523046,0.036289,0.535255,0.0,0.879325,0.996629,0.0,0
0.189384152,293.166667,4.645085,1.484082,4.743765,0.524716,0.013364,-0.003945,0.523492,0.03635,0.535492,0.0,0.879598,0.996611,0.0,0
0.189437984,293.25,4.64967,1.489125,4.7458,0.525166,0.01338,-0.003958,0.523939,0.036412,0.535731,0.0,0.87987,0.996593,0.0,0
0.189491817,293.333333,4.654271,1.494164,4.747851,0.525619,0.013397,-0.003972,0.524388,0.036473,0.535971,0.0,0.880141,0.996574,0.0,0
0.18954565,293.416667,4.658888,1.499201,4.749917,0.526072,0.013414,-0.003985,0.524839,0.036536,0.536213,0.0,0.880411,0.996556,0.0,0
0.189599483,293.5,4.663519,1.504234,4.751998,0.526528,0.013431,-0.003999,0.525291,0.036598,0.536457,0.0,0.880681,0.996537,0.0,0
0.189653316,293.583333,4.668167,1.509264,4.754095,0.526984,0.013448,-0.004012,0.525745,0.036661,0.536703,0.0,0.88095,0.996519,0.0,0
0.189707149,293.666667,4.67283,1.514291,4.756207,0.527443,0.013465,-0.004025,0.5262,0.036724,0.536951,0.0,0.881218,0.9965,0.0,0
0.189760982,293.75,4.677508,1.519314,4.758334,0.527903,0.013482,-0.004039,0.526657,0.036788,0.5372,0.0,0.881486,0.996481,0.0,0
0.189814815,293.833333,4.682202,1.524335,4.760477,0.528364,0.0135,-0.004052,0.527115,0.036851,0.537451,0.0,0.881753,0.996458,0.0,0
0.189868648,293.916667,4.686911,1.529352,4.762635,0.528827,0.013517,-0.004065,0.527575,0.036915,0.537704,0.0,0.88202,0.996421,0.0,0
0.189922481,294.0,4.691636,1.534366,4.764808,0.529292,0.013534,-0.004078,0.528036,0.036979,0.537959,0.0,0.882285,0.996384,0.0,0
0.189976314,294.083333,4.696377,1.539377,4.766997,0.529758,0.013551,-0.004091,0.528499,0.037044,0.538216,0.0,0.88255,0.996346,0.0,0
0.190030146,294.166667,4.701132,1.544384,4.7692,0.530225,0.013569,-0.004104,0.528963,0.037109,0.538474,0.0,0.882815,0.996308,0.0,0
0.190083979,294.25,4.705904,1.549388,4.77142,0.530694,0.013586,-0.004117,0.529429,0.037174,0.538735,0.0,0.883078,0.99627,0.0,0
0.190137812,294.333333,4.71069,1.554389,4.773654,0.531165,0.013604,-0.00413,0.529897,0.03724,0.538997,0.0,0.883341,0.996232,0.0,0
0.190191645,294.416667,4.715492,1.559387,4.775904,0.531637,0.013621,-0.004143,0.530366,0.037305,0.53926,0.0,0.883603,0.996194,0.0,0
0.190245478,294.5,4.72031,1.564381,4.778169,0.532111,0.013639,-0.004156,0.530836,0.037371,0.539526,0.0,0.883865,0.996155,0.0,0
0.190299311,294.583333,4.725143,1.569372,4.780449,0.532587,0.013656,-0.004169,0.531308,0.037438,0.539793,0.0,0.884125,0.996113,0.0,0
0.190353144,294.666667,4.729991,1.57436,4.782745,0.533063,0.013674,-0.004182,0.531782,0.037504,0.540062,0.0,0.884385,0.996055,0.0,0
0.190406977,294.75,4.734855,1.579345,4.785056,0.533542,0.013692,-0.004194,0.532257,0.037571,0.540333,0.0,0.884645,0.995998,0.0,0
0.19046081,294.833333,4.739734,1.584326,4.787382,0.534022,0.01371,-0.004207,0.532734,0.037639,0.540606,0.0,0.884903,0.99594,0.0,0
0.190514643,294.916667,4.744628,1.589303,4.789723,0.534503,0.013728,-0.004219,0.533212,0.037706,0.540881,0.0,0.885161,0.995882,0.0,0
0.190568475,295.0,4.749538,1.594278,4.79208,0.534986,0.013745,-0.004232,0.533691,0.037774,0.541157,0.0,0.885418,0.995823,0.0,0
0.190622308,295.083333,4.754463,1.599249,4.794452,0.535471,0.013763,-0.004244,0.534172,0.037842,0.541435,0.0,0.885675,0.995764,0.0,0
0.190676141,295.166667,4.759403,1.604216,4.796839,0.535957,0.013781,-0.004257,0.534655,0.037911,0.541715,0.0,0.88593,0.995705,0.0,0
0.190729974,295.25,4.764359,1.60918,4.799241,0.536445,0.013799,-0.004269,0.535139,0.037979,0.541997,0.0,0.886185,0.995645,0.0,0
0.190783807,295.333333,4.76933,1.614141,4.801659,0.536934,0.013818,-0.004281,0.535625,0.038048,0.54228,0.0,0.886439,0.995573,0.0,0
0.19083764,295.416667,4.774316,1.619098,4.804091,0.537424,0.013836,-0.004294,0.536112,0.038118,0.542565,0.0,0.886693,0.995494,0.0,0
0.190891473,295.5,4.779318,1.624052,4.806539,0.537917,0.013854,-0.004306,0.536601,0.038187,0.542852,0.0,0.886945,0.995415,0.0,0
0.190945306,295.583333,4.784335,1.629003,4.809003,0.53841,0.013872,-0.004318,0.537091,0.038257,0.543141,0.0,0.887197,0.995336,0.0,0
0.190999139,295.666667,4.789367,1.63395,4.811481,0.538905,0.01389,-0.00433,0.537582,0.038328,0.543432,0.0,0.887448,0.995256,0.0,0
0.191052972,295.75,4.794414,1.638894,4.813975,0.539402,0.013909,-0.004342,0.538076,0.038398,0.543724,0.0,0.887699,0.995176,0.0,0
0.191106804,295.833333,4.799477,1.643834,4.816484,0.5399,0.013927,-0.004353,0.53857,0.038469,0.544018,0.0,0.887948,0.995095,0.0,0
0.191160637,295.916667,4.804555,1.64877,4.819008,0.5404,0.013946,-0.004365,0.539066,0.03854,0.544314,0.0,0.888197,0.995014,0.0,0
0.19121447,296.0,4.809648,1.653703,4.821547,0.540902,0.013964,-0.004377,0.539564,0.038612,0.544612,0.0,0.888445,0.994921,0.0,0
0.191268303,296.083333,4.814756,1.658633,4.824101,0.541404,0.013983,-0.004389,0.540063,0.038684,0.544912,0.0,0.888692,0.994821,0.0,0
0.191322136,296.166667,4.819879,1.663559,4.826671,0.541909,0.014001,-0.004401,0.540564,0.038756,0.545213,0.0,0.888938,0.99472,0.0,0
0.191375969,296.25,4.825018,1.668482,4.829256,0.542414,0.01402,-0.004412,0.541066,0.038828,0.545516,0.0,0.889184,0.994619,0.0,0
0.191429802,296.333333,4.830172,1.673401,4.831856,0.542922,0.014039,-0.004424,0.541569,0.038901,0.545821,0.0,0.889429,0.994517,0.0,0
0.191483635,296.416667,4.835341,1.678317,4.834471,0.543431,0.014058,-0.004435,0.542075,0.038974,0.546127,0.0,0.889673,0.994415,0.0,0
0.191537468,296.5,4.840525,1.683229,4.837101,0.543941,0.014076,-0.004446,0.542581,0.039047,0.546436,0.0,0.889916,0.994312,0.0,0
0.191591301,296.583333,4.845724,1.688137,4.839747,0.544453,0.014095,-0.004458,0.543089,0.039121,0.546746,0.0,0.890158,0.994208,0.0,0
0.191645134,296.666667,4.850939,1.693042,4.842407,0.544966,0.014114,-0.004469,0.543599,0.039195,0.547058,0.0,0.8904,0.994089,0.0,0
0.191698966,296.75,4.856168,1.697943,4.845083,0.545481,0.014133,-0.00448,0.54411,0.039269,0.547372,0.0,0.890641,0.993968,0.0,0
0.191752799,296.833333,4.861413,1.702841,4.847774,0.545997,0.014152,-0.004491,0.544622,0.039344,0.547687,0.0,0.89088,0.993846,0.0,0
0.191806632,296.916667,4.866673,1.707735,4.85048,0.546515,0.014171,-0.004502,0.545136,0.039419,0.548005,0.0,0.891119,0.993724,0.0,0
0.191860465,297.0,4.871948,1.712626,4.853201,0.547034,0.01419,-0.004513,0.545651,0.039494,0.548324,0.0,0.891358,0.993601,0.0,0
0.191914298,297.083333,4.877238,1.717513,4.855937,0.547555,0.01421,-0.004524,0.546168,0.039569,0.548644,0.0,0.891595,0.993477,0.0,0
0.191968131,297.166667,4.882543,1.722396,4.858688,0.548077,0.014229,-0.004535,0.546687,0.039645,0.548967,0.0,0.891831,0.993352,0.0,0
0.192021964,297.25,4.887863,1.727275,4.861455,0.548601,0.014248,-0.004546,0.547206,0.039721,0.549291,0.0,0.892067,0.99322,0.0,0
0.192075797,297.333333,4.893198,1.732151,4.864236,0.549126,0.014268,-0.004557,0.547728,0.039798,0.549618,0.0,0.892302,0.993079,0.0,0
0.19212963,297.416667,4.898548,1.737024,4.867033,0.549653,0.014287,-0.004567,0.54825,0.039875,0.549945,0.0,0.892536,0.992938,0.0,0
0.192183463,297.5,4.903913,1.741892,4.869845,0.550181,0.014307,-0.004578,0.548775,0.039952,0.550275,0.0,0.892769,0.992796,0.0,0
0.192237295,297.583333,4.909294,1.746757,4.872672,0.550711,0.014326,-0.004589,0.5493,0.040029,0.550607,0.0,0.893001,0.992654,0.0,0
0.192291128,297.666667,4.914689,1.751618,4.875514,0.551242,0.014346,-0.004599,0.549827,0.040107,0.55094,0.0,0.893232,0.99251,0.0,0
0.192344961,297.75,4.920099,1.756476,4.878371,0.551774,0.014365,-0.00461,0.550356,0.040185,0.551275,0.0,0.893463,0.992366,0.0,0
0.192398794,297.833333,4.925524,1.76133,4.881243,0.552309,0.014385,-0.00462,0.550886,0.040263,0.551612,0.0,0.893692,0.992216,0.0,0
0.192452627,297.916667,4.930964,1.76618,4.88413,0.552844,0.014405,-0.00463,0.551417,0.040342,0.55195,0.0,0.893921,0.992057,0.0,0
0.19250646,298.0,4.936419,1.771026,4.887032,0.553381,0.014424,-0.00464,0.55195,0.040421,0.55229,0.0,0.894149,0.991897,0.0,0
0.192560293,298.083333,4.941889,1.775869,4.889949,0.55392,0.014444,-0.004651,0.552484,0.0405,0.552632,0.0,0.894376,0.991737,0.0,0
0.192614126,298.166667,4.947374,1.780708,4.892881,0.55446,0.014464,-0.004661,0.55302,0.04058,0.552976,0.0,0.894602,0.991575,0.0,0
0.192667959,298.25,4.952874,1.785543,4.895828,0.555001,0.014484,-0.004671,0.553557,0.04066,0.553322,0.0,0.894827,0.991413,0.0,0
0.192721792,298.333333,4.958389,1.790374,4.898791,0.555544,0.014504,-0.004681,0.554096,0.04074,0.553669,0.0,0.895051,0.99125,0.0,0
0.192775624,298.416667,4.963919,1.795201,4.901768,0.556088,0.014524,-0.004691,0.554636,0.040821,0.554018,0.0,0.895274,0.991079,0.0,0
0.192829457,298.5,4.969463,1.800025,4.90476,0.556634,0.014544,-0.0047,0.555178,0.040902,0.554369,0.0,0.895496,0.990902,0.0,0
0.19288329,298.583333,4.975023,1.804845,4.907768,0.557181,0.014565,-0.00471,0.555721,0.040983,0.554722,0.0,0.895718,0.990724,0.0,0
0.192937123,298.666667,4.980597,1.809661,4.91079,0.55773,0.014585,-0.00472,0.556265,0.041064,0.555076,0.0,0.895938,0.990546,0.0,0
0.192990956,298.75,4.986186,1.814473,4.913827,0.55828,0.014605,-0.004729,0.556811,0.041146,0.555432,0.0,0.896158,0.990366,0.0,0
0.193044789,298.833333,4.99179,1.819282,4.91688,0.558831,0.014625,-0.004739,0.557358,0.041228,0.55579,0.0,0.896376,0.990186,0.0,0
0.193098622,298.916667,4.997409,1.824086,4.919947,0.559384,0.014646,-0.004749,0.557907,0.041311,0.55615,0.0,0.896594,0.990004,0.0,0
0.193152455,299.0,5.003042,1.828887,4.923029,0.559939,0.014666,-0.004758,0.558457,0.041394,0.556511,0.0,0.896811,0.989811,0.0,0
0.193206288,299.083333,5.008691,1.833684,4.926127,0.560495,0.014687,-0.004767,0.559008,0.041477,0.556874,0.0,0.897027,0.989618,0.0,0
0.193260121,299.166667,5.014354,1.838477,4.929239,0.561052,0.014707,-0.004777,0.559561,0.04156,0.557239,0.0,0.897241,0.989423,0.0,0
0.193313953,299.25,5.020032,1.843266,4.932366,0.561611,0.014728,-0.004786,0.560115,0.041644,0.557606,0.0,0.897455,0.989227,0.0,0
0.193367786,299.333333,5.025725,1.848051,4.935508,0.562171,0.014749,-0.004795,0.560671,0.041728,0.557974,0.0,0.897668,0.98903,0.0,0
0.193421619,299.416667,5.031432,1.852832,4.938665,0.562733,0.014769,-0.004804,0.561228,0.041813,0.558345,0.0,0.89788,0.988832,0.0,0
0.193475452,299.5,5.037154,1.85761,4.941837,0.563296,0.01479,-0.004813,0.561787,0.041897,0.558716,0.0,0.898091,0.988628,0.0,0
0.193529285,299.583333,5.042891,1.862383,4.945024,0.56386,0.014811,-0.004822,0.562347,0.041983,0.55909,0.0,0.898301,0.988419,0.0,0
0.193583118,299.666667,5.048643,1.867153,4.948226,0.564426,0.014832,-0.004831,0.562908,0.042068,0.559466,0.0,0.89851,0.988209,0.0,0
0.193636951,299.75,5.054409,1.871918,4.951443,0.564994,0.014853,-0.00484,0.563471,0.042154,0.559843,0.0,0.898718,0.987998,0.0,0
0.193690784,299.833333,5.060191,1.87668,4.954675,0.565562,0.014874,-0.004849,0.564035,0.04224,0.560222,0.0,0.898926,0.987786,0.0,0
0.193744617,299.916667,5.065986,1.881437,4.957921,0.566133,0.014895,-0.004858,0.564601,0.042326,0.560602,0.0,0.899132,0.987573,0.0,0
0.19379845,300.0,5.071797,1.886191,4.961183,0.566704,0.014916,-0.004866,0.565168,0.042413,0.560985,0.0,0.899337,0.987356,0.0,0
0.193852283,300.083333,5.077622,1.890941,4.964459,0.567277,0.014937,-0.004875,0.565736,0.0425,0.561369,0.0,0.899541,0.987133,0.0,0
0.193906115,300.166667,5.083462,1.895686,4.96775,0.567852,0.014958,-0.004884,0.566306,0.042588,0.561755,0.0,0.899744,0.986909,0.0,0
0.193959948,300.25,5.089316,1.900428,4.971056,0.568428,0.01498,-0.004892,0.566877,0.042675,0.562143,0.0,0.899946,0.986685,0.0,0
0.194013781,300.333333,5.095185,1.905166,4.974377,0.569005,0.015001,-0.0049,0.567449,0.042763,0.562532,0.0,0.900148,0.986459,0.0,0
0.194067614,300.416667,5.101069,1.909899,4.977713,0.569584,0.015023,-0.004909,0.568023,0.042852,0.562923,0.0,0.900348,0.986232,0.0,0
0.194121447,300.5,5.106967,1.914629,4.981064,0.570164,0.015044,-0.004917,0.568599,0.042941,0.563316,0.0,0.900547,0.986002,0.0,0
0.19417528,300.583333,5.112879,1.919354,4.98443,0.570745,0.015066,-0.004925,0.569175,0.04303,0.563711,0.0,0.900745,0.985767,0.0,0
0.194229113,300.666667,5.118807,1.924076,4.98781,0.571328,0.015087,-0.004934,0.569753,0.043119,0.564107,0.0,0.900942,0.98553,0.0,0
0.194282946,300.75,5.124749,1.928793,4.991205,0.571913,0.015109,-0.004942,0.570333,0.043209,0.564505,0.0,0.901139,0.985293,0.0,0
0.194336779,300.833333,5.130705,1.933506,4.994615,0.572498,0.01513,-0.00495,0.570914,0.043299,0.564905,0.0,0.901334,0.985055,0.0,0
0.194390612,300.916667,5.136676,1.938215,4.99804,0.573085,0.015152,-0.004958,0.571496,0.043389,0.565306,0.0,0.901528,0.984815,0.0,0
0.194444444,301.0,5.142662,1.94292,5.00148,0.573674,0.015174,-0.004966,0.572079,0.04348,0.56571,0.0,0.901721,0.984573,0.0,0
0.194498277,301.083333,5.148662,1.947621,5.004935,0.574264,0.015196,-0.004974,0.572664,0.043571,0.566115,0.0,0.901913,0.984327,0.0,0
0.19455211,301.166667,5.154676,1.952318,5.008404,0.574855,0.015218,-0.004981,0.573251,0.043662,0.566522,0.0,0.902105,0.984079,0.0,0
0.194605943,301.25,5.160705,1.957011,5.011888,0.575448,0.01524,-0.004989,0.573838,0.043754,0.56693,0.0,0.902295,0.983831,0.0,0
0.194659776,301.333333,5.166748,1.9617,5.015387,0.576042,0.015262,-0.004997,0.574427,0.043846,0.56734,0.0,0.902484,0.983582,0.0,0
0.194713609,301.416667,5.172806,1.966384,5.018901,0.576637,0.015284,-0.005005,0.575018,0.043939,0.567752,0.0,0.902672,0.983332,0.0,0
0.194767442,301.5,5.178879,1.971064,5.022429,0.577234,0.015306,-0.005012,0.575609,0.044031,0.568166,0.0,0.902859,0.983078,0.0,0
0.194821275,301.583333,5.184965,1.97574,5.025972,0.577832,0.015328,-0.00502,0.576203,0.044125,0.568582,0.0,0.903045,0.982823,0.0,0
0.194875108,301.666667,5.191067,1.980412,5.02953,0.578432,0.01535,-0.005027,0.576797,0.044218,0.568999,0.0,0.90323,0.982567,0.0,0
0.194928941,301.75,5.197182,1.98508,5.033103,0.579033,0.015373,-0.005034,0.577393,0.044312,0.569418,0.0,0.903414,0.98231,0.0,0
0.194982773,301.833333,5.203312,1.989744,5.03669,0.579635,0.015395,-0.005042,0.57799,0.044406,0.569838,0.0,0.903597,0.982051,0.0,0
0.195036606,301.916667,5.209457,1.994403,5.040292,0.580239,0.015418,-0.005049,0.578589,0.0445,0.570261,0.0,0.903779,0.981792,0.0,0
0.195090439,302.0,5.215615,1.999058,5.043909,0.580844,0.01544,-0.005056,0.579189,0.044595,0.570685,0.0,0.90396,0.98153,0.0,0
0.195144272,302.083333,5.221788,2.003709,5.047541,0.581451,0.015463,-0.005063,0.57979,0.04469,0.571111,0.0,0.90414,0.981268,0.0,0
0.195198105,302.166667,5.227976,2.008355,5.051187,0.582059,0.015485,-0.00507,0.580392,0.044786,0.571538,0.0,0.904318,0.981004,0.0,0
0.195251938,302.25,5.234177,2.012998,5.054848,0.582668,0.015508,-0.005078,0.580996,0.044882,0.571967,0.0,0.904496,0.98074,0.0,0
0.195305771,302.333333,5.240393,2.017636,5.058524,0.583279,0.015531,-0.005084,0.581602,0.044978,0.572398,0.0,0.904673,0.980474,0.0,0
0.195359604,302.416667,5.246624,2.02227,5.062214,0.583891,0.015553,-0.005091,0.582208,0.045074,0.572831,0.0,0.904849,0.980208,0.0,0
0.195413437,302.5,5.252868,2.026899,5.065919,0.584504,0.015576,-0.005098,0.582816,0.045171,0.573265,0.0,0.905023,0.979941,0.0,0
0.19546727,302.583333,5.259127,2.031525,5.069639,0.585119,0.015599,-0.005105,0.583426,0.045268,0.573702,0.0,0.905197,0.979674,0.0,0
0.195521102,302.666667,5.2654,2.036146,5.073373,0.585735,0.015622,-0.005112,0.584036,0.045366,0.574139,0.0,0.90537,0.979405,0.0,0
0.195574935,302.75,5.271688,2.040762,5.077122,0.586353,0.015645,-0.005118,0.584648,0.045464,0.574579,0.0,0.905541,0.979135,0.0,0
0.195628768,302.833333,5.27799,2.045375,5.080886,0.586971,0.015668,-0.005125,0.585262,0.045562,0.57502,0.0,0.905712,0.978865,0.0,0
0.195682601,302.916667,5.284305,2.049983,5.084664,0.587592,0.015691,-0.005132,0.585876,0.045661,0.575463,0.0,0.905882,0.978596,0.0,0
0.195736434,303.0,5.290635,2.054587,5.088457,0.588213,0.015714,-0.005138,0.586492,0.04576,0.575908,0.0,0.90605,0.978327,0.0,0
0.195790267,303.083333,5.29698,2.059186,5.092265,0.588836,0.015738,-0.005145,0.58711,0.045859,0.576355,0.0,0.906218,0.978056,0.0,0
0.1958441,303.166667,5.303338,2.063781,5.096087,0.589461,0.015761,-0.005151,0.587728,0.045959,0.576803,0.0,0.906384,0.977784,0.0,0
0.195897933,303.25,5.309711,2.068372,5.099924,0.590086,0.015784,-0.005157,0.588349,0.046059,0.577253,0.0,0.90655,0.977511,0.0,0
0.195951766,303.333333,5.316098,2.072958,5.103775,0.590713,0.015808,-0.005164,0.58897,0.046159,0.577704,0.0,0.906714,0.977243,0.0,0
0.196005599,303.416667,5.322498,2.07754,5.107641,0.591342,0.015831,-0.00517,0.589593,0.04626,0.578157,0.0,0.906878,0.976973,0.0,0
0.196059432,303.5,5.328913,2.082117,5.111522,0.591971,0.015855,-0.005176,0.590217,0.046361,0.578612,0.0,0.90704,0.976703,0.0,0
0.196113264,303.583333,5.335343,2.08669,5.115417,0.592603,0.015878,-0.005182,0.590842,0.046462,0.579069,0.0,0.907202,0.976431,0.0,0
0.196167097,303.666667,5.341786,2.091259,5.119327,0.593235,0.015902,-0.005188,0.591469,0.046564,0.579528,0.0,0.907362,0.976158,0.0,0
0.19622093,303.75,5.348243,2.095823,5.123251,0.593869,0.015926,-0.005194,0.592097,0.046666,0.579988,0.0,0.907522,0.975891,0.0,0
0.196274763,303.833333,5.354714,2.100383,5.12719,0.594504,0.01595,-0.0052,0.592726,0.046769,0.58045,0.0,0.90768,0.975624,0.0,0
0.196328596,303.916667,5.3612,2.104938,5.131143,0.595141,0.015973,-0.005206,0.593357,0.046871,0.580913,0.0,0.907838,0.975356,0.0,0
0.196382429,304.0,5.367699,2.109489,5.135111,0.595778,0.015997,-0.005212,0.593989,0.046975,0.581378,0.0,0.907994,0.975087,0.0,0
0.196436262,304.083333,5.374213,2.114036,5.139093,0.596418,0.016021,-0.005217,0.594622,0.047078,0.581845,0.0,0.90815,0.974817,0.0,0
0.196490095,304.166667,5.38074,2.118578,5.14309,0.597058,0.016045,-0.005223,0.595257,0.047182,0.582314,0.0,0.908304,0.974554,0.0,0
0.196543928,304.25,5.387282,2.123115,5.147101,0.5977,0.016069,-0.005229,0.595893,0.047286,0.582784,0.0,0.908458,0.974292,0.0,0
0.196597761,304.333333,5.393838,2.127648,5.151127,0.598344,0.016094,-0.005234,0.59653,0.047391,0.583256,0.0,0.908611,0.97403,0.0,0
0.196651593,304.416667,5.400407,2.132177,5.155168,0.598988,0.016118,-0.00524,0.597169,0.047496,0.58373,0.0,0.908762,0.973766,0.0,0
0.196705426,304.5,5.40699,2.136701,5.159223,0.599634,0.016142,-0.005246,0.597809,0.047601,0.584206,0.0,0.908913,0.973501,0.0,0
0.196759259,304.583333,5.413588,2.14122,5.163292,0.600282,0.016166,-0.005251,0.59845,0.047707,0.584683,0.0,0.909063,0.973245,0.0,0
0.196813092,304.666667,5.420199,2.145735,5.167376,0.600931,0.016191,-0.005256,0.599093,0.047813,0.585162,0.0,0.909211,0.972991,0.0,0
0.196866925,304.75,5.426824,2.150246,5.171474,0.601581,0.016215,-0.005262,0.599737,0.047919,0.585642,0.0,0.909359,0.972736,0.0,0
0.196920758,304.833333,5.433464,2.154751,5.175587,0.602232,0.01624,-0.005267,0.600382,0.048026,0.586124,0.0,0.909506,0.97248,0.0,0
0.196974591,304.916667,5.440117,2.159253,5.179714,0.602885,0.016264,-0.005272,0.601029,0.048133,0.586608,0.0,0.909652,0.972223,0.0,0
0.197028424,305.0,5.446784,2.163749,5.183855,0.603539,0.016289,-0.005277,0.601677,0.048241,0.587094,0.0,0.909797,0.971979,0.0,0
0.197082257,305.083333,5.453464,2.168242,5.188011,0.604195,0.016313,-0.005283,0.602326,0.048349,0.587581,0.0,0.909941,0.971735,0.0,0
0.19713609,305.166667,5.460159,2.172729,5.192182,0.604852,0.016338,-0.005288,0.602977,0.048457,0.58807,0.0,0.910085,0.97149,0.0,0
0.197189922,305.25,5.466868,2.177212,5.196366,0.60551,0.016363,-0.005293,0.603629,0.048566,0.588561,0.0,0.910227,0.971245,0.0,0
0.197243755,305.333333,5.47359,2.181691,5.200566,0.606169,0.016388,-0.005298,0.604282,0.048675,0.589053,0.0,0.910368,0.971001,0.0,0
0.197297588,305.416667,5.480326,2.186164,5.204779,0.60683,0.016413,-0.005303,0.604937,0.048784,0.589547,0.0,0.910509,0.970771,0.0,0
0.197351421,305.5,5.487076,2.190633,5.209007,0.607493,0.016438,-0.005308,0.605592,0.048894,0.590043,0.0,0.910649,0.97054,0.0,0
0.197405254,305.583333,5.49384,2.195098,5.213249,0.608157,0.016463,-0.005312,0.60625,0.049004,0.59054,0.0,0.910788,0.970309,0.0,0
0.197459087,305.666667,5.500617,2.199558,5.217506,0.608822,0.016488,-0.005317,0.606908,0.049114,0.591039,0.0,0.910926,0.970077,0.0,0
0.19751292,305.75,5.507408,2.204013,5.221777,0.609488,0.016513,-0.005322,0.607568,0.049225,0.59154,0.0,0.911063,0.969852,0.0,0
0.197566753,305.833333,5.514213,2.208464,5.226062,0.610156,0.016538,-0.005327,0.60823,0.049336,0.592043,0.0,0.911199,0.969639,0.0,0
0.197620586,305.916667,5.521032,2.212909,5.230362,0.610825,0.016564,-0.005331,0.608892,0.049448,0.592547,0.0,0.911334,0.969424,0.0,0
0.197674419,306.0,5.527864,2.217351,5.234676,0.611496,0.016589,-0.005336,0.609556,0.04956,0.593053,0.0,0.911469,0.969209,0.0,0
0.197728252,306.083333,5.53471,2.221787,5.239004,0.612168,0.016614,-0.005341,0.610222,0.049672,0.59356,0.0,0.911603,0.968993,0.0,0
0.197782084,306.166667,5.54157,2.226219,5.243347,0.612841,0.01664,-0.005345,0.610888,0.049785,0.594069,0.0,0.911736,0.968785,0.0,0
0.197835917,306.25,5.548443,2.230646,5.247704,0.613516,0.016665,-0.00535,0.611556,0.049898,0.59458,0.0,0.911868,0.968579,0.0,0
0.19788975,306.333333,5.55533,2.235068,5.252075,0.614192,0.016691,-0.005354,0.612226,0.050012,0.595093,0.0,0.912,0.968372,0.0,0
0.197943583,306.416667,5.562231,2.239486,5.256461,0.614869,0.016717,-0.005359,0.612896,0.050126,0.595607,0.0,0.91213,0.968165,0.0,0
0.197997416,306.5,5.569145,2.243899,5.26086,0.615548,0.016742,-0.005363,0.613569,0.05024,0.596123,0.0,0.91226,0.967956,0.0,0
0.198051249,306.583333,5.576073,2.248307,5.265274,0.616228,0.016768,-0.005367,0.614242,0.050354,0.59664,0.0,0.912389,0.967744,0.0,0
0.198105082,306.666667,5.583014,2.25271,5.269703,0.61691,0.016794,-0.005372,0.614917,0.050469,0.59716,0.0,0.912518,0.967532,0.0,0
0.198158915,306.75,5.589969,2.257109,5.274145,0.617593,0.01682,-0.005376,0.615593,0.050585,0.597681,0.0,0.912645,0.967319,0.0,0
0.198212748,306.833333,5.596938,2.261503,5.278602,0.618277,0.016846,-0.00538,0.61627,0.050701,0.598203,0.0,0.912772,0.967105,0.0,0
0.198266581,306.916667,5.60392,2.265892,5.283073,0.618963,0.016872,-0.005384,0.616949,0.050817,0.598727,0.0,0.912898,0.966888,0.0,0
0.198320413,307.0,5.610916,2.270276,5.287558,0.61965,0.016898,-0.005388,0.617629,0.050933,0.599253,0.0,0.913023,0.966669,0.0,0
0.198374246,307.083333,5.617925,2.274656,5.292057,0.620338,0.016924,-0.005392,0.61831,0.05105,0.599781,0.0,0.913148,0.96645,0.0,0
0.198428079,307.166667,5.624948,2.27903,5.296571,0.621028,0.01695,-0.005397,0.618993,0.051167,0.60031,0.0,0.913271,0.96623,0.0,0
0.198481912,307.25,5.631984,2.2834,5.301098,0.621719,0.016977,-0.005401,0.619677,0.051285,0.600841,0.0,0.913394,0.966009,0.0,0
0.198535745,307.333333,5.639034,2.287765,5.30564,0.622411,0.017003,-0.005405,0.620362,0.051403,0.601373,0.0,0.913516,0.965785,0.0,0
0.198589578,307.416667,5.646097,2.292125,5.310196,0.623105,0.017029,-0.005409,0.621049,0.051522,0.601908,0.0,0.913637,0.96556,0.0,0
0.198643411,307.5,5.653173,2.296481,5.314766,0.6238,0.017056,-0.005412,0.621737,0.05164,0.602443,0.0,0.913757,0.965334,0.0,0
0.198697244,307.583333,5.660263,2.300831,5.319351,0.624496,0.017082,-0.005416,0.622426,0.05176,0.602981,0.0,0.913877,0.965108,0.0,0
0.198751077,307.666667,5.667367,2.305177,5.323949,0.625194,0.017109,-0.00542,0.623117,0.051879,0.60352,0.0,0.913996,0.964878,0.0,0
0.19880491,307.75,5.674483,2.309518,5.328562,0.625893,0.017136,-0.005424,0.623809,0.051999,0.604061,0.0,0.914113,0.964648,0.0,0
0.198858742,307.833333,5.681614,2.313853,5.333188,0.626594,0.017162,-0.005428,0.624502,0.05212,0.604604,0.0,0.914231,0.964418,0.0,0
0.198912575,307.916667,5.688757,2.318184,5.337829,0.627296,0.017189,-0.005432,0.625196,0.052241,0.605148,0.0,0.914347,0.964186,0.0,0
0.198966408,308.0,5.695914,2.32251,5.342484,0.627999,0.017216,-0.005435,0.625892,0.052362,0.605693,0.0,0.914462,0.963953,0.0,0
0.199020241,308.083333,5.703084,2.326831,5.347153,0.628703,0.017243,-0.005439,0.626589,0.052483,0.606241,0.0,0.914577,0.963719,0.0,0
0.199074074,308.166667,5.710268,2.331148,5.351836,0.629409,0.01727,-0.005443,0.627288,0.052605,0.60679,0.0,0.914691,0.963484,0.0,0
0.199127907,308.25,5.717465,2.335459,5.356533,0.630116,0.017297,-0.005446,0.627987,0.052728,0.607341,0.0,0.914804,0.963248,0.0,0
0.19918174,308.333333,5.724675,2.339765,5.361244,0.630825,0.017324,-0.00545,0.628688,0.05285,0.607893,0.0,0.914916,0.963012,0.0,0
0.199235573,308.416667,5.731898,2.344067,5.365969,0.631534,0.017351,-0.005454,0.629391,0.052973,0.608447,0.0,0.915028,0.962774,0.0,0
0.199289406,308.5,5.739135,2.348363,5.370709,0.632246,0.017378,-0.005457,0.630094,0.053097,0.609003,0.0,0.915138,0.962536,0.0,0
0.199343239,308.583333,5.746385,2.352655,5.375462,0.632958,0.017406,-0.005461,0.630799,0.053221,0.60956,0.0,0.915248,0.962297,0.0,0
0.199397071,308.666667,5.753648,2.356941,5.380229,0.633672,0.017433,-0.005464,0.631505,0.053345,0.610119,0.0,0.915357,0.962057,0.0,0
0.199450904,308.75,5.760924,2.361223,5.38501,0.634387,0.01746,-0.005468,0.632213,0.05347,0.61068,0.0,0.915465,0.961817,0.0,0
0.199504737,308.833333,5.768214,2.365499,5.389806,0.635103,0.017488,-0.005471,0.632921,0.053595,0.611242,0.0,0.915573,0.961576,0.0,0
0.19955857,308.916667,5.775516,2.369771,5.394615,0.635821,0.017515,-0.005475,0.633631,0.05372,0.611806,0.0,0.915679,0.961334,0.0,0
0.199612403,309.0,5.782832,2.374037,5.399438,0.63654,0.017543,-0.005478,0.634343,0.053846,0.612371,0.0,0.915785,0.961092,0.0,0
0.199666236,309.083333,5.790161,2.378298,5.404275,0.63726,0.017571,-0.005481,0.635055,0.053973,0.612939,0.0,0.91589,0.960851,0.0,0
0.199720069,309.166667,5.797504,2.382555,5.409127,0.637982,0.017598,-0.005485,0.635769,0.054099,0.613507,0.0,0.915994,0.960608,0.0,0
0.199773902,309.25,5.804859,2.386806,5.413992,0.638705,0.017626,-0.005488,0.636484,0.054226,0.614078,0.0,0.916097,0.960365,0.0,0
0.199827735,309.333333,5.812227,2.391053,5.418871,0.639429,0.017654,-0.005491,0.637201,0.054354,0.61465,0.0,0.9162,0.960122,0.0,0
0.199881568,309.416667,5.819609,2.395294,5.423764,0.640155,0.017682,-0.005494,0.637918,0.054482,0.615224,0.0,0.916302,0.959879,0.0,0
0.199935401,309.5,5.827003,2.39953,5.42867,0.640882,0.01771,-0.005497,0.638637,0.05461,0.615799,0.0,0.916403,0.959636,0.0,0
0.199989233,309.583333,5.834411,2.403761,5.433591,0.64161,0.017738,-0.0055,0.639358,0.054739,0.616376,0.0,0.916503,0.959393,0.0,0
0.200043066,309.666667,5.841832,2.407987,5.438526,0.642339,0.017766,-0.005503,0.640079,0.054868,0.616955,0.0,0.916602,0.959148,0.0,0
0.200096899,309.75,5.849265,2.412208,5.443474,0.64307,0.017794,-0.005506,0.640802,0.054997,0.617535,0.0,0.916701,0.958906,0.0,0
0.200150732,309.833333,5.856712,2.416424,5.448437,0.643802,0.017822,-0.005508,0.641526,0.055127,0.618117,0.0,0.916798,0.958664,0.0,0
0.200204565,309.916667,5.864172,2.420635,5.453413,0.644536,0.017851,-0.005511,0.642251,0.055258,0.6187,0.0,0.916895,0.958421,0.0,0
0.200258398,310.0,5.871644,2.42484,5.458403,0.64527,0.017879,-0.005514,0.642978,0.055388,0.619285,0.0,0.916992,0.958177,0.0,0
0.200312231,310.083333,5.87913,2.429041,5.463407,0.646006,0.017907,-0.005516,0.643705,0.055519,0.619872,0.0,0.917087,0.957935,0.0,0
0.200366064,310.166667,5.886629,2.433236,5.468425,0.646744,0.017936,-0.005519,0.644434,0.055651,0.62046,0.0,0.917182,0.957695,0.0,0
0.200419897,310.25,5.89414,2.437427,5.473456,0.647482,0.017964,-0.005521,0.645165,0.055783,0.62105,0.0,0.917275,0.957453,0.0,0
0.20047373,310.333333,5.901665,2.441612,5.478502,0.648222,0.017993,-0.005523,0.645896,0.055915,0.621642,0.0,0.917368,0.957211,0.0,0
0.200527562,310.416667,5.909202,2.445791,5.483561,0.648963,0.018022,-0.005525,0.646629,0.056048,0.622235,0.0,0.917461,0.956972,0.0,0
0.200581395,310.5,5.916752,2.449966,5.488634,0.649706,0.01805,-0.005528,0.647363,0.056181,0.62283,0.0,0.917552,0.956733,0.0,0
0.200635228,310.583333,5.924315,2.454136,5.493721,0.65045,0.018079,-0.00553,0.648099,0.056315,0.623426,0.0,0.917643,0.956495,0.0,0
0.200689061,310.666667,5.931891,2.4583,5.498821,0.651195,0.018108,-0.005532,0.648835,0.056449,0.624024,0.0,0.917733,0.956255,0.0,0
0.200742894,310.75,5.93948,2.462459,5.503935,0.651941,0.018137,-0.005534,0.649573,0.056583,0.624624,0.0,0.917822,0.95602,0.0,0
0.200796727,310.833333,5.947082,2.466613,5.509063,0.652689,0.018166,-0.005536,0.650312,0.056718,0.625225,0.0,0.91791,0.955785,0.0,0
0.20085056,310.916667,5.954696,2.470762,5.514205,0.653438,0.018195,-0.005538,0.651052,0.056853,0.625828,0.0,0.917998,0.95555,0.0,0
0.200904393,311.0,5.962323,2.474905,5.51936,0.654188,0.018224,-0.005539,0.651794,0.056989,0.626433,0.0,0.918085,0.955314,0.0,0
0.200958226,311.083333,5.969963,2.479044,5.52453,0.654939,0.018253,-0.005541,0.652537,0.057125,0.627039,0.0,0.918171,0.955084,0.0,0
0.201012059,311.166667,5.977616,2.483177,5.529712,0.655692,0.018283,-0.005543,0.653281,0.057261,0.627647,0.0,0.918257,0.954854,0.0,0
0.201065891,311.25,5.985282,2.487304,5.534909,0.656446,0.018312,-0.005544,0.654026,0.057398,0.628256,0.0,0.918342,0.954624,0.0,0
0.201119724,311.333333,5.99296,2.491427,5.540119,0.657202,0.018341,-0.005546,0.654773,0.057535,0.628867,0.0,0.918426,0.954393,0.0,0
0.201173557,311.416667,6.000651,2.495544,5.545343,0.657958,0.018371,-0.005547,0.655521,0.057673,0.629479,0.0,0.918509,0.95417,0.0,0
0.20122739,311.5,6.008354,2.499656,5.550581,0.658716,0.0184,-0.005548,0.65627,0.057811,0.630093,0.0,0.918591,0.953946,0.0,0
0.201281223,311.583333,6.016071,2.503763,5.555832,0.659475,0.01843,-0.00555,0.65702,0.05795,0.630709,0.0,0.918673,0.953722,0.0,0
0.201335056,311.666667,6.023799,2.507864,5.561097,0.660236,0.01846,-0.005551,0.657772,0.058089,0.631326,0.0,0.918754,0.953498,0.0,0
0.201388889,311.75,6.031541,2.51196,5.566375,0.660998,0.018489,-0.005552,0.658525,0.058228,0.631945,0.0,0.918835,0.953282,0.0,0
0.201442722,311.833333,6.039295,2.516051,5.571667,0.661761,0.018519,-0.005553,0.659279,0.058368,0.632566,0.0,0.918915,0.953066,0.0,0
0.201496555,311.916667,6.047062,2.520136,5.576973,0.662525,0.018549,-0.005554,0.660034,0.058508,0.633188,0.0,0.918994,0.952848,0.0,0
0.201550388,312.0,6.054841,2.524216,5.582292,0.663291,0.018579,-0.005555,0.660791,0.058649,0.633812,0.0,0.919072,0.952635,0.0,0
0.20160422,312.083333,6.062633,2.528291,5.587625,0.664058,0.018609,-0.005556,0.661549,0.05879,0.634437,0.0,0.91915,0.952427,0.0,0
0.201658053,312.166667,6.070438,2.53236,5.592971,0.664826,0.018639,-0.005557,0.662308,0.058931,0.635064,0.0,0.919227,0.952219,0.0,0
0.201711886,312.25,6.078255,2.536425,5.598331,0.665596,0.018669,-0.005557,0.663068,0.059073,0.635692,0.0,0.919303,0.95201,0.0,0
0.201765719,312.333333,6.086085,2.540483,5.603704,0.666367,0.018699,-0.005558,0.66383,0.059216,0.636322,0.0,0.919379,0.951809,0.0,0
0.201819552,312.416667,6.093927,2.544537,5.609091,0.667139,0.018729,-0.005559,0.664593,0.059358,0.636954,0.0,0.919454,0.951611,0.0,0
0.201873385,312.5,6.101781,2.548584,5.614492,0.667912,0.01876,-0.005559,0.665357,0.059501,0.637587,0.0,0.919529,0.951412,0.0,0
0.201927218,312.583333,6.109648,2.552627,5.619906,0.668687,0.01879,-0.00556,0.666122,0.059645,0.638222,0.0,0.919602,0.951213,0.0,0
0.201981051,312.666667,6.117528,2.556664,5.625334,0.669463,0.01882,-0.00556,0.666889,0.059789,0.638858,0.0,0.919676,0.951026,0.0,0
0.202034884,312.75,6.12542,2.560696,5.630775,0.67024,0.018851,-0.00556,0.667657,0.059934,0.639496,0.0,0.919748,0.950838,0.0,0
0.202088717,312.833333,6.133324,2.564722,5.636229,0.671019,0.018882,-0.00556,0.668426,0.060079,0.640136,0.0,0.91982,0.95065,0.0,0
0.20214255,312.916667,6.141241,2.568743,5.641697,0.671799,0.018912,-0.005561,0.669196,0.060224,0.640777,0.0,0.919892,0.950466,0.0,0
0.202196382,313.0,6.14917,2.572758,5.647178,0.67258,0.018943,-0.005561,0.669968,0.06037,0.64142,0.0,0.919962,0.950292,0.0,0
0.202250215,313.083333,6.157112,2.576768,5.652673,0.673362,0.018974,-0.005561,0.670741,0.060516,0.642064,0.0,0.920033,0.950116,0.0,0
0.202304048,313.166667,6.165066,2.580773,5.658181,0.674146,0.019004,-0.005561,0.671515,0.060663,0.64271,0.0,0.920102,0.949941,0.0,0
0.202357881,313.25,6.173032,2.584772,5.663703,0.674931,0.019035,-0.005561,0.67229,0.06081,0.643357,0.0,0.920171,0.949775,0.0,0
0.202411714,313.333333,6.181011,2.588766,5.669238,0.675718,0.019066,-0.00556,0.673067,0.060957,0.644006,0.0,0.92024,0.949613,0.0,0
0.202465547,313.416667,6.189002,2.592754,5.674787,0.676505,0.019097,-0.00556,0.673845,0.061105,0.644657,0.0,0.920308,0.949452,0.0,0
0.20251938,313.5,6.197005,2.596736,5.680348,0.677294,0.019128,-0.00556,0.674624,0.061253,0.645309,0.0,0.920376,0.949291,0.0,0
0.202573213,313.583333,6.205021,2.600714,5.685924,0.678085,0.01916,-0.005559,0.675405,0.061402,0.645963,0.0,0.920443,0.949144,0.0,0
0.202627046,313.666667,6.213048,2.604685,5.691512,0.678876,0.019191,-0.005559,0.676186,0.061552,0.646618,0.0,0.920509,0.948998,0.0,0
0.202680879,313.75,6.221088,2.608651,5.697114,0.679669,0.019222,-0.005558,0.676969,0.061701,0.647275,0.0,0.920575,0.948851,0.0,0
0.202734711,313.833333,6.229141,2.612612,5.702729,0.680463,0.019253,-0.005558,0.677754,0.061851,0.647933,0.0,0.920641,0.948712,0.0,0
0.202788544,313.916667,6.237205,2.616567,5.708358,0.681259,0.019285,-0.005557,0.678539,0.062002,0.648593,0.0,0.920706,0.948582,0.0,0
0.202842377,314.0,6.245282,2.620517,5.714,0.682056,0.019316,-0.005556,0.679326,0.062153,0.649255,0.0,0.92077,0.948452,0.0,0
0.20289621,314.083333,6.25337,2.624461,5.719655,0.682854,0.019348,-0.005555,0.680114,0.062305,0.649918,0.0,0.920834,0.948321,0.0,0
0.202950043,314.166667,6.261471,2.628399,5.725323,0.683653,0.019379,-0.005554,0.680903,0.062456,0.650582,0.0,0.920898,0.948208,0.0,0
0.203003876,314.25,6.269584,2.632332,5.731005,0.684454,0.019411,-0.005553,0.681694,0.062609,0.651249,0.0,0.920961,0.948094,0.0,0
0.203057709,314.333333,6.27771,2.63626,5.7367,0.685256,0.019443,-0.005552,0.682486,0.062762,0.651916,0.0,0.921024,0.947981,0.0,0
0.203111542,314.416667,6.285847,2.640181,5.742408,0.68606,0.019475,-0.005551,0.683279,0.062915,0.652586,0.0,0.921087,0.947875,0.0,0
0.203165375,314.5,6.293996,2.644098,5.74813,0.686865,0.019507,-0.00555,0.684074,0.063069,0.653257,0.0,0.921149,0.94778,0.0,0
0.203219208,314.583333,6.302158,2.648008,5.753865,0.687671,0.019539,-0.005549,0.68487,0.063223,0.653929,0.0,0.921211,0.947685,0.0,0
0.20327304,314.666667,6.310331,2.651913,5.759613,0.688478,0.019571,-0.005547,0.685667,0.063377,0.654603,0.0,0.921272,0.947589,0.0,0
0.203326873,314.75,6.318517,2.655813,5.765374,0.689287,0.019603,-0.005546,0.686465,0.063533,0.655278,0.0,0.921333,0.947508,0.0,0
0.203380706,314.833333,6.326715,2.659706,5.771148,0.690097,0.019635,-0.005544,0.687265,0.063688,0.655956,0.0,0.921394,0.947427,0.0,0
0.203434539,314.916667,6.334924,2.663594,5.776935,0.690909,0.019667,-0.005543,0.688066,0.063844,0.656634,0.0,0.921454,0.947345,0.0,0
0.203488372,315.0,6.343146,2.667477,5.782736,0.691722,0.019699,-0.005541,0.688868,0.064001,0.657314,0.0,0.921514,0.947265,0.0,0
0.203542205,315.083333,6.351379,2.671354,5.78855,0.692536,0.019732,-0.005539,0.689672,0.064157,0.657996,0.0,0.921574,0.947186,0.0,0
0.203596038,315.166667,6.359625,2.675225,5.794377,0.693351,0.019764,-0.005537,0.690476,0.064315,0.658679,0.0,0.921633,0.947107,0.0,0
0.203649871,315.25,6.367882,2.679091,5.800217,0.694168,0.019797,-0.005536,0.691283,0.064473,0.659364,0.0,0.921692,0.947027,0.0,0
0.203703704,315.333333,6.376152,2.682951,5.80607,0.694986,0.019829,-0.005534,0.69209,0.064631,0.66005,0.0,0.921751,0.946949,0.0,0
0.203757537,315.416667,6.384433,2.686805,5.811936,0.695806,0.019862,-0.005532,0.692899,0.06479,0.660738,0.0,0.921809,0.946871,0.0,0
0.20381137,315.5,6.392726,2.690653,5.817816,0.696627,0.019894,-0.005529,0.693709,0.064949,0.661427,0.0,0.921868,0.946792,0.0,0
0.203865202,315.583333,6.401031,2.694496,5.823708,0.697449,0.019927,-0.005527,0.69452,0.065108,0.662118,0.0,0.921925,0.946715,0.0,0
0.203919035,315.666667,6.409348,2.698333,5.829614,0.698273,0.01996,-0.005525,0.695333,0.065269,0.662811,0.0,0.921983,0.946638,0.0,0
0.203972868,315.75,6.417676,2.702165,5.835532,0.699097,0.019993,-0.005523,0.696146,0.065429,0.663505,0.0,0.92204,0.94656,0.0,0
0.204026701,315.833333,6.426017,2.70599,5.841464,0.699924,0.020026,-0.00552,0.696962,0.06559,0.6642,0.0,0.922097,0.946483,0.0,0
0.204080534,315.916667,6.434369,2.70981,5.847409,0.700751,0.020059,-0.005518,0.697778,0.065752,0.664897,0.0,0.922153,0.946408,0.0,0
0.204134367,316.0,6.442733,2.713625,5.853366,0.70158,0.020092,-0.005515,0.698596,0.065914,0.665596,0.0,0.92221,0.946332,0.0,0
0.2041882,316.083333,6.451109,2.717433,5.859337,0.70241,0.020125,-0.005513,0.699415,0.066076,0.666296,0.0,0.922266,0.946256,0.0,0
0.204242033,316.166667,6.459496,2.721236,5.865321,0.703242,0.020158,-0.00551,0.700235,0.066239,0.666998,0.0,0.922321,0.946181,0.0,0
0.204295866,316.25,6.467896,2.725033,5.871317,0.704074,0.020192,-0.005507,0.701057,0.066402,0.667701,0.0,0.922377,0.946107,0.0,0
0.204349699,316.333333,6.476306,2.728824,5.877327,0.704909,0.020225,-0.005504,0.701879,0.066566,0.668405,0.0,0.922432,0.946032,0.0,0
0.204403531,316.416667,6.484729,2.73261,5.883349,0.705744,0.020258,-0.005501,0.702703,0.066731,0.669111,0.0,0.922486,0.945959,0.0,0
0.204457364,316.5,6.493163,2.736389,5.889385,0.706581,0.020292,-0.005498,0.703529,0.066895,0.669819,0.0,0.922541,0.945886,0.0,0
0.204511197,316.583333,6.501609,2.740163,5.895433,0.707419,0.020326,-0.005495,0.704355,0.067061,0.670528,0.0,0.922595,0.945813,0.0,0
0.20456503,316.666667,6.510067,2.743931,5.901495,0.708258,0.020359,-0.005492,0.705183,0.067226,0.671239,0.0,0.922649,0.945741,0.0,0
0.204618863,316.75,6.518536,2.747694,5.907569,0.709099,0.020393,-0.005489,0.706012,0.067393,0.671951,0.0,0.922702,0.94567,0.0,0
0.204672696,316.833333,6.527017,2.75145,5.913656,0.709941,0.020427,-0.005485,0.706843,0.067559,0.672665,0.0,0.922756,0.945599,0.0,0
0.204726529,316.916667,6.535509,2.755201,5.919756,0.710784,0.020461,-0.005482,0.707675,0.067726,0.67338,0.0,0.922809,0.945528,0.0,0
0.204780362,317.0,6.544013,2.758946,5.925869,0.711629,0.020494,-0.005478,0.708507,0.067894,0.674097,0.0,0.922861,0.945459,0.0,0
0.204834195,317.083333,6.552529,2.762685,5.931994,0.712475,0.020528,-0.005474,0.709342,0.068062,0.674815,0.0,0.922914,0.94539,0.0,0
0.204888028,317.166667,6.561056,2.766418,5.938133,0.713322,0.020562,-0.00547,0.710177,0.068231,0.675535,0.0,0.922966,0.945321,0.0,0
0.20494186,317.25,6.569594,2.770145,5.944284,0.714171,0.020597,-0.005466,0.711014,0.0684,0.676256,0.0,0.923018,0.945253,0.0,0
0.204995693,317.333333,6.578144,2.773867,5.950449,0.715021,0.020631,-0.005462,0.711852,0.068569,0.676979,0.0,0.923069,0.945186,0.0,0
0.205049526,317.416667,6.586705,2.777582,5.956625,0.715872,0.020665,-0.005457,0.712691,0.068739,0.677703,0.0,0.923121,0.945119,0.0,0
0.205103359,317.5,6.595278,2.781292,5.962815,0.716724,0.020699,-0.005453,0.713532,0.06891,0.678429,0.0,0.923172,0.945054,0.0,0
0.205157192,317.583333,6.603863,2.784996,5.969018,0.717578,0.020734,-0.005448,0.714373,0.069081,0.679156,0.0,0.923222,0.944989,0.0,0
0.205211025,317.666667,6.612458,2.788694,5.975233,0.718433,0.020768,-0.005443,0.715216,0.069252,0.679885,0.0,0.923273,0.944924,0.0,0
0.205264858,317.75,6.621066,2.792386,5.981461,0.71929,0.020803,-0.005438,0.716061,0.069424,0.680615,0.0,0.923323,0.94486,0.0,0
0.205318691,317.833333,6.629684,2.796072,5.987702,0.720147,0.020837,-0.005433,0.716906,0.069596,0.681347,0.0,0.923373,0.944798,0.0,0
0.205372524,317.916667,6.638314,2.799752,5.993955,0.721006,0.020872,-0.005428,0.717753,0.069769,0.68208,0.0,0.923423,0.944736,0.0,0
0.205426357,318.0,6.646955,2.803426,6.000221,0.721867,0.020907,-0.005423,0.718601,0.069943,0.682815,0.0,0.923472,0.944674,0.0,0
0.205480189,318.083333,6.655608,2.807095,6.0065,0.722728,0.020941,-0.005417,0.71945,0.070116,0.683551,0.0,0.923521,0.944614,0.0,0
0.205534022,318.166667,6.664272,2.810757,6.012792,0.723591,0.020976,-0.005412,0.720301,0.070291,0.684289,0.0,0.92357,0.944555,0.0,0
0.205587855,318.25,6.672947,2.814414,6.019096,0.724455,0.021011,-0.005406,0.721153,0.070465,0.685028,0.0,0.923619,0.944495,0.0,0
0.205641688,318.333333,6.681633,2.818064,6.025413,0.725321,0.021046,-0.0054,0.722006,0.070641,0.685769,0.0,0.923667,0.944438,0.0,0
0.205695521,318.416667,6.690331,2.821709,6.031742,0.726188,0.021081,-0.005394,0.72286,0.070816,0.686511,0.0,0.923715,0.944381,0.0,0
0.205749354,318.5,6.69904,2.825347,6.038085,0.727056,0.021116,-0.005388,0.723715,0.070993,0.687255,0.0,0.923763,0.944324,0.0,0
0.205803187,318.583333,6.70776,2.82898,6.044439,0.727925,0.021152,-0.005382,0.724572,0.071169,0.688,0.0,0.923811,0.94427,0.0,0
0.20585702,318.666667,6.716491,2.832606,6.050807,0.728796,0.021187,-0.005376,0.72543,0.071347,0.688746,0.0,0.923859,0.944216,0.0,0
0.205910853,318.75,6.725233,2.836227,6.057187,0.729668,0.021222,-0.005369,0.726289,0.071524,0.689494,0.0,0.923906,0.944162,0.0,0
0.205964686,318.833333,6.733987,2.839842,6.063579,0.730541,0.021258,-0.005363,0.72715,0.071703,0.690244,0.0,0.923953,0.94411,0.0,0
0.206018519,318.916667,6.742752,2.84345,6.069984,0.731416,0.021293,-0.005356,0.728011,0.071881,0.690995,0.0,0.924,0.944059,0.0,0
0.206072351,319.0,6.751528,2.847053,6.076402,0.732292,0.021329,-0.00535,0.728874,0.07206,0.691747,0.0,0.924046,0.944009,0.0,0
0.206126184,319.083333,6.760315,2.85065,6.082832,0.733169,0.021364,-0.005343,0.729739,0.07224,0.692501,0.0,0.924092,0.943959,0.0,0
0.206180017,319.166667,6.769113,2.85424,6.089275,0.734047,0.0214,-0.005336,0.730604,0.07242,0.693257,0.0,0.924138,0.943912,0.0,0
0.20623385,319.25,6.777922,2.857825,6.09573,0.734927,0.021436,-0.005329,0.731471,0.072601,0.694014,0.0,0.924184,0.943865,0.0,0
0.206287683,319.333333,6.786742,2.861403,6.102197,0.735808,0.021471,-0.005322,0.732338,0.072782,0.694772,0.0,0.92423,0.943819,0.0,0
0.206341516,319.416667,6.795573,2.864976,6.108677,0.73669,0.021507,-0.005314,0.733208,0.072964,0.695532,0.0,0.924275,0.943775,0.0,0
0.206395349,319.5,6.804416,2.868542,6.11517,0.737574,0.021543,-0.005307,0.734078,0.073146,0.696293,0.0,0.924321,0.943731,0.0,0
0.206449182,319.583333,6.813269,2.872102,6.121675,0.738459,0.021579,-0.0053,0.734949,0.073329,0.697056,0.0,0.924366,0.943688,0.0,0
0.206503015,319.666667,6.822133,2.875656,6.128193,0.739345,0.021615,-0.005292,0.735822,0.073512,0.69782,0.0,0.924411,0.943648,0.0,0
0.206556848,319.75,6.831008,2.879205,6.134722,0.740232,0.021651,-0.005285,0.736696,0.073695,0.698586,0.0,0.924455,0.943608,0.0,0
0.20661068,319.833333,6.839894,2.882747,6.141265,0.741121,0.021688,-0.005277,0.737572,0.073879,0.699353,0.0,0.9245,0.943568,0.0,0
0.206664513,319.916667,6.848791,2.886283,6.147819,0.742011,0.021724,-0.005269,0.738448,0.074064,0.700121,0.0,0.924544,0.943532,0.0,0
0.206718346,320.0,6.857699,2.889812,6.154386,0.742902,0.02176,-0.005261,0.739326,0.074249,0.700891,0.0,0.924588,0.943496,0.0,0
0.206772179,320.083333,6.866618,2.893336,6.160966,0.743795,0.021797,-0.005254,0.740205,0.074435,0.701663,0.0,0.924632,0.943459,0.0,0
0.206826012,320.166667,6.875548,2.896854,6.167558,0.744689,0.021833,-0.005246,0.741085,0.074621,0.702436,0.0,0.924676,0.94342,0.0,0
0.206879845,320.25,6.884488,2.900365,6.174162,0.745584,0.02187,-0.005238,0.741966,0.074808,0.70321,0.0,0.924719,0.943381,0.0,0
0.206933678,320.333333,6.893439,2.903871,6.180778,0.74648,0.021906,-0.005229,0.742849,0.074995,0.703986,0.0,0.924762,0.943341,0.0,0
0.206987511,320.416667,6.902401,2.90737,6.187407,0.747378,0.021943,-0.005221,0.743733,0.075182,0.704763,0.0,0.924805,0.943293,0.0,0
0.207041344,320.5,6.911374,2.910863,6.194048,0.748277,0.02198,-0.005213,0.744618,0.075371,0.705542,0.0,0.924848,0.943244,0.0,0
0.207095177,320.583333,6.920358,2.91435,6.200701,0.749177,0.022017,-0.005205,0.745504,0.075559,0.706322,0.0,0.924891,0.943195,0.0,0
0.207149009,320.666667,6.929352,2.91783,6.207367,0.750078,0.022054,-0.005196,0.746391,0.075748,0.707103,0.0,0.924933,0.943138,0.0,0
0.207202842,320.75,6.938357,2.921305,6.214045,0.750981,0.022091,-0.005188,0.74728,0.075938,0.707886,0.0,0.924976,0.943082,0.0,0
0.207256675,320.833333,6.947373,2.924773,6.220735,0.751885,0.022128,-0.005179,0.74817,0.076128,0.708671,0.0,0.925018,0.943024,0.0,0
0.207310508,320.916667,6.9564,2.928236,6.227437,0.75279,0.022165,-0.005171,0.749061,0.076319,0.709457,0.0,0.925059,0.942961,0.0,0
0.207364341,321.0,6.965437,2.931692,6.234152,0.753696,0.022202,-0.005162,0.749953,0.07651,0.710244,0.0,0.925101,0.942897,0.0,0
0.207418174,321.083333,6.974485,2.935141,6.240878,0.754604,0.022239,-0.005154,0.750846,0.076702,0.711033,0.0,0.925142,0.942833,0.0,0
0.207472007,321.166667,6.983543,2.938585,6.247617,0.755513,0.022277,-0.005145,0.751741,0.076894,0.711823,0.0,0.925183,0.942764,0.0,0
0.20752584,321.25,6.992612,2.942022,6.254368,0.756423,0.022314,-0.005136,0.752637,0.077087,0.712615,0.0,0.925224,0.942695,0.0,0
0.207579673,321.333333,7.001692,2.945453,6.261132,0.757334,0.022351,-0.005128,0.753534,0.07728,0.713408,0.0,0.925264,0.942625,0.0,0
0.207633506,321.416667,7.010782,2.948878,6.267907,0.758247,0.022389,-0.005119,0.754432,0.077473,0.714202,0.0,0.925305,0.942552,0.0,0
0.207687339,321.5,7.019883,2.952297,6.274695,0.759161,0.022426,-0.00511,0.755331,0.077668,0.714998,0.0,0.925345,0.942478,0.0,0
0.207741171,321.583333,7.028994,2.955709,6.281494,0.760076,0.022464,-0.005101,0.756231,0.077862,0.715795,0.0,0.925384,0.942404,0.0,0
0.207795004,321.666667,7.038116,2.959116,6.288306,0.760992,0.022502,-0.005093,0.757133,0.078058,0.716594,0.0,0.925424,0.942328,0.0,0
0.207848837,321.75,7.047248,2.962516,6.29513,0.761909,0.02254,-0.005084,0.758035,0.078253,0.717394,0.0,0.925463,0.942252,0.0,0
0.20790267,321.833333,7.056391,2.965909,6.301966,0.762828,0.022577,-0.005075,0.758939,0.07845,0.718195,0.0,0.925502,0.942175,0.0,0
0.207956503,321.916667,7.065544,2.969297,6.308813,0.763748,0.022615,-0.005066,0.759844,0.078646,0.718998,0.0,0.92554,0.942098,0.0,0
0.208010336,322.0,7.074708,2.972678,6.315673,0.764669,0.022653,-0.005057,0.76075,0.078844,0.719803,0.0,0.925579,0.942021,0.0,0
0.208064169,322.083333,7.083882,2.976052,6.322545,0.765591,0.022691,-0.005048,0.761658,0.079041,0.720608,0.0,0.925617,0.941944,0.0,0
0.208118002,322.166667,7.093067,2.979421,6.329429,0.766515,0.02273,-0.005039,0.762566,0.07924,0.721416,0.0,0.925655,0.941867,0.0,0
0.208171835,322.25,7.102262,2.982783,6.336325,0.767439,0.022768,-0.00503,0.763476,0.079438,0.722224,0.0,0.925692,0.941789,0.0,0
0.208225668,322.333333,7.111467,2.986139,6.343233,0.768365,0.022806,-0.005021,0.764386,0.079638,0.723034,0.0,0.92573,0.941712,0.0,0
0.2082795,322.416667,7.120683,2.989489,6.350153,0.769292,0.022844,-0.005012,0.765298,0.079837,0.723846,0.0,0.925767,0.941636,0.0,0
0.208333333,322.5,7.129909,2.992832,6.357085,0.770221,0.022883,-0.005004,0.766211,0.080038,0.724658,0.0,0.925803,0.94156,0.0,0
0.208387166,322.583333,7.139145,2.996169,6.364029,0.77115,0.022921,-0.004995,0.767125,0.080239,0.725473,0.0,0.92584,0.941484,0.0,0
0.208440999,322.666667,7.148391,2.999499,6.370985,0.772081,0.02296,-0.004986,0.768041,0.08044,0.726288,0.0,0.925876,0.94141,0.0,0
0.208494832,322.75,7.157648,3.002824,6.377952,0.773013,0.022998,-0.004977,0.768957,0.080642,0.727105,0.0,0.925912,0.941335,0.0,0
0.208548665,322.833333,7.166915,3.006142,6.384932,0.773946,0.023037,-0.004968,0.769875,0.080844,0.727923,0.0,0.925948,0.941263,0.0,0
0.208602498,322.916667,7.176192,3.009453,6.391923,0.77488,0.023076,-0.004959,0.770793,0.081047,0.728743,0.0,0.925983,0.941191,0.0,0
0.208656331,323.0,7.18548,3.012758,6.398927,0.775815,0.023115,-0.00495,0.771713,0.081251,0.729564,0.0,0.926019,0.941119,0.0,0
0.208710164,323.083333,7.194777,3.016057,6.405942,0.776752,0.023154,-0.004941,0.772634,0.081455,0.730387,0.0,0.926054,0.94105,0.0,0
0.208763997,323.166667,7.204085,3.01935,6.412969,0.77769,0.023193,-0.004931,0.773556,0.081659,0.731211,0.0,0.926088,0.940982,0.0,0
0.208817829,323.25,7.213403,3.022636,6.420007,0.778629,0.023232,-0.004922,0.774479,0.081864,0.732036,0.0,0.926123,0.940914,0.0,0
0.208871662,323.333333,7.222731,3.025915,6.427058,0.779569,0.023271,-0.004913,0.775404,0.08207,0.732863,0.0,0.926157,0.94085,0.0,0
0.208925495,323.416667,7.232069,3.029188,6.43412,0.78051,0.02331,-0.004903,0.776329,0.082276,0.733691,0.0,0.926191,0.940787,0.0,0
0.208979328,323.5,7.241418,3.032455,6.441195,0.781453,0.023349,-0.004894,0.777256,0.082482,0.73452,0.0,0.926225,0.940724,0.0,0
0.209033161,323.583333,7.250776,3.035716,6.44828,0.782397,0.023388,-0.004884,0.778183,0.082689,0.735351,0.0,0.926259,0.940666,0.0,0
0.209086994,323.666667,7.260144,3.03897,6.455378,0.783342,0.023428,-0.004875,0.779112,0.082897,0.736183,0.0,0.926292,0.940608,0.0,0
0.209140827,323.75,7.269523,3.042217,6.462487,0.784288,0.023467,-0.004865,0.780042,0.083105,0.737017,0.0,0.926325,0.940552,0.0,0
0.20919466,323.833333,7.278911,3.045458,6.469609,0.785235,0.023507,-0.004855,0.780973,0.083314,0.737852,0.0,0.926358,0.940501,0.0,0
0.209248493,323.916667,7.28831,3.048693,6.476741,0.786184,0.023546,-0.004846,0.781905,0.083523,0.738688,0.0,0.926391,0.940449,0.0,0
0.209302326,324.0,7.297718,3.051921,6.483886,0.787133,0.023586,-0.004836,0.782839,0.083733,0.739526,0.0,0.926424,0.940402,0.0,0
0.209356158,324.083333,7.307136,3.055143,6.491042,0.788084,0.023625,-0.004826,0.783773,0.083943,0.740365,0.0,0.926456,0.940358,0.0,0
0.209409991,324.166667,7.316565,3.058358,6.49821,0.789036,0.023665,-0.004816,0.784709,0.084154,0.741206,0.0,0.926488,0.940314,0.0,0
0.209463824,324.25,7.326003,3.061567,6.505389,0.78999,0.023705,-0.004807,0.785645,0.084365,0.742047,0.0,0.92652,0.940276,0.0,0
0.209517657,324.333333,7.335451,3.06477,6.51258,0.790944,0.023745,-0.004797,0.786583,0.084577,0.742891,0.0,0.926552,0.940241,0.0,0
0.20957149,324.416667,7.344909,3.067965,6.519783,0.7919,0.023785,-0.004787,0.787522,0.084789,0.743735,0.0,0.926584,0.940205,0.0,0
0.209625323,324.5,7.354376,3.071155,6.526997,0.792857,0.023825,-0.004777,0.788462,0.085002,0.744581,0.0,0.926616,0.940179,0.0,0
0.209679156,324.583333,7.363854,3.074338,6.534223,0.793815,0.023865,-0.004767,0.789404,0.085216,0.745428,0.0,0.926647,0.940153,0.0,0
0.209732989,324.666667,7.373341,3.077514,6.54146,0.794774,0.023905,-0.004757,0.790346,0.08543,0.746277,0.0,0.926678,0.940129,0.0,0
0.209786822,324.75,7.382838,3.080684,6.548709,0.795734,0.023945,-0.004747,0.791289,0.085644,0.747127,0.0,0.92671,0.940114,0.0,0
0.209840655,324.833333,7.392345,3.083847,6.55597,0.796696,0.023986,-0.004737,0.792234,0.085859,0.747978,0.0,0.926741,0.940098,0.0,0
0.209894488,324.916667,7.401862,3.087004,6.563242,0.797659,0.024026,-0.004727,0.79318,0.086075,0.748831,0.0,0.926772,0.940088,0.0,0
0.20994832,325.0,7.411389,3.090155,6.570525,0.798623,0.024067,-0.004718,0.794127,0.086291,0.749685,0.0,0.926803,0.940084,0.0,0
0.210002153,325.083333,7.420925,3.093298,6.57782,0.799588,0.024107,-0.004708,0.795075,0.086508,0.75054,0.0,0.926834,0.94008,0.0,0
0.210055986,325.166667,7.43047,3.096436,6.585127,0.800555,0.024148,-0.004698,0.796024,0.086725,0.751397,0.0,0.926864,0.940085,0.0,0
0.210109819,325.25,7.440026,3.099566,6.592445,0.801523,0.024188,-0.004688,0.796974,0.086942,0.752255,0.0,0.926895,0.940094,0.0,0
0.210163652,325.333333,7.449591,3.10269,6.599774,0.802491,0.024229,-0.004678,0.797926,0.087161,0.753114,0.0,0.926926,0.940103,0.0,0
0.210217485,325.416667,7.459166,3.105808,6.607115,0.803462,0.02427,-0.004668,0.798878,0.08738,0.753975,0.0,0.926956,0.94012,0.0,0
0.210271318,325.5,7.46875,3.108919,6.614467,0.804433,0.024311,-0.004658,0.799832,0.087599,0.754837,0.0,0.926987,0.940138,0.0,0
0.210325151,325.583333,7.478344,3.112023,6.621831,0.805405,0.024352,-0.004648,0.800787,0.087819,0.755701,0.0,0.927018,0.940157,0.0,0
0.210378984,325.666667,7.487948,3.115121,6.629206,0.806379,0.024393,-0.004638,0.801743,0.088039,0.756565,0.0,0.927048,0.940178,0.0,0
0.210432817,325.75,7.497561,3.118212,6.636592,0.807354,0.024434,-0.004628,0.8027,0.08826,0.757431,0.0,0.927079,0.9402,0.0,0
0.210486649,325.833333,7.507183,3.121297,6.643989,0.80833,0.024475,-0.004618,0.803659,0.088482,0.758299,0.0,0.927109,0.940223,0.0,0
0.210540482,325.916667,7.516815,3.124375,6.651398,0.809308,0.024516,-0.004608,0.804618,0.088704,0.759167,0.0,0.92714,0.940247,0.0,0
0.210594315,326.0,7.526457,3.127447,6.658819,0.810287,0.024557,-0.004598,0.805579,0.088927,0.760037,0.0,0.92717,0.940272,0.0,0
0.210648148,326.083333,7.536108,3.130511,6.66625,0.811266,0.024599,-0.004588,0.806541,0.08915,0.760909,0.0,0.927201,0.940299,0.0,0
0.210701981,326.166667,7.545768,3.13357,6.673693,0.812247,0.02464,-0.004578,0.807504,0.089374,0.761782,0.0,0.927231,0.940327,0.0,0
0.210755814,326.25,7.555438,3.136621,6.681147,0.81323,0.024682,-0.004568,0.808468,0.089598,0.762656,0.0,0.927261,0.940354,0.0,0
0.210809647,326.333333,7.565117,3.139666,6.688613,0.814213,0.024723,-0.004558,0.809433,0.089823,0.763531,0.0,0.927292,0.940384,0.0,0
0.21086348,326.416667,7.574806,3.142704,6.696089,0.815198,0.024765,-0.004548,0.8104,0.090048,0.764408,0.0,0.927322,0.940413,0.0,0
0.210917313,326.5,7.584504,3.145736,6.703577,0.816184,0.024806,-0.004538,0.811367,0.090274,0.765286,0.0,0.927353,0.940444,0.0,0
0.210971146,326.583333,7.594211,3.148761,6.711076,0.817171,0.024848,-0.004528,0.812336,0.090501,0.766165,0.0,0.927383,0.940475,0.0,0
0.211024978,326.666667,7.603928,3.151779,6.718587,0.818159,0.02489,-0.004518,0.813306,0.090728,0.767045,0.0,0.927414,0.940506,0.0,0
0.211078811,326.75,7.613654,3.154791,6.726108,0.819149,0.024932,-0.004509,0.814277,0.090956,0.767927,0.0,0.927444,0.940538,0.0,0
0.211132644,326.833333,7.623389,3.157796,6.733641,0.82014,0.024974,-0.004499,0.815249,0.091184,0.768811,0.0,0.927475,0.940571,0.0,0
0.211186477,326.916667,7.633134,3.160794,6.741184,0.821131,0.025016,-0.004489,0.816222,0.091413,0.769695,0.0,0.927505,0.940603,0.0,0
0.21124031,327.0,7.642888,3.163786,6.748739,0.822125,0.025058,-0.004479,0.817196,0.091642,0.770581,0.0,0.927535,0.940636,0.0,0
0.211294143,327.083333,7.652651,3.166771,6.756305,0.823119,0.0251,-0.004469,0.818172,0.091872,0.771468,0.0,0.927566,0.940669,0.0,0
0.211347976,327.166667,7.662423,3.169749,6.763882,0.824114,0.025142,-0.004459,0.819148,0.092102,0.772356,0.0,0.927596,0.940702,0.0,0
0.211401809,327.25,7.672204,3.172721,6.77147,0.825111,0.025184,-0.004449,0.820126,0.092333,0.773246,0.0,0.927627,0.940735,0.0,0
0.211455642,327.333333,7.681995,3.175685,6.779069,0.826109,0.025227,-0.004439,0.821105,0.092565,0.774137,0.0,0.927657,0.940768,0.0,0
0.211509475,327.416667,7.691794,3.178643,6.78668,0.827108,0.025269,-0.00443,0.822085,0.092797,0.77503,0.0,0.927688,0.9408,0.0,0
0.211563307,327.5,7.701603,3.181595,6.794301,0.828108,0.025312,-0.00442,0.823066,0.09303,0.775923,0.0,0.927718,0.940833,0.0,0
0.21161714,327.583333,7.711421,3.184539,6.801933,0.82911,0.025354,-0.00441,0.824048,0.093263,0.776818,0.0,0.927749,0.940865,0.0,0
0.211670973,327.666667,7.721248,3.187477,6.809576,0.830113,0.025397,-0.0044,0.825031,0.093497,0.777714,0.0,0.927779,0.940897,0.0,0
0.211724806,327.75,7.731084,3.190409,6.817231,0.831116,0.02544,-0.004391,0.826016,0.093731,0.778612,0.0,0.92781,0.940928,0.0,0
0.211778639,327.833333,7.740929,3.193333,6.824896,0.832122,0.025482,-0.004381,0.827001,0.093966,0.779511,0.0,0.92784,0.940962,0.0,0
0.211832472,327.916667,7.750783,3.196251,6.832572,0.833128,0.025525,-0.004371,0.827988,0.094202,0.780411,0.0,0.927871,0.940998,0.0,0
0.211886305,328.0,7.760646,3.199161,6.840259,0.834135,0.025568,-0.004361,0.828975,0.094438,0.781312,0.0,0.927901,0.941033,0.0,0
0.211940138,328.083333,7.770518,3.202066,6.847957,0.835144,0.025611,-0.004352,0.829964,0.094674,0.782215,0.0,0.927932,0.941073,0.0,0
0.211993971,328.166667,7.780399,3.204963,6.855666,0.836153,0.025654,-0.004342,0.830954,0.094911,0.783118,0.0,0.927963,0.941113,0.0,0
0.212047804,328.25,7.790289,3.207854,6.863386,0.837164,0.025697,-0.004331,0.831945,0.095149,0.784024,0.0,0.927993,0.941155,0.0,0
0.212101637,328.333333,7.800187,3.210737,6.871116,0.838177,0.02574,-0.004321,0.832938,0.095388,0.78493,0.0,0.928024,0.9412,0.0,0
0.212155469,328.416667,7.810095,3.213614,6.878858,0.83919,0.025784,-0.004311,0.833931,0.095626,0.785838,0.0,0.928054,0.941244,0.0,0
0.212209302,328.5,7.820011,3.216485,6.88661,0.840204,0.025827,-0.0043,0.834925,0.095866,0.786747,0.0,0.928085,0.941292,0.0,0
0.212263135,328.583333,7.829937,3.219348,6.894373,0.84122,0.02587,-0.004289,0.835921,0.096106,0.787657,0.0,0.928116,0.941341,0.0,0
0.212316968,328.666667,7.839871,3.222204,6.902147,0.842237,0.025914,-0.004279,0.836917,0.096347,0.788568,0.0,0.928147,0.94139,0.0,0
0.212370801,328.75,7.849814,3.225054,6.909932,0.843255,0.025957,-0.004268,0.837915,0.096588,0.789481,0.0,0.928177,0.941442,0.0,0
0.212424634,328.833333,7.859766,3.227897,6.917728,0.844274,0.026001,-0.004257,0.838914,0.096829,0.790395,0.0,0.928208,0.941494,0.0,0
0.212478467,328.916667,7.869726,3.230733,6.925534,0.845294,0.026044,-0.004245,0.839914,0.097072,0.791311,0.0,0.928239,0.941548,0.0,0
0.2125323,329.0,7.879695,3.233563,6.933351,0.846316,0.026088,-0.004234,0.840915,0.097315,0.792227,0.0,0.92827,0.941602,0.0,0
0.212586133,329.083333,7.889673,3.236385,6.941179,0.847339,0.026132,-0.004223,0.841917,0.097558,0.793145,0.0,0.928301,0.941658,0.0,0
0.212639966,329.166667,7.89966,3.239201,6.949017,0.848363,0.026176,-0.004211,0.84292,0.097802,0.794064,0.0,0.928332,0.941715,0.0,0
0.212693798,329.25,7.909655,3.242009,6.956866,0.849388,0.02622,-0.004199,0.843924,0.098047,0.794984,0.0,0.928363,0.941772,0.0,0
0.212747631,329.333333,7.919659,3.244811,6.964726,0.850414,0.026264,-0.004188,0.84493,0.098292,0.795906,0.0,0.928395,0.94183,0.0,0
0.212801464,329.416667,7.929672,3.247606,6.972596,0.851442,0.026308,-0.004176,0.845936,0.098538,0.796829,0.0,0.928426,0.941889,0.0,0
0.212855297,329.5,7.939693,3.250394,6.980477,0.85247,0.026352,-0.004164,0.846944,0.098784,0.797753,0.0,0.928457,0.941949,0.0,0
0.21290913,329.583333,7.949723,3.253176,6.988369,0.8535,0.026396,-0.004152,0.847952,0.099031,0.798678,0.0,0.928489,0.942009,0.0,0
0.212962963,329.666667,7.959761,3.25595,6.996271,0.854531,0.02644,-0.00414,0.848962,0.099279,0.799605,0.0,0.92852,0.94207,0.0,0
0.213016796,329.75,7.969808,3.258718,7.004184,0.855563,0.026484,-0.004128,0.849973,0.099527,0.800533,0.0,0.928552,0.942131,0.0,0
0.213070629,329.833333,7.979864,3.261478,7.012107,0.856596,0.026529,-0.004116,0.850985,0.099775,0.801462,0.0,0.928583,0.942192,0.0,0
0.213124462,329.916667,7.989928,3.264232,7.020041,0.857631,0.026573,-0.004104,0.851998,0.100025,0.802392,0.0,0.928615,0.942254,0.0,0
0.213178295,330.0,8.0,3.266979,7.027986,0.858666,0.026618,-0.004092,0.853012,0.100274,0.803323,0.0,0.928647,0.942316,0.0,0
0.213232127,330.083333,8.010081,3.269719,7.035941,0.859703,0.026662,-0.004079,0.854027,0.100525,0.804256,0.0,0.928679,0.942378,0.0,0
0.21328596,330.166667,8.02017,3.272452,7.043906,0.860741,0.026707,-0.004067,0.855044,0.100776,0.80519,0.0,0.92871,0.94244,0.0,0
0.213339793,330.25,8.030268,3.275178,7.051882,0.86178,0.026752,-0.004055,0.856061,0.101027,0.806125,0.0,0.928742,0.942502,0.0,0
0.213393626,330.333333,8.040374,3.277897,7.059869,0.86282,0.026797,-0.004042,0.85708,0.10128,0.807062,0.0,0.928774,0.942564,0.0,0
0.213447459,330.416667,8.050489,3.280609,7.067866,0.863862,0.026841,-0.00403,0.858099,0.101532,0.807999,0.0,0.928807,0.942627,0.0,0
0.213501292,330.5,8.060612,3.283314,7.075873,0.864904,0.026886,-0.004018,0.85912,0.101786,0.808938,0.0,0.928839,0.94269,0.0,0
0.213555125,330.583333,8.070743,3.286013,7.083891,0.865948,0.026931,-0.004005,0.860141,0.10204,0.809878,0.0,0.928871,0.942753,0.0,0
0.213608958,330.666667,8.080882,3.288704,7.091919,0.866993,0.026976,-0.003993,0.861164,0.102294,0.81082,0.0,0.928903,0.942816,0.0,0
0.213662791,330.75,8.09103,3.291388,7.099958,0.868039,0.027021,-0.003981,0.862188,0.102549,0.811762,0.0,0.928936,0.94288,0.0,0
0.213716624,330.833333,8.101186,3.294066,7.108007,0.869086,0.027067,-0.003969,0.863213,0.102805,0.812706,0.0,0.928968,0.942943,0.0,0
0.213770457,330.916667,8.11135,3.296736,7.116066,0.870134,0.027112,-0.003957,0.864239,0.103061,0.813651,0.0,0.929001,0.943006,0.0,0
0.213824289,331.0,8.121523,3.2994,7.124135,0.871184,0.027157,-0.003944,0.865266,0.103318,0.814597,0.0,0.929033,0.943069,0.0,0
0.213878122,331.083333,8.131704,3.302056,7.132215,0.872234,0.027202,-0.003932,0.866294,0.103575,0.815545,0.0,0.929066,0.943132,0.0,0
0.213931955,331.166667,8.141893,3.304706,7.140306,0.873286,0.027248,-0.003921,0.867323,0.103833,0.816493,0.0,0.929099,0.943195,0.0,0
0.213985788,331.25,8.15209,3.307348,7.148406,0.874339,0.027293,-0.003909,0.868353,0.104092,0.817443,0.0,0.929132,0.943257,0.0,0
0.214039621,331.333333,8.162295,3.309984,7.156517,0.875393,0.027339,-0.003897,0.869384,0.104351,0.818394,0.0,0.929164,0.94332,0.0,0
0.214093454,331.416667,8.172508,3.312612,7.164638,0.876448,0.027385,-0.003885,0.870417,0.104611,0.819346,0.0,0.929197,0.943381,0.0,0
0.214147287,331.5,8.18273,3.315234,7.172769,0.877504,0.02743,-0.003874,0.87145,0.104871,0.8203,0.0,0.92923,0.943443,0.0,0
0.21420112,331.583333,8.192959,3.317848,7.18091,0.878562,0.027476,-0.003863,0.872484,0.105132,0.821254,0.0,0.929263,0.943504,0.0,0
0.214254953,331.666667,8.203197,3.320456,7.189062,0.87962,0.027522,-0.003851,0.87352,0.105394,0.82221,0.0,0.929297,0.943564,0.0,0
0.214308786,331.75,8.213443,3.323056,7.197224,0.88068,0.027568,-0.00384,0.874556,0.105656,0.823167,0.0,0.92933,0.943624,0.0,0
0.214362618,331.833333,8.223696,3.32565,7.205396,0.881741,0.027614,-0.003829,0.875594,0.105919,0.824125,0.0,0.929363,0.943683,0.0,0
0.214416451,331.916667,8.233958,3.328236,7.213578,0.882803,0.02766,-0.003819,0.876632,0.106182,0.825085,0.0,0.929396,0.943741,0.0,0
0.214470284,332.0,8.244227,3.330816,7.22177,0.883866,0.027706,-0.003808,0.877672,0.106446,0.826045,0.0,0.92943,0.943799,0.0,0
0.214524117,332.083333,8.254505,3.333388,7.229973,0.88493,0.027752,-0.003798,0.878713,0.106711,0.827007,0.0,0.929463,0.943855,0.0,0
0.21457795,332.166667,8.26479,3.335953,7.238185,0.885995,0.027798,-0.003788,0.879754,0.106976,0.82797,0.0,0.929497,0.943911,0.0,0
0.214631783,332.25,8.275084,3.338512,7.246408,0.887061,0.027845,-0.003778,0.880797,0.107241,0.828934,0.0,0.92953,0.943966,0.0,0
0.214685616,332.333333,8.285385,3.341063,7.25464,0.888129,0.027891,-0.003768,0.88184,0.107508,0.829899,0.0,0.929564,0.94402,0.0,0
0.214739449,332.416667,8.295694,3.343607,7.262883,0.889197,0.027937,-0.003759,0.882885,0.107775,0.830866,0.0,0.929598,0.944073,0.0,0
0.214793282,332.5,8.306011,3.346144,7.271135,0.890267,0.027984,-0.00375,0.883931,0.108042,0.831833,0.0,0.929631,0.944124,0.0,0
0.214847115,332.583333,8.316336,3.348674,7.279398,0.891337,0.02803,-0.003741,0.884978,0.10831,0.832802,0.0,0.929665,0.944175,0.0,0
0.214900947,332.666667,8.326668,3.351197,7.287671,0.892409,0.028077,-0.003732,0.886025,0.108579,0.833772,0.0,0.929699,0.944224,0.0,0
0.21495478,332.75,8.337009,3.353712,7.295953,0.893482,0.028124,-0.003724,0.887074,0.108848,0.834743,0.0,0.929732,0.944272,0.0,0
0.215008613,332.833333,8.347357,3.356221,7.304246,0.894556,0.028171,-0.003716,0.888124,0.109118,0.835716,0.0,0.929766,0.944318,0.0,0
0.215062446,332.916667,8.357713,3.358723,7.312548,0.895631,0.028217,-0.003708,0.889174,0.109388,0.836689,0.0,0.9298,0.944363,0.0,0
0.215116279,333.0,8.368076,3.361217,7.320861,0.896707,0.028264,-0.0037,0.890226,0.109659,0.837664,0.0,0.929834,0.944407,0.0,0
0.215170112,333.083333,8.378447,3.363704,7.329183,0.897785,0.028311,-0.003692,0.891279,0.109931,0.83864,0.0,0.929868,0.944448,0.0,0
0.215223945,333.166667,8.388826,3.366185,7.337515,0.898863,0.028358,-0.003684,0.892333,0.110203,0.839617,0.0,0.929902,0.944489,0.0,0
0.215277778,333.25,8.399212,3.368658,7.345857,0.899942,0.028405,-0.003676,0.893387,0.110476,0.840595,0.0,0.929936,0.944531,0.0,0
0.215331611,333.333333,8.409607,3.371124,7.354209,0.901023,0.028452,-0.003668,0.894443,0.11075,0.841574,0.0,0.92997,0.944572,0.0,0
0.215385444,333.416667,8.420008,3.373583,7.362571,0.902104,0.0285,-0.00366,0.895499,0.111024,0.842554,0.0,0.930004,0.944615,0.0,0
0.215439276,333.5,8.430417,3.376034,7.370942,0.903187,0.028547,-0.003652,0.896557,0.111298,0.843536,0.0,0.930038,0.944659,0.0,0
0.215493109,333.583333,8.440834,3.378479,7.379323,0.90427,0.028594,-0.003644,0.897616,0.111574,0.844519,0.0,0.930072,0.944704,0.0,0
0.215546942,333.666667,8.451259,3.380916,7.387714,0.905355,0.028642,-0.003636,0.898675,0.111849,0.845503,0.0,0.930106,0.944751,0.0,0
0.215600775,333.75,8.46169,3.383347,7.396115,0.906441,0.028689,-0.003628,0.899736,0.112126,0.846488,0.0,0.93014,0.944799,0.0,0
0.215654608,333.833333,8.47213,3.38577,7.404526,0.907528,0.028737,-0.00362,0.900797,0.112403,0.847474,0.0,0.930174,0.944847,0.0,0
0.215708441,333.916667,8.482577,3.388186,7.412946,0.908616,0.028784,-0.003612,0.90186,0.112681,0.848461,0.0,0.930208,0.944897,0.0,0
0.215762274,334.0,8.493031,3.390595,7.421376,0.909704,0.028832,-0.003605,0.902923,0.112959,0.84945,0.0,0.930242,0.944947,0.0,0
0.215816107,334.083333,8.503492,3.392996,7.429816,0.910794,0.028879,-0.003597,0.903988,0.113238,0.850439,0.0,0.930276,0.944999,0.0,0
0.21586994,334.166667,8.513962,3.395391,7.438265,0.911886,0.028927,-0.003589,0.905053,0.113517,0.85143,0.0,0.930311,0.945051,0.0,0
0.215923773,334.25,8.524438,3.397778,7.446724,0.912978,0.028975,-0.003581,0.90612,0.113797,0.852422,0.0,0.930345,0.945103,0.0,0
0.215977606,334.333333,8.534922,3.400158,7.455193,0.914071,0.029023,-0.003574,0.907187,0.114078,0.853415,0.0,0.930379,0.945156,0.0,0
0.216031438,334.416667,8.545413,3.402531,7.463671,0.915165,0.029071,-0.003566,0.908255,0.114359,0.854409,0.0,0.930414,0.94521,0.0,0
0.216085271,334.5,8.555911,3.404897,7.472159,0.91626,0.029119,-0.003558,0.909324,0.114641,0.855404,0.0,0.930448,0.945264,0.0,0
0.216139104,334.583333,8.566417,3.407255,7.480656,0.917357,0.029167,-0.003551,0.910395,0.114924,0.8564,0.0,0.930483,0.945318,0.0,0
0.216192937,334.666667,8.57693,3.409606,7.489163,0.918454,0.029215,-0.003543,0.911466,0.115207,0.857398,0.0,0.930517,0.945372,0.0,0
0.21624677,334.75,8.58745,3.41195,7.49768,0.919553,0.029263,-0.003536,0.912538,0.11549,0.858396,0.0,0.930552,0.945427,0.0,0
0.216300603,334.833333,8.597978,3.414287,7.506206,0.920652,0.029312,-0.003528,0.913611,0.115775,0.859396,0.0,0.930586,0.945481,0.0,0
0.216354436,334.916667,8.608512,3.416617,7.514741,0.921753,0.02936,-0.003521,0.914685,0.11606,0.860397,0.0,0.930621,0.945534,0.0,0
0.216408269,335.0,8.619054,3.418939,7.523286,0.922854,0.029409,-0.003513,0.91576,0.116345,0.861399,0.0,0.930656,0.945588,0.0,0
0.216462102,335.083333,8.629603,3.421254,7.531841,0.923957,0.029457,-0.003506,0.916836,0.116631,0.862402,0.0,0.93069,0.945641,0.0,0
0.216515935,335.166667,8.640159,3.423562,7.540405,0.92506,0.029506,-0.003498,0.917913,0.116918,0.863406,0.0,0.930725,0.945693,0.0,0
0.216569767,335.25,8.650722,3.425863,7.548978,0.926165,0.029554,-0.003491,0.918991,0.117205,0.864411,0.0,0.93076,0.945745,0.0,0
0.2166236,335.333333,8.661292,3.428157,7.557561,0.927271,0.029603,-0.003484,0.92007,0.117493,0.865418,0.0,0.930795,0.945796,0.0,0
0.216677433,335.416667,8.67187,3.430443,7.566153,0.928378,0.029652,-0.003477,0.92115,0.117782,0.866425,0.0,0.93083,0.945846,0.0,0
0.216731266,335.5,8.682454,3.432722,7.574755,0.929485,0.0297,-0.00347,0.92223,0.118071,0.867434,0.0,0.930865,0.945895,0.0,0
0.216785099,335.583333,8.693045,3.434993,7.583366,0.930594,0.029749,-0.003462,0.923312,0.118361,0.868443,0.0,0.9309,0.945944,0.0,0
0.216838932,335.666667,8.703644,3.437258,7.591986,0.931704,0.029798,-0.003455,0.924394,0.118651,0.869454,0.0,0.930935,0.945991,0.0,0
0.216892765,335.75,8.714249,3.439515,7.600616,0.932815,0.029847,-0.003448,0.925478,0.118942,0.870466,0.0,0.93097,0.946038,0.0,0
0.216946598,335.833333,8.724861,3.441765,7.609255,0.933927,0.029896,-0.003441,0.926562,0.119234,0.871479,0.0,0.931005,0.946082,0.0,0
0.217000431,335.916667,8.735481,3.444007,7.617903,0.93504,0.029945,-0.003435,0.927648,0.119526,0.872493,0.0,0.93104,0.946126,0.0,0
0.217054264,336.0,8.746107,3.446243,7.62656,0.936154,0.029994,-0.003428,0.928734,0.119819,0.873508,0.0,0.931075,0.946167,0.0,0
0.217108096,336.083333,8.75674,3.448471,7.635227,0.937268,0.030044,-0.003421,0.929821,0.120112,0.874524,0.0,0.93111,0.946208,0.0,0
0.217161929,336.166667,8.76738,3.450691,7.643903,0.938384,0.030093,-0.003414,0.930909,0.120406,0.875541,0.0,0.931145,0.946247,0.0,0
0.217215762,336.25,8.778026,3.452905,7.652588,0.939501,0.030142,-0.003407,0.931998,0.120701,0.87656,0.0,0.93118,0.946284,0.0,0
0.217269595,336.333333,8.78868,3.455111,7.661283,0.940619,0.030192,-0.003401,0.933088,0.120996,0.877579,0.0,0.931215,0.94632,0.0,0
0.217323428,336.416667,8.79934,3.45731,7.669986,0.941738,0.030241,-0.003394,0.934178,0.121292,0.8786,0.0,0.931251,0.946352,0.0,0
0.217377261,336.5,8.810007,3.459501,7.678699,0.942858,0.030291,-0.003387,0.93527,0.121588,0.879621,0.0,0.931286,0.946385,0.0,0
0.217431094,336.583333,8.820681,3.461685,7.687421,0.943979,0.03034,-0.003381,0.936363,0.121886,0.880644,0.0,0.931321,0.946413,0.0,0
0.217484927,336.666667,8.831362,3.463862,7.696152,0.9451,0.03039,-0.003374,0.937456,0.122183,0.881668,0.0,0.931356,0.94644,0.0,0
0.21753876,336.75,8.842049,3.466032,7.704892,0.946223,0.03044,-0.003367,0.93855,0.122482,0.882693,0.0,0.931391,0.946465,0.0,0
0.217592593,336.833333,8.852743,3.468194,7.713641,0.947347,0.030489,-0.003361,0.939645,0.122781,0.883718,0.0,0.931426,0.946487,0.0,0
0.217646425,336.916667,8.863444,3.470349,7.722399,0.948472,0.030539,-0.003354,0.940741,0.12308,0.884745,0.0,0.931461,0.946507,0.0,0
0.217700258,337.0,8.874151,3.472496,7.731167,0.949597,0.030589,-0.003348,0.941838,0.12338,0.885773,0.0,0.931496,0.946523,0.0,0
0.217754091,337.083333,8.884865,3.474636,7.739943,0.950724,0.030639,-0.003341,0.942936,0.123681,0.886802,0.0,0.931531,0.946539,0.0,0
0.217807924,337.166667,8.895585,3.476769,7.748728,0.951851,0.030689,-0.003335,0.944034,0.123982,0.887832,0.0,0.931566,0.946549,0.0,0
0.217861757,337.25,8.906312,3.478894,7.757522,0.95298,0.030739,-0.003328,0.945134,0.124284,0.888864,0.0,0.931601,0.946559,0.0,0
0.21791559,337.333333,8.917046,3.481013,7.766326,0.954109,0.030789,-0.003322,0.946234,0.124587,0.889896,0.0,0.931635,0.946563,0.0,0
0.217969423,337.416667,8.927786,3.483123,7.775138,0.95524,0.030839,-0.003315,0.947335,0.12489,0.890929,0.0,0.93167,0.946566,0.0,0
0.218023256,337.5,8.938533,3.485227,7.783959,0.956371,0.03089,-0.003309,0.948437,0.125194,0.891963,0.0,0.931705,0.946565,0.0,0
0.218077089,337.583333,8.949286,3.487323,7.792789,0.957503,0.03094,-0.003302,0.94954,0.125498,0.892999,0.0,0.931739,0.946561,0.0,0
0.218130922,337.666667,8.960045,3.489411,7.801628,0.958636,0.03099,-0.003296,0.950643,0.125803,0.894035,0.0,0.931773,0.946554,0.0,0
0.218184755,337.75,8.970811,3.491492,7.810476,0.95977,0.031041,-0.00329,0.951748,0.126109,0.895073,0.0,0.931808,0.946541,0.0,0
0.218238587,337.833333,8.981583,3.493566,7.819333,0.960905,0.031091,-0.003283,0.952853,0.126415,0.896111,0.0,0.931842,0.946529,0.0,0
0.21829242,337.916667,8.992362,3.495633,7.828199,0.962041,0.031142,-0.003277,0.953959,0.126722,0.897151,0.0,0.931876,0.946508,0.0,0
0.218346253,338.0,9.003147,3.497692,7.837073,0.963178,0.031192,-0.00327,0.955066,0.12703,0.898191,0.0,0.93191,0.946486,0.0,0
0.218400086,338.083333,9.013939,3.499743,7.845956,0.964315,0.031243,-0.003264,0.956173,0.127338,0.899233,0.0,0.931944,0.946459,0.0,0
0.218453919,338.166667,9.024736,3.501788,7.854848,0.965454,0.031294,-0.003258,0.957282,0.127646,0.900275,0.0,0.931978,0.946428,0.0,0
0.218507752,338.25,9.03554,3.503825,7.863749,0.966593,0.031345,-0.003251,0.958391,0.127956,0.901319,0.0,0.932011,0.946396,0.0,0
0.218561585,338.333333,9.046351,3.505854,7.872659,0.967733,0.031396,-0.003245,0.959501,0.128265,0.902364,0.0,0.932044,0.946359,0.0,0
0.218615418,338.416667,9.057167,3.507876,7.881577,0.968874,0.031446,-0.003238,0.960611,0.128576,0.903409,0.0,0.932078,0.946323,0.0,0
0.218669251,338.5,9.06799,3.509891,7.890504,0.970016,0.031497,-0.003232,0.961723,0.128887,0.904456,0.0,0.932111,0.946287,0.0,0
0.218723084,338.583333,9.078819,3.511898,7.899439,0.971159,0.031548,-0.003225,0.962835,0.129199,0.905504,0.0,0.932144,0.946251,0.0,0
0.218776916,338.666667,9.089654,3.513898,7.908384,0.972303,0.031599,-0.003219,0.963948,0.129511,0.906553,0.0,0.932176,0.946216,0.0,0
0.218830749,338.75,9.100496,3.51589,7.917337,0.973447,0.031651,-0.003212,0.965061,0.129824,0.907602,0.0,0.932209,0.94618,0.0,0
0.218884582,338.833333,9.111343,3.517875,7.926298,0.974593,0.031702,-0.003206,0.966176,0.130138,0.908653,0.0,0.932241,0.946144,0.0,0
0.218938415,338.916667,9.122197,3.519852,7.935269,0.975739,0.031753,-0.003199,0.967291,0.130452,0.909705,0.0,0.932274,0.946108,0.0,0
0.218992248,339.0,9.133056,3.521822,7.944248,0.976886,0.031804,-0.003193,0.968407,0.130766,0.910758,0.0,0.932306,0.946071,0.0,0
0.219046081,339.083333,9.143922,3.523785,7.953235,0.978034,0.031856,-0.003186,0.969523,0.131082,0.911811,0.0,0.932338,0.946033,0.0,0
0.219099914,339.166667,9.154794,3.52574,7.962231,0.979183,0.031907,-0.003179,0.970641,0.131398,0.912866,0.0,0.932369,0.945994,0.0,0
0.219153747,339.25,9.165672,3.527687,7.971235,0.980332,0.031959,-0.003172,0.971759,0.131714,0.913922,0.0,0.932401,0.945955,0.0,0
0.21920758,339.333333,9.176555,3.529628,7.980249,0.981483,0.03201,-0.003165,0.972878,0.132032,0.914979,0.0,0.932432,0.945915,0.0,0
0.219261413,339.416667,9.187445,3.53156,7.98927,0.982634,0.032062,-0.003159,0.973997,0.132349,0.916037,0.0,0.932464,0.945874,0.0,0
0.219315245,339.5,9.198341,3.533485,7.9983,0.983786,0.032113,-0.003152,0.975118,0.132668,0.917096,0.0,0.932495,0.945833,0.0,0
0.219369078,339.583333,9.209243,3.535403,8.007339,0.984939,0.032165,-0.003144,0.976239,0.132987,0.918155,0.0,0.932526,0.945792,0.0,0
0.219422911,339.666667,9.22015,3.537313,8.016386,0.986093,0.032217,-0.003137,0.977361,0.133306,0.919216,0.0,0.932556,0.94575,0.0,0
0.219476744,339.75,9.231064,3.539216,8.025441,0.987247,0.032269,-0.00313,0.978483,0.133627,0.920278,0.0,0.932587,0.945708,0.0,0
0.219530577,339.833333,9.241983,3.541112,8.034505,0.988402,0.032321,-0.003123,0.979606,0.133947,0.921341,0.0,0.932617,0.945665,0.0,0
0.21958441,339.916667,9.252908,3.542999,8.043577,0.989559,0.032373,-0.003116,0.98073,0.134269,0.922404,0.0,0.932648,0.945622,0.0,0
0.219638243,340.0,9.263839,3.54488,8.052657,0.990716,0.032425,-0.003108,0.981855,0.134591,0.923469,0.0,0.932678,0.945579,0.0,0
0.219692076,340.083333,9.274776,3.546752,8.061746,0.991873,0.032477,-0.003101,0.98298,0.134913,0.924535,0.0,0.932708,0.945536,0.0,0
0.219745909,340.166667,9.285718,3.548618,8.070844,0.993032,0.032529,-0.003093,0.984106,0.135237,0.925601,0.0,0.932737,0.945493,0.0,0
0.219799742,340.25,9.296666,3.550476,8.079949,0.994191,0.032581,-0.003085,0.985233,0.135561,0.926669,0.0,0.932767,0.94545,0.0,0
0.219853575,340.333333,9.30762,3.552326,8.089063,0.995352,0.032633,-0.003077,0.98636,0.135885,0.927738,0.0,0.932796,0.945408,0.0,0
0.219907407,340.416667,9.31858,3.554169,8.098185,0.996513,0.032685,-0.003069,0.987489,0.13621,0.928807,0.0,0.932826,0.945365,0.0,0
0.21996124,340.5,9.329545,3.556004,8.107315,0.997674,0.032738,-0.003061,0.988617,0.136536,0.929878,0.0,0.932855,0.945323,0.0,0
0.220015073,340.583333,9.340516,3.557832,8.116454,0.998837,0.03279,-0.003053,0.989747,0.136862,0.930949,0.0,0.932884,0.94528,0.0,0
0.220068906,340.666667,9.351493,3.559652,8.125601,1.0,0.032842,-0.003045,0.990877,0.137189,0.932022,0.0,0.932912,0.945239,0.0,0
0.220122739,340.75,9.362475,3.561465,8.134756,1.001165,0.032895,-0.003036,0.992008,0.137517,0.933095,0.0,0.932941,0.945197,0.0,0
0.220176572,340.833333,9.373463,3.56327,8.143919,1.00233,0.032947,-0.003028,0.99314,0.137845,0.93417,0.0,0.932969,0.945156,0.0,0
0.220230405,340.916667,9.384456,3.565067,8.15309,1.003495,0.033,-0.003019,0.994272,0.138173,0.935245,0.0,0.932998,0.945116,0.0,0
0.220284238,341.0,9.395455,3.566857,8.16227,1.004662,0.033053,-0.00301,0.995405,0.138503,0.936321,0.0,0.933026,0.945076,0.0,0
0.220338071,341.083333,9.406459,3.56864,8.171457,1.005829,0.033105,-0.003002,0.996539,0.138833,0.937399,0.0,0.933054,0.945038,0.0,0
0.220391904,341.166667,9.417469,3.570415,8.180653,1.006998,0.033158,-0.002992,0.997673,0.139163,0.938477,0.0,0.933082,0.944999,0.0,0
0.220445736,341.25,9.428484,3.572182,8.189857,1.008166,0.033211,-0.002983,0.998808,0.139495,0.939556,0.0,0.933109,0.944962,0.0,0
0.220499569,341.333333,9.439505,3.573942,8.199069,1.009336,0.033264,-0.002974,0.999944,0.139826,0.940636,0.0,0.933137,0.944925,0.0,0
0.220553402,341.416667,9.450531,3.575694,8.208289,1.010507,0.033317,-0.002964,1.00108,0.140159,0.941717,0.0,0.933164,0.94489,0.0,0
0.220607235,341.5,9.461563,3.577439,8.217516,1.011678,0.03337,-0.002955,1.002217,0.140492,0.942799,0.0,0.933191,0.944855,0.0,0
0.220661068,341.583333,9.4726,3.579176,8.226752,1.01285,0.033423,-0.002945,1.003355,0.140825,0.943882,0.0,0.933218,0.944822,0.0,0
0.220714901,341.666667,9.483642,3.580906,8.235996,1.014023,0.033476,-0.002935,1.004493,0.14116,0.944966,0.0,0.933245,0.944789,0.0,0
0.220768734,341.75,9.49469,3.582628,8.245248,1.015197,0.033529,-0.002925,1.005632,0.141495,0.946051,0.0,0.933272,0.944759,0.0,0
0.220822567,341.833333,9.505742,3.584342,8.254508,1.016371,0.033582,-0.002915,1.006772,0.14183,0.947137,0.0,0.933299,0.944729,0.0,0
0.2208764,341.916667,9.516801,3.586049,8.263776,1.017546,0.033636,-0.002905,1.007913,0.142166,0.948223,0.0,0.933325,0.9447,0.0,0
0.220930233,342.0,9.527864,3.587749,8.273051,1.018722,0.033689,-0.002895,1.009054,0.142503,0.949311,0.0,0.933351,0.944674,0.0,0
0.220984065,342.083333,9.538933,3.58944,8.282335,1.019899,0.033742,-0.002885,1.010195,0.14284,0.950399,0.0,0.933378,0.944648,0.0,0
0.221037898,342.166667,9.550007,3.591124,8.291626,1.021076,0.033796,-0.002874,1.011338,0.143178,0.951489,0.0,0.933404,0.944624,0.0,0
0.221091731,342.25,9.561086,3.592801,8.300925,1.022255,0.033849,-0.002864,1.012481,0.143517,0.952579,0.0,0.93343,0.944601,0.0,0
0.221145564,342.333333,9.57217,3.59447,8.310232,1.023434,0.033903,-0.002853,1.013625,0.143856,0.95367,0.0,0.933456,0.944582,0.0,0
0.221199397,342.416667,9.583259,3.596131,8.319547,1.024614,0.033956,-0.002842,1.014769,0.144196,0.954763,0.0,0.933482,0.944562,0.0,0
0.22125323,342.5,9.594354,3.597785,8.32887,1.025794,0.03401,-0.002832,1.015914,0.144536,0.955856,0.0,0.933507,0.944546,0.0,0
0.221307063,342.583333,9.605453,3.599431,8.3382,1.026976,0.034063,-0.002821,1.01706,0.144877,0.95695,0.0,0.933533,0.94453,0.0,0
0.221360896,342.666667,9.616558,3.601069,8.347538,1.028158,0.034117,-0.00281,1.018207,0.145219,0.958045,0.0,0.933559,0.944518,0.0,0
0.221414729,342.75,9.627667,3.6027,8.356884,1.029341,0.034171,-0.002799,1.019354,0.145561,0.959141,0.0,0.933584,0.944507,0.0,0
0.221468562,342.833333,9.638782,3.604323,8.366238,1.030524,0.034225,-0.002788,1.020501,0.145904,0.960237,0.0,0.933609,0.944497,0.0,0
0.221522394,342.916667,9.649902,3.605939,8.375599,1.031709,0.034279,-0.002777,1.02165,0.146247,0.961335,0.0,0.933635,0.944489,0.0,0
0.221576227,343.0,9.661026,3.607547,8.384968,1.032894,0.034333,-0.002765,1.022799,0.146591,0.962433,0.0,0.93366,0.94448,0.0,0
0.22163006,343.083333,9.672156,3.609147,8.394344,1.03408,0.034387,-0.002754,1.023949,0.146936,0.963533,0.0,0.933685,0.94447,0.0,0
0.221683893,343.166667,9.68329,3.61074,8.403729,1.035267,0.034441,-0.002743,1.025099,0.147281,0.964633,0.0,0.93371,0.944458,0.0,0
0.221737726,343.25,9.69443,3.612325,8.41312,1.036455,0.034495,-0.002731,1.02625,0.147627,0.965734,0.0,0.933735,0.944442,0.0,0
0.221791559,343.333333,9.705574,3.613903,8.42252,1.037643,0.034549,-0.002719,1.027402,0.147974,0.966836,0.0,0.93376,0.944424,0.0,0
0.221845392,343.416667,9.716723,3.615472,8.431927,1.038832,0.034603,-0.002708,1.028554,0.148321,0.967939,0.0,0.933785,0.944401,0.0,0
0.221899225,343.5,9.727877,3.617034,8.441341,1.040022,0.034657,-0.002696,1.029707,0.148669,0.969043,0.0,0.933809,0.944378,0.0,0
0.221953058,343.583333,9.739036,3.618589,8.450763,1.041212,0.034712,-0.002684,1.030861,0.149017,0.970148,0.0,0.933834,0.944349,0.0,0
0.222006891,343.666667,9.7502,3.620136,8.460193,1.042404,0.034766,-0.002672,1.032015,0.149366,0.971254,0.0,0.933858,0.94432,0.0,0
0.222060724,343.75,9.761368,3.621675,8.46963,1.043596,0.03482,-0.00266,1.03317,0.149716,0.97236,0.0,0.933882,0.944286,0.0,0
0.222114556,343.833333,9.772541,3.623206,8.479074,1.044788,0.034875,-0.002648,1.034325,0.150066,0.973468,0.0,0.933906,0.944251,0.0,0
0.222168389,343.916667,9.783719,3.62473,8.488526,1.045982,0.034929,-0.002636,1.035481,0.150417,0.974576,0.0,0.93393,0.944212,0.0,0
0.222222222,344.0,9.794901,3.626246,8.497986,1.047176,0.034984,-0.002624,1.036638,0.150769,0.975685,0.0,0.933954,0.944173,0.0,0
0.222276055,344.083333,9.806088,3.627755,8.507452,1.048371,0.035038,-0.002612,1.037795,0.151121,0.976795,0.0,0.933978,0.944129,0.0,0
0.222329888,344.166667,9.81728,3.629256,8.516927,1.049566,0.035093,-0.0026,1.038953,0.151473,0.977906,0.0,0.934001,0.944085,0.0,0
0.222383721,344.25,9.828476,3.630749,8.526408,1.050763,0.035148,-0.002587,1.040111,0.151827,0.979018,0.0,0.934025,0.944037,0.0,0
0.222437554,344.333333,9.839677,3.632234,8.535897,1.05196,0.035203,-0.002575,1.04127,0.152181,0.98013,0.0,0.934048,0.943988,0.0,0
0.222491387,344.416667,9.850883,3.633712,8.545393,1.053157,0.035257,-0.002563,1.04243,0.152535,0.981244,0.0,0.934071,0.943937,0.0,0
0.22254522,344.5,9.862093,3.635182,8.554897,1.054356,0.035312,-0.00255,1.04359,0.15289,0.982358,0.0,0.934094,0.943884,0.0,0
0.222599053,344.583333,9.873308,3.636645,8.564408,1.055555,0.035367,-0.002537,1.044751,0.153246,0.983473,0.0,0.934117,0.94383,0.0,0
0.222652885,344.666667,9.884527,3.638099,8.573926,1.056754,0.035422,-0.002525,1.045912,0.153603,0.984589,0.0,0.934139,0.943773,0.0,0
0.222706718,344.75,9.89575,3.639546,8.583451,1.057955,0.035477,-0.002512,1.047074,0.15396,0.985706,0.0,0.934161,0.943716,0.0,0
0.222760551,344.833333,9.906978,3.640986,8.592983,1.059155,0.035532,-0.002499,1.048236,0.154317,0.986824,0.0,0.934184,0.943656,0.0,0
0.222814384,344.916667,9.918211,3.642417,8.602523,1.060357,0.035587,-0.002487,1.049399,0.154675,0.987942,0.0,0.934205,0.943596,0.0,0
0.222868217,345.0,9.929448,3.643841,8.61207,1.061559,0.035642,-0.002474,1.050563,0.155034,0.989062,0.0,0.934227,0.943534,0.0,0
0.22292205,345.083333,9.940689,3.645258,8.621624,1.062762,0.035698,-0.002461,1.051727,0.155394,0.990182,0.0,0.934249,0.943471,0.0,0
0.222975883,345.166667,9.951934,3.646666,8.631186,1.063966,0.035753,-0.002448,1.052891,0.155754,0.991303,0.0,0.93427,0.943407,0.0,0
0.223029716,345.25,9.963184,3.648067,8.640754,1.06517,0.035808,-0.002435,1.054056,0.156114,0.992425,0.0,0.934291,0.943343,0.0,0
0.223083549,345.333333,9.974439,3.64946,8.650329,1.066375,0.035863,-0.002422,1.055222,0.156475,0.993548,0.0,0.934312,0.943276,0.0,0
0.223137382,345.416667,9.985697,3.650845,8.659912,1.067581,0.035919,-0.002409,1.056388,0.156837,0.994671,0.0,0.934333,0.94321,0.0,0
0.223191214,345.5,9.99696,3.652223,8.669502,1.068787,0.035974,-0.002395,1.057554,0.1572,0.995796,0.0,0.934353,0.943143,0.0,0
0.223245047,345.583333,10.008227,3.653593,8.679098,1.069994,0.03603,-0.002382,1.058722,0.157563,0.996921,0.0,0.934374,0.943076,0.0,0
0.22329888,345.666667,10.019498,3.654955,8.688702,1.071201,0.036085,-0.002368,1.059889,0.157926,0.998047,0.0,0.934394,0.943008,0.0,0
0.223352713,345.75,10.030774,3.656309,8.698313,1.072409,0.036141,-0.002354,1.061057,0.158291,0.999174,0.0,0.934414,0.942939,0.0,0
0.223406546,345.833333,10.042053,3.657656,8.70793,1.073618,0.036196,-0.00234,1.062226,0.158656,1.000302,0.0,0.934434,0.942871,0.0,0
0.223460379,345.916667,10.053337,3.658995,8.717555,1.074827,0.036252,-0.002325,1.063395,0.159021,1.00143,0.0,0.934453,0.942802,0.0,0
0.223514212,346.0,10.064625,3.660326,8.727187,1.076037,0.036308,-0.002311,1.064565,0.159387,1.00256,0.0,0.934472,0.942734,0.0,0
0.223568045,346.083333,10.075917,3.66165,8.736825,1.077247,0.036363,-0.002296,1.065735,0.159754,1.00369,0.0,0.934492,0.942665,0.0,0
0.223621878,346.166667,10.087213,3.662965,8.746471,1.078459,0.036419,-0.00228,1.066906,0.160121,1.004821,0.0,0.93451,0.942597,0.0,0
0.223675711,346.25,10.098513,3.664273,8.756123,1.07967,0.036475,-0.002265,1.068077,0.160489,1.005952,0.0,0.934529,0.942529,0.0,0
0.223729543,346.333333,10.109817,3.665574,8.765782,1.080883,0.036531,-0.002249,1.069249,0.160858,1.007085,0.0,0.934548,0.942462,0.0,0
0.223783376,346.416667,10.121125,3.666866,8.775448,1.082096,0.036587,-0.002233,1.070421,0.161227,1.008218,0.0,0.934566,0.942395,0.0,0
0.223837209,346.5,10.132437,3.668151,8.785121,1.083309,0.036643,-0.002217,1.071593,0.161596,1.009353,0.0,0.934584,0.942328,0.0,0
0.223891042,346.583333,10.143753,3.669428,8.794801,1.084523,0.036699,-0.002201,1.072767,0.161967,1.010487,0.0,0.934602,0.942263,0.0,0
0.223944875,346.666667,10.155073,3.670697,8.804487,1.085738,0.036755,-0.002184,1.07394,0.162338,1.011623,0.0,0.93462,0.942198,0.0,0
0.223998708,346.75,10.166397,3.671959,8.81418,1.086954,0.036811,-0.002168,1.075114,0.162709,1.01276,0.0,0.934637,0.942133,0.0,0
0.224052541,346.833333,10.177725,3.673212,8.82388,1.08817,0.036867,-0.002151,1.076289,0.163081,1.013897,0.0,0.934655,0.942069,0.0,0
0.224106374,346.916667,10.189056,3.674458,8.833587,1.089386,0.036923,-0.002134,1.077464,0.163454,1.015035,0.0,0.934672,0.942005,0.0,0
0.224160207,347.0,10.200392,3.675696,8.8433,1.090603,0.03698,-0.002116,1.078639,0.163828,1.016174,0.0,0.934689,0.941942,0.0,0
0.22421404,347.083333,10.211731,3.676927,8.85302,1.091821,0.037036,-0.002099,1.079815,0.164201,1.017314,0.0,0.934705,0.94188,0.0,0
0.224267873,347.166667,10.223074,3.678149,8.862747,1.09304,0.037092,-0.002082,1.080992,0.164576,1.018454,0.0,0.934722,0.941818,0.0,0
0.224321705,347.25,10.234421,3.679364,8.87248,1.094258,0.037149,-0.002064,1.082169,0.164951,1.019596,0.0,0.934738,0.941758,0.0,0
0.224375538,347.333333,10.245771,3.680571,8.88222,1.095478,0.037205,-0.002046,1.083346,0.165327,1.020738,0.0,0.934755,0.941698,0.0,0
0.224429371,347.416667,10.257125,3.68177,8.891967,1.096698,0.037262,-0.002028,1.084524,0.165703,1.02188,0.0,0.934771,0.941641,0.0,0
0.224483204,347.5,10.268483,3.682962,8.90172,1.097919,0.037318,-0.00201,1.085703,0.16608,1.023024,0.0,0.934787,0.941584,0.0,0
0.224537037,347.583333,10.279845,3.684145,8.911479,1.09914,0.037375,-0.001992,1.086882,0.166458,1.024168,0.0,0.934802,0.94153,0.0,0
0.22459087,347.666667,10.29121,3.685321,8.921246,1.100362,0.037431,-0.001974,1.088061,0.166836,1.025314,0.0,0.934818,0.941476,0.0,0
0.224644703,347.75,10.302579,3.686489,8.931018,1.101585,0.037488,-0.001956,1.089241,0.167215,1.026459,0.0,0.934833,0.941423,0.0,0
0.224698536,347.833333,10.313951,3.687649,8.940797,1.102808,0.037545,-0.001937,1.090421,0.167594,1.027606,0.0,0.934849,0.941369,0.0,0
0.224752369,347.916667,10.325327,3.688802,8.950583,1.104031,0.037601,-0.001919,1.091602,0.167974,1.028753,0.0,0.934864,0.941315,0.0,0
0.224806202,348.0,10.336706,3.689947,8.960375,1.105256,0.037658,-0.001901,1.092783,0.168355,1.029902,0.0,0.934879,0.941261,0.0,0
0.224860034,348.083333,10.348089,3.691083,8.970174,1.10648,0.037715,-0.001882,1.093964,0.168736,1.03105,0.0,0.934893,0.941207,0.0,0
0.224913867,348.166667,10.359476,3.692212,8.979979,1.107706,0.037772,-0.001864,1.095147,0.169118,1.0322,0.0,0.934908,0.941153,0.0,0
0.2249677,348.25,10.370866,3.693334,8.98979,1.108932,0.037829,-0.001845,1.096329,0.1695,1.033351,0.0,0.934922,0.941099,0.0,0
0.225021533,348.333333,10.382259,3.694447,8.999608,1.110158,0.037886,-0.001826,1.097512,0.169884,1.034502,0.0,0.934937,0.941045,0.0,0
0.225075366,348.416667,10.393656,3.695553,9.009432,1.111385,0.037943,-0.001808,1.098696,0.170267,1.035654,0.0,0.934951,0.940991,0.0,0
0.225129199,348.5,10.405057,3.69665,9.019262,1.112613,0.038,-0.001789,1.099879,0.170651,1.036806,0.0,0.934965,0.940936,0.0,0
0.225183032,348.583333,10.41646,3.69774,9.029099,1.113841,0.038057,-0.001771,1.101064,0.171036,1.03796,0.0,0.934979,0.940881,0.0,0
0.225236865,348.666667,10.427867,3.698823,9.038942,1.11507,0.038114,-0.001752,1.102249,0.171422,1.039114,0.0,0.934992,0.940827,0.0,0
0.225290698,348.75,10.439277,3.699897,9.048791,1.1163,0.038171,-0.001733,1.103434,0.171808,1.040269,0.0,0.935006,0.940772,0.0,0
0.225344531,348.833333,10.450691,3.700963,9.058647,1.117529,0.038228,-0.001715,1.104619,0.172194,1.041424,0.0,0.935019,0.940716,0.0,0
0.225398363,348.916667,10.462108,3.702022,9.068508,1.11876,0.038285,-0.001696,1.105805,0.172582,1.042581,0.0,0.935032,0.940661,0.0,0
0.225452196,349.0,10.473528,3.703073,9.078376,1.119991,0.038343,-0.001678,1.106992,0.17297,1.043738,0.0,0.935045,0.940605,0.0,0
0.225506029,349.083333,10.484951,3.704116,9.08825,1.121222,0.0384,-0.00166,1.108179,0.173358,1.044895,0.0,0.935058,0.940549,0.0,0
0.225559862,349.166667,10.496378,3.705151,9.09813,1.122455,0.038457,-0.001641,1.109366,0.173747,1.046054,0.0,0.935071,0.940493,0.0,0
0.225613695,349.25,10.507808,3.706178,9.108017,1.123687,0.038515,-0.001623,1.110554,0.174137,1.047213,0.0,0.935083,0.940437,0.0,0
0.225667528,349.333333,10.519241,3.707198,9.117909,1.12492,0.038572,-0.001605,1.111742,0.174527,1.048373,0.0,0.935096,0.94038,0.0,0
0.225721361,349.416667,10.530677,3.708209,9.127808,1.126154,0.03863,-0.001587,1.112931,0.174918,1.049534,0.0,0.935108,0.940323,0.0,0
0.225775194,349.5,10.542116,3.709213,9.137713,1.127388,0.038687,-0.001568,1.11412,0.175309,1.050695,0.0,0.93512,0.940266,0.0,0
0.225829027,349.583333,10.553558,3.710209,9.147623,1.128623,0.038745,-0.00155,1.115309,0.175701,1.051857,0.0,0.935132,0.940209,0.0,0
0.22588286,349.666667,10.565003,3.711197,9.15754,1.129858,0.038802,-0.001531,1.116499,0.176094,1.05302,0.0,0.935144,0.940151,0.0,0
0.225936693,349.75,10.576452,3.712178,9.167463,1.131094,0.03886,-0.001513,1.117689,0.176487,1.054183,0.0,0.935155,0.940093,0.0,0
0.225990525,349.833333,10.587903,3.71315,9.177392,1.132331,0.038918,-0.001494,1.11888,0.176881,1.055347,0.0,0.935166,0.940034,0.0,0
0.226044358,349.916667,10.599357,3.714114,9.187326,1.133567,0.038975,-0.001476,1.120071,0.177276,1.056512,0.0,0.935178,0.939975,0.0,0
0.226098191,350.0,10.610815,3.715071,9.197267,1.134805,0.039033,-0.001457,1.121262,0.177671,1.057678,0.0,0.935189,0.939916,0.0,0
0.226152024,350.083333,10.622275,3.71602,9.207214,1.136043,0.039091,-0.001438,1.122454,0.178066,1.058844,0.0,0.9352,0.939856,0.0,0
0.226205857,350.166667,10.633738,3.716961,9.217166,1.137281,0.039149,-0.001419,1.123646,0.178463,1.060011,0.0,0.93521,0.939796,0.0,0
0.22625969,350.25,10.645204,3.717894,9.227125,1.13852,0.039207,-0.0014,1.124838,0.178859,1.061179,0.0,0.935221,0.939736,0.0,0
0.226313523,350.333333,10.656673,3.718819,9.237089,1.139759,0.039264,-0.001381,1.126031,0.179257,1.062347,0.0,0.935231,0.939675,0.0,0
0.226367356,350.416667,10.668145,3.719737,9.247059,1.140999,0.039322,-0.001362,1.127225,0.179655,1.063516,0.0,0.935242,0.939612,0.0,0
0.226421189,350.5,10.679619,3.720646,9.257035,1.14224,0.03938,-0.001343,1.128418,0.180054,1.064686,0.0,0.935252,0.939549,0.0,0
0.226475022,350.583333,10.691096,3.721548,9.267017,1.143481,0.039438,-0.001324,1.129612,0.180453,1.065856,0.0,0.935262,0.939482,0.0,0
0.226528854,350.666667,10.702577,3.722442,9.277004,1.144722,0.039496,-0.001305,1.130807,0.180853,1.067027,0.0,0.935271,0.939414,0.0,0
0.226582687,350.75,10.714059,3.723327,9.286997,1.145964,0.039555,-0.001285,1.132001,0.181253,1.068199,0.0,0.935281,0.939342,0.0,0
0.22663652,350.833333,10.725545,3.724205,9.296996,1.147206,0.039613,-0.001266,1.133196,0.181654,1.069371,0.0,0.93529,0.939269,0.0,0
0.226690353,350.916667,10.737033,3.725076,9.307001,1.148449,0.039671,-0.001247,1.134392,0.182056,1.070544,0.0,0.935299,0.939193,0.0,0
0.226744186,351.0,10.748524,3.725938,9.317012,1.149692,0.039729,-0.001228,1.135588,0.182458,1.071718,0.0,0.935308,0.939116,0.0,0
0.226798019,351.083333,10.760018,3.726792,9.327028,1.150936,0.039787,-0.001208,1.136784,0.182861,1.072893,0.0,0.935317,0.939035,0.0,0
0.226851852,351.166667,10.771514,3.727639,9.33705,1.15218,0.039845,-0.001189,1.13798,0.183264,1.074068,0.0,0.935326,0.938953,0.0,0
0.226905685,351.25,10.783013,3.728477,9.347077,1.153425,0.039904,-0.001169,1.139177,0.183668,1.075243,0.0,0.935334,0.938868,0.0,0
0.226959518,351.333333,10.794514,3.729308,9.35711,1.15467,0.039962,-0.00115,1.140374,0.184073,1.07642,0.0,0.935342,0.938781,0.0,0
0.227013351,351.416667,10.806018,3.730131,9.367149,1.155915,0.040021,-0.00113,1.141571,0.184478,1.077597,0.0,0.93535,0.938692,0.0,0
0.227067183,351.5,10.817525,3.730946,9.377193,1.157161,0.040079,-0.00111,1.142769,0.184883,1.078775,0.0,0.935358,0.938601,0.0,0
0.227121016,351.583333,10.829034,3.731753,9.387242,1.158407,0.040137,-0.001091,1.143967,0.18529,1.079953,0.0,0.935365,0.938507,0.0,0
0.227174849,351.666667,10.840545,3.732552,9.397298,1.159654,0.040196,-0.001071,1.145165,0.185697,1.081132,0.0,0.935372,0.938411,0.0,0
0.227228682,351.75,10.852059,3.733343,9.407358,1.160901,0.040254,-0.001051,1.146364,0.186104,1.082312,0.0,0.935379,0.938312,0.0,0
0.227282515,351.833333,10.863575,3.734127,9.417425,1.162149,0.040313,-0.001031,1.147563,0.186512,1.083492,0.0,0.935386,0.938213,0.0,0
0.227336348,351.916667,10.875094,3.734902,9.427496,1.163397,0.040372,-0.001012,1.148762,0.186921,1.084673,0.0,0.935392,0.93811,0.0,0
0.227390181,352.0,10.886615,3.73567,9.437574,1.164645,0.04043,-0.000992,1.149961,0.18733,1.085854,0.0,0.935399,0.938005,0.0,0
0.227444014,352.083333,10.898139,3.736429,9.447656,1.165894,0.040489,-0.000972,1.151161,0.18774,1.087037,0.0,0.935404,0.937897,0.0,0
0.227497847,352.166667,10.909664,3.737181,9.457744,1.167143,0.040547,-0.000952,1.152361,0.18815,1.08822,0.0,0.93541,0.937787,0.0,0
0.22755168,352.25,10.921193,3.737925,9.467837,1.168393,0.040606,-0.000931,1.153561,0.188561,1.089403,0.0,0.935416,0.937672,0.0,0
0.227605512,352.333333,10.932723,3.738661,9.477936,1.169643,0.040665,-0.000911,1.154761,0.188972,1.090587,0.0,0.935421,0.937555,0.0,0
0.227659345,352.416667,10.944256,3.739389,9.48804,1.170893,0.040724,-0.000891,1.155962,0.189385,1.091772,0.0,0.935425,0.937434,0.0,0
0.227713178,352.5,10.95579,3.740109,9.49815,1.172144,0.040783,-0.000871,1.157163,0.189797,1.092957,0.0,0.93543,0.937312,0.0,0
0.227767011,352.583333,10.967328,3.740821,9.508264,1.173395,0.040841,-0.00085,1.158364,0.19021,1.094143,0.0,0.935434,0.937185,0.0,0
0.227820844,352.666667,10.978867,3.741525,9.518384,1.174646,0.0409,-0.00083,1.159565,0.190624,1.09533,0.0,0.935438,0.937057,0.0,0
0.227874677,352.75,10.990408,3.742222,9.528509,1.175898,0.040959,-0.000809,1.160767,0.191039,1.096517,0.0,0.935442,0.936924,0.0,0
0.22792851,352.833333,11.001952,3.74291,9.53864,1.17715,0.041018,-0.000789,1.161968,0.191454,1.097705,0.0,0.935445,0.936791,0.0,0
0.227982343,352.916667,11.013497,3.743591,9.548775,1.178402,0.041077,-0.000768,1.16317,0.191869,1.098893,0.0,0.935448,0.936654,0.0,0
0.228036176,353.0,11.025045,3.744263,9.558916,1.179655,0.041136,-0.000747,1.164372,0.192285,1.100082,0.0,0.935451,0.936516,0.0,0
0.228090009,353.083333,11.036595,3.744928,9.569062,1.180908,0.041195,-0.000727,1.165575,0.192702,1.101272,0.0,0.935453,0.936374,0.0,0
0.228143842,353.166667,11.048147,3.745585,9.579213,1.182161,0.041254,-0.000706,1.166777,0.193119,1.102462,0.0,0.935455,0.936232,0.0,0
0.228197674,353.25,11.059701,3.746234,9.589369,1.183414,0.041313,-0.000685,1.16798,0.193537,1.103653,0.0,0.935457,0.936086,0.0,0
0.228251507,353.333333,11.071257,3.746875,9.599531,1.184668,0.041372,-0.000664,1.169183,0.193955,1.104844,0.0,0.935458,0.935939,0.0,0
0.22830534,353.416667,11.082815,3.747508,9.609697,1.185922,0.041431,-0.000642,1.170386,0.194374,1.106036,0.0,0.935459,0.935789,0.0,0
0.228359173,353.5,11.094374,3.748133,9.619868,1.187177,0.041491,-0.000621,1.171589,0.194793,1.107229,0.0,0.935459,0.935639,0.0,0
0.228413006,353.583333,11.105936,3.74875,9.630045,1.188432,0.04155,-0.000599,1.172792,0.195213,1.108422,0.0,0.93546,0.935486,0.0,0
0.228466839,353.666667,11.1175,3.749359,9.640226,1.189687,0.041609,-0.000578,1.173996,0.195634,1.109616,0.0,0.935459,0.935333,0.0,0
0.228520672,353.75,11.129065,3.74996,9.650413,1.190942,0.041668,-0.000556,1.175199,0.196055,1.11081,0.0,0.935459,0.935176,0.0,0
0.228574505,353.833333,11.140632,3.750554,9.660604,1.192197,0.041728,-0.000534,1.176403,0.196477,1.112005,0.0,0.935458,0.93502,0.0,0
0.228628338,353.916667,11.152201,3.751139,9.670801,1.193453,0.041787,-0.000512,1.177606,0.196899,1.113201,0.0,0.935456,0.934861,0.0,0
0.228682171,354.0,11.163772,3.751717,9.681002,1.194709,0.041846,-0.00049,1.17881,0.197322,1.114397,0.0,0.935454,0.934702,0.0,0
0.228736003,354.083333,11.175345,3.752286,9.691208,1.195965,0.041906,-0.000468,1.180014,0.197745,1.115594,0.0,0.935451,0.934541,0.0,0
0.228789836,354.166667,11.186919,3.752848,9.701419,1.197221,0.041965,-0.000446,1.181218,0.198169,1.116791,0.0,0.935448,0.934379,0.0,0
0.228843669,354.25,11.198496,3.753401,9.711635,1.198477,0.042025,-0.000424,1.182422,0.198593,1.117989,0.0,0.935445,0.934216,0.0,0
0.228897502,354.333333,11.210073,3.753947,9.721856,1.199734,0.042084,-0.000401,1.183625,0.199018,1.119187,0.0,0.935441,0.934051,0.0,0
0.228951335,354.416667,11.221653,3.754485,9.732082,1.20099,0.042143,-0.000379,1.184829,0.199443,1.120386,0.0,0.935436,0.933885,0.0,0
0.229005168,354.5,11.233234,3.755015,9.742312,1.202247,0.042203,-0.000356,1.186033,0.199869,1.121586,0.0,0.935431,0.933718,0.0,0
0.229059001,354.583333,11.244817,3.755537,9.752547,1.203504,0.042262,-0.000333,1.187237,0.200296,1.122786,0.0,0.935426,0.933549,0.0,0
0.229112834,354.666667,11.256401,3.756051,9.762787,1.204761,0.042322,-0.00031,1.188441,0.200723,1.123987,0.0,0.93542,0.933379,0.0,0
0.229166667,354.75,11.267987,3.756557,9.773032,1.206018,0.042382,-0.000288,1.189646,0.20115,1.125188,0.0,0.935413,0.933207,0.0,0
0.2292205,354.833333,11.279575,3.757055,9.783282,1.207276,0.042441,-0.000265,1.19085,0.201578,1.12639,0.0,0.935406,0.933034,0.0,0
0.229274332,354.916667,11.291164,3.757545,9.793536,1.208533,0.042501,-0.000242,1.192054,0.202007,1.127592,0.0,0.935398,0.932859,0.0,0
0.229328165,355.0,11.302754,3.758027,9.803794,1.209791,0.04256,-0.000219,1.193258,0.202436,1.128795,0.0,0.93539,0.932683,0.0,0
0.229381998,355.083333,11.314346,3.758501,9.814058,1.211049,0.04262,-0.000196,1.194462,0.202866,1.129998,0.0,0.935381,0.932506,0.0,0
0.229435831,355.166667,11.325939,3.758968,9.824326,1.212307,0.04268,-0.000173,1.195666,0.203296,1.131202,0.0,0.935372,0.932327,0.0,0
0.229489664,355.25,11.337534,3.759426,9.834599,1.213565,0.04274,-0.000149,1.19687,0.203727,1.132407,0.0,0.935363,0.932146,0.0,0
0.229543497,355.333333,11.349131,3.759876,9.844876,1.214823,0.042799,-0.000126,1.198074,0.204158,1.133612,0.0,0.935352,0.931964,0.0,0
0.22959733,355.416667,11.360728,3.760319,9.855158,1.216081,0.042859,-0.000103,1.199278,0.20459,1.134817,0.0,0.935342,0.931781,0.0,0
0.229651163,355.5,11.372327,3.760753,9.865444,1.217339,0.042919,-8e-05,1.200482,0.205022,1.136023,0.0,0.93533,0.931595,0.0,0
0.229704996,355.583333,11.383928,3.76118,9.875735,1.218598,0.042979,-5.7e-05,1.201686,0.205455,1.13723,0.0,0.935318,0.931409,0.0,0
0.229758829,355.666667,11.395529,3.761598,9.88603,1.219856,0.043038,-3.3e-05,1.20289,0.205888,1.138437,0.0,0.935306,0.93122,0.0,0
0.229812661,355.75,11.407132,3.762009,9.89633,1.221115,0.043098,-1e-05,1.204094,0.206322,1.139645,0.0,0.935293,0.93103,0.0,0
0.229866494,355.833333,11.418736,3.762411,9.906634,1.222373,0.043158,1.3e-05,1.205297,0.206756,1.140853,0.0,0.93528,0.930838,0.0,0
0.229920327,355.916667,11.430342,3.762806,9.916943,1.223632,0.043218,3.6e-05,1.206501,0.207191,1.142062,0.0,0.935265,0.930645,0.0,0
0.22997416,356.0,11.441948,3.763193,9.927256,1.224891,0.043278,6e-05,1.207705,0.207627,1.143271,0.0,0.935251,0.93045,0.0,0
0.230027993,356.083333,11.453556,3.763572,9.937573,1.22615,0.043338,8.3e-05,1.208908,0.208063,1.144481,0.0,0.935236,0.930254,0.0,0
0.230081826,356.166667,11.465165,3.763942,9.947895,1.227409,0.043398,0.000106,1.210112,0.208499,1.145691,0.0,0.93522,0.930055,0.0,0
0.230135659,356.25,11.476775,3.764305,9.958221,1.228668,0.043458,0.00013,1.211315,0.208936,1.146902,0.0,0.935204,0.929855,0.0,0
0.230189492,356.333333,11.488386,3.76466,9.968552,1.229927,0.043518,0.000153,1.212519,0.209373,1.148113,0.0,0.935187,0.92965,0.0,0
0.230243325,356.416667,11.499998,3.765007,9.978887,1.231186,0.043578,0.000177,1.213722,0.209811,1.149325,0.0,0.935169,0.929443,0.0,0
0.230297158,356.5,11.511612,3.765346,9.989226,1.232445,0.043638,0.0002,1.214925,0.21025,1.150537,0.0,0.935151,0.929227,0.0,0
0.230350991,356.583333,11.523226,3.765677,9.999569,1.233704,0.043698,0.000223,1.216128,0.210689,1.15175,0.0,0.935133,0.92901,0.0,0
0.230404823,356.666667,11.534841,3.766,10.009917,1.234963,0.043758,0.000247,1.217331,0.211128,1.152963,0.0,0.935113,0.928783,0.0,0
0.230458656,356.75,11.546458,3.766315,10.020268,1.236222,0.043818,0.00027,1.218534,0.211568,1.154177,0.0,0.935093,0.928555,0.0,0
0.230512489,356.833333,11.558075,3.766622,10.030624,1.237481,0.043878,0.000293,1.219736,0.212008,1.155391,0.0,0.935073,0.928317,0.0,0
0.230566322,356.916667,11.569693,3.766921,10.040984,1.23874,0.043938,0.000317,1.220938,0.212449,1.156606,0.0,0.935051,0.928078,0.0,0
0.230620155,357.0,11.581312,3.767212,10.051349,1.239998,0.043999,0.00034,1.222141,0.212891,1.157821,0.0,0.935029,0.927829,0.0,0
0.230673988,357.083333,11.592932,3.767495,10.061717,1.241257,0.044059,0.000363,1.223343,0.213333,1.159037,0.0,0.935007,0.927579,0.0,0
0.230727821,357.166667,11.604553,3.767771,10.072089,1.242516,0.044119,0.000386,1.224544,0.213775,1.160253,0.0,0.934983,0.927319,0.0,0
0.230781654,357.25,11.616175,3.768038,10.082466,1.243775,0.044179,0.000409,1.225746,0.214218,1.16147,0.0,0.934959,0.927058,0.0,0
0.230835487,357.333333,11.627798,3.768297,10.092847,1.245033,0.044239,0.000433,1.226947,0.214661,1.162687,0.0,0.934934,0.926788,0.0,0
0.23088932,357.416667,11.639421,3.768548,10.103231,1.246291,0.044299,0.000456,1.228148,0.215105,1.163905,0.0,0.934909,0.926515,0.0,0
0.230943152,357.5,11.651045,3.768792,10.11362,1.24755,0.04436,0.000479,1.229349,0.215549,1.165123,0.0,0.934882,0.926235,0.0,0
0.230996985,357.583333,11.66267,3.769027,10.124013,1.248808,0.04442,0.000502,1.23055,0.215994,1.166341,0.0,0.934855,0.92595,0.0,0
0.231050818,357.666667,11.674295,3.769254,10.134409,1.250066,0.04448,0.000526,1.23175,0.216439,1.16756,0.0,0.934827,0.925657,0.0,0
0.231104651,357.75,11.685921,3.769474,10.14481,1.251323,0.04454,0.000549,1.23295,0.216885,1.16878,0.0,0.934798,0.925356,0.0,0
0.231158484,357.833333,11.697548,3.769685,10.155214,1.252581,0.044601,0.000573,1.234149,0.217331,1.17,0.0,0.934769,0.925047,0.0,0
0.231212317,357.916667,11.709176,3.769889,10.165623,1.253838,0.044661,0.000596,1.235349,0.217778,1.17122,0.0,0.934738,0.92473,0.0,0
0.23126615,358.0,11.720804,3.770084,10.176035,1.255095,0.044721,0.00062,1.236547,0.218225,1.172441,0.0,0.934706,0.924406,0.0,0
0.231319983,358.083333,11.732433,3.770272,10.186451,1.256352,0.044782,0.000643,1.237746,0.218672,1.173663,0.0,0.934674,0.924073,0.0,0
0.231373816,358.166667,11.744062,3.770451,10.196871,1.257608,0.044842,0.000667,1.238944,0.21912,1.174884,0.0,0.934641,0.923735,0.0,0
0.231427649,358.25,11.755692,3.770623,10.207295,1.258865,0.044902,0.000691,1.240142,0.219568,1.176106,0.0,0.934606,0.923389,0.0,0
0.231481481,358.333333,11.767322,3.770786,10.217722,1.260121,0.044963,0.000715,1.241339,0.220017,1.177329,0.0,0.934571,0.923038,0.0,0
0.231535314,358.416667,11.778953,3.770942,10.228154,1.261376,0.045023,0.000739,1.242536,0.220466,1.178552,0.0,0.934535,0.922679,0.0,0
0.231589147,358.5,11.790584,3.771089,10.238589,1.262631,0.045083,0.000763,1.243732,0.220916,1.179776,0.0,0.934498,0.922317,0.0,0
0.23164298,358.583333,11.802216,3.771229,10.249028,1.263886,0.045144,0.000788,1.244928,0.221366,1.181,0.0,0.934459,0.921947,0.0,0
0.231696813,358.666667,11.813848,3.771361,10.25947,1.265141,0.045204,0.000812,1.246123,0.221816,1.182224,0.0,0.93442,0.921575,0.0,0
0.231750646,358.75,11.825481,3.771484,10.269916,1.266395,0.045265,0.000837,1.247318,0.222267,1.183449,0.0,0.93438,0.921194,0.0,0
0.231804479,358.833333,11.837114,3.7716,10.280366,1.267649,0.045325,0.000862,1.248513,0.222719,1.184674,0.0,0.934338,0.920812,0.0,0
0.231858312,358.916667,11.848747,3.771708,10.29082,1.268902,0.045385,0.000887,1.249707,0.22317,1.1859,0.0,0.934296,0.920423,0.0,0
0.231912145,359.0,11.860381,3.771808,10.301277,1.270155,0.045446,0.000912,1.2509,0.223622,1.187126,0.0,0.934252,0.920033,0.0,0
0.231965978,359.083333,11.872015,3.771899,10.311738,1.271408,0.045506,0.000937,1.252093,0.224075,1.188353,0.0,0.934208,0.919637,0.0,0
0.232019811,359.166667,11.883649,3.771983,10.322202,1.27266,0.045567,0.000962,1.253285,0.224528,1.18958,0.0,0.934162,0.91924,0.0,0
0.232073643,359.25,11.895283,3.772059,10.33267,1.273912,0.045627,0.000988,1.254477,0.224981,1.190807,0.0,0.934115,0.918838,0.0,0
0.232127476,359.333333,11.906918,3.772127,10.343141,1.275163,0.045688,0.001014,1.255668,0.225435,1.192035,0.0,0.934067,0.918435,0.0,0
0.232181309,359.416667,11.918553,3.772187,10.353616,1.276414,0.045748,0.001039,1.256858,0.225889,1.193263,0.0,0.934018,0.918029,0.0,0
0.232235142,359.5,11.930188,3.772238,10.364094,1.277665,0.045809,0.001065,1.258048,0.226344,1.194492,0.0,0.933968,0.917621,0.0,0
0.232288975,359.583333,11.941823,3.772282,10.374576,1.278915,0.045869,0.001091,1.259238,0.226799,1.195721,0.0,0.933917,0.917212,0.0,0
0.232342808,359.666667,11.953458,3.772318,10.385061,1.280164,0.045929,0.001118,1.260427,0.227254,1.19695,0.0,0.933864,0.916801,0.0,0
0.232396641,359.75,11.965094,3.772346,10.39555,1.281413,0.04599,0.001144,1.261615,0.22771,1.19818,0.0,0.933811,0.916389,0.0,0
0.232450474,359.833333,11.976729,3.772366,10.406042,1.282662,0.04605,0.001171,1.262803,0.228166,1.19941,0.0,0.933756,0.915977,0.0,0
0.232504307,359.916667,11.988364,3.772378,10.416537,1.28391,0.046111,0.001198,1.26399,0.228623,1.200641,0.0,0.933701,0.915564,0.0,0
0.23255814,360.0,12.0,3.772382,10.427036,1.285157,0.046171,0.001225,1.265176,0.229079,1.201872,0.0,0.933644,0.915151,0.0,0
